data_version,indicator,measure,date_interval,year,quarter,month,geo_type,geo_name,geo_code,group,group_value,value
2026.8.14,Annual wages for select wage groups,Share of total annual earnings,year,1937,NA,NA,national,United States,0,Wage group,Bottom 90%,0.6779999999999999
2026.8.14,Annual wages for select wage groups,Share of total annual earnings,year,1937,NA,NA,national,United States,0,Wage group,90–95th percentiles,0.103
2026.8.14,Annual wages for select wage groups,Share of total annual earnings,year,1937,NA,NA,national,United States,0,Wage group,95–99th percentiles,0.119
2026.8.14,Annual wages for select wage groups,Share of total annual earnings,year,1937,NA,NA,national,United States,0,Wage group,Top 0.1%,0.037
2026.8.14,Annual wages for select wage groups,Share of total annual earnings,year,1937,NA,NA,national,United States,0,Wage group,99.0–99.9th percentiles,0.063
2026.8.14,Annual wages for select wage groups,Share of total annual earnings,year,1938,NA,NA,national,United States,0,Wage group,Bottom 90%,0.674
2026.8.14,Annual wages for select wage groups,Share of total annual earnings,year,1938,NA,NA,national,United States,0,Wage group,90–95th percentiles,0.107
2026.8.14,Annual wages for select wage groups,Share of total annual earnings,year,1938,NA,NA,national,United States,0,Wage group,95–99th percentiles,0.125
2026.8.14,Annual wages for select wage groups,Share of total annual earnings,year,1938,NA,NA,national,United States,0,Wage group,Top 0.1%,0.032
2026.8.14,Annual wages for select wage groups,Share of total annual earnings,year,1938,NA,NA,national,United States,0,Wage group,99.0–99.9th percentiles,0.063
2026.8.14,Annual wages for select wage groups,Share of total annual earnings,year,1939,NA,NA,national,United States,0,Wage group,Bottom 90%,0.68
2026.8.14,Annual wages for select wage groups,Share of total annual earnings,year,1939,NA,NA,national,United States,0,Wage group,90–95th percentiles,0.105
2026.8.14,Annual wages for select wage groups,Share of total annual earnings,year,1939,NA,NA,national,United States,0,Wage group,95–99th percentiles,0.121
2026.8.14,Annual wages for select wage groups,Share of total annual earnings,year,1939,NA,NA,national,United States,0,Wage group,Top 0.1%,0.033
2026.8.14,Annual wages for select wage groups,Share of total annual earnings,year,1939,NA,NA,national,United States,0,Wage group,99.0–99.9th percentiles,0.061
2026.8.14,Annual wages for select wage groups,Share of total annual earnings,year,1940,NA,NA,national,United States,0,Wage group,Bottom 90%,0.679
2026.8.14,Annual wages for select wage groups,Share of total annual earnings,year,1940,NA,NA,national,United States,0,Wage group,90–95th percentiles,0.104
2026.8.14,Annual wages for select wage groups,Share of total annual earnings,year,1940,NA,NA,national,United States,0,Wage group,95–99th percentiles,0.119
2026.8.14,Annual wages for select wage groups,Share of total annual earnings,year,1940,NA,NA,national,United States,0,Wage group,Top 0.1%,0.037
2026.8.14,Annual wages for select wage groups,Share of total annual earnings,year,1940,NA,NA,national,United States,0,Wage group,99.0–99.9th percentiles,0.062
2026.8.14,Annual wages for select wage groups,Share of total annual earnings,year,1941,NA,NA,national,United States,0,Wage group,Bottom 90%,0.6809999999999999
2026.8.14,Annual wages for select wage groups,Share of total annual earnings,year,1941,NA,NA,national,United States,0,Wage group,90–95th percentiles,0.103
2026.8.14,Annual wages for select wage groups,Share of total annual earnings,year,1941,NA,NA,national,United States,0,Wage group,95–99th percentiles,0.122
2026.8.14,Annual wages for select wage groups,Share of total annual earnings,year,1941,NA,NA,national,United States,0,Wage group,Top 0.1%,0.031
2026.8.14,Annual wages for select wage groups,Share of total annual earnings,year,1941,NA,NA,national,United States,0,Wage group,99.0–99.9th percentiles,0.064
2026.8.14,Annual wages for select wage groups,Share of total annual earnings,year,1942,NA,NA,national,United States,0,Wage group,Bottom 90%,0.695
2026.8.14,Annual wages for select wage groups,Share of total annual earnings,year,1942,NA,NA,national,United States,0,Wage group,90–95th percentiles,0.107
2026.8.14,Annual wages for select wage groups,Share of total annual earnings,year,1942,NA,NA,national,United States,0,Wage group,95–99th percentiles,0.114
2026.8.14,Annual wages for select wage groups,Share of total annual earnings,year,1942,NA,NA,national,United States,0,Wage group,Top 0.1%,0.03
2026.8.14,Annual wages for select wage groups,Share of total annual earnings,year,1942,NA,NA,national,United States,0,Wage group,99.0–99.9th percentiles,0.054
2026.8.14,Annual wages for select wage groups,Share of total annual earnings,year,1943,NA,NA,national,United States,0,Wage group,Bottom 90%,0.711
2026.8.14,Annual wages for select wage groups,Share of total annual earnings,year,1943,NA,NA,national,United States,0,Wage group,90–95th percentiles,0.105
2026.8.14,Annual wages for select wage groups,Share of total annual earnings,year,1943,NA,NA,national,United States,0,Wage group,95–99th percentiles,0.109
2026.8.14,Annual wages for select wage groups,Share of total annual earnings,year,1943,NA,NA,national,United States,0,Wage group,Top 0.1%,0.025
2026.8.14,Annual wages for select wage groups,Share of total annual earnings,year,1943,NA,NA,national,United States,0,Wage group,99.0–99.9th percentiles,0.05
2026.8.14,Annual wages for select wage groups,Share of total annual earnings,year,1944,NA,NA,national,United States,0,Wage group,Bottom 90%,0.726
2026.8.14,Annual wages for select wage groups,Share of total annual earnings,year,1944,NA,NA,national,United States,0,Wage group,90–95th percentiles,0.103
2026.8.14,Annual wages for select wage groups,Share of total annual earnings,year,1944,NA,NA,national,United States,0,Wage group,95–99th percentiles,0.106
2026.8.14,Annual wages for select wage groups,Share of total annual earnings,year,1944,NA,NA,national,United States,0,Wage group,Top 0.1%,0.02
2026.8.14,Annual wages for select wage groups,Share of total annual earnings,year,1944,NA,NA,national,United States,0,Wage group,99.0–99.9th percentiles,0.045
2026.8.14,Annual wages for select wage groups,Share of total annual earnings,year,1945,NA,NA,national,United States,0,Wage group,Bottom 90%,0.727
2026.8.14,Annual wages for select wage groups,Share of total annual earnings,year,1945,NA,NA,national,United States,0,Wage group,90–95th percentiles,0.104
2026.8.14,Annual wages for select wage groups,Share of total annual earnings,year,1945,NA,NA,national,United States,0,Wage group,95–99th percentiles,0.102
2026.8.14,Annual wages for select wage groups,Share of total annual earnings,year,1945,NA,NA,national,United States,0,Wage group,Top 0.1%,0.023
2026.8.14,Annual wages for select wage groups,Share of total annual earnings,year,1945,NA,NA,national,United States,0,Wage group,99.0–99.9th percentiles,0.044
2026.8.14,Annual wages for select wage groups,Share of total annual earnings,year,1946,NA,NA,national,United States,0,Wage group,Bottom 90%,0.713
2026.8.14,Annual wages for select wage groups,Share of total annual earnings,year,1946,NA,NA,national,United States,0,Wage group,90–95th percentiles,0.1
2026.8.14,Annual wages for select wage groups,Share of total annual earnings,year,1946,NA,NA,national,United States,0,Wage group,95–99th percentiles,0.113
2026.8.14,Annual wages for select wage groups,Share of total annual earnings,year,1946,NA,NA,national,United States,0,Wage group,Top 0.1%,0.017
2026.8.14,Annual wages for select wage groups,Share of total annual earnings,year,1946,NA,NA,national,United States,0,Wage group,99.0–99.9th percentiles,0.057
2026.8.14,Annual wages for select wage groups,Share of total annual earnings,year,1947,NA,NA,national,United States,0,Wage group,Bottom 90%,0.7190000000000001
2026.8.14,Annual wages for select wage groups,Share of total annual earnings,year,1947,NA,NA,national,United States,0,Wage group,90–95th percentiles,0.097
2026.8.14,Annual wages for select wage groups,Share of total annual earnings,year,1947,NA,NA,national,United States,0,Wage group,95–99th percentiles,0.111
2026.8.14,Annual wages for select wage groups,Share of total annual earnings,year,1947,NA,NA,national,United States,0,Wage group,Top 0.1%,0.018
2026.8.14,Annual wages for select wage groups,Share of total annual earnings,year,1947,NA,NA,national,United States,0,Wage group,99.0–99.9th percentiles,0.055
2026.8.14,Annual wages for select wage groups,Share of total annual earnings,year,1948,NA,NA,national,United States,0,Wage group,Bottom 90%,0.7240000000000001
2026.8.14,Annual wages for select wage groups,Share of total annual earnings,year,1948,NA,NA,national,United States,0,Wage group,90–95th percentiles,0.096
2026.8.14,Annual wages for select wage groups,Share of total annual earnings,year,1948,NA,NA,national,United States,0,Wage group,95–99th percentiles,0.108
2026.8.14,Annual wages for select wage groups,Share of total annual earnings,year,1948,NA,NA,national,United States,0,Wage group,Top 0.1%,0.019
2026.8.14,Annual wages for select wage groups,Share of total annual earnings,year,1948,NA,NA,national,United States,0,Wage group,99.0–99.9th percentiles,0.053
2026.8.14,Annual wages for select wage groups,Share of total annual earnings,year,1949,NA,NA,national,United States,0,Wage group,Bottom 90%,0.722
2026.8.14,Annual wages for select wage groups,Share of total annual earnings,year,1949,NA,NA,national,United States,0,Wage group,90–95th percentiles,0.098
2026.8.14,Annual wages for select wage groups,Share of total annual earnings,year,1949,NA,NA,national,United States,0,Wage group,95–99th percentiles,0.11
2026.8.14,Annual wages for select wage groups,Share of total annual earnings,year,1949,NA,NA,national,United States,0,Wage group,Top 0.1%,0.017
2026.8.14,Annual wages for select wage groups,Share of total annual earnings,year,1949,NA,NA,national,United States,0,Wage group,99.0–99.9th percentiles,0.053
2026.8.14,Annual wages for select wage groups,Share of total annual earnings,year,1950,NA,NA,national,United States,0,Wage group,Bottom 90%,0.725
2026.8.14,Annual wages for select wage groups,Share of total annual earnings,year,1950,NA,NA,national,United States,0,Wage group,90–95th percentiles,0.096
2026.8.14,Annual wages for select wage groups,Share of total annual earnings,year,1950,NA,NA,national,United States,0,Wage group,95–99th percentiles,0.108
2026.8.14,Annual wages for select wage groups,Share of total annual earnings,year,1950,NA,NA,national,United States,0,Wage group,Top 0.1%,0.02
2026.8.14,Annual wages for select wage groups,Share of total annual earnings,year,1950,NA,NA,national,United States,0,Wage group,99.0–99.9th percentiles,0.052
2026.8.14,Annual wages for select wage groups,Average nominal annual wage,year,1951,NA,NA,national,United States,0,Wage group,Bottom 90%,1959.1901071857135
2026.8.14,Annual wages for select wage groups,Share of total annual earnings,year,1951,NA,NA,national,United States,0,Wage group,Bottom 90%,0.727
2026.8.14,Annual wages for select wage groups,Average real annual wage (2023$),year,1951,NA,NA,national,United States,0,Wage group,Bottom 90%,18817.080125512504
2026.8.14,Annual wages for select wage groups,Average nominal annual wage,year,1951,NA,NA,national,United States,0,Wage group,Top 10%,6621.361889071938
2026.8.14,Annual wages for select wage groups,Average real annual wage (2023$),year,1951,NA,NA,national,United States,0,Wage group,Top 10%,63595.001194476245
2026.8.14,Annual wages for select wage groups,Average nominal annual wage,year,1951,NA,NA,national,United States,0,Wage group,90–95th percentiles,4705.290133626211
2026.8.14,Annual wages for select wage groups,Share of total annual earnings,year,1951,NA,NA,national,United States,0,Wage group,90–95th percentiles,0.097
2026.8.14,Annual wages for select wage groups,Average real annual wage (2023$),year,1951,NA,NA,national,United States,0,Wage group,90–95th percentiles,45192.05213087322
2026.8.14,Annual wages for select wage groups,Average nominal annual wage,year,1951,NA,NA,national,United States,0,Wage group,90–99th percentiles,5470.640877011003
2026.8.14,Annual wages for select wage groups,Average real annual wage (2023$),year,1951,NA,NA,national,United States,0,Wage group,90–99th percentiles,52542.878479766696
2026.8.14,Annual wages for select wage groups,Average nominal annual wage,year,1951,NA,NA,national,United States,0,Wage group,Top 5%,8537.433644517661
2026.8.14,Annual wages for select wage groups,Average real annual wage (2023$),year,1951,NA,NA,national,United States,0,Wage group,Top 5%,81997.95025807925
2026.8.14,Annual wages for select wage groups,Average nominal annual wage,year,1951,NA,NA,national,United States,0,Wage group,95–99th percentiles,6427.329306241991
2026.8.14,Annual wages for select wage groups,Share of total annual earnings,year,1951,NA,NA,national,United States,0,Wage group,95–99th percentiles,0.106
2026.8.14,Annual wages for select wage groups,Average real annual wage (2023$),year,1951,NA,NA,national,United States,0,Wage group,95–99th percentiles,61731.41141588353
2026.8.14,Annual wages for select wage groups,Average nominal annual wage,year,1951,NA,NA,national,United States,0,Wage group,Top 0.1%,46082.73842211239
2026.8.14,Annual wages for select wage groups,Share of total annual earnings,year,1951,NA,NA,national,United States,0,Wage group,Top 0.1%,0.019
2026.8.14,Annual wages for select wage groups,Average real annual wage (2023$),year,1951,NA,NA,national,United States,0,Wage group,Top 0.1%,442602.5724157687
2026.8.14,Annual wages for select wage groups,Average nominal annual wage,year,1951,NA,NA,national,United States,0,Wage group,Top 1%,16977.850997620353
2026.8.14,Annual wages for select wage groups,Average real annual wage (2023$),year,1951,NA,NA,national,United States,0,Wage group,Top 1%,163064.10562686215
2026.8.14,Annual wages for select wage groups,Average nominal annual wage,year,1951,NA,NA,national,United States,0,Wage group,99.0–99.9th percentiles,13743.97461712124
2026.8.14,Annual wages for select wage groups,Share of total annual earnings,year,1951,NA,NA,national,United States,0,Wage group,99.0–99.9th percentiles,0.051
2026.8.14,Annual wages for select wage groups,Average real annual wage (2023$),year,1951,NA,NA,national,United States,0,Wage group,99.0–99.9th percentiles,132004.27598365032
2026.8.14,Annual wages for select wage groups,Average nominal annual wage,year,1952,NA,NA,national,United States,0,Wage group,Bottom 90%,2079.091846037975
2026.8.14,Annual wages for select wage groups,Share of total annual earnings,year,1952,NA,NA,national,United States,0,Wage group,Bottom 90%,0.731
2026.8.14,Annual wages for select wage groups,Average real annual wage (2023$),year,1952,NA,NA,national,United States,0,Wage group,Bottom 90%,19527.381979362195
2026.8.14,Annual wages for select wage groups,Average nominal annual wage,year,1952,NA,NA,national,United States,0,Wage group,Top 10%,6885.747413485551
2026.8.14,Annual wages for select wage groups,Average real annual wage (2023$),year,1952,NA,NA,national,United States,0,Wage group,Top 10%,64672.765762018986
2026.8.14,Annual wages for select wage groups,Average nominal annual wage,year,1952,NA,NA,national,United States,0,Wage group,90–95th percentiles,4914.7342133428465
2026.8.14,Annual wages for select wage groups,Share of total annual earnings,year,1952,NA,NA,national,United States,0,Wage group,90–95th percentiles,0.096
2026.8.14,Annual wages for select wage groups,Average real annual wage (2023$),year,1952,NA,NA,national,United States,0,Wage group,90–95th percentiles,46160.48708664552
2026.8.14,Annual wages for select wage groups,Average nominal annual wage,year,1952,NA,NA,national,United States,0,Wage group,90–99th percentiles,5716.791532881436
2026.8.14,Annual wages for select wage groups,Average real annual wage (2023$),year,1952,NA,NA,national,United States,0,Wage group,90–99th percentiles,53693.62213203558
2026.8.14,Annual wages for select wage groups,Average nominal annual wage,year,1952,NA,NA,national,United States,0,Wage group,Top 5%,8907.95576168391
2026.8.14,Annual wages for select wage groups,Average real annual wage (2023$),year,1952,NA,NA,national,United States,0,Wage group,Top 5%,83665.882844545
2026.8.14,Annual wages for select wage groups,Average nominal annual wage,year,1952,NA,NA,national,United States,0,Wage group,95–99th percentiles,6719.3631823046735
2026.8.14,Annual wages for select wage groups,Share of total annual earnings,year,1952,NA,NA,national,United States,0,Wage group,95–99th percentiles,0.105
2026.8.14,Annual wages for select wage groups,Average real annual wage (2023$),year,1952,NA,NA,national,United States,0,Wage group,95–99th percentiles,63110.04093877317
2026.8.14,Annual wages for select wage groups,Average nominal annual wage,year,1952,NA,NA,national,United States,0,Wage group,Top 0.1%,46075.633250089195
2026.8.14,Annual wages for select wage groups,Share of total annual earnings,year,1952,NA,NA,national,United States,0,Wage group,Top 0.1%,0.018
2026.8.14,Annual wages for select wage groups,Average real annual wage (2023$),year,1952,NA,NA,national,United States,0,Wage group,Top 0.1%,432754.5664373018
2026.8.14,Annual wages for select wage groups,Average nominal annual wage,year,1952,NA,NA,national,United States,0,Wage group,Top 1%,17662.326079200855
2026.8.14,Annual wages for select wage groups,Average real annual wage (2023$),year,1952,NA,NA,national,United States,0,Wage group,Top 1%,165889.25046763234
2026.8.14,Annual wages for select wage groups,Average nominal annual wage,year,1952,NA,NA,national,United States,0,Wage group,99.0–99.9th percentiles,14505.291949102151
2026.8.14,Annual wages for select wage groups,Share of total annual earnings,year,1952,NA,NA,national,United States,0,Wage group,99.0–99.9th percentiles,0.051
2026.8.14,Annual wages for select wage groups,Average real annual wage (2023$),year,1952,NA,NA,national,United States,0,Wage group,99.0–99.9th percentiles,136237.54869322464
2026.8.14,Annual wages for select wage groups,Average nominal annual wage,year,1953,NA,NA,national,United States,0,Wage group,Bottom 90%,2232.552720494
2026.8.14,Annual wages for select wage groups,Share of total annual earnings,year,1953,NA,NA,national,United States,0,Wage group,Bottom 90%,0.737
2026.8.14,Annual wages for select wage groups,Average real annual wage (2023$),year,1953,NA,NA,national,United States,0,Wage group,Bottom 90%,20853.514422196706
2026.8.14,Annual wages for select wage groups,Average nominal annual wage,year,1953,NA,NA,national,United States,0,Wage group,Top 10%,7170.22020272632
2026.8.14,Annual wages for select wage groups,Average real annual wage (2023$),year,1953,NA,NA,national,United States,0,Wage group,Top 10%,66974.58431117992
2026.8.14,Annual wages for select wage groups,Average nominal annual wage,year,1953,NA,NA,national,United States,0,Wage group,90–95th percentiles,5234.533379937085
2026.8.14,Annual wages for select wage groups,Share of total annual earnings,year,1953,NA,NA,national,United States,0,Wage group,90–95th percentiles,0.096
2026.8.14,Annual wages for select wage groups,Average real annual wage (2023$),year,1953,NA,NA,national,United States,0,Wage group,90–95th percentiles,48893.99310930244
2026.8.14,Annual wages for select wage groups,Average nominal annual wage,year,1953,NA,NA,national,United States,0,Wage group,90–99th percentiles,6058.487708260515
2026.8.14,Annual wages for select wage groups,Average real annual wage (2023$),year,1953,NA,NA,national,United States,0,Wage group,90–99th percentiles,56590.26980243339
2026.8.14,Annual wages for select wage groups,Average nominal annual wage,year,1953,NA,NA,national,United States,0,Wage group,Top 5%,9214.959804264245
2026.8.14,Annual wages for select wage groups,Average real annual wage (2023$),year,1953,NA,NA,national,United States,0,Wage group,Top 5%,86073.80036950119
2026.8.14,Annual wages for select wage groups,Average nominal annual wage,year,1953,NA,NA,national,United States,0,Wage group,95–99th percentiles,7088.430618664804
2026.8.14,Annual wages for select wage groups,Share of total annual earnings,year,1953,NA,NA,national,United States,0,Wage group,95–99th percentiles,0.104
2026.8.14,Annual wages for select wage groups,Average real annual wage (2023$),year,1953,NA,NA,national,United States,0,Wage group,95–99th percentiles,66210.61566884707
2026.8.14,Annual wages for select wage groups,Average nominal annual wage,year,1953,NA,NA,national,United States,0,Wage group,Top 0.1%,43621.11149947571
2026.8.14,Annual wages for select wage groups,Share of total annual earnings,year,1953,NA,NA,national,United States,0,Wage group,Top 0.1%,0.016
2026.8.14,Annual wages for select wage groups,Average real annual wage (2023$),year,1953,NA,NA,national,United States,0,Wage group,Top 0.1%,407449.9425775204
2026.8.14,Annual wages for select wage groups,Average nominal annual wage,year,1953,NA,NA,national,United States,0,Wage group,Top 1%,17721.076546662007
2026.8.14,Annual wages for select wage groups,Average real annual wage (2023$),year,1953,NA,NA,national,United States,0,Wage group,Top 1%,165526.53917211766
2026.8.14,Annual wages for select wage groups,Average nominal annual wage,year,1953,NA,NA,national,United States,0,Wage group,99.0–99.9th percentiles,14843.294885238263
2026.8.14,Annual wages for select wage groups,Share of total annual earnings,year,1953,NA,NA,national,United States,0,Wage group,99.0–99.9th percentiles,0.049
2026.8.14,Annual wages for select wage groups,Average real annual wage (2023$),year,1953,NA,NA,national,United States,0,Wage group,99.0–99.9th percentiles,138646.1610159618
2026.8.14,Annual wages for select wage groups,Average nominal annual wage,year,1954,NA,NA,national,United States,0,Wage group,Bottom 90%,2255.058991776904
2026.8.14,Annual wages for select wage groups,Share of total annual earnings,year,1954,NA,NA,national,United States,0,Wage group,Bottom 90%,0.732
2026.8.14,Annual wages for select wage groups,Average real annual wage (2023$),year,1954,NA,NA,national,United States,0,Wage group,Bottom 90%,21063.737835278775
2026.8.14,Annual wages for select wage groups,Average nominal annual wage,year,1954,NA,NA,national,United States,0,Wage group,Top 10%,7430.604218805865
2026.8.14,Annual wages for select wage groups,Average real annual wage (2023$),year,1954,NA,NA,national,United States,0,Wage group,Top 10%,69406.7427031317
2026.8.14,Annual wages for select wage groups,Average nominal annual wage,year,1954,NA,NA,national,United States,0,Wage group,90–95th percentiles,5267.96567751162
2026.8.14,Annual wages for select wage groups,Share of total annual earnings,year,1954,NA,NA,national,United States,0,Wage group,90–95th percentiles,0.095
2026.8.14,Annual wages for select wage groups,Average real annual wage (2023$),year,1954,NA,NA,national,United States,0,Wage group,90–95th percentiles,49206.27281192173
2026.8.14,Annual wages for select wage groups,Average nominal annual wage,year,1954,NA,NA,national,United States,0,Wage group,90–99th percentiles,6192.170182338221
2026.8.14,Annual wages for select wage groups,Average real annual wage (2023$),year,1954,NA,NA,national,United States,0,Wage group,90–99th percentiles,57838.95225260976
2026.8.14,Annual wages for select wage groups,Average nominal annual wage,year,1954,NA,NA,national,United States,0,Wage group,Top 5%,9537.790489810512
2026.8.14,Annual wages for select wage groups,Average real annual wage (2023$),year,1954,NA,NA,national,United States,0,Wage group,Top 5%,89089.25182790039
2026.8.14,Annual wages for select wage groups,Average nominal annual wage,year,1954,NA,NA,national,United States,0,Wage group,95–99th percentiles,7347.42581337147
2026.8.14,Annual wages for select wage groups,Share of total annual earnings,year,1954,NA,NA,national,United States,0,Wage group,95–99th percentiles,0.106
2026.8.14,Annual wages for select wage groups,Average real annual wage (2023$),year,1954,NA,NA,national,United States,0,Wage group,95–99th percentiles,68629.80155346978
2026.8.14,Annual wages for select wage groups,Average nominal annual wage,year,1954,NA,NA,national,United States,0,Wage group,Top 0.1%,41589.202717197
2026.8.14,Annual wages for select wage groups,Share of total annual earnings,year,1954,NA,NA,national,United States,0,Wage group,Top 0.1%,0.015
2026.8.14,Annual wages for select wage groups,Average real annual wage (2023$),year,1954,NA,NA,national,United States,0,Wage group,Top 0.1%,388470.57483096095
2026.8.14,Annual wages for select wage groups,Average nominal annual wage,year,1954,NA,NA,national,United States,0,Wage group,Top 1%,18299.249195566685
2026.8.14,Annual wages for select wage groups,Average real annual wage (2023$),year,1954,NA,NA,national,United States,0,Wage group,Top 1%,170927.05292562288
2026.8.14,Annual wages for select wage groups,Average nominal annual wage,year,1954,NA,NA,national,United States,0,Wage group,99.0–99.9th percentiles,15711.476582052204
2026.8.14,Annual wages for select wage groups,Share of total annual earnings,year,1954,NA,NA,national,United States,0,Wage group,99.0–99.9th percentiles,0.051
2026.8.14,Annual wages for select wage groups,Average real annual wage (2023$),year,1954,NA,NA,national,United States,0,Wage group,99.0–99.9th percentiles,146755.5504916964
2026.8.14,Annual wages for select wage groups,Average nominal annual wage,year,1955,NA,NA,national,United States,0,Wage group,Bottom 90%,2349.7201701365575
2026.8.14,Annual wages for select wage groups,Share of total annual earnings,year,1955,NA,NA,national,United States,0,Wage group,Bottom 90%,0.7340000000000001
2026.8.14,Annual wages for select wage groups,Average real annual wage (2023$),year,1955,NA,NA,national,United States,0,Wage group,Bottom 90%,21947.93565512169
2026.8.14,Annual wages for select wage groups,Average nominal annual wage,year,1955,NA,NA,national,United States,0,Wage group,Top 10%,7663.801208865008
2026.8.14,Annual wages for select wage groups,Average real annual wage (2023$),year,1955,NA,NA,national,United States,0,Wage group,Top 10%,71584.95634654128
2026.8.14,Annual wages for select wage groups,Average nominal annual wage,year,1955,NA,NA,national,United States,0,Wage group,90–95th percentiles,5531.766286098054
2026.8.14,Annual wages for select wage groups,Share of total annual earnings,year,1955,NA,NA,national,United States,0,Wage group,90–95th percentiles,0.096
2026.8.14,Annual wages for select wage groups,Average real annual wage (2023$),year,1955,NA,NA,national,United States,0,Wage group,90–95th percentiles,51670.344430586214
2026.8.14,Annual wages for select wage groups,Average nominal annual wage,year,1955,NA,NA,national,United States,0,Wage group,90–99th percentiles,6434.519811954333
2026.8.14,Annual wages for select wage groups,Average real annual wage (2023$),year,1955,NA,NA,national,United States,0,Wage group,90–99th percentiles,60102.657584188826
2026.8.14,Annual wages for select wage groups,Average nominal annual wage,year,1955,NA,NA,national,United States,0,Wage group,Top 5%,9795.836131631968
2026.8.14,Annual wages for select wage groups,Average real annual wage (2023$),year,1955,NA,NA,national,United States,0,Wage group,Top 5%,91499.5682624964
2026.8.14,Annual wages for select wage groups,Average nominal annual wage,year,1955,NA,NA,national,United States,0,Wage group,95–99th percentiles,7562.961719274683
2026.8.14,Annual wages for select wage groups,Share of total annual earnings,year,1955,NA,NA,national,United States,0,Wage group,95–99th percentiles,0.105
2026.8.14,Annual wages for select wage groups,Average real annual wage (2023$),year,1955,NA,NA,national,United States,0,Wage group,95–99th percentiles,70643.0490261921
2026.8.14,Annual wages for select wage groups,Average nominal annual wage,year,1955,NA,NA,national,United States,0,Wage group,Top 0.1%,46098.05238415044
2026.8.14,Annual wages for select wage groups,Share of total annual earnings,year,1955,NA,NA,national,United States,0,Wage group,Top 0.1%,0.016
2026.8.14,Annual wages for select wage groups,Average real annual wage (2023$),year,1955,NA,NA,national,United States,0,Wage group,Top 0.1%,430586.2035882184
2026.8.14,Annual wages for select wage groups,Average nominal annual wage,year,1955,NA,NA,national,United States,0,Wage group,Top 1%,18727.333781061116
2026.8.14,Annual wages for select wage groups,Average real annual wage (2023$),year,1955,NA,NA,national,United States,0,Wage group,Top 1%,174925.64520771374
2026.8.14,Annual wages for select wage groups,Average nominal annual wage,year,1955,NA,NA,national,United States,0,Wage group,99.0–99.9th percentiles,15686.142825162304
2026.8.14,Annual wages for select wage groups,Share of total annual earnings,year,1955,NA,NA,national,United States,0,Wage group,99.0–99.9th percentiles,0.049
2026.8.14,Annual wages for select wage groups,Average real annual wage (2023$),year,1955,NA,NA,national,United States,0,Wage group,99.0–99.9th percentiles,146518.91649876878
2026.8.14,Annual wages for select wage groups,Average nominal annual wage,year,1956,NA,NA,national,United States,0,Wage group,Bottom 90%,2490.4700021659087
2026.8.14,Annual wages for select wage groups,Share of total annual earnings,year,1956,NA,NA,national,United States,0,Wage group,Bottom 90%,0.732
2026.8.14,Annual wages for select wage groups,Average real annual wage (2023$),year,1956,NA,NA,national,United States,0,Wage group,Bottom 90%,22885.400019902943
2026.8.14,Annual wages for select wage groups,Average nominal annual wage,year,1956,NA,NA,national,United States,0,Wage group,Top 10%,8206.302794022093
2026.8.14,Annual wages for select wage groups,Average real annual wage (2023$),year,1956,NA,NA,national,United States,0,Wage group,Top 10%,75409.26891804085
2026.8.14,Annual wages for select wage groups,Average nominal annual wage,year,1956,NA,NA,national,United States,0,Wage group,90–95th percentiles,5940.383365821961
2026.8.14,Annual wages for select wage groups,Share of total annual earnings,year,1956,NA,NA,national,United States,0,Wage group,90–95th percentiles,0.097
2026.8.14,Annual wages for select wage groups,Average real annual wage (2023$),year,1956,NA,NA,national,United States,0,Wage group,90–95th percentiles,54587.306604850455
2026.8.14,Annual wages for select wage groups,Average nominal annual wage,year,1956,NA,NA,national,United States,0,Wage group,90–99th percentiles,6906.631290159555
2026.8.14,Annual wages for select wage groups,Average real annual wage (2023$),year,1956,NA,NA,national,United States,0,Wage group,90–99th percentiles,63466.34158524996
2026.8.14,Annual wages for select wage groups,Average nominal annual wage,year,1956,NA,NA,national,United States,0,Wage group,Top 5%,10472.22222222222
2026.8.14,Annual wages for select wage groups,Average real annual wage (2023$),year,1956,NA,NA,national,United States,0,Wage group,Top 5%,96231.2312312312
2026.8.14,Annual wages for select wage groups,Average nominal annual wage,year,1956,NA,NA,national,United States,0,Wage group,95–99th percentiles,8114.441195581547
2026.8.14,Annual wages for select wage groups,Share of total annual earnings,year,1956,NA,NA,national,United States,0,Wage group,95–99th percentiles,0.106
2026.8.14,Annual wages for select wage groups,Average real annual wage (2023$),year,1956,NA,NA,national,United States,0,Wage group,95–99th percentiles,74565.13531074935
2026.8.14,Annual wages for select wage groups,Average nominal annual wage,year,1956,NA,NA,national,United States,0,Wage group,Top 0.1%,48992.852501624424
2026.8.14,Annual wages for select wage groups,Share of total annual earnings,year,1956,NA,NA,national,United States,0,Wage group,Top 0.1%,0.016
2026.8.14,Annual wages for select wage groups,Average real annual wage (2023$),year,1956,NA,NA,national,United States,0,Wage group,Top 0.1%,450204.5905554677
2026.8.14,Annual wages for select wage groups,Average nominal annual wage,year,1956,NA,NA,national,United States,0,Wage group,Top 1%,19903.346328784926
2026.8.14,Annual wages for select wage groups,Average real annual wage (2023$),year,1956,NA,NA,national,United States,0,Wage group,Top 1%,182895.6149131588
2026.8.14,Annual wages for select wage groups,Average nominal annual wage,year,1956,NA,NA,national,United States,0,Wage group,99.0–99.9th percentiles,16671.178976247204
2026.8.14,Annual wages for select wage groups,Share of total annual earnings,year,1956,NA,NA,national,United States,0,Wage group,99.0–99.9th percentiles,0.049
2026.8.14,Annual wages for select wage groups,Average real annual wage (2023$),year,1956,NA,NA,national,United States,0,Wage group,99.0–99.9th percentiles,153194.6176195689
2026.8.14,Annual wages for select wage groups,Average nominal annual wage,year,1957,NA,NA,national,United States,0,Wage group,Bottom 90%,2568.0004119676605
2026.8.14,Annual wages for select wage groups,Share of total annual earnings,year,1957,NA,NA,national,United States,0,Wage group,Bottom 90%,0.728
2026.8.14,Annual wages for select wage groups,Average real annual wage (2023$),year,1957,NA,NA,national,United States,0,Wage group,Bottom 90%,22856.548169345668
2026.8.14,Annual wages for select wage groups,Average nominal annual wage,year,1957,NA,NA,national,United States,0,Wage group,Top 10%,8635.254132550597
2026.8.14,Annual wages for select wage groups,Average real annual wage (2023$),year,1957,NA,NA,national,United States,0,Wage group,Top 10%,76858.28285516237
2026.8.14,Annual wages for select wage groups,Average nominal annual wage,year,1957,NA,NA,national,United States,0,Wage group,90–95th percentiles,6349.451568051909
2026.8.14,Annual wages for select wage groups,Share of total annual earnings,year,1957,NA,NA,national,United States,0,Wage group,90–95th percentiles,0.1
2026.8.14,Annual wages for select wage groups,Average real annual wage (2023$),year,1957,NA,NA,national,United States,0,Wage group,90–95th percentiles,56513.44327585468
2026.8.14,Annual wages for select wage groups,Average nominal annual wage,year,1957,NA,NA,national,United States,0,Wage group,90–99th percentiles,7372.418765126939
2026.8.14,Annual wages for select wage groups,Average real annual wage (2023$),year,1957,NA,NA,national,United States,0,Wage group,90–99th percentiles,65618.38691474238
2026.8.14,Annual wages for select wage groups,Average nominal annual wage,year,1957,NA,NA,national,United States,0,Wage group,Top 5%,10921.056697049282
2026.8.14,Annual wages for select wage groups,Average real annual wage (2023$),year,1957,NA,NA,national,United States,0,Wage group,Top 5%,97203.12243447005
2026.8.14,Annual wages for select wage groups,Average nominal annual wage,year,1957,NA,NA,national,United States,0,Wage group,95–99th percentiles,8651.127761470725
2026.8.14,Annual wages for select wage groups,Share of total annual earnings,year,1957,NA,NA,national,United States,0,Wage group,95–99th percentiles,0.109
2026.8.14,Annual wages for select wage groups,Average real annual wage (2023$),year,1957,NA,NA,national,United States,0,Wage group,95–99th percentiles,76999.56646335199
2026.8.14,Annual wages for select wage groups,Average nominal annual wage,year,1957,NA,NA,national,United States,0,Wage group,Top 0.1%,44446.16097636335
2026.8.14,Annual wages for select wage groups,Share of total annual earnings,year,1957,NA,NA,national,United States,0,Wage group,Top 0.1%,0.01399999999999999
2026.8.14,Annual wages for select wage groups,Average real annual wage (2023$),year,1957,NA,NA,national,United States,0,Wage group,Top 0.1%,395594.1029309827
2026.8.14,Annual wages for select wage groups,Average nominal annual wage,year,1957,NA,NA,national,United States,0,Wage group,Top 1%,20000.77243936351
2026.8.14,Annual wages for select wage groups,Average real annual wage (2023$),year,1957,NA,NA,national,United States,0,Wage group,Top 1%,178017.34631894223
2026.8.14,Annual wages for select wage groups,Average nominal annual wage,year,1957,NA,NA,national,United States,0,Wage group,99.0–99.9th percentiles,17284.61815747464
2026.8.14,Annual wages for select wage groups,Share of total annual earnings,year,1957,NA,NA,national,United States,0,Wage group,99.0–99.9th percentiles,0.049
2026.8.14,Annual wages for select wage groups,Average real annual wage (2023$),year,1957,NA,NA,national,United States,0,Wage group,99.0–99.9th percentiles,153842.15113982663
2026.8.14,Annual wages for select wage groups,Average nominal annual wage,year,1958,NA,NA,national,United States,0,Wage group,Bottom 90%,2620.0291484488857
2026.8.14,Annual wages for select wage groups,Share of total annual earnings,year,1958,NA,NA,national,United States,0,Wage group,Bottom 90%,0.726
2026.8.14,Annual wages for select wage groups,Average real annual wage (2023$),year,1958,NA,NA,national,United States,0,Wage group,Bottom 90%,22609.388590675662
2026.8.14,Annual wages for select wage groups,Average nominal annual wage,year,1958,NA,NA,national,United States,0,Wage group,Top 10%,8899.437851342911
2026.8.14,Annual wages for select wage groups,Average real annual wage (2023$),year,1958,NA,NA,national,United States,0,Wage group,Top 10%,76797.17942783223
2026.8.14,Annual wages for select wage groups,Average nominal annual wage,year,1958,NA,NA,national,United States,0,Wage group,90–95th percentiles,6495.940037476576
2026.8.14,Annual wages for select wage groups,Share of total annual earnings,year,1958,NA,NA,national,United States,0,Wage group,90–95th percentiles,0.1
2026.8.14,Annual wages for select wage groups,Average real annual wage (2023$),year,1958,NA,NA,national,United States,0,Wage group,90–95th percentiles,56056.335348782646
2026.8.14,Annual wages for select wage groups,Average nominal annual wage,year,1958,NA,NA,national,United States,0,Wage group,90–99th percentiles,7614.6852661530975
2026.8.14,Annual wages for select wage groups,Average real annual wage (2023$),year,1958,NA,NA,national,United States,0,Wage group,90–99th percentiles,65710.4819921841
2026.8.14,Annual wages for select wage groups,Average nominal annual wage,year,1958,NA,NA,national,United States,0,Wage group,Top 5%,11302.935665209245
2026.8.14,Annual wages for select wage groups,Average real annual wage (2023$),year,1958,NA,NA,national,United States,0,Wage group,Top 5%,97538.0235068818
2026.8.14,Annual wages for select wage groups,Average nominal annual wage,year,1958,NA,NA,national,United States,0,Wage group,95–99th percentiles,9013.11680199875
2026.8.14,Annual wages for select wage groups,Share of total annual earnings,year,1958,NA,NA,national,United States,0,Wage group,95–99th percentiles,0.111
2026.8.14,Annual wages for select wage groups,Average real annual wage (2023$),year,1958,NA,NA,national,United States,0,Wage group,95–99th percentiles,77778.16529643592
2026.8.14,Annual wages for select wage groups,Average nominal annual wage,year,1958,NA,NA,national,United States,0,Wage group,Top 0.1%,45471.58026233603
2026.8.14,Annual wages for select wage groups,Share of total annual earnings,year,1958,NA,NA,national,United States,0,Wage group,Top 0.1%,0.01399999999999999
2026.8.14,Annual wages for select wage groups,Average real annual wage (2023$),year,1958,NA,NA,national,United States,0,Wage group,Top 0.1%,392394.3474414785
2026.8.14,Annual wages for select wage groups,Average nominal annual wage,year,1958,NA,NA,national,United States,0,Wage group,Top 1%,20462.211118051215
2026.8.14,Annual wages for select wage groups,Average real annual wage (2023$),year,1958,NA,NA,national,United States,0,Wage group,Top 1%,176577.45634866532
2026.8.14,Annual wages for select wage groups,Average nominal annual wage,year,1958,NA,NA,national,United States,0,Wage group,99.0–99.9th percentiles,17683.39232424179
2026.8.14,Annual wages for select wage groups,Share of total annual earnings,year,1958,NA,NA,national,United States,0,Wage group,99.0–99.9th percentiles,0.049
2026.8.14,Annual wages for select wage groups,Average real annual wage (2023$),year,1958,NA,NA,national,United States,0,Wage group,99.0–99.9th percentiles,152597.80178279718
2026.8.14,Annual wages for select wage groups,Average nominal annual wage,year,1959,NA,NA,national,United States,0,Wage group,Bottom 90%,2762.590909090909
2026.8.14,Annual wages for select wage groups,Share of total annual earnings,year,1959,NA,NA,national,United States,0,Wage group,Bottom 90%,0.7290000000000001
2026.8.14,Annual wages for select wage groups,Average real annual wage (2023$),year,1959,NA,NA,national,United States,0,Wage group,Bottom 90%,23719.214876033056
2026.8.14,Annual wages for select wage groups,Average nominal annual wage,year,1959,NA,NA,national,United States,0,Wage group,Top 10%,9242.74242424242
2026.8.14,Annual wages for select wage groups,Average real annual wage (2023$),year,1959,NA,NA,national,United States,0,Wage group,Top 10%,79356.87940006117
2026.8.14,Annual wages for select wage groups,Average nominal annual wage,year,1959,NA,NA,national,United States,0,Wage group,90–95th percentiles,6821.212121212121
2026.8.14,Annual wages for select wage groups,Share of total annual earnings,year,1959,NA,NA,national,United States,0,Wage group,90–95th percentiles,0.1
2026.8.14,Annual wages for select wage groups,Average real annual wage (2023$),year,1959,NA,NA,national,United States,0,Wage group,90–95th percentiles,58565.96265687174
2026.8.14,Annual wages for select wage groups,Average nominal annual wage,year,1959,NA,NA,national,United States,0,Wage group,90–99th percentiles,7920.185185185185
2026.8.14,Annual wages for select wage groups,Average real annual wage (2023$),year,1959,NA,NA,national,United States,0,Wage group,90–99th percentiles,68001.5899738122
2026.8.14,Annual wages for select wage groups,Average nominal annual wage,year,1959,NA,NA,national,United States,0,Wage group,Top 5%,11664.272727272724
2026.8.14,Annual wages for select wage groups,Average real annual wage (2023$),year,1959,NA,NA,national,United States,0,Wage group,Top 5%,100147.79614325069
2026.8.14,Annual wages for select wage groups,Average nominal annual wage,year,1959,NA,NA,national,United States,0,Wage group,95–99th percentiles,9293.901515151514
2026.8.14,Annual wages for select wage groups,Share of total annual earnings,year,1959,NA,NA,national,United States,0,Wage group,95–99th percentiles,0.109
2026.8.14,Annual wages for select wage groups,Average real annual wage (2023$),year,1959,NA,NA,national,United States,0,Wage group,95–99th percentiles,79796.12411998774
2026.8.14,Annual wages for select wage groups,Average nominal annual wage,year,1959,NA,NA,national,United States,0,Wage group,Top 0.1%,44337.87878787878
2026.8.14,Annual wages for select wage groups,Share of total annual earnings,year,1959,NA,NA,national,United States,0,Wage group,Top 0.1%,0.013
2026.8.14,Annual wages for select wage groups,Average real annual wage (2023$),year,1959,NA,NA,national,United States,0,Wage group,Top 0.1%,380678.7572696663
2026.8.14,Annual wages for select wage groups,Average nominal annual wage,year,1959,NA,NA,national,United States,0,Wage group,Top 1%,21145.757575757576
2026.8.14,Annual wages for select wage groups,Average real annual wage (2023$),year,1959,NA,NA,national,United States,0,Wage group,Top 1%,181554.4842363024
2026.8.14,Annual wages for select wage groups,Average nominal annual wage,year,1959,NA,NA,national,United States,0,Wage group,99.0–99.9th percentiles,18568.855218855217
2026.8.14,Annual wages for select wage groups,Share of total annual earnings,year,1959,NA,NA,national,United States,0,Wage group,99.0–99.9th percentiles,0.049
2026.8.14,Annual wages for select wage groups,Average real annual wage (2023$),year,1959,NA,NA,national,United States,0,Wage group,99.0–99.9th percentiles,159429.56501037307
2026.8.14,Annual wages for select wage groups,Average nominal annual wage,year,1960,NA,NA,national,United States,0,Wage group,Bottom 90%,2846.1563982615044
2026.8.14,Annual wages for select wage groups,Share of total annual earnings,year,1960,NA,NA,national,United States,0,Wage group,Bottom 90%,0.727
2026.8.14,Annual wages for select wage groups,Average real annual wage (2023$),year,1960,NA,NA,national,United States,0,Wage group,Bottom 90%,23952.80137150771
2026.8.14,Annual wages for select wage groups,Average nominal annual wage,year,1960,NA,NA,national,United States,0,Wage group,Top 10%,9618.990743505528
2026.8.14,Annual wages for select wage groups,Average real annual wage (2023$),year,1960,NA,NA,national,United States,0,Wage group,Top 10%,80951.90229682869
2026.8.14,Annual wages for select wage groups,Average nominal annual wage,year,1960,NA,NA,national,United States,0,Wage group,90–95th percentiles,7046.879665571813
2026.8.14,Annual wages for select wage groups,Share of total annual earnings,year,1960,NA,NA,national,United States,0,Wage group,90–95th percentiles,0.1
2026.8.14,Annual wages for select wage groups,Average real annual wage (2023$),year,1960,NA,NA,national,United States,0,Wage group,90–95th percentiles,59305.42292807962
2026.8.14,Annual wages for select wage groups,Average nominal annual wage,year,1960,NA,NA,national,United States,0,Wage group,90–99th percentiles,8221.359609833782
2026.8.14,Annual wages for select wage groups,Average real annual wage (2023$),year,1960,NA,NA,national,United States,0,Wage group,90–99th percentiles,69189.66008275955
2026.8.14,Annual wages for select wage groups,Average nominal annual wage,year,1960,NA,NA,national,United States,0,Wage group,Top 5%,12191.101821439235
2026.8.14,Annual wages for select wage groups,Average real annual wage (2023$),year,1960,NA,NA,national,United States,0,Wage group,Top 5%,102598.38166557772
2026.8.14,Annual wages for select wage groups,Average nominal annual wage,year,1960,NA,NA,national,United States,0,Wage group,95–99th percentiles,9689.459540161242
2026.8.14,Annual wages for select wage groups,Share of total annual earnings,year,1960,NA,NA,national,United States,0,Wage group,95–99th percentiles,0.11
2026.8.14,Annual wages for select wage groups,Average real annual wage (2023$),year,1960,NA,NA,national,United States,0,Wage group,95–99th percentiles,81544.95652610947
2026.8.14,Annual wages for select wage groups,Average nominal annual wage,year,1960,NA,NA,national,United States,0,Wage group,Top 0.1%,49328.15765900268
2026.8.14,Annual wages for select wage groups,Share of total annual earnings,year,1960,NA,NA,national,United States,0,Wage group,Top 0.1%,0.01399999999999999
2026.8.14,Annual wages for select wage groups,Average real annual wage (2023$),year,1960,NA,NA,national,United States,0,Wage group,Top 0.1%,415137.9604965573
2026.8.14,Annual wages for select wage groups,Average nominal annual wage,year,1960,NA,NA,national,United States,0,Wage group,Top 1%,22197.67094655121
2026.8.14,Annual wages for select wage groups,Average real annual wage (2023$),year,1960,NA,NA,national,United States,0,Wage group,Top 1%,186812.0822234508
2026.8.14,Annual wages for select wage groups,Average nominal annual wage,year,1960,NA,NA,national,United States,0,Wage group,99.0–99.9th percentiles,19183.17242294549
2026.8.14,Annual wages for select wage groups,Share of total annual earnings,year,1960,NA,NA,national,United States,0,Wage group,99.0–99.9th percentiles,0.049
2026.8.14,Annual wages for select wage groups,Average real annual wage (2023$),year,1960,NA,NA,national,United States,0,Wage group,99.0–99.9th percentiles,161442.5401931056
2026.8.14,Annual wages for select wage groups,Average nominal annual wage,year,1961,NA,NA,national,United States,0,Wage group,Bottom 90%,2878.521707574558
2026.8.14,Annual wages for select wage groups,Share of total annual earnings,year,1961,NA,NA,national,United States,0,Wage group,Bottom 90%,0.725
2026.8.14,Annual wages for select wage groups,Average real annual wage (2023$),year,1961,NA,NA,national,United States,0,Wage group,Bottom 90%,23987.68089645465
2026.8.14,Annual wages for select wage groups,Average nominal annual wage,year,1961,NA,NA,national,United States,0,Wage group,Top 10%,9826.677553444182
2026.8.14,Annual wages for select wage groups,Average real annual wage (2023$),year,1961,NA,NA,national,United States,0,Wage group,Top 10%,81888.97961203485
2026.8.14,Annual wages for select wage groups,Average nominal annual wage,year,1961,NA,NA,national,United States,0,Wage group,90–95th percentiles,7218.14133016627
2026.8.14,Annual wages for select wage groups,Share of total annual earnings,year,1961,NA,NA,national,United States,0,Wage group,90–95th percentiles,0.101
2026.8.14,Annual wages for select wage groups,Average real annual wage (2023$),year,1961,NA,NA,national,United States,0,Wage group,90–95th percentiles,60151.177751385585
2026.8.14,Annual wages for select wage groups,Average nominal annual wage,year,1961,NA,NA,national,United States,0,Wage group,90–99th percentiles,8456.898258115596
2026.8.14,Annual wages for select wage groups,Average real annual wage (2023$),year,1961,NA,NA,national,United States,0,Wage group,90–99th percentiles,70474.1521509633
2026.8.14,Annual wages for select wage groups,Average nominal annual wage,year,1961,NA,NA,national,United States,0,Wage group,Top 5%,12435.21377672209
2026.8.14,Annual wages for select wage groups,Average real annual wage (2023$),year,1961,NA,NA,national,United States,0,Wage group,Top 5%,103626.78147268407
2026.8.14,Annual wages for select wage groups,Average nominal annual wage,year,1961,NA,NA,national,United States,0,Wage group,95–99th percentiles,10005.344418052257
2026.8.14,Annual wages for select wage groups,Share of total annual earnings,year,1961,NA,NA,national,United States,0,Wage group,95–99th percentiles,0.112
2026.8.14,Annual wages for select wage groups,Average real annual wage (2023$),year,1961,NA,NA,national,United States,0,Wage group,95–99th percentiles,83377.87015043547
2026.8.14,Annual wages for select wage groups,Average nominal annual wage,year,1961,NA,NA,national,United States,0,Wage group,Top 0.1%,46453.38479809976
2026.8.14,Annual wages for select wage groups,Share of total annual earnings,year,1961,NA,NA,national,United States,0,Wage group,Top 0.1%,0.013
2026.8.14,Annual wages for select wage groups,Average real annual wage (2023$),year,1961,NA,NA,national,United States,0,Wage group,Top 0.1%,387111.5399841647
2026.8.14,Annual wages for select wage groups,Average nominal annual wage,year,1961,NA,NA,national,United States,0,Wage group,Top 1%,22154.691211401423
2026.8.14,Annual wages for select wage groups,Average real annual wage (2023$),year,1961,NA,NA,national,United States,0,Wage group,Top 1%,184622.42676167857
2026.8.14,Annual wages for select wage groups,Average nominal annual wage,year,1961,NA,NA,national,United States,0,Wage group,99.0–99.9th percentiles,19454.836368434942
2026.8.14,Annual wages for select wage groups,Share of total annual earnings,year,1961,NA,NA,national,United States,0,Wage group,99.0–99.9th percentiles,0.049
2026.8.14,Annual wages for select wage groups,Average real annual wage (2023$),year,1961,NA,NA,national,United States,0,Wage group,99.0–99.9th percentiles,162123.63640362455
2026.8.14,Annual wages for select wage groups,Average nominal annual wage,year,1962,NA,NA,national,United States,0,Wage group,Bottom 90%,3017.5352010451443
2026.8.14,Annual wages for select wage groups,Share of total annual earnings,year,1962,NA,NA,national,United States,0,Wage group,Bottom 90%,0.726
2026.8.14,Annual wages for select wage groups,Average real annual wage (2023$),year,1962,NA,NA,national,United States,0,Wage group,Bottom 90%,24901.989523188084
2026.8.14,Annual wages for select wage groups,Average nominal annual wage,year,1962,NA,NA,national,United States,0,Wage group,Top 10%,10249.64436057483
2026.8.14,Annual wages for select wage groups,Average real annual wage (2023$),year,1962,NA,NA,national,United States,0,Wage group,Top 10%,84584.44375231655
2026.8.14,Annual wages for select wage groups,Average nominal annual wage,year,1962,NA,NA,national,United States,0,Wage group,90–95th percentiles,7631.1220786761505
2026.8.14,Annual wages for select wage groups,Share of total annual earnings,year,1962,NA,NA,national,United States,0,Wage group,90–95th percentiles,0.102
2026.8.14,Annual wages for select wage groups,Average real annual wage (2023$),year,1962,NA,NA,national,United States,0,Wage group,90–95th percentiles,62975.279290045895
2026.8.14,Annual wages for select wage groups,Average nominal annual wage,year,1962,NA,NA,national,United States,0,Wage group,90–99th percentiles,8894.662989306622
2026.8.14,Annual wages for select wage groups,Average real annual wage (2023$),year,1962,NA,NA,national,United States,0,Wage group,90–99th percentiles,73402.55864961776
2026.8.14,Annual wages for select wage groups,Average nominal annual wage,year,1962,NA,NA,national,United States,0,Wage group,Top 5%,12868.166642473509
2026.8.14,Annual wages for select wage groups,Average real annual wage (2023$),year,1962,NA,NA,national,United States,0,Wage group,Top 5%,106193.6082145872
2026.8.14,Annual wages for select wage groups,Average nominal annual wage,year,1962,NA,NA,national,United States,0,Wage group,95–99th percentiles,10474.089127594714
2026.8.14,Annual wages for select wage groups,Share of total annual earnings,year,1962,NA,NA,national,United States,0,Wage group,95–99th percentiles,0.112
2026.8.14,Annual wages for select wage groups,Average real annual wage (2023$),year,1962,NA,NA,national,United States,0,Wage group,95–99th percentiles,86436.65784908259
2026.8.14,Annual wages for select wage groups,Average nominal annual wage,year,1962,NA,NA,national,United States,0,Wage group,Top 0.1%,44888.95340397736
2026.8.14,Annual wages for select wage groups,Share of total annual earnings,year,1962,NA,NA,national,United States,0,Wage group,Top 0.1%,0.012
2026.8.14,Annual wages for select wage groups,Average real annual wage (2023$),year,1962,NA,NA,national,United States,0,Wage group,Top 0.1%,370442.81935321115
2026.8.14,Annual wages for select wage groups,Average nominal annual wage,year,1962,NA,NA,national,United States,0,Wage group,Top 1%,22444.47670198868
2026.8.14,Annual wages for select wage groups,Average real annual wage (2023$),year,1962,NA,NA,national,United States,0,Wage group,Top 1%,185221.40967660557
2026.8.14,Annual wages for select wage groups,Average nominal annual wage,year,1962,NA,NA,national,United States,0,Wage group,99.0–99.9th percentiles,19950.645957323268
2026.8.14,Annual wages for select wage groups,Share of total annual earnings,year,1962,NA,NA,national,United States,0,Wage group,99.0–99.9th percentiles,0.048
2026.8.14,Annual wages for select wage groups,Average real annual wage (2023$),year,1962,NA,NA,national,United States,0,Wage group,99.0–99.9th percentiles,164641.25304587162
2026.8.14,Annual wages for select wage groups,Average nominal annual wage,year,1963,NA,NA,national,United States,0,Wage group,Bottom 90%,3108.8702413122837
2026.8.14,Annual wages for select wage groups,Share of total annual earnings,year,1963,NA,NA,national,United States,0,Wage group,Bottom 90%,0.727
2026.8.14,Annual wages for select wage groups,Average real annual wage (2023$),year,1963,NA,NA,national,United States,0,Wage group,Bottom 90%,25409.03562611001
2026.8.14,Annual wages for select wage groups,Average nominal annual wage,year,1963,NA,NA,national,United States,0,Wage group,Top 10%,10506.86957758498
2026.8.14,Annual wages for select wage groups,Average real annual wage (2023$),year,1963,NA,NA,national,United States,0,Wage group,Top 10%,85873.45327833878
2026.8.14,Annual wages for select wage groups,Average nominal annual wage,year,1963,NA,NA,national,United States,0,Wage group,90–95th percentiles,7851.287156876689
2026.8.14,Annual wages for select wage groups,Share of total annual earnings,year,1963,NA,NA,national,United States,0,Wage group,90–95th percentiles,0.102
2026.8.14,Annual wages for select wage groups,Average real annual wage (2023$),year,1963,NA,NA,national,United States,0,Wage group,90–95th percentiles,64169.17387831909
2026.8.14,Annual wages for select wage groups,Average nominal annual wage,year,1963,NA,NA,national,United States,0,Wage group,90–99th percentiles,9151.282415967382
2026.8.14,Annual wages for select wage groups,Average real annual wage (2023$),year,1963,NA,NA,national,United States,0,Wage group,90–99th percentiles,74794.13513050263
2026.8.14,Annual wages for select wage groups,Average nominal annual wage,year,1963,NA,NA,national,United States,0,Wage group,Top 5%,13162.45199829327
2026.8.14,Annual wages for select wage groups,Average real annual wage (2023$),year,1963,NA,NA,national,United States,0,Wage group,Top 5%,107577.73267835846
2026.8.14,Annual wages for select wage groups,Average nominal annual wage,year,1963,NA,NA,national,United States,0,Wage group,95–99th percentiles,10776.276489830749
2026.8.14,Annual wages for select wage groups,Share of total annual earnings,year,1963,NA,NA,national,United States,0,Wage group,95–99th percentiles,0.112
2026.8.14,Annual wages for select wage groups,Average real annual wage (2023$),year,1963,NA,NA,national,United States,0,Wage group,95–99th percentiles,88075.33669573207
2026.8.14,Annual wages for select wage groups,Average nominal annual wage,year,1963,NA,NA,national,United States,0,Wage group,Top 0.1%,46184.04209927464
2026.8.14,Annual wages for select wage groups,Share of total annual earnings,year,1963,NA,NA,national,United States,0,Wage group,Top 0.1%,0.012
2026.8.14,Annual wages for select wage groups,Average real annual wage (2023$),year,1963,NA,NA,national,United States,0,Wage group,Top 0.1%,377465.72869599465
2026.8.14,Annual wages for select wage groups,Average nominal annual wage,year,1963,NA,NA,national,United States,0,Wage group,Top 1%,22707.154032143364
2026.8.14,Annual wages for select wage groups,Average real annual wage (2023$),year,1963,NA,NA,national,United States,0,Wage group,Top 1%,185587.31660886403
2026.8.14,Annual wages for select wage groups,Average nominal annual wage,year,1963,NA,NA,national,United States,0,Wage group,99.0–99.9th percentiles,20098.610913573222
2026.8.14,Annual wages for select wage groups,Share of total annual earnings,year,1963,NA,NA,national,United States,0,Wage group,99.0–99.9th percentiles,0.047
2026.8.14,Annual wages for select wage groups,Average real annual wage (2023$),year,1963,NA,NA,national,United States,0,Wage group,99.0–99.9th percentiles,164267.4930436273
2026.8.14,Annual wages for select wage groups,Average nominal annual wage,year,1964,NA,NA,national,United States,0,Wage group,Bottom 90%,3244.304459519744
2026.8.14,Annual wages for select wage groups,Share of total annual earnings,year,1964,NA,NA,national,United States,0,Wage group,Bottom 90%,0.725
2026.8.14,Annual wages for select wage groups,Average real annual wage (2023$),year,1964,NA,NA,national,United States,0,Wage group,Bottom 90%,26138.94588238656
2026.8.14,Annual wages for select wage groups,Average nominal annual wage,year,1964,NA,NA,national,United States,0,Wage group,Top 10%,11075.384189394988
2026.8.14,Annual wages for select wage groups,Average real annual wage (2023$),year,1964,NA,NA,national,United States,0,Wage group,Top 10%,89232.95318469896
2026.8.14,Annual wages for select wage groups,Average nominal annual wage,year,1964,NA,NA,national,United States,0,Wage group,90–95th percentiles,8215.921362314828
2026.8.14,Annual wages for select wage groups,Share of total annual earnings,year,1964,NA,NA,national,United States,0,Wage group,90–95th percentiles,0.102
2026.8.14,Annual wages for select wage groups,Average real annual wage (2023$),year,1964,NA,NA,national,United States,0,Wage group,90–95th percentiles,66194.62708974032
2026.8.14,Annual wages for select wage groups,Average nominal annual wage,year,1964,NA,NA,national,United States,0,Wage group,90–99th percentiles,9576.291783961726
2026.8.14,Annual wages for select wage groups,Average real annual wage (2023$),year,1964,NA,NA,national,United States,0,Wage group,90–99th percentiles,77154.95750111343
2026.8.14,Annual wages for select wage groups,Average nominal annual wage,year,1964,NA,NA,national,United States,0,Wage group,Top 5%,13934.847016475149
2026.8.14,Annual wages for select wage groups,Average real annual wage (2023$),year,1964,NA,NA,national,United States,0,Wage group,Top 5%,112271.27927965758
2026.8.14,Annual wages for select wage groups,Average nominal annual wage,year,1964,NA,NA,national,United States,0,Wage group,95–99th percentiles,11276.754811020352
2026.8.14,Annual wages for select wage groups,Share of total annual earnings,year,1964,NA,NA,national,United States,0,Wage group,95–99th percentiles,0.112
2026.8.14,Annual wages for select wage groups,Average real annual wage (2023$),year,1964,NA,NA,national,United States,0,Wage group,95–99th percentiles,90855.37051532984
2026.8.14,Annual wages for select wage groups,Average nominal annual wage,year,1964,NA,NA,national,United States,0,Wage group,Top 0.1%,52356.36162259449
2026.8.14,Annual wages for select wage groups,Share of total annual earnings,year,1964,NA,NA,national,United States,0,Wage group,Top 0.1%,0.013
2026.8.14,Annual wages for select wage groups,Average real annual wage (2023$),year,1964,NA,NA,national,United States,0,Wage group,Top 0.1%,421828.50596403144
2026.8.14,Annual wages for select wage groups,Average nominal annual wage,year,1964,NA,NA,national,United States,0,Wage group,Top 1%,24567.215838294334
2026.8.14,Annual wages for select wage groups,Average real annual wage (2023$),year,1964,NA,NA,national,United States,0,Wage group,Top 1%,197934.9143369686
2026.8.14,Annual wages for select wage groups,Average nominal annual wage,year,1964,NA,NA,national,United States,0,Wage group,99.0–99.9th percentiles,21479.5329733721
2026.8.14,Annual wages for select wage groups,Share of total annual earnings,year,1964,NA,NA,national,United States,0,Wage group,99.0–99.9th percentiles,0.048
2026.8.14,Annual wages for select wage groups,Average real annual wage (2023$),year,1964,NA,NA,national,United States,0,Wage group,99.0–99.9th percentiles,173057.8486006283
2026.8.14,Annual wages for select wage groups,Average nominal annual wage,year,1965,NA,NA,national,United States,0,Wage group,Bottom 90%,3330.1869282778734
2026.8.14,Annual wages for select wage groups,Share of total annual earnings,year,1965,NA,NA,national,United States,0,Wage group,Bottom 90%,0.726
2026.8.14,Annual wages for select wage groups,Average real annual wage (2023$),year,1965,NA,NA,national,United States,0,Wage group,Bottom 90%,26454.755972300864
2026.8.14,Annual wages for select wage groups,Average nominal annual wage,year,1965,NA,NA,national,United States,0,Wage group,Top 10%,11311.626673737244
2026.8.14,Annual wages for select wage groups,Average real annual wage (2023$),year,1965,NA,NA,national,United States,0,Wage group,Top 10%,89858.71656707155
2026.8.14,Annual wages for select wage groups,Average nominal annual wage,year,1965,NA,NA,national,United States,0,Wage group,90–95th percentiles,8339.228423704097
2026.8.14,Annual wages for select wage groups,Share of total annual earnings,year,1965,NA,NA,national,United States,0,Wage group,90–95th percentiles,0.101
2026.8.14,Annual wages for select wage groups,Average real annual wage (2023$),year,1965,NA,NA,national,United States,0,Wage group,90–95th percentiles,66246.20710419142
2026.8.14,Annual wages for select wage groups,Average nominal annual wage,year,1965,NA,NA,national,United States,0,Wage group,90–99th percentiles,9770.383136683016
2026.8.14,Annual wages for select wage groups,Average real annual wage (2023$),year,1965,NA,NA,national,United States,0,Wage group,90–99th percentiles,77615.19314187442
2026.8.14,Annual wages for select wage groups,Average nominal annual wage,year,1965,NA,NA,national,United States,0,Wage group,Top 5%,14284.024923770385
2026.8.14,Annual wages for select wage groups,Average real annual wage (2023$),year,1965,NA,NA,national,United States,0,Wage group,Top 5%,113471.22602995163
2026.8.14,Annual wages for select wage groups,Average nominal annual wage,year,1965,NA,NA,national,United States,0,Wage group,95–99th percentiles,11559.326527906667
2026.8.14,Annual wages for select wage groups,Share of total annual earnings,year,1965,NA,NA,national,United States,0,Wage group,95–99th percentiles,0.112
2026.8.14,Annual wages for select wage groups,Average real annual wage (2023$),year,1965,NA,NA,national,United States,0,Wage group,95–99th percentiles,91826.4256889782
2026.8.14,Annual wages for select wage groups,Average nominal annual wage,year,1965,NA,NA,national,United States,0,Wage group,Top 0.1%,57796.63263953334
2026.8.14,Annual wages for select wage groups,Share of total annual earnings,year,1965,NA,NA,national,United States,0,Wage group,Top 0.1%,0.01399999999999999
2026.8.14,Annual wages for select wage groups,Average real annual wage (2023$),year,1965,NA,NA,national,United States,0,Wage group,Top 0.1%,459132.128444891
2026.8.14,Annual wages for select wage groups,Average nominal annual wage,year,1965,NA,NA,national,United States,0,Wage group,Top 1%,25182.81850722524
2026.8.14,Annual wages for select wage groups,Average real annual wage (2023$),year,1965,NA,NA,national,United States,0,Wage group,Top 1%,200050.42739384537
2026.8.14,Annual wages for select wage groups,Average nominal annual wage,year,1965,NA,NA,national,United States,0,Wage group,99.0–99.9th percentiles,21559.06138141323
2026.8.14,Annual wages for select wage groups,Share of total annual earnings,year,1965,NA,NA,national,United States,0,Wage group,99.0–99.9th percentiles,0.047
2026.8.14,Annual wages for select wage groups,Average real annual wage (2023$),year,1965,NA,NA,national,United States,0,Wage group,99.0–99.9th percentiles,171263.57172150697
2026.8.14,Annual wages for select wage groups,Average nominal annual wage,year,1966,NA,NA,national,United States,0,Wage group,Bottom 90%,3495.409290488575
2026.8.14,Annual wages for select wage groups,Share of total annual earnings,year,1966,NA,NA,national,United States,0,Wage group,Bottom 90%,0.721
2026.8.14,Annual wages for select wage groups,Average real annual wage (2023$),year,1966,NA,NA,national,United States,0,Wage group,Bottom 90%,26887.76377298904
2026.8.14,Annual wages for select wage groups,Average nominal annual wage,year,1966,NA,NA,national,United States,0,Wage group,Top 10%,12173.332494336772
2026.8.14,Annual wages for select wage groups,Average real annual wage (2023$),year,1966,NA,NA,national,United States,0,Wage group,Top 10%,93641.01918720597
2026.8.14,Annual wages for select wage groups,Average nominal annual wage,year,1966,NA,NA,national,United States,0,Wage group,90–95th percentiles,8900.931286181725
2026.8.14,Annual wages for select wage groups,Share of total annual earnings,year,1966,NA,NA,national,United States,0,Wage group,90–95th percentiles,0.102
2026.8.14,Annual wages for select wage groups,Average real annual wage (2023$),year,1966,NA,NA,national,United States,0,Wage group,90–95th percentiles,68468.70220139789
2026.8.14,Annual wages for select wage groups,Average nominal annual wage,year,1966,NA,NA,national,United States,0,Wage group,90–99th percentiles,10374.72383029896
2026.8.14,Annual wages for select wage groups,Average real annual wage (2023$),year,1966,NA,NA,national,United States,0,Wage group,90–99th percentiles,79805.56792537661
2026.8.14,Annual wages for select wage groups,Average nominal annual wage,year,1966,NA,NA,national,United States,0,Wage group,Top 5%,15445.733702491818
2026.8.14,Annual wages for select wage groups,Average real annual wage (2023$),year,1966,NA,NA,national,United States,0,Wage group,Top 5%,118813.33617301396
2026.8.14,Annual wages for select wage groups,Average nominal annual wage,year,1966,NA,NA,national,United States,0,Wage group,95–99th percentiles,12216.964510445505
2026.8.14,Annual wages for select wage groups,Share of total annual earnings,year,1966,NA,NA,national,United States,0,Wage group,95–99th percentiles,0.112
2026.8.14,Annual wages for select wage groups,Average real annual wage (2023$),year,1966,NA,NA,national,United States,0,Wage group,95–99th percentiles,93976.65008035004
2026.8.14,Annual wages for select wage groups,Average nominal annual wage,year,1966,NA,NA,national,United States,0,Wage group,Top 0.1%,65448.02416310092
2026.8.14,Annual wages for select wage groups,Share of total annual earnings,year,1966,NA,NA,national,United States,0,Wage group,Top 0.1%,0.015
2026.8.14,Annual wages for select wage groups,Average real annual wage (2023$),year,1966,NA,NA,national,United States,0,Wage group,Top 0.1%,503446.3397161609
2026.8.14,Annual wages for select wage groups,Average nominal annual wage,year,1966,NA,NA,national,United States,0,Wage group,Top 1%,28360.810470677072
2026.8.14,Annual wages for select wage groups,Average real annual wage (2023$),year,1966,NA,NA,national,United States,0,Wage group,Top 1%,218160.08054366976
2026.8.14,Annual wages for select wage groups,Average nominal annual wage,year,1966,NA,NA,national,United States,0,Wage group,99.0–99.9th percentiles,24240.008949296644
2026.8.14,Annual wages for select wage groups,Share of total annual earnings,year,1966,NA,NA,national,United States,0,Wage group,99.0–99.9th percentiles,0.05
2026.8.14,Annual wages for select wage groups,Average real annual wage (2023$),year,1966,NA,NA,national,United States,0,Wage group,99.0–99.9th percentiles,186461.60730228183
2026.8.14,Annual wages for select wage groups,Average nominal annual wage,year,1967,NA,NA,national,United States,0,Wage group,Bottom 90%,3676.914844617844
2026.8.14,Annual wages for select wage groups,Share of total annual earnings,year,1967,NA,NA,national,United States,0,Wage group,Bottom 90%,0.7190000000000001
2026.8.14,Annual wages for select wage groups,Average real annual wage (2023$),year,1967,NA,NA,national,United States,0,Wage group,Bottom 90%,27536.36667775478
2026.8.14,Annual wages for select wage groups,Average nominal annual wage,year,1967,NA,NA,national,United States,0,Wage group,Top 10%,12933.126066812967
2026.8.14,Annual wages for select wage groups,Average real annual wage (2023$),year,1967,NA,NA,national,United States,0,Wage group,Top 10%,96856.0101919914
2026.8.14,Annual wages for select wage groups,Average nominal annual wage,year,1967,NA,NA,national,United States,0,Wage group,90–95th percentiles,9481.224091684957
2026.8.14,Annual wages for select wage groups,Share of total annual earnings,year,1967,NA,NA,national,United States,0,Wage group,90–95th percentiles,0.103
2026.8.14,Annual wages for select wage groups,Average real annual wage (2023$),year,1967,NA,NA,national,United States,0,Wage group,90–95th percentiles,71004.7619201076
2026.8.14,Annual wages for select wage groups,Average nominal annual wage,year,1967,NA,NA,national,United States,0,Wage group,90–99th percentiles,11097.225608930072
2026.8.14,Annual wages for select wage groups,Average real annual wage (2023$),year,1967,NA,NA,national,United States,0,Wage group,90–99th percentiles,83106.97592590803
2026.8.14,Annual wages for select wage groups,Average nominal annual wage,year,1967,NA,NA,national,United States,0,Wage group,Top 5%,16385.02804194099
2026.8.14,Annual wages for select wage groups,Average real annual wage (2023$),year,1967,NA,NA,national,United States,0,Wage group,Top 5%,122707.25846387526
2026.8.14,Annual wages for select wage groups,Average nominal annual wage,year,1967,NA,NA,national,United States,0,Wage group,95–99th percentiles,13117.227505486464
2026.8.14,Annual wages for select wage groups,Share of total annual earnings,year,1967,NA,NA,national,United States,0,Wage group,95–99th percentiles,0.114
2026.8.14,Annual wages for select wage groups,Average real annual wage (2023$),year,1967,NA,NA,national,United States,0,Wage group,95–99th percentiles,98234.74343315855
2026.8.14,Annual wages for select wage groups,Average nominal annual wage,year,1967,NA,NA,national,United States,0,Wage group,Top 0.1%,64435.503535722986
2026.8.14,Annual wages for select wage groups,Share of total annual earnings,year,1967,NA,NA,national,United States,0,Wage group,Top 0.1%,0.01399999999999999
2026.8.14,Annual wages for select wage groups,Average real annual wage (2023$),year,1967,NA,NA,national,United States,0,Wage group,Top 0.1%,482556.6344084982
2026.8.14,Annual wages for select wage groups,Average nominal annual wage,year,1967,NA,NA,national,United States,0,Wage group,Top 1%,29456.23018775908
2026.8.14,Annual wages for select wage groups,Average real annual wage (2023$),year,1967,NA,NA,national,United States,0,Wage group,Top 1%,220597.31858674204
2026.8.14,Annual wages for select wage groups,Average nominal annual wage,year,1967,NA,NA,national,United States,0,Wage group,99.0–99.9th percentiles,25569.644260207537
2026.8.14,Annual wages for select wage groups,Share of total annual earnings,year,1967,NA,NA,national,United States,0,Wage group,99.0–99.9th percentiles,0.05
2026.8.14,Annual wages for select wage groups,Average real annual wage (2023$),year,1967,NA,NA,national,United States,0,Wage group,99.0–99.9th percentiles,191490.72793988025
2026.8.14,Annual wages for select wage groups,Average nominal annual wage,year,1968,NA,NA,national,United States,0,Wage group,Bottom 90%,3906.249424516264
2026.8.14,Annual wages for select wage groups,Share of total annual earnings,year,1968,NA,NA,national,United States,0,Wage group,Bottom 90%,0.718
2026.8.14,Annual wages for select wage groups,Average real annual wage (2023$),year,1968,NA,NA,national,United States,0,Wage group,Bottom 90%,28138.23737999004
2026.8.14,Annual wages for select wage groups,Average nominal annual wage,year,1968,NA,NA,national,United States,0,Wage group,Top 10%,13807.884456019889
2026.8.14,Annual wages for select wage groups,Average real annual wage (2023$),year,1968,NA,NA,national,United States,0,Wage group,Top 10%,99463.5744713297
2026.8.14,Annual wages for select wage groups,Average nominal annual wage,year,1968,NA,NA,national,United States,0,Wage group,90–95th percentiles,10086.610630993251
2026.8.14,Annual wages for select wage groups,Share of total annual earnings,year,1968,NA,NA,national,United States,0,Wage group,90–95th percentiles,0.103
2026.8.14,Annual wages for select wage groups,Average real annual wage (2023$),year,1968,NA,NA,national,United States,0,Wage group,90–95th percentiles,72657.78844359545
2026.8.14,Annual wages for select wage groups,Average nominal annual wage,year,1968,NA,NA,national,United States,0,Wage group,90–99th percentiles,11805.795614485092
2026.8.14,Annual wages for select wage groups,Average real annual wage (2023$),year,1968,NA,NA,national,United States,0,Wage group,90–99th percentiles,85041.74807044346
2026.8.14,Annual wages for select wage groups,Average nominal annual wage,year,1968,NA,NA,national,United States,0,Wage group,Top 5%,17529.158281046522
2026.8.14,Annual wages for select wage groups,Average real annual wage (2023$),year,1968,NA,NA,national,United States,0,Wage group,Top 5%,126269.36049906391
2026.8.14,Annual wages for select wage groups,Average nominal annual wage,year,1968,NA,NA,national,United States,0,Wage group,95–99th percentiles,13954.776843849886
2026.8.14,Annual wages for select wage groups,Share of total annual earnings,year,1968,NA,NA,national,United States,0,Wage group,95–99th percentiles,0.114
2026.8.14,Annual wages for select wage groups,Average real annual wage (2023$),year,1968,NA,NA,national,United States,0,Wage group,95–99th percentiles,100521.69760400342
2026.8.14,Annual wages for select wage groups,Average nominal annual wage,year,1968,NA,NA,national,United States,0,Wage group,Top 0.1%,68549.78098733276
2026.8.14,Annual wages for select wage groups,Share of total annual earnings,year,1968,NA,NA,national,United States,0,Wage group,Top 0.1%,0.01399999999999999
2026.8.14,Annual wages for select wage groups,Average real annual wage (2023$),year,1968,NA,NA,national,United States,0,Wage group,Top 0.1%,493790.795247736
2026.8.14,Annual wages for select wage groups,Average nominal annual wage,year,1968,NA,NA,national,United States,0,Wage group,Top 1%,31826.68402983307
2026.8.14,Annual wages for select wage groups,Average real annual wage (2023$),year,1968,NA,NA,national,United States,0,Wage group,Top 1%,229260.01207930603
2026.8.14,Annual wages for select wage groups,Average nominal annual wage,year,1968,NA,NA,national,United States,0,Wage group,99.0–99.9th percentiles,27746.339923444215
2026.8.14,Annual wages for select wage groups,Share of total annual earnings,year,1968,NA,NA,national,United States,0,Wage group,99.0–99.9th percentiles,0.051
2026.8.14,Annual wages for select wage groups,Average real annual wage (2023$),year,1968,NA,NA,national,United States,0,Wage group,99.0–99.9th percentiles,199867.70283836935
2026.8.14,Annual wages for select wage groups,Average nominal annual wage,year,1969,NA,NA,national,United States,0,Wage group,Bottom 90%,4157.507645259939
2026.8.14,Annual wages for select wage groups,Share of total annual earnings,year,1969,NA,NA,national,United States,0,Wage group,Bottom 90%,0.716
2026.8.14,Annual wages for select wage groups,Average real annual wage (2023$),year,1969,NA,NA,national,United States,0,Wage group,Bottom 90%,28730.743890007707
2026.8.14,Annual wages for select wage groups,Average nominal annual wage,year,1969,NA,NA,national,United States,0,Wage group,Top 10%,14841.60550458716
2026.8.14,Annual wages for select wage groups,Average real annual wage (2023$),year,1969,NA,NA,national,United States,0,Wage group,Top 10%,102563.94047885436
2026.8.14,Annual wages for select wage groups,Average nominal annual wage,year,1969,NA,NA,national,United States,0,Wage group,90–95th percentiles,10869.908256880732
2026.8.14,Annual wages for select wage groups,Share of total annual earnings,year,1969,NA,NA,national,United States,0,Wage group,90–95th percentiles,0.104
2026.8.14,Annual wages for select wage groups,Average real annual wage (2023$),year,1969,NA,NA,national,United States,0,Wage group,90–95th percentiles,75117.25218169612
2026.8.14,Annual wages for select wage groups,Average nominal annual wage,year,1969,NA,NA,national,United States,0,Wage group,90–99th percentiles,12774.464831804282
2026.8.14,Annual wages for select wage groups,Average real annual wage (2023$),year,1969,NA,NA,national,United States,0,Wage group,90–99th percentiles,88278.82200840357
2026.8.14,Annual wages for select wage groups,Average nominal annual wage,year,1969,NA,NA,national,United States,0,Wage group,Top 5%,18813.302752293577
2026.8.14,Annual wages for select wage groups,Average real annual wage (2023$),year,1969,NA,NA,national,United States,0,Wage group,Top 5%,130010.62877601253
2026.8.14,Annual wages for select wage groups,Average nominal annual wage,year,1969,NA,NA,national,United States,0,Wage group,95–99th percentiles,15155.160550458717
2026.8.14,Annual wages for select wage groups,Share of total annual earnings,year,1969,NA,NA,national,United States,0,Wage group,95–99th percentiles,0.116
2026.8.14,Annual wages for select wage groups,Average real annual wage (2023$),year,1969,NA,NA,national,United States,0,Wage group,95–99th percentiles,104730.78429178786
2026.8.14,Annual wages for select wage groups,Average nominal annual wage,year,1969,NA,NA,national,United States,0,Wage group,Top 0.1%,73162.84403669725
2026.8.14,Annual wages for select wage groups,Share of total annual earnings,year,1969,NA,NA,national,United States,0,Wage group,Top 0.1%,0.01399999999999999
2026.8.14,Annual wages for select wage groups,Average real annual wage (2023$),year,1969,NA,NA,national,United States,0,Wage group,Top 0.1%,505596.88968449313
2026.8.14,Annual wages for select wage groups,Average nominal annual wage,year,1969,NA,NA,national,United States,0,Wage group,Top 1%,33445.87155963303
2026.8.14,Annual wages for select wage groups,Average real annual wage (2023$),year,1969,NA,NA,national,United States,0,Wage group,Top 1%,231130.00671291116
2026.8.14,Annual wages for select wage groups,Average nominal annual wage,year,1969,NA,NA,national,United States,0,Wage group,99.0–99.9th percentiles,29032.874617737012
2026.8.14,Annual wages for select wage groups,Share of total annual earnings,year,1969,NA,NA,national,United States,0,Wage group,99.0–99.9th percentiles,0.05
2026.8.14,Annual wages for select wage groups,Average real annual wage (2023$),year,1969,NA,NA,national,United States,0,Wage group,99.0–99.9th percentiles,200633.68638273544
2026.8.14,Annual wages for select wage groups,Average nominal annual wage,year,1970,NA,NA,national,United States,0,Wage group,Bottom 90%,4350.827852120663
2026.8.14,Annual wages for select wage groups,Share of total annual earnings,year,1970,NA,NA,national,United States,0,Wage group,Bottom 90%,0.7140000000000001
2026.8.14,Annual wages for select wage groups,Average real annual wage (2023$),year,1970,NA,NA,national,United States,0,Wage group,Bottom 90%,28668.245537229177
2026.8.14,Annual wages for select wage groups,Average nominal annual wage,year,1970,NA,NA,national,United States,0,Wage group,Top 10%,15684.91721478793
2026.8.14,Annual wages for select wage groups,Average real annual wage (2023$),year,1970,NA,NA,national,United States,0,Wage group,Top 10%,103350.22970984296
2026.8.14,Annual wages for select wage groups,Average nominal annual wage,year,1970,NA,NA,national,United States,0,Wage group,90–95th percentiles,11407.212519845772
2026.8.14,Annual wages for select wage groups,Share of total annual earnings,year,1970,NA,NA,national,United States,0,Wage group,90–95th percentiles,0.104
2026.8.14,Annual wages for select wage groups,Average real annual wage (2023$),year,1970,NA,NA,national,United States,0,Wage group,90–95th percentiles,75163.80342534036
2026.8.14,Annual wages for select wage groups,Average nominal annual wage,year,1970,NA,NA,national,United States,0,Wage group,90–99th percentiles,13527.784078022229
2026.8.14,Annual wages for select wage groups,Average real annual wage (2023$),year,1970,NA,NA,national,United States,0,Wage group,90–99th percentiles,89136.56175441004
2026.8.14,Annual wages for select wage groups,Average nominal annual wage,year,1970,NA,NA,national,United States,0,Wage group,Top 5%,20072.306645497847
2026.8.14,Annual wages for select wage groups,Average real annual wage (2023$),year,1970,NA,NA,national,United States,0,Wage group,Top 5%,132259.38487343545
2026.8.14,Annual wages for select wage groups,Average nominal annual wage,year,1970,NA,NA,national,United States,0,Wage group,95–99th percentiles,16178.498525742802
2026.8.14,Annual wages for select wage groups,Share of total annual earnings,year,1970,NA,NA,national,United States,0,Wage group,95–99th percentiles,0.118
2026.8.14,Annual wages for select wage groups,Average real annual wage (2023$),year,1970,NA,NA,national,United States,0,Wage group,95–99th percentiles,106602.50966574714
2026.8.14,Annual wages for select wage groups,Average nominal annual wage,year,1970,NA,NA,national,United States,0,Wage group,Top 0.1%,76779.31503742345
2026.8.14,Annual wages for select wage groups,Share of total annual earnings,year,1970,NA,NA,national,United States,0,Wage group,Top 0.1%,0.01399999999999999
2026.8.14,Annual wages for select wage groups,Average real annual wage (2023$),year,1970,NA,NA,national,United States,0,Wage group,Top 0.1%,505910.21536286775
2026.8.14,Annual wages for select wage groups,Average nominal annual wage,year,1970,NA,NA,national,United States,0,Wage group,Top 1%,35647.539124518036
2026.8.14,Annual wages for select wage groups,Average real annual wage (2023$),year,1970,NA,NA,national,United States,0,Wage group,Top 1%,234886.8857041886
2026.8.14,Annual wages for select wage groups,Average nominal annual wage,year,1970,NA,NA,national,United States,0,Wage group,99.0–99.9th percentiles,31077.34180086188
2026.8.14,Annual wages for select wage groups,Share of total annual earnings,year,1970,NA,NA,national,United States,0,Wage group,99.0–99.9th percentiles,0.051
2026.8.14,Annual wages for select wage groups,Average real annual wage (2023$),year,1970,NA,NA,national,United States,0,Wage group,99.0–99.9th percentiles,204773.18240877983
2026.8.14,Annual wages for select wage groups,Average nominal annual wage,year,1971,NA,NA,national,United States,0,Wage group,Bottom 90%,4564.85040319542
2026.8.14,Annual wages for select wage groups,Share of total annual earnings,year,1971,NA,NA,national,United States,0,Wage group,Bottom 90%,0.7140000000000001
2026.8.14,Annual wages for select wage groups,Average real annual wage (2023$),year,1971,NA,NA,national,United States,0,Wage group,Bottom 90%,28848.496971866964
2026.8.14,Annual wages for select wage groups,Average nominal annual wage,year,1971,NA,NA,national,United States,0,Wage group,Top 10%,16456.477503956587
2026.8.14,Annual wages for select wage groups,Average real annual wage (2023$),year,1971,NA,NA,national,United States,0,Wage group,Top 10%,104000.04370530184
2026.8.14,Annual wages for select wage groups,Average nominal annual wage,year,1971,NA,NA,national,United States,0,Wage group,90–95th percentiles,12198.507800135656
2026.8.14,Annual wages for select wage groups,Share of total annual earnings,year,1971,NA,NA,national,United States,0,Wage group,90–95th percentiles,0.106
2026.8.14,Annual wages for select wage groups,Average real annual wage (2023$),year,1971,NA,NA,national,United States,0,Wage group,90–95th percentiles,77090.94148784615
2026.8.14,Annual wages for select wage groups,Average nominal annual wage,year,1971,NA,NA,national,United States,0,Wage group,90–99th percentiles,14193.232346069788
2026.8.14,Annual wages for select wage groups,Average real annual wage (2023$),year,1971,NA,NA,national,United States,0,Wage group,90–99th percentiles,89697.0073915191
2026.8.14,Annual wages for select wage groups,Average nominal annual wage,year,1971,NA,NA,national,United States,0,Wage group,Top 5%,20599.366945512094
2026.8.14,Annual wages for select wage groups,Average real annual wage (2023$),year,1971,NA,NA,national,United States,0,Wage group,Top 5%,130181.87288985342
2026.8.14,Annual wages for select wage groups,Average nominal annual wage,year,1971,NA,NA,national,United States,0,Wage group,95–99th percentiles,16686.638028487454
2026.8.14,Annual wages for select wage groups,Share of total annual earnings,year,1971,NA,NA,national,United States,0,Wage group,95–99th percentiles,0.116
2026.8.14,Annual wages for select wage groups,Average real annual wage (2023$),year,1971,NA,NA,national,United States,0,Wage group,95–99th percentiles,105454.5897711103
2026.8.14,Annual wages for select wage groups,Average nominal annual wage,year,1971,NA,NA,national,United States,0,Wage group,Top 0.1%,74802.17047252996
2026.8.14,Annual wages for select wage groups,Share of total annual earnings,year,1971,NA,NA,national,United States,0,Wage group,Top 0.1%,0.013
2026.8.14,Annual wages for select wage groups,Average real annual wage (2023$),year,1971,NA,NA,national,United States,0,Wage group,Top 0.1%,472727.47138773586
2026.8.14,Annual wages for select wage groups,Average nominal annual wage,year,1971,NA,NA,national,United States,0,Wage group,Top 1%,36250.28261361068
2026.8.14,Annual wages for select wage groups,Average real annual wage (2023$),year,1971,NA,NA,national,United States,0,Wage group,Top 1%,229091.00536482583
2026.8.14,Annual wages for select wage groups,Average nominal annual wage,year,1971,NA,NA,national,United States,0,Wage group,99.0–99.9th percentiles,31966.739518175207
2026.8.14,Annual wages for select wage groups,Share of total annual earnings,year,1971,NA,NA,national,United States,0,Wage group,99.0–99.9th percentiles,0.05
2026.8.14,Annual wages for select wage groups,Average real annual wage (2023$),year,1971,NA,NA,national,United States,0,Wage group,99.0–99.9th percentiles,202020.28691783588
2026.8.14,Annual wages for select wage groups,Average nominal annual wage,year,1972,NA,NA,national,United States,0,Wage group,Bottom 90%,4857.808960023386
2026.8.14,Annual wages for select wage groups,Share of total annual earnings,year,1972,NA,NA,national,United States,0,Wage group,Bottom 90%,0.708
2026.8.14,Annual wages for select wage groups,Average real annual wage (2023$),year,1972,NA,NA,national,United States,0,Wage group,Bottom 90%,29813.267985703093
2026.8.14,Annual wages for select wage groups,Average nominal annual wage,year,1972,NA,NA,national,United States,0,Wage group,Top 10%,18031.52817364613
2026.8.14,Annual wages for select wage groups,Average real annual wage (2023$),year,1972,NA,NA,national,United States,0,Wage group,Top 10%,110662.80828591489
2026.8.14,Annual wages for select wage groups,Average nominal annual wage,year,1972,NA,NA,national,United States,0,Wage group,90–95th percentiles,13214.887086165314
2026.8.14,Annual wages for select wage groups,Share of total annual earnings,year,1972,NA,NA,national,United States,0,Wage group,90–95th percentiles,0.107
2026.8.14,Annual wages for select wage groups,Average real annual wage (2023$),year,1972,NA,NA,national,United States,0,Wage group,90–95th percentiles,81102.19511364994
2026.8.14,Annual wages for select wage groups,Average nominal annual wage,year,1972,NA,NA,national,United States,0,Wage group,90–99th percentiles,15437.952203464154
2026.8.14,Annual wages for select wage groups,Average real annual wage (2023$),year,1972,NA,NA,national,United States,0,Wage group,90–99th percentiles,94745.5550393107
2026.8.14,Annual wages for select wage groups,Average nominal annual wage,year,1972,NA,NA,national,United States,0,Wage group,Top 5%,22724.665643499233
2026.8.14,Annual wages for select wage groups,Average real annual wage (2023$),year,1972,NA,NA,national,United States,0,Wage group,Top 5%,139465.45701786532
2026.8.14,Annual wages for select wage groups,Average nominal annual wage,year,1972,NA,NA,national,United States,0,Wage group,95–99th percentiles,18216.7836000877
2026.8.14,Annual wages for select wage groups,Share of total annual earnings,year,1972,NA,NA,national,United States,0,Wage group,95–99th percentiles,0.118
2026.8.14,Annual wages for select wage groups,Average real annual wage (2023$),year,1972,NA,NA,national,United States,0,Wage group,95–99th percentiles,111799.75494638662
2026.8.14,Annual wages for select wage groups,Average nominal annual wage,year,1972,NA,NA,national,United States,0,Wage group,Top 0.1%,86452.53233939924
2026.8.14,Annual wages for select wage groups,Share of total annual earnings,year,1972,NA,NA,national,United States,0,Wage group,Top 0.1%,0.01399999999999999
2026.8.14,Annual wages for select wage groups,Average real annual wage (2023$),year,1972,NA,NA,national,United States,0,Wage group,Top 0.1%,530575.1082201398
2026.8.14,Annual wages for select wage groups,Average nominal annual wage,year,1972,NA,NA,national,United States,0,Wage group,Top 1%,40756.19381714536
2026.8.14,Annual wages for select wage groups,Average real annual wage (2023$),year,1972,NA,NA,national,United States,0,Wage group,Top 1%,250128.2653037802
2026.8.14,Annual wages for select wage groups,Average nominal annual wage,year,1972,NA,NA,national,United States,0,Wage group,99.0–99.9th percentiles,35678.822870228265
2026.8.14,Annual wages for select wage groups,Share of total annual earnings,year,1972,NA,NA,national,United States,0,Wage group,99.0–99.9th percentiles,0.052
2026.8.14,Annual wages for select wage groups,Average real annual wage (2023$),year,1972,NA,NA,national,United States,0,Wage group,99.0–99.9th percentiles,218967.50497974028
2026.8.14,Annual wages for select wage groups,Average nominal annual wage,year,1973,NA,NA,national,United States,0,Wage group,Bottom 90%,5184.450786268777
2026.8.14,Annual wages for select wage groups,Share of total annual earnings,year,1973,NA,NA,national,United States,0,Wage group,Bottom 90%,0.7070000000000001
2026.8.14,Annual wages for select wage groups,Average real annual wage (2023$),year,1973,NA,NA,national,United States,0,Wage group,Bottom 90%,29876.496056464137
2026.8.14,Annual wages for select wage groups,Average nominal annual wage,year,1973,NA,NA,national,United States,0,Wage group,Top 10%,19337.19479970404
2026.8.14,Annual wages for select wage groups,Average real annual wage (2023$),year,1973,NA,NA,national,United States,0,Wage group,Top 10%,111434.68189659956
2026.8.14,Annual wages for select wage groups,Average nominal annual wage,year,1973,NA,NA,national,United States,0,Wage group,90–95th percentiles,14123.41190149033
2026.8.14,Annual wages for select wage groups,Share of total annual earnings,year,1973,NA,NA,national,United States,0,Wage group,90–95th percentiles,0.107
2026.8.14,Annual wages for select wage groups,Average real annual wage (2023$),year,1973,NA,NA,national,United States,0,Wage group,90–95th percentiles,81389.15333062224
2026.8.14,Annual wages for select wage groups,Average nominal annual wage,year,1973,NA,NA,national,United States,0,Wage group,90–99th percentiles,16499.312969030758
2026.8.14,Annual wages for select wage groups,Average real annual wage (2023$),year,1973,NA,NA,national,United States,0,Wage group,90–99th percentiles,95080.7866011942
2026.8.14,Annual wages for select wage groups,Average nominal annual wage,year,1973,NA,NA,national,United States,0,Wage group,Top 5%,24550.97769791777
2026.8.14,Annual wages for select wage groups,Average real annual wage (2023$),year,1973,NA,NA,national,United States,0,Wage group,Top 5%,141480.21046257697
2026.8.14,Annual wages for select wage groups,Average nominal annual wage,year,1973,NA,NA,national,United States,0,Wage group,95–99th percentiles,19469.189303456296
2026.8.14,Annual wages for select wage groups,Share of total annual earnings,year,1973,NA,NA,national,United States,0,Wage group,95–99th percentiles,0.118
2026.8.14,Annual wages for select wage groups,Average real annual wage (2023$),year,1973,NA,NA,national,United States,0,Wage group,95–99th percentiles,112195.32818940916
2026.8.14,Annual wages for select wage groups,Average nominal annual wage,year,1973,NA,NA,national,United States,0,Wage group,Top 0.1%,98995.87781418454
2026.8.14,Annual wages for select wage groups,Share of total annual earnings,year,1973,NA,NA,national,United States,0,Wage group,Top 0.1%,0.015
2026.8.14,Annual wages for select wage groups,Average real annual wage (2023$),year,1973,NA,NA,national,United States,0,Wage group,Top 0.1%,570484.7196071652
2026.8.14,Annual wages for select wage groups,Average nominal annual wage,year,1973,NA,NA,national,United States,0,Wage group,Top 1%,44878.13127576366
2026.8.14,Annual wages for select wage groups,Average real annual wage (2023$),year,1973,NA,NA,national,United States,0,Wage group,Top 1%,258619.73955524823
2026.8.14,Annual wages for select wage groups,Average nominal annual wage,year,1973,NA,NA,national,United States,0,Wage group,99.0–99.9th percentiles,38865.04832705023
2026.8.14,Annual wages for select wage groups,Share of total annual earnings,year,1973,NA,NA,national,United States,0,Wage group,99.0–99.9th percentiles,0.053
2026.8.14,Annual wages for select wage groups,Average real annual wage (2023$),year,1973,NA,NA,national,United States,0,Wage group,99.0–99.9th percentiles,223968.07510503524
2026.8.14,Annual wages for select wage groups,Average nominal annual wage,year,1974,NA,NA,national,United States,0,Wage group,Bottom 90%,5550.680943965068
2026.8.14,Annual wages for select wage groups,Share of total annual earnings,year,1974,NA,NA,national,United States,0,Wage group,Bottom 90%,0.705
2026.8.14,Annual wages for select wage groups,Average real annual wage (2023$),year,1974,NA,NA,national,United States,0,Wage group,Bottom 90%,29123.943224508075
2026.8.14,Annual wages for select wage groups,Average nominal annual wage,year,1974,NA,NA,national,United States,0,Wage group,Top 10%,20903.628235783348
2026.8.14,Annual wages for select wage groups,Average real annual wage (2023$),year,1974,NA,NA,national,United States,0,Wage group,Top 10%,109679.53086676449
2026.8.14,Annual wages for select wage groups,Average nominal annual wage,year,1974,NA,NA,national,United States,0,Wage group,90–95th percentiles,15022.26842707142
2026.8.14,Annual wages for select wage groups,Share of total annual earnings,year,1974,NA,NA,national,United States,0,Wage group,90–95th percentiles,0.106
2026.8.14,Annual wages for select wage groups,Average real annual wage (2023$),year,1974,NA,NA,national,United States,0,Wage group,90–95th percentiles,78820.54421611548
2026.8.14,Annual wages for select wage groups,Average nominal annual wage,year,1974,NA,NA,national,United States,0,Wage group,90–99th percentiles,17557.473056797306
2026.8.14,Annual wages for select wage groups,Average real annual wage (2023$),year,1974,NA,NA,national,United States,0,Wage group,90–99th percentiles,92122.54381652908
2026.8.14,Annual wages for select wage groups,Average nominal annual wage,year,1974,NA,NA,national,United States,0,Wage group,Top 5%,26926.707557958205
2026.8.14,Annual wages for select wage groups,Average real annual wage (2023$),year,1974,NA,NA,national,United States,0,Wage group,Top 5%,141282.1075571881
2026.8.14,Annual wages for select wage groups,Average nominal annual wage,year,1974,NA,NA,national,United States,0,Wage group,95–99th percentiles,20726.478843954672
2026.8.14,Annual wages for select wage groups,Share of total annual earnings,year,1974,NA,NA,national,United States,0,Wage group,95–99th percentiles,0.117
2026.8.14,Annual wages for select wage groups,Average real annual wage (2023$),year,1974,NA,NA,national,United States,0,Wage group,95–99th percentiles,108750.04331704612
2026.8.14,Annual wages for select wage groups,Average nominal annual wage,year,1974,NA,NA,national,United States,0,Wage group,Top 0.1%,120461.58644349726
2026.8.14,Annual wages for select wage groups,Share of total annual earnings,year,1974,NA,NA,national,United States,0,Wage group,Top 0.1%,0.017
2026.8.14,Annual wages for select wage groups,Average real annual wage (2023$),year,1974,NA,NA,national,United States,0,Wage group,Top 0.1%,632051.5338084733
2026.8.14,Annual wages for select wage groups,Average nominal annual wage,year,1974,NA,NA,national,United States,0,Wage group,Top 1%,51727.622413972334
2026.8.14,Annual wages for select wage groups,Average real annual wage (2023$),year,1974,NA,NA,national,United States,0,Wage group,Top 1%,271410.3645177561
2026.8.14,Annual wages for select wage groups,Average nominal annual wage,year,1974,NA,NA,national,United States,0,Wage group,99.0–99.9th percentiles,44090.51529958069
2026.8.14,Annual wages for select wage groups,Share of total annual earnings,year,1974,NA,NA,national,United States,0,Wage group,99.0–99.9th percentiles,0.05599999999999999
2026.8.14,Annual wages for select wage groups,Average real annual wage (2023$),year,1974,NA,NA,national,United States,0,Wage group,99.0–99.9th percentiles,231339.12348545427
2026.8.14,Annual wages for select wage groups,Average nominal annual wage,year,1975,NA,NA,national,United States,0,Wage group,Bottom 90%,5869.603090972954
2026.8.14,Annual wages for select wage groups,Share of total annual earnings,year,1975,NA,NA,national,United States,0,Wage group,Bottom 90%,0.6990000000000001
2026.8.14,Annual wages for select wage groups,Average real annual wage (2023$),year,1975,NA,NA,national,United States,0,Wage group,Bottom 90%,28428.27707878639
2026.8.14,Annual wages for select wage groups,Average nominal annual wage,year,1975,NA,NA,national,United States,0,Wage group,Top 10%,22747.860906217065
2026.8.14,Annual wages for select wage groups,Average real annual wage (2023$),year,1975,NA,NA,national,United States,0,Wage group,Top 10%,110174.824901906
2026.8.14,Annual wages for select wage groups,Average nominal annual wage,year,1975,NA,NA,national,United States,0,Wage group,90–95th percentiles,16021.749209694412
2026.8.14,Annual wages for select wage groups,Share of total annual earnings,year,1975,NA,NA,national,United States,0,Wage group,90–95th percentiles,0.106
2026.8.14,Annual wages for select wage groups,Average real annual wage (2023$),year,1975,NA,NA,national,United States,0,Wage group,90–95th percentiles,77598.2155455285
2026.8.14,Annual wages for select wage groups,Average nominal annual wage,year,1975,NA,NA,national,United States,0,Wage group,90–99th percentiles,18893.572181243413
2026.8.14,Annual wages for select wage groups,Average real annual wage (2023$),year,1975,NA,NA,national,United States,0,Wage group,90–99th percentiles,91507.32965274587
2026.8.14,Annual wages for select wage groups,Average nominal annual wage,year,1975,NA,NA,national,United States,0,Wage group,Top 5%,29473.97260273973
2026.8.14,Annual wages for select wage groups,Average real annual wage (2023$),year,1975,NA,NA,national,United States,0,Wage group,Top 5%,142751.43425828358
2026.8.14,Annual wages for select wage groups,Average nominal annual wage,year,1975,NA,NA,national,United States,0,Wage group,95–99th percentiles,22483.350895679665
2026.8.14,Annual wages for select wage groups,Share of total annual earnings,year,1975,NA,NA,national,United States,0,Wage group,95–99th percentiles,0.119
2026.8.14,Annual wages for select wage groups,Average real annual wage (2023$),year,1975,NA,NA,national,United States,0,Wage group,95–99th percentiles,108893.7222867676
2026.8.14,Annual wages for select wage groups,Average nominal annual wage,year,1975,NA,NA,national,United States,0,Wage group,Top 0.1%,136033.7197049526
2026.8.14,Annual wages for select wage groups,Share of total annual earnings,year,1975,NA,NA,national,United States,0,Wage group,Top 0.1%,0.018
2026.8.14,Annual wages for select wage groups,Average real annual wage (2023$),year,1975,NA,NA,national,United States,0,Wage group,Top 0.1%,658852.7734997704
2026.8.14,Annual wages for select wage groups,Average nominal annual wage,year,1975,NA,NA,national,United States,0,Wage group,Top 1%,57436.45943097997
2026.8.14,Annual wages for select wage groups,Average real annual wage (2023$),year,1975,NA,NA,national,United States,0,Wage group,Top 1%,278182.28214434744
2026.8.14,Annual wages for select wage groups,Average nominal annual wage,year,1975,NA,NA,national,United States,0,Wage group,99.0–99.9th percentiles,48703.43051164969
2026.8.14,Annual wages for select wage groups,Share of total annual earnings,year,1975,NA,NA,national,United States,0,Wage group,99.0–99.9th percentiles,0.05799999999999999
2026.8.14,Annual wages for select wage groups,Average real annual wage (2023$),year,1975,NA,NA,national,United States,0,Wage group,99.0–99.9th percentiles,235885.5608826338
2026.8.14,Annual wages for select wage groups,Average nominal annual wage,year,1976,NA,NA,national,United States,0,Wage group,Bottom 90%,6386.199961145964
2026.8.14,Annual wages for select wage groups,Share of total annual earnings,year,1976,NA,NA,national,United States,0,Wage group,Bottom 90%,0.701
2026.8.14,Annual wages for select wage groups,Average real annual wage (2023$),year,1976,NA,NA,national,United States,0,Wage group,Bottom 90%,29262.910873175577
2026.8.14,Annual wages for select wage groups,Average nominal annual wage,year,1976,NA,NA,national,United States,0,Wage group,Top 10%,24515.35534300113
2026.8.14,Annual wages for select wage groups,Average real annual wage (2023$),year,1976,NA,NA,national,United States,0,Wage group,Top 10%,112334.51235337446
2026.8.14,Annual wages for select wage groups,Average nominal annual wage,year,1976,NA,NA,national,United States,0,Wage group,90–95th percentiles,17546.107168569368
2026.8.14,Annual wages for select wage groups,Share of total annual earnings,year,1976,NA,NA,national,United States,0,Wage group,90–95th percentiles,0.107
2026.8.14,Annual wages for select wage groups,Average real annual wage (2023$),year,1976,NA,NA,national,United States,0,Wage group,90–95th percentiles,80399.95198535829
2026.8.14,Annual wages for select wage groups,Average nominal annual wage,year,1976,NA,NA,national,United States,0,Wage group,90–99th percentiles,20588.89003165461
2026.8.14,Annual wages for select wage groups,Average real annual wage (2023$),year,1976,NA,NA,national,United States,0,Wage group,90–99th percentiles,94342.6227865575
2026.8.14,Annual wages for select wage groups,Average nominal annual wage,year,1976,NA,NA,national,United States,0,Wage group,Top 5%,31484.603517432883
2026.8.14,Annual wages for select wage groups,Average real annual wage (2023$),year,1976,NA,NA,national,United States,0,Wage group,Top 5%,144269.07272139058
2026.8.14,Annual wages for select wage groups,Average nominal annual wage,year,1976,NA,NA,national,United States,0,Wage group,95–99th percentiles,24392.368610511156
2026.8.14,Annual wages for select wage groups,Share of total annual earnings,year,1976,NA,NA,national,United States,0,Wage group,95–99th percentiles,0.119
2026.8.14,Annual wages for select wage groups,Average real annual wage (2023$),year,1976,NA,NA,national,United States,0,Wage group,95–99th percentiles,111770.96128805653
2026.8.14,Annual wages for select wage groups,Average nominal annual wage,year,1976,NA,NA,national,United States,0,Wage group,Top 0.1%,139384.96348863517
2026.8.14,Annual wages for select wage groups,Share of total annual earnings,year,1976,NA,NA,national,United States,0,Wage group,Top 0.1%,0.017
2026.8.14,Annual wages for select wage groups,Average real annual wage (2023$),year,1976,NA,NA,national,United States,0,Wage group,Top 0.1%,638691.2073603229
2026.8.14,Annual wages for select wage groups,Average nominal annual wage,year,1976,NA,NA,national,United States,0,Wage group,Top 1%,59853.54314511981
2026.8.14,Annual wages for select wage groups,Average real annual wage (2023$),year,1976,NA,NA,national,United States,0,Wage group,Top 1%,274261.5184547269
2026.8.14,Annual wages for select wage groups,Average nominal annual wage,year,1976,NA,NA,national,United States,0,Wage group,99.0–99.9th percentiles,51016.718662506995
2026.8.14,Annual wages for select wage groups,Share of total annual earnings,year,1976,NA,NA,national,United States,0,Wage group,99.0–99.9th percentiles,0.05599999999999999
2026.8.14,Annual wages for select wage groups,Average real annual wage (2023$),year,1976,NA,NA,national,United States,0,Wage group,99.0–99.9th percentiles,233769.3307985496
2026.8.14,Annual wages for select wage groups,Average nominal annual wage,year,1977,NA,NA,national,United States,0,Wage group,Bottom 90%,6780.725623582767
2026.8.14,Annual wages for select wage groups,Share of total annual earnings,year,1977,NA,NA,national,United States,0,Wage group,Bottom 90%,0.6970000000000001
2026.8.14,Annual wages for select wage groups,Average real annual wage (2023$),year,1977,NA,NA,national,United States,0,Wage group,Bottom 90%,29182.869772381528
2026.8.14,Annual wages for select wage groups,Average nominal annual wage,year,1977,NA,NA,national,United States,0,Wage group,Top 10%,26529.46739671478
2026.8.14,Annual wages for select wage groups,Average real annual wage (2023$),year,1977,NA,NA,national,United States,0,Wage group,Top 10%,114177.45461877246
2026.8.14,Annual wages for select wage groups,Average nominal annual wage,year,1977,NA,NA,national,United States,0,Wage group,90–95th percentiles,18912.095569935293
2026.8.14,Annual wages for select wage groups,Share of total annual earnings,year,1977,NA,NA,national,United States,0,Wage group,90–95th percentiles,0.108
2026.8.14,Annual wages for select wage groups,Average real annual wage (2023$),year,1977,NA,NA,national,United States,0,Wage group,90–95th percentiles,81393.82903516456
2026.8.14,Annual wages for select wage groups,Average nominal annual wage,year,1977,NA,NA,national,United States,0,Wage group,90–99th percentiles,22180.852828936455
2026.8.14,Annual wages for select wage groups,Average real annual wage (2023$),year,1977,NA,NA,national,United States,0,Wage group,90–99th percentiles,95461.89825111892
2026.8.14,Annual wages for select wage groups,Average nominal annual wage,year,1977,NA,NA,national,United States,0,Wage group,Top 5%,34497.06321553011
2026.8.14,Annual wages for select wage groups,Average real annual wage (2023$),year,1977,NA,NA,national,United States,0,Wage group,Top 5%,148468.37333266123
2026.8.14,Annual wages for select wage groups,Average nominal annual wage,year,1977,NA,NA,national,United States,0,Wage group,95–99th percentiles,26266.799402687902
2026.8.14,Annual wages for select wage groups,Share of total annual earnings,year,1977,NA,NA,national,United States,0,Wage group,95–99th percentiles,0.12
2026.8.14,Annual wages for select wage groups,Average real annual wage (2023$),year,1977,NA,NA,national,United States,0,Wage group,95–99th percentiles,113046.98477106183
2026.8.14,Annual wages for select wage groups,Average nominal annual wage,year,1977,NA,NA,national,United States,0,Wage group,Top 0.1%,166356.3962170234
2026.8.14,Annual wages for select wage groups,Share of total annual earnings,year,1977,NA,NA,national,United States,0,Wage group,Top 0.1%,0.019
2026.8.14,Annual wages for select wage groups,Average real annual wage (2023$),year,1977,NA,NA,national,United States,0,Wage group,Top 0.1%,715964.2368833919
2026.8.14,Annual wages for select wage groups,Average nominal annual wage,year,1977,NA,NA,national,United States,0,Wage group,Top 1%,67418.11846689896
2026.8.14,Annual wages for select wage groups,Average real annual wage (2023$),year,1977,NA,NA,national,United States,0,Wage group,Top 1%,290153.9275790588
2026.8.14,Annual wages for select wage groups,Average nominal annual wage,year,1977,NA,NA,national,United States,0,Wage group,99.0–99.9th percentiles,56424.97649466291
2026.8.14,Annual wages for select wage groups,Share of total annual earnings,year,1977,NA,NA,national,United States,0,Wage group,99.0–99.9th percentiles,0.05799999999999999
2026.8.14,Annual wages for select wage groups,Average real annual wage (2023$),year,1977,NA,NA,national,United States,0,Wage group,99.0–99.9th percentiles,242841.6709896885
2026.8.14,Annual wages for select wage groups,Average nominal annual wage,year,1978,NA,NA,national,United States,0,Wage group,Bottom 90%,7349.135472654223
2026.8.14,Annual wages for select wage groups,Share of total annual earnings,year,1978,NA,NA,national,United States,0,Wage group,Bottom 90%,0.6940000000000001
2026.8.14,Annual wages for select wage groups,Average real annual wage (2023$),year,1978,NA,NA,national,United States,0,Wage group,Bottom 90%,29605.522046237387
2026.8.14,Annual wages for select wage groups,Average nominal annual wage,year,1978,NA,NA,national,United States,0,Wage group,Top 10%,29163.572178227267
2026.8.14,Annual wages for select wage groups,Average real annual wage (2023$),year,1978,NA,NA,national,United States,0,Wage group,Top 10%,117483.58460423304
2026.8.14,Annual wages for select wage groups,Average nominal annual wage,year,1978,NA,NA,national,United States,0,Wage group,90–95th percentiles,20586.050949336903
2026.8.14,Annual wages for select wage groups,Share of total annual earnings,year,1978,NA,NA,national,United States,0,Wage group,90–95th percentiles,0.108
2026.8.14,Annual wages for select wage groups,Average real annual wage (2023$),year,1978,NA,NA,national,United States,0,Wage group,90–95th percentiles,82929.58913239984
2026.8.14,Annual wages for select wage groups,Average nominal annual wage,year,1978,NA,NA,national,United States,0,Wage group,90–99th percentiles,24567.715124723047
2026.8.14,Annual wages for select wage groups,Average real annual wage (2023$),year,1978,NA,NA,national,United States,0,Wage group,90–99th percentiles,98969.46851191748
2026.8.14,Annual wages for select wage groups,Average nominal annual wage,year,1978,NA,NA,national,United States,0,Wage group,Top 5%,37741.093407117645
2026.8.14,Annual wages for select wage groups,Average real annual wage (2023$),year,1978,NA,NA,national,United States,0,Wage group,Top 5%,152037.58007606634
2026.8.14,Annual wages for select wage groups,Average nominal annual wage,year,1978,NA,NA,national,United States,0,Wage group,95–99th percentiles,29544.795343955735
2026.8.14,Annual wages for select wage groups,Share of total annual earnings,year,1978,NA,NA,national,United States,0,Wage group,95–99th percentiles,0.124
2026.8.14,Annual wages for select wage groups,Average real annual wage (2023$),year,1978,NA,NA,national,United States,0,Wage group,95–99th percentiles,119019.31773631457
2026.8.14,Annual wages for select wage groups,Average nominal annual wage,year,1978,NA,NA,national,United States,0,Wage group,Top 0.1%,152489.26629138444
2026.8.14,Annual wages for select wage groups,Share of total annual earnings,year,1978,NA,NA,national,United States,0,Wage group,Top 0.1%,0.016
2026.8.14,Annual wages for select wage groups,Average real annual wage (2023$),year,1978,NA,NA,national,United States,0,Wage group,Top 0.1%,614293.2528325913
2026.8.14,Annual wages for select wage groups,Average nominal annual wage,year,1978,NA,NA,national,United States,0,Wage group,Top 1%,70526.28565976529
2026.8.14,Annual wages for select wage groups,Average real annual wage (2023$),year,1978,NA,NA,national,United States,0,Wage group,Top 1%,284110.6294350734
2026.8.14,Annual wages for select wage groups,Average nominal annual wage,year,1978,NA,NA,national,United States,0,Wage group,99.0–99.9th percentiles,61419.287811807626
2026.8.14,Annual wages for select wage groups,Share of total annual earnings,year,1978,NA,NA,national,United States,0,Wage group,99.0–99.9th percentiles,0.05799999999999999
2026.8.14,Annual wages for select wage groups,Average real annual wage (2023$),year,1978,NA,NA,national,United States,0,Wage group,99.0–99.9th percentiles,247423.67127979372
2026.8.14,Annual wages for select wage groups,Average nominal annual wage,year,1979,NA,NA,national,United States,0,Wage group,Bottom 90%,8140.0685999376365
2026.8.14,Annual wages for select wage groups,Share of total annual earnings,year,1979,NA,NA,national,United States,0,Wage group,Bottom 90%,0.698
2026.8.14,Annual wages for select wage groups,Average real annual wage (2023$),year,1979,NA,NA,national,United States,0,Wage group,Bottom 90%,29952.633376393896
2026.8.14,Annual wages for select wage groups,Average nominal annual wage,year,1979,NA,NA,national,United States,0,Wage group,Top 10%,31697.28718428439
2026.8.14,Annual wages for select wage groups,Average real annual wage (2023$),year,1979,NA,NA,national,United States,0,Wage group,Top 10%,116635.03942269148
2026.8.14,Annual wages for select wage groups,Average nominal annual wage,year,1979,NA,NA,national,United States,0,Wage group,90–95th percentiles,22670.9073900842
2026.8.14,Annual wages for select wage groups,Share of total annual earnings,year,1979,NA,NA,national,United States,0,Wage group,90–95th percentiles,0.108
2026.8.14,Annual wages for select wage groups,Average real annual wage (2023$),year,1979,NA,NA,national,United States,0,Wage group,90–95th percentiles,83421.0877990111
2026.8.14,Annual wages for select wage groups,Average nominal annual wage,year,1979,NA,NA,national,United States,0,Wage group,90–99th percentiles,26705.95572185844
2026.8.14,Annual wages for select wage groups,Average real annual wage (2023$),year,1979,NA,NA,national,United States,0,Wage group,90–99th percentiles,98268.66824060465
2026.8.14,Annual wages for select wage groups,Average nominal annual wage,year,1979,NA,NA,national,United States,0,Wage group,Top 5%,40723.66697848457
2026.8.14,Annual wages for select wage groups,Average real annual wage (2023$),year,1979,NA,NA,national,United States,0,Wage group,Top 5%,149848.99104637178
2026.8.14,Annual wages for select wage groups,Average nominal annual wage,year,1979,NA,NA,national,United States,0,Wage group,95–99th percentiles,31749.766136576243
2026.8.14,Annual wages for select wage groups,Share of total annual earnings,year,1979,NA,NA,national,United States,0,Wage group,95–99th percentiles,0.121
2026.8.14,Annual wages for select wage groups,Average real annual wage (2023$),year,1979,NA,NA,national,United States,0,Wage group,95–99th percentiles,116828.14379259656
2026.8.14,Annual wages for select wage groups,Average nominal annual wage,year,1979,NA,NA,national,United States,0,Wage group,Top 0.1%,167932.647333957
2026.8.14,Annual wages for select wage groups,Share of total annual earnings,year,1979,NA,NA,national,United States,0,Wage group,Top 0.1%,0.016
2026.8.14,Annual wages for select wage groups,Average real annual wage (2023$),year,1979,NA,NA,national,United States,0,Wage group,Top 0.1%,617933.9836963785
2026.8.14,Annual wages for select wage groups,Average nominal annual wage,year,1979,NA,NA,national,United States,0,Wage group,Top 1%,76619.27034611789
2026.8.14,Annual wages for select wage groups,Average real annual wage (2023$),year,1979,NA,NA,national,United States,0,Wage group,Top 1%,281932.3800614727
2026.8.14,Annual wages for select wage groups,Average nominal annual wage,year,1979,NA,NA,national,United States,0,Wage group,99.0–99.9th percentiles,66473.33956969132
2026.8.14,Annual wages for select wage groups,Share of total annual earnings,year,1979,NA,NA,national,United States,0,Wage group,99.0–99.9th percentiles,0.057
2026.8.14,Annual wages for select wage groups,Average real annual wage (2023$),year,1979,NA,NA,national,United States,0,Wage group,99.0–99.9th percentiles,244598.8685464832
2026.8.14,Annual wages for select wage groups,Average nominal annual wage,year,1980,NA,NA,national,United States,0,Wage group,Bottom 90%,8842.070895522387
2026.8.14,Annual wages for select wage groups,Share of total annual earnings,year,1980,NA,NA,national,United States,0,Wage group,Bottom 90%,0.693
2026.8.14,Annual wages for select wage groups,Average real annual wage (2023$),year,1980,NA,NA,national,United States,0,Wage group,Bottom 90%,29301.209595298358
2026.8.14,Annual wages for select wage groups,Average nominal annual wage,year,1980,NA,NA,national,United States,0,Wage group,Top 10%,35253.45149253732
2026.8.14,Annual wages for select wage groups,Average real annual wage (2023$),year,1980,NA,NA,national,United States,0,Wage group,Top 10%,116824.30319164415
2026.8.14,Annual wages for select wage groups,Average nominal annual wage,year,1980,NA,NA,national,United States,0,Wage group,90–95th percentiles,24803.731343283587
2026.8.14,Annual wages for select wage groups,Share of total annual earnings,year,1980,NA,NA,national,United States,0,Wage group,90–95th percentiles,0.108
2026.8.14,Annual wages for select wage groups,Average real annual wage (2023$),year,1980,NA,NA,national,United States,0,Wage group,90–95th percentiles,82195.60094265516
2026.8.14,Annual wages for select wage groups,Average nominal annual wage,year,1980,NA,NA,national,United States,0,Wage group,90–99th percentiles,29345.978441127696
2026.8.14,Annual wages for select wage groups,Average real annual wage (2023$),year,1980,NA,NA,national,United States,0,Wage group,90–99th percentiles,97247.88177371753
2026.8.14,Annual wages for select wage groups,Average nominal annual wage,year,1980,NA,NA,national,United States,0,Wage group,Top 5%,45703.17164179105
2026.8.14,Annual wages for select wage groups,Average real annual wage (2023$),year,1980,NA,NA,national,United States,0,Wage group,Top 5%,151453.0054406331
2026.8.14,Annual wages for select wage groups,Average nominal annual wage,year,1980,NA,NA,national,United States,0,Wage group,95–99th percentiles,35023.78731343284
2026.8.14,Annual wages for select wage groups,Share of total annual earnings,year,1980,NA,NA,national,United States,0,Wage group,95–99th percentiles,0.122
2026.8.14,Annual wages for select wage groups,Average real annual wage (2023$),year,1980,NA,NA,national,United States,0,Wage group,95–99th percentiles,116063.23281254548
2026.8.14,Annual wages for select wage groups,Average nominal annual wage,year,1980,NA,NA,national,United States,0,Wage group,Top 0.1%,206697.7611940299
2026.8.14,Annual wages for select wage groups,Share of total annual earnings,year,1980,NA,NA,national,United States,0,Wage group,Top 0.1%,0.018
2026.8.14,Annual wages for select wage groups,Average real annual wage (2023$),year,1980,NA,NA,national,United States,0,Wage group,Top 0.1%,684963.3411887931
2026.8.14,Annual wages for select wage groups,Average nominal annual wage,year,1980,NA,NA,national,United States,0,Wage group,Top 1%,88420.7089552239
2026.8.14,Annual wages for select wage groups,Average real annual wage (2023$),year,1980,NA,NA,national,United States,0,Wage group,Top 1%,293012.0959529837
2026.8.14,Annual wages for select wage groups,Average nominal annual wage,year,1980,NA,NA,national,United States,0,Wage group,99.0–99.9th percentiles,75278.81426202324
2026.8.14,Annual wages for select wage groups,Share of total annual earnings,year,1980,NA,NA,national,United States,0,Wage group,99.0–99.9th percentiles,0.059
2026.8.14,Annual wages for select wage groups,Average real annual wage (2023$),year,1980,NA,NA,national,United States,0,Wage group,99.0–99.9th percentiles,249461.95759344933
2026.8.14,Annual wages for select wage groups,Average nominal annual wage,year,1981,NA,NA,national,United States,0,Wage group,Bottom 90%,9688.143315729523
2026.8.14,Annual wages for select wage groups,Share of total annual earnings,year,1981,NA,NA,national,United States,0,Wage group,Bottom 90%,0.6920000000000001
2026.8.14,Annual wages for select wage groups,Average real annual wage (2023$),year,1981,NA,NA,national,United States,0,Wage group,Bottom 90%,29305.77159562311
2026.8.14,Annual wages for select wage groups,Average nominal annual wage,year,1981,NA,NA,national,United States,0,Wage group,Top 10%,38808.57409133271
2026.8.14,Annual wages for select wage groups,Average real annual wage (2023$),year,1981,NA,NA,national,United States,0,Wage group,Top 10%,117392.48390616654
2026.8.14,Annual wages for select wage groups,Average nominal annual wage,year,1981,NA,NA,national,United States,0,Wage group,90–95th percentiles,27216.402609506065
2026.8.14,Annual wages for select wage groups,Share of total annual earnings,year,1981,NA,NA,national,United States,0,Wage group,90–95th percentiles,0.108
2026.8.14,Annual wages for select wage groups,Average real annual wage (2023$),year,1981,NA,NA,national,United States,0,Wage group,90–95th percentiles,82327.19650562332
2026.8.14,Annual wages for select wage groups,Average nominal annual wage,year,1981,NA,NA,national,United States,0,Wage group,90–99th percentiles,32340.47840944393
2026.8.14,Annual wages for select wage groups,Average real annual wage (2023$),year,1981,NA,NA,national,United States,0,Wage group,90–99th percentiles,97827.06992180548
2026.8.14,Annual wages for select wage groups,Average nominal annual wage,year,1981,NA,NA,national,United States,0,Wage group,Top 5%,50400.74557315937
2026.8.14,Annual wages for select wage groups,Average real annual wage (2023$),year,1981,NA,NA,national,United States,0,Wage group,Top 5%,152457.77130670982
2026.8.14,Annual wages for select wage groups,Average nominal annual wage,year,1981,NA,NA,national,United States,0,Wage group,95–99th percentiles,38745.57315936627
2026.8.14,Annual wages for select wage groups,Share of total annual earnings,year,1981,NA,NA,national,United States,0,Wage group,95–99th percentiles,0.123
2026.8.14,Annual wages for select wage groups,Average real annual wage (2023$),year,1981,NA,NA,national,United States,0,Wage group,95–99th percentiles,117201.9116920332
2026.8.14,Annual wages for select wage groups,Average nominal annual wage,year,1981,NA,NA,national,United States,0,Wage group,Top 0.1%,226803.35507921717
2026.8.14,Annual wages for select wage groups,Share of total annual earnings,year,1981,NA,NA,national,United States,0,Wage group,Top 0.1%,0.018
2026.8.14,Annual wages for select wage groups,Average real annual wage (2023$),year,1981,NA,NA,national,United States,0,Wage group,Top 0.1%,686059.9708801942
2026.8.14,Annual wages for select wage groups,Average nominal annual wage,year,1981,NA,NA,national,United States,0,Wage group,Top 1%,97021.4352283318
2026.8.14,Annual wages for select wage groups,Average real annual wage (2023$),year,1981,NA,NA,national,United States,0,Wage group,Top 1%,293481.2097654164
2026.8.14,Annual wages for select wage groups,Average nominal annual wage,year,1981,NA,NA,national,United States,0,Wage group,99.0–99.9th percentiles,82601.22191156675
2026.8.14,Annual wages for select wage groups,Share of total annual earnings,year,1981,NA,NA,national,United States,0,Wage group,99.0–99.9th percentiles,0.059
2026.8.14,Annual wages for select wage groups,Average real annual wage (2023$),year,1981,NA,NA,national,United States,0,Wage group,99.0–99.9th percentiles,249861.34741933
2026.8.14,Annual wages for select wage groups,Average nominal annual wage,year,1982,NA,NA,national,United States,0,Wage group,Bottom 90%,10186.01134215501
2026.8.14,Annual wages for select wage groups,Share of total annual earnings,year,1982,NA,NA,national,United States,0,Wage group,Bottom 90%,0.684
2026.8.14,Annual wages for select wage groups,Average real annual wage (2023$),year,1982,NA,NA,national,United States,0,Wage group,Bottom 90%,29054.05919742201
2026.8.14,Annual wages for select wage groups,Average nominal annual wage,year,1982,NA,NA,national,United States,0,Wage group,Top 10%,42352.3629489603
2026.8.14,Annual wages for select wage groups,Average real annual wage (2023$),year,1982,NA,NA,national,United States,0,Wage group,Top 10%,120803.7198208599
2026.8.14,Annual wages for select wage groups,Average nominal annual wage,year,1982,NA,NA,national,United States,0,Wage group,90–95th percentiles,29217.769376181473
2026.8.14,Annual wages for select wage groups,Share of total annual earnings,year,1982,NA,NA,national,United States,0,Wage group,90–95th percentiles,0.109
2026.8.14,Annual wages for select wage groups,Average real annual wage (2023$),year,1982,NA,NA,national,United States,0,Wage group,90–95th percentiles,83339.27506628944
2026.8.14,Annual wages for select wage groups,Average nominal annual wage,year,1982,NA,NA,national,United States,0,Wage group,90–99th percentiles,34995.79920184835
2026.8.14,Annual wages for select wage groups,Average real annual wage (2023$),year,1982,NA,NA,national,United States,0,Wage group,90–99th percentiles,99820.2326227218
2026.8.14,Annual wages for select wage groups,Average nominal annual wage,year,1982,NA,NA,national,United States,0,Wage group,Top 5%,55755.009451795835
2026.8.14,Annual wages for select wage groups,Average real annual wage (2023$),year,1982,NA,NA,national,United States,0,Wage group,Top 5%,159032.7450806257
2026.8.14,Annual wages for select wage groups,Average nominal annual wage,year,1982,NA,NA,national,United States,0,Wage group,95–99th percentiles,42218.33648393195
2026.8.14,Annual wages for select wage groups,Share of total annual earnings,year,1982,NA,NA,national,United States,0,Wage group,95–99th percentiles,0.126
2026.8.14,Annual wages for select wage groups,Average real annual wage (2023$),year,1982,NA,NA,national,United States,0,Wage group,95–99th percentiles,120421.42956826228
2026.8.14,Annual wages for select wage groups,Average nominal annual wage,year,1982,NA,NA,national,United States,0,Wage group,Top 0.1%,268052.9300567108
2026.8.14,Annual wages for select wage groups,Share of total annual earnings,year,1982,NA,NA,national,United States,0,Wage group,Top 0.1%,0.02
2026.8.14,Annual wages for select wage groups,Average real annual wage (2023$),year,1982,NA,NA,national,United States,0,Wage group,Top 0.1%,764580.5051953159
2026.8.14,Annual wages for select wage groups,Average nominal annual wage,year,1982,NA,NA,national,United States,0,Wage group,Top 1%,109901.70132325144
2026.8.14,Annual wages for select wage groups,Average real annual wage (2023$),year,1982,NA,NA,national,United States,0,Wage group,Top 1%,313478.0071300796
2026.8.14,Annual wages for select wage groups,Average nominal annual wage,year,1982,NA,NA,national,United States,0,Wage group,99.0–99.9th percentiles,92329.34257508928
2026.8.14,Annual wages for select wage groups,Share of total annual earnings,year,1982,NA,NA,national,United States,0,Wage group,99.0–99.9th percentiles,0.062
2026.8.14,Annual wages for select wage groups,Average real annual wage (2023$),year,1982,NA,NA,national,United States,0,Wage group,99.0–99.9th percentiles,263355.5073450533
2026.8.14,Annual wages for select wage groups,Average nominal annual wage,year,1983,NA,NA,national,United States,0,Wage group,Bottom 90%,10716.189277095791
2026.8.14,Annual wages for select wage groups,Share of total annual earnings,year,1983,NA,NA,national,United States,0,Wage group,Bottom 90%,0.68
2026.8.14,Annual wages for select wage groups,Average real annual wage (2023$),year,1983,NA,NA,national,United States,0,Wage group,Bottom 90%,29335.783850342745
2026.8.14,Annual wages for select wage groups,Average nominal annual wage,year,1983,NA,NA,national,United States,0,Wage group,Top 10%,45386.21340887628
2026.8.14,Annual wages for select wage groups,Average real annual wage (2023$),year,1983,NA,NA,national,United States,0,Wage group,Top 10%,124245.6727779222
2026.8.14,Annual wages for select wage groups,Average nominal annual wage,year,1983,NA,NA,national,United States,0,Wage group,90–95th percentiles,31203.02171860245
2026.8.14,Annual wages for select wage groups,Share of total annual earnings,year,1983,NA,NA,national,United States,0,Wage group,90–95th percentiles,0.11
2026.8.14,Annual wages for select wage groups,Average real annual wage (2023$),year,1983,NA,NA,national,United States,0,Wage group,90–95th percentiles,85418.90003482152
2026.8.14,Annual wages for select wage groups,Average nominal annual wage,year,1983,NA,NA,national,United States,0,Wage group,90–99th percentiles,37349.07145105444
2026.8.14,Annual wages for select wage groups,Average real annual wage (2023$),year,1983,NA,NA,national,United States,0,Wage group,90–99th percentiles,102243.83489016516
2026.8.14,Annual wages for select wage groups,Average nominal annual wage,year,1983,NA,NA,national,United States,0,Wage group,Top 5%,59853.0689329556
2026.8.14,Annual wages for select wage groups,Average real annual wage (2023$),year,1983,NA,NA,national,United States,0,Wage group,Top 5%,163848.98097588492
2026.8.14,Annual wages for select wage groups,Average nominal annual wage,year,1983,NA,NA,national,United States,0,Wage group,95–99th percentiles,45031.633616619445
2026.8.14,Annual wages for select wage groups,Share of total annual earnings,year,1983,NA,NA,national,United States,0,Wage group,95–99th percentiles,0.127
2026.8.14,Annual wages for select wage groups,Average real annual wage (2023$),year,1983,NA,NA,national,United States,0,Wage group,95–99th percentiles,123275.00345934468
2026.8.14,Annual wages for select wage groups,Average nominal annual wage,year,1983,NA,NA,national,United States,0,Wage group,Top 0.1%,297847.02549575065
2026.8.14,Annual wages for select wage groups,Share of total annual earnings,year,1983,NA,NA,national,United States,0,Wage group,Top 0.1%,0.021
2026.8.14,Annual wages for select wage groups,Average real annual wage (2023$),year,1983,NA,NA,national,United States,0,Wage group,Top 0.1%,815362.2276051146
2026.8.14,Annual wages for select wage groups,Average nominal annual wage,year,1983,NA,NA,national,United States,0,Wage group,Top 1%,119138.81019830029
2026.8.14,Annual wages for select wage groups,Average real annual wage (2023$),year,1983,NA,NA,national,United States,0,Wage group,Top 1%,326144.89104204584
2026.8.14,Annual wages for select wage groups,Average nominal annual wage,year,1983,NA,NA,national,United States,0,Wage group,99.0–99.9th percentiles,99282.3418319169
2026.8.14,Annual wages for select wage groups,Share of total annual earnings,year,1983,NA,NA,national,United States,0,Wage group,99.0–99.9th percentiles,0.063
2026.8.14,Annual wages for select wage groups,Average real annual wage (2023$),year,1983,NA,NA,national,United States,0,Wage group,99.0–99.9th percentiles,271787.4092017049
2026.8.14,Annual wages for select wage groups,Average nominal annual wage,year,1984,NA,NA,national,United States,0,Wage group,Bottom 90%,11440.759276109597
2026.8.14,Annual wages for select wage groups,Share of total annual earnings,year,1984,NA,NA,national,United States,0,Wage group,Bottom 90%,0.677
2026.8.14,Annual wages for select wage groups,Average real annual wage (2023$),year,1984,NA,NA,national,United States,0,Wage group,Bottom 90%,30060.727618835102
2026.8.14,Annual wages for select wage groups,Average nominal annual wage,year,1984,NA,NA,national,United States,0,Wage group,Top 10%,49125.97816196541
2026.8.14,Annual wages for select wage groups,Average real annual wage (2023$),year,1984,NA,NA,national,United States,0,Wage group,Top 10%,129079.07708708067
2026.8.14,Annual wages for select wage groups,Average nominal annual wage,year,1984,NA,NA,national,United States,0,Wage group,90–95th percentiles,33156.232939035486
2026.8.14,Annual wages for select wage groups,Share of total annual earnings,year,1984,NA,NA,national,United States,0,Wage group,90–95th percentiles,0.109
2026.8.14,Annual wages for select wage groups,Average real annual wage (2023$),year,1984,NA,NA,national,United States,0,Wage group,90–95th percentiles,87118.38639313806
2026.8.14,Annual wages for select wage groups,Average nominal annual wage,year,1984,NA,NA,national,United States,0,Wage group,90–99th percentiles,39882.11505408957
2026.8.14,Annual wages for select wage groups,Average real annual wage (2023$),year,1984,NA,NA,national,United States,0,Wage group,90–99th percentiles,104790.71961661863
2026.8.14,Annual wages for select wage groups,Average nominal annual wage,year,1984,NA,NA,national,United States,0,Wage group,Top 5%,65095.72338489536
2026.8.14,Annual wages for select wage groups,Average real annual wage (2023$),year,1984,NA,NA,national,United States,0,Wage group,Top 5%,171039.76778102334
2026.8.14,Annual wages for select wage groups,Average nominal annual wage,year,1984,NA,NA,national,United States,0,Wage group,95–99th percentiles,48289.46769790718
2026.8.14,Annual wages for select wage groups,Share of total annual earnings,year,1984,NA,NA,national,United States,0,Wage group,95–99th percentiles,0.127
2026.8.14,Annual wages for select wage groups,Average real annual wage (2023$),year,1984,NA,NA,national,United States,0,Wage group,95–99th percentiles,126881.1361459694
2026.8.14,Annual wages for select wage groups,Average nominal annual wage,year,1984,NA,NA,national,United States,0,Wage group,Top 0.1%,349813.46678798913
2026.8.14,Annual wages for select wage groups,Share of total annual earnings,year,1984,NA,NA,national,United States,0,Wage group,Top 0.1%,0.023
2026.8.14,Annual wages for select wage groups,Average real annual wage (2023$),year,1984,NA,NA,national,United States,0,Wage group,Top 0.1%,919138.9390101724
2026.8.14,Annual wages for select wage groups,Average nominal annual wage,year,1984,NA,NA,national,United States,0,Wage group,Top 1%,132320.74613284803
2026.8.14,Annual wages for select wage groups,Average real annual wage (2023$),year,1984,NA,NA,national,United States,0,Wage group,Top 1%,347674.294321239
2026.8.14,Annual wages for select wage groups,Average nominal annual wage,year,1984,NA,NA,national,United States,0,Wage group,99.0–99.9th percentiles,108154.88828227684
2026.8.14,Annual wages for select wage groups,Share of total annual earnings,year,1984,NA,NA,national,United States,0,Wage group,99.0–99.9th percentiles,0.064
2026.8.14,Annual wages for select wage groups,Average real annual wage (2023$),year,1984,NA,NA,national,United States,0,Wage group,99.0–99.9th percentiles,284178.2226891354
2026.8.14,Annual wages for select wage groups,Average nominal annual wage,year,1985,NA,NA,national,United States,0,Wage group,Bottom 90%,11899.867374005307
2026.8.14,Annual wages for select wage groups,Share of total annual earnings,year,1985,NA,NA,national,United States,0,Wage group,Bottom 90%,0.675
2026.8.14,Annual wages for select wage groups,Average real annual wage (2023$),year,1985,NA,NA,national,United States,0,Wage group,Bottom 90%,30238.82591301797
2026.8.14,Annual wages for select wage groups,Average nominal annual wage,year,1985,NA,NA,national,United States,0,Wage group,Top 10%,51566.09195402298
2026.8.14,Annual wages for select wage groups,Average real annual wage (2023$),year,1985,NA,NA,national,United States,0,Wage group,Top 10%,131034.91228974448
2026.8.14,Annual wages for select wage groups,Average nominal annual wage,year,1985,NA,NA,national,United States,0,Wage group,90–95th percentiles,34588.947833775426
2026.8.14,Annual wages for select wage groups,Share of total annual earnings,year,1985,NA,NA,national,United States,0,Wage group,90–95th percentiles,0.109
2026.8.14,Annual wages for select wage groups,Average real annual wage (2023$),year,1985,NA,NA,national,United States,0,Wage group,90–95th percentiles,87894.18732050556
2026.8.14,Annual wages for select wage groups,Average nominal annual wage,year,1985,NA,NA,national,United States,0,Wage group,90–99th percentiles,41781.756557618624
2026.8.14,Annual wages for select wage groups,Average real annual wage (2023$),year,1985,NA,NA,national,United States,0,Wage group,90–99th percentiles,106171.87765015196
2026.8.14,Annual wages for select wage groups,Average nominal annual wage,year,1985,NA,NA,national,United States,0,Wage group,Top 5%,68543.23607427056
2026.8.14,Annual wages for select wage groups,Average real annual wage (2023$),year,1985,NA,NA,national,United States,0,Wage group,Top 5%,174175.63725898348
2026.8.14,Annual wages for select wage groups,Average nominal annual wage,year,1985,NA,NA,national,United States,0,Wage group,95–99th percentiles,50772.76746242264
2026.8.14,Annual wages for select wage groups,Share of total annual earnings,year,1985,NA,NA,national,United States,0,Wage group,95–99th percentiles,0.128
2026.8.14,Annual wages for select wage groups,Average real annual wage (2023$),year,1985,NA,NA,national,United States,0,Wage group,95–99th percentiles,129018.99056221
2026.8.14,Annual wages for select wage groups,Average nominal annual wage,year,1985,NA,NA,national,United States,0,Wage group,Top 0.1%,364929.26613616274
2026.8.14,Annual wages for select wage groups,Share of total annual earnings,year,1985,NA,NA,national,United States,0,Wage group,Top 0.1%,0.023
2026.8.14,Annual wages for select wage groups,Average real annual wage (2023$),year,1985,NA,NA,national,United States,0,Wage group,Top 0.1%,927323.9946658844
2026.8.14,Annual wages for select wage groups,Average nominal annual wage,year,1985,NA,NA,national,United States,0,Wage group,Top 1%,139625.11052166225
2026.8.14,Annual wages for select wage groups,Average real annual wage (2023$),year,1985,NA,NA,national,United States,0,Wage group,Top 1%,354802.22404607746
2026.8.14,Annual wages for select wage groups,Average nominal annual wage,year,1985,NA,NA,national,United States,0,Wage group,99.0–99.9th percentiles,114591.31545338444
2026.8.14,Annual wages for select wage groups,Share of total annual earnings,year,1985,NA,NA,national,United States,0,Wage group,99.0–99.9th percentiles,0.065
2026.8.14,Annual wages for select wage groups,Average real annual wage (2023$),year,1985,NA,NA,national,United States,0,Wage group,99.0–99.9th percentiles,291188.6939772101
2026.8.14,Annual wages for select wage groups,Average nominal annual wage,year,1986,NA,NA,national,United States,0,Wage group,Bottom 90%,12338.893682293165
2026.8.14,Annual wages for select wage groups,Share of total annual earnings,year,1986,NA,NA,national,United States,0,Wage group,Bottom 90%,0.67
2026.8.14,Annual wages for select wage groups,Average real annual wage (2023$),year,1986,NA,NA,national,United States,0,Wage group,Bottom 90%,30847.23420573291
2026.8.14,Annual wages for select wage groups,Average nominal annual wage,year,1986,NA,NA,national,United States,0,Wage group,Top 10%,54696.28990509058
2026.8.14,Annual wages for select wage groups,Average real annual wage (2023$),year,1986,NA,NA,national,United States,0,Wage group,Top 10%,136740.72476272646
2026.8.14,Annual wages for select wage groups,Average nominal annual wage,year,1986,NA,NA,national,United States,0,Wage group,90–95th percentiles,36132.700603968944
2026.8.14,Annual wages for select wage groups,Share of total annual earnings,year,1986,NA,NA,national,United States,0,Wage group,90–95th percentiles,0.109
2026.8.14,Annual wages for select wage groups,Average real annual wage (2023$),year,1986,NA,NA,national,United States,0,Wage group,90–95th percentiles,90331.75150992235
2026.8.14,Annual wages for select wage groups,Average nominal annual wage,year,1986,NA,NA,national,United States,0,Wage group,90–99th percentiles,43830.696960981695
2026.8.14,Annual wages for select wage groups,Average real annual wage (2023$),year,1986,NA,NA,national,United States,0,Wage group,90–99th percentiles,109576.74240245424
2026.8.14,Annual wages for select wage groups,Average nominal annual wage,year,1986,NA,NA,national,United States,0,Wage group,Top 5%,73259.87920621225
2026.8.14,Annual wages for select wage groups,Average real annual wage (2023$),year,1986,NA,NA,national,United States,0,Wage group,Top 5%,183149.69801553065
2026.8.14,Annual wages for select wage groups,Average nominal annual wage,year,1986,NA,NA,national,United States,0,Wage group,95–99th percentiles,53453.192407247625
2026.8.14,Annual wages for select wage groups,Share of total annual earnings,year,1986,NA,NA,national,United States,0,Wage group,95–99th percentiles,0.129
2026.8.14,Annual wages for select wage groups,Average real annual wage (2023$),year,1986,NA,NA,national,United States,0,Wage group,95–99th percentiles,133632.98101811906
2026.8.14,Annual wages for select wage groups,Average nominal annual wage,year,1986,NA,NA,national,United States,0,Wage group,Top 0.1%,414365.8326143227
2026.8.14,Annual wages for select wage groups,Share of total annual earnings,year,1986,NA,NA,national,United States,0,Wage group,Top 0.1%,0.025
2026.8.14,Annual wages for select wage groups,Average real annual wage (2023$),year,1986,NA,NA,national,United States,0,Wage group,Top 0.1%,1035914.5815358068
2026.8.14,Annual wages for select wage groups,Average nominal annual wage,year,1986,NA,NA,national,United States,0,Wage group,Top 1%,152486.62640207075
2026.8.14,Annual wages for select wage groups,Average real annual wage (2023$),year,1986,NA,NA,national,United States,0,Wage group,Top 1%,381216.56600517686
2026.8.14,Annual wages for select wage groups,Average nominal annual wage,year,1986,NA,NA,national,United States,0,Wage group,99.0–99.9th percentiles,123388.93682293166
2026.8.14,Annual wages for select wage groups,Share of total annual earnings,year,1986,NA,NA,national,United States,0,Wage group,99.0–99.9th percentiles,0.067
2026.8.14,Annual wages for select wage groups,Average real annual wage (2023$),year,1986,NA,NA,national,United States,0,Wage group,99.0–99.9th percentiles,308472.34205732914
2026.8.14,Annual wages for select wage groups,Average nominal annual wage,year,1987,NA,NA,national,United States,0,Wage group,Bottom 90%,12762.605752961084
2026.8.14,Annual wages for select wage groups,Share of total annual earnings,year,1987,NA,NA,national,United States,0,Wage group,Bottom 90%,0.66
2026.8.14,Annual wages for select wage groups,Average real annual wage (2023$),year,1987,NA,NA,national,United States,0,Wage group,Bottom 90%,30862.631266050987
2026.8.14,Annual wages for select wage groups,Average nominal annual wage,year,1987,NA,NA,national,United States,0,Wage group,Top 10%,59172.08121827411
2026.8.14,Annual wages for select wage groups,Average real annual wage (2023$),year,1987,NA,NA,national,United States,0,Wage group,Top 10%,143090.38132441818
2026.8.14,Annual wages for select wage groups,Average nominal annual wage,year,1987,NA,NA,national,United States,0,Wage group,90–95th percentiles,37243.604060913705
2026.8.14,Annual wages for select wage groups,Share of total annual earnings,year,1987,NA,NA,national,United States,0,Wage group,90–95th percentiles,0.107
2026.8.14,Annual wages for select wage groups,Average real annual wage (2023$),year,1987,NA,NA,national,United States,0,Wage group,90–95th percentiles,90062.7694218397
2026.8.14,Annual wages for select wage groups,Average nominal annual wage,year,1987,NA,NA,national,United States,0,Wage group,90–99th percentiles,45635.98420755781
2026.8.14,Annual wages for select wage groups,Average real annual wage (2023$),year,1987,NA,NA,national,United States,0,Wage group,90–99th percentiles,110357.28755739443
2026.8.14,Annual wages for select wage groups,Average nominal annual wage,year,1987,NA,NA,national,United States,0,Wage group,Top 5%,81100.55837563451
2026.8.14,Annual wages for select wage groups,Average real annual wage (2023$),year,1987,NA,NA,national,United States,0,Wage group,Top 5%,196117.9932269967
2026.8.14,Annual wages for select wage groups,Average nominal annual wage,year,1987,NA,NA,national,United States,0,Wage group,95–99th percentiles,56126.45939086294
2026.8.14,Annual wages for select wage groups,Share of total annual earnings,year,1987,NA,NA,national,United States,0,Wage group,95–99th percentiles,0.129
2026.8.14,Annual wages for select wage groups,Average real annual wage (2023$),year,1987,NA,NA,national,United States,0,Wage group,95–99th percentiles,135725.43522683784
2026.8.14,Annual wages for select wage groups,Average nominal annual wage,year,1987,NA,NA,national,United States,0,Wage group,Top 0.1%,539510.152284264
2026.8.14,Annual wages for select wage groups,Share of total annual earnings,year,1987,NA,NA,national,United States,0,Wage group,Top 0.1%,0.031
2026.8.14,Annual wages for select wage groups,Average real annual wage (2023$),year,1987,NA,NA,national,United States,0,Wage group,Top 0.1%,1304647.5944285188
2026.8.14,Annual wages for select wage groups,Average nominal annual wage,year,1987,NA,NA,national,United States,0,Wage group,Top 1%,180996.9543147208
2026.8.14,Annual wages for select wage groups,Average real annual wage (2023$),year,1987,NA,NA,national,United States,0,Wage group,Top 1%,437688.2252276321
2026.8.14,Annual wages for select wage groups,Average nominal annual wage,year,1987,NA,NA,national,United States,0,Wage group,99.0–99.9th percentiles,141162.15454032712
2026.8.14,Annual wages for select wage groups,Share of total annual earnings,year,1987,NA,NA,national,United States,0,Wage group,99.0–99.9th percentiles,0.073
2026.8.14,Annual wages for select wage groups,Average real annual wage (2023$),year,1987,NA,NA,national,United States,0,Wage group,99.0–99.9th percentiles,341359.4064275336
2026.8.14,Annual wages for select wage groups,Average nominal annual wage,year,1988,NA,NA,national,United States,0,Wage group,Bottom 90%,13179.358449358446
2026.8.14,Annual wages for select wage groups,Share of total annual earnings,year,1988,NA,NA,national,United States,0,Wage group,Bottom 90%,0.6509999999999999
2026.8.14,Annual wages for select wage groups,Average real annual wage (2023$),year,1988,NA,NA,national,United States,0,Wage group,Bottom 90%,30733.75770083588
2026.8.14,Annual wages for select wage groups,Average nominal annual wage,year,1988,NA,NA,national,United States,0,Wage group,Top 10%,63588.88615888617
2026.8.14,Annual wages for select wage groups,Average real annual wage (2023$),year,1988,NA,NA,national,United States,0,Wage group,Top 10%,148286.8401510377
2026.8.14,Annual wages for select wage groups,Average nominal annual wage,year,1988,NA,NA,national,United States,0,Wage group,90–95th percentiles,38627.05978705978
2026.8.14,Annual wages for select wage groups,Share of total annual earnings,year,1988,NA,NA,national,United States,0,Wage group,90–95th percentiles,0.106
2026.8.14,Annual wages for select wage groups,Average real annual wage (2023$),year,1988,NA,NA,national,United States,0,Wage group,90–95th percentiles,90076.81980521484
2026.8.14,Annual wages for select wage groups,Average nominal annual wage,year,1988,NA,NA,national,United States,0,Wage group,90–99th percentiles,47777.70497770497
2026.8.14,Annual wages for select wage groups,Average real annual wage (2023$),year,1988,NA,NA,national,United States,0,Wage group,90–99th percentiles,111415.77292468924
2026.8.14,Annual wages for select wage groups,Average nominal annual wage,year,1988,NA,NA,national,United States,0,Wage group,Top 5%,88550.71253071252
2026.8.14,Annual wages for select wage groups,Average real annual wage (2023$),year,1988,NA,NA,national,United States,0,Wage group,Top 5%,206496.8604968605
2026.8.14,Annual wages for select wage groups,Average nominal annual wage,year,1988,NA,NA,national,United States,0,Wage group,95–99th percentiles,59216.01146601146
2026.8.14,Annual wages for select wage groups,Share of total annual earnings,year,1988,NA,NA,national,United States,0,Wage group,95–99th percentiles,0.13
2026.8.14,Annual wages for select wage groups,Average real annual wage (2023$),year,1988,NA,NA,national,United States,0,Wage group,95–99th percentiles,138089.46432403222
2026.8.14,Annual wages for select wage groups,Average nominal annual wage,year,1988,NA,NA,national,United States,0,Wage group,Top 0.1%,655931.203931204
2026.8.14,Annual wages for select wage groups,Share of total annual earnings,year,1988,NA,NA,national,United States,0,Wage group,Top 0.1%,0.036
2026.8.14,Annual wages for select wage groups,Average real annual wage (2023$),year,1988,NA,NA,national,United States,0,Wage group,Top 0.1%,1529606.3740508186
2026.8.14,Annual wages for select wage groups,Average nominal annual wage,year,1988,NA,NA,national,United States,0,Wage group,Top 1%,205889.5167895168
2026.8.14,Annual wages for select wage groups,Average real annual wage (2023$),year,1988,NA,NA,national,United States,0,Wage group,Top 1%,480126.4451881736
2026.8.14,Annual wages for select wage groups,Average nominal annual wage,year,1988,NA,NA,national,United States,0,Wage group,99.0–99.9th percentiles,155884.88488488487
2026.8.14,Annual wages for select wage groups,Share of total annual earnings,year,1988,NA,NA,national,United States,0,Wage group,99.0–99.9th percentiles,0.077
2026.8.14,Annual wages for select wage groups,Average real annual wage (2023$),year,1988,NA,NA,national,United States,0,Wage group,99.0–99.9th percentiles,363517.5642034352
2026.8.14,Annual wages for select wage groups,Average nominal annual wage,year,1989,NA,NA,national,United States,0,Wage group,Bottom 90%,13844.54847098915
2026.8.14,Annual wages for select wage groups,Share of total annual earnings,year,1989,NA,NA,national,United States,0,Wage group,Bottom 90%,0.652
2026.8.14,Annual wages for select wage groups,Average real annual wage (2023$),year,1989,NA,NA,national,United States,0,Wage group,Bottom 90%,30927.375033747117
2026.8.14,Annual wages for select wage groups,Average nominal annual wage,year,1989,NA,NA,national,United States,0,Wage group,Top 10%,66504.79418886198
2026.8.14,Annual wages for select wage groups,Average real annual wage (2023$),year,1989,NA,NA,national,United States,0,Wage group,Top 10%,148565.24326026987
2026.8.14,Annual wages for select wage groups,Average nominal annual wage,year,1989,NA,NA,national,United States,0,Wage group,90–95th percentiles,40896.62631154157
2026.8.14,Annual wages for select wage groups,Share of total annual earnings,year,1989,NA,NA,national,United States,0,Wage group,90–95th percentiles,0.107
2026.8.14,Annual wages for select wage groups,Average real annual wage (2023$),year,1989,NA,NA,national,United States,0,Wage group,90–95th percentiles,91359.0863726947
2026.8.14,Annual wages for select wage groups,Average nominal annual wage,year,1989,NA,NA,national,United States,0,Wage group,90–99th percentiles,50536.8487131199
2026.8.14,Annual wages for select wage groups,Average real annual wage (2023$),year,1989,NA,NA,national,United States,0,Wage group,90–99th percentiles,112894.40579803394
2026.8.14,Annual wages for select wage groups,Average nominal annual wage,year,1989,NA,NA,national,United States,0,Wage group,Top 5%,92112.96206618242
2026.8.14,Annual wages for select wage groups,Average real annual wage (2023$),year,1989,NA,NA,national,United States,0,Wage group,Top 5%,205771.4001478451
2026.8.14,Annual wages for select wage groups,Average nominal annual wage,year,1989,NA,NA,national,United States,0,Wage group,95–99th percentiles,62587.126715092825
2026.8.14,Annual wages for select wage groups,Share of total annual earnings,year,1989,NA,NA,national,United States,0,Wage group,95–99th percentiles,0.131
2026.8.14,Annual wages for select wage groups,Average real annual wage (2023$),year,1989,NA,NA,national,United States,0,Wage group,95–99th percentiles,139813.55507970802
2026.8.14,Annual wages for select wage groups,Average nominal annual wage,year,1989,NA,NA,national,United States,0,Wage group,Top 0.1%,649759.4834543988
2026.8.14,Annual wages for select wage groups,Share of total annual earnings,year,1989,NA,NA,national,United States,0,Wage group,Top 0.1%,0.034
2026.8.14,Annual wages for select wage groups,Average real annual wage (2023$),year,1989,NA,NA,national,United States,0,Wage group,Top 0.1%,1451499.5031175795
2026.8.14,Annual wages for select wage groups,Average nominal annual wage,year,1989,NA,NA,national,United States,0,Wage group,Top 1%,210216.30347054076
2026.8.14,Annual wages for select wage groups,Average real annual wage (2023$),year,1989,NA,NA,national,United States,0,Wage group,Top 1%,469602.78042039333
2026.8.14,Annual wages for select wage groups,Average nominal annual wage,year,1989,NA,NA,national,United States,0,Wage group,99.0–99.9th percentiles,161378.17236122323
2026.8.14,Annual wages for select wage groups,Share of total annual earnings,year,1989,NA,NA,national,United States,0,Wage group,99.0–99.9th percentiles,0.076
2026.8.14,Annual wages for select wage groups,Average real annual wage (2023$),year,1989,NA,NA,national,United States,0,Wage group,99.0–99.9th percentiles,360503.1445651504
2026.8.14,Annual wages for select wage groups,Average nominal annual wage,year,1990,NA,NA,national,United States,0,Wage group,Bottom 90%,14419.9488941757
2026.8.14,Annual wages for select wage groups,Share of total annual earnings,year,1990,NA,NA,national,United States,0,Wage group,Bottom 90%,0.652
2026.8.14,Annual wages for select wage groups,Average real annual wage (2023$),year,1990,NA,NA,national,United States,0,Wage group,Bottom 90%,30719.189373557252
2026.8.14,Annual wages for select wage groups,Average nominal annual wage,year,1990,NA,NA,national,United States,0,Wage group,Top 10%,69268.83425852498
2026.8.14,Annual wages for select wage groups,Average real annual wage (2023$),year,1990,NA,NA,national,United States,0,Wage group,Top 10%,147565.18576377502
2026.8.14,Annual wages for select wage groups,Average nominal annual wage,year,1990,NA,NA,national,United States,0,Wage group,90–95th percentiles,42198.25535289453
2026.8.14,Annual wages for select wage groups,Share of total annual earnings,year,1990,NA,NA,national,United States,0,Wage group,90–95th percentiles,0.106
2026.8.14,Annual wages for select wage groups,Average real annual wage (2023$),year,1990,NA,NA,national,United States,0,Wage group,90–95th percentiles,89896.03270666754
2026.8.14,Annual wages for select wage groups,Average nominal annual wage,year,1990,NA,NA,national,United States,0,Wage group,90–99th percentiles,52194.90704026786
2026.8.14,Annual wages for select wage groups,Average real annual wage (2023$),year,1990,NA,NA,national,United States,0,Wage group,90–99th percentiles,111192.15785520725
2026.8.14,Annual wages for select wage groups,Average nominal annual wage,year,1990,NA,NA,national,United States,0,Wage group,Top 5%,96339.41316415544
2026.8.14,Annual wages for select wage groups,Average real annual wage (2023$),year,1990,NA,NA,national,United States,0,Wage group,Top 5%,205234.33882088252
2026.8.14,Annual wages for select wage groups,Average nominal annual wage,year,1990,NA,NA,national,United States,0,Wage group,95–99th percentiles,64690.72164948454
2026.8.14,Annual wages for select wage groups,Share of total annual earnings,year,1990,NA,NA,national,United States,0,Wage group,95–99th percentiles,0.13
2026.8.14,Annual wages for select wage groups,Average real annual wage (2023$),year,1990,NA,NA,national,United States,0,Wage group,95–99th percentiles,137812.31429088186
2026.8.14,Annual wages for select wage groups,Average nominal annual wage,year,1990,NA,NA,national,United States,0,Wage group,Top 0.1%,696669.3100713721
2026.8.14,Annual wages for select wage groups,Share of total annual earnings,year,1990,NA,NA,national,United States,0,Wage group,Top 0.1%,0.035
2026.8.14,Annual wages for select wage groups,Average real annual wage (2023$),year,1990,NA,NA,national,United States,0,Wage group,Top 0.1%,1484132.6154402662
2026.8.14,Annual wages for select wage groups,Average nominal annual wage,year,1990,NA,NA,national,United States,0,Wage group,Top 1%,222934.17922283904
2026.8.14,Annual wages for select wage groups,Average real annual wage (2023$),year,1990,NA,NA,national,United States,0,Wage group,Top 1%,474922.43694088515
2026.8.14,Annual wages for select wage groups,Average nominal annual wage,year,1990,NA,NA,national,United States,0,Wage group,99.0–99.9th percentiles,170296.94246189093
2026.8.14,Annual wages for select wage groups,Share of total annual earnings,year,1990,NA,NA,national,United States,0,Wage group,99.0–99.9th percentiles,0.077
2026.8.14,Annual wages for select wage groups,Average real annual wage (2023$),year,1990,NA,NA,national,United States,0,Wage group,99.0–99.9th percentiles,362787.9726631762
2026.8.14,Annual wages for select wage groups,Average nominal annual wage,year,1991,NA,NA,national,United States,0,Wage group,Bottom 90%,14770.165123348264
2026.8.14,Annual wages for select wage groups,Share of total annual earnings,year,1991,NA,NA,national,United States,0,Wage group,Bottom 90%,0.64885076261165
2026.8.14,Annual wages for select wage groups,Average real annual wage (2023$),year,1991,NA,NA,national,United States,0,Wage group,Bottom 90%,30361.88719430719
2026.8.14,Annual wages for select wage groups,Average nominal annual wage,year,1991,NA,NA,national,United States,0,Wage group,Top 10%,71940.7183627091
2026.8.14,Annual wages for select wage groups,Average real annual wage (2023$),year,1991,NA,NA,national,United States,0,Wage group,Top 10%,147882.97607812026
2026.8.14,Annual wages for select wage groups,Average nominal annual wage,year,1991,NA,NA,national,United States,0,Wage group,90–95th percentiles,47331.32248447729
2026.8.14,Annual wages for select wage groups,Share of total annual earnings,year,1991,NA,NA,national,United States,0,Wage group,90–95th percentiles,0.11551426072235003
2026.8.14,Annual wages for select wage groups,Average real annual wage (2023$),year,1991,NA,NA,national,United States,0,Wage group,90–95th percentiles,97295.34247111414
2026.8.14,Annual wages for select wage groups,Average nominal annual wage,year,1991,NA,NA,national,United States,0,Wage group,90–99th percentiles,57029.26769463814
2026.8.14,Annual wages for select wage groups,Average real annual wage (2023$),year,1991,NA,NA,national,United States,0,Wage group,90–99th percentiles,117230.65910626944
2026.8.14,Annual wages for select wage groups,Average nominal annual wage,year,1991,NA,NA,national,United States,0,Wage group,Top 5%,96550.1142409409
2026.8.14,Annual wages for select wage groups,Average real annual wage (2023$),year,1991,NA,NA,national,United States,0,Wage group,Top 5%,198470.60968512637
2026.8.14,Annual wages for select wage groups,Average nominal annual wage,year,1991,NA,NA,national,United States,0,Wage group,95–99th percentiles,69151.69920733919
2026.8.14,Annual wages for select wage groups,Share of total annual earnings,year,1991,NA,NA,national,United States,0,Wage group,95–99th percentiles,0.13501431174672696
2026.8.14,Annual wages for select wage groups,Average real annual wage (2023$),year,1991,NA,NA,national,United States,0,Wage group,95–99th percentiles,142149.80490021355
2026.8.14,Annual wages for select wage groups,Average nominal annual wage,year,1991,NA,NA,national,United States,0,Wage group,Top 0.1%,633571.0798115148
2026.8.14,Annual wages for select wage groups,Share of total annual earnings,year,1991,NA,NA,national,United States,0,Wage group,Top 0.1%,0.03092518487033202
2026.8.14,Annual wages for select wage groups,Average real annual wage (2023$),year,1991,NA,NA,national,United States,0,Wage group,Top 0.1%,1302383.1144855805
2026.8.14,Annual wages for select wage groups,Average nominal annual wage,year,1991,NA,NA,national,United States,0,Wage group,Top 1%,206143.77437534768
2026.8.14,Annual wages for select wage groups,Average real annual wage (2023$),year,1991,NA,NA,national,United States,0,Wage group,Top 1%,423753.8288247776
2026.8.14,Annual wages for select wage groups,Average nominal annual wage,year,1991,NA,NA,national,United States,0,Wage group,99.0–99.9th percentiles,158651.8515491069
2026.8.14,Annual wages for select wage groups,Share of total annual earnings,year,1991,NA,NA,national,United States,0,Wage group,99.0–99.9th percentiles,0.069695480048941
2026.8.14,Annual wages for select wage groups,Average real annual wage (2023$),year,1991,NA,NA,national,United States,0,Wage group,99.0–99.9th percentiles,326128.35264024395
2026.8.14,Annual wages for select wage groups,Average nominal annual wage,year,1992,NA,NA,national,United States,0,Wage group,Bottom 90%,15292.240704397502
2026.8.14,Annual wages for select wage groups,Share of total annual earnings,year,1992,NA,NA,national,United States,0,Wage group,Bottom 90%,0.639668054547649
2026.8.14,Annual wages for select wage groups,Average real annual wage (2023$),year,1992,NA,NA,national,United States,0,Wage group,Bottom 90%,30656.614619664804
2026.8.14,Annual wages for select wage groups,Average nominal annual wage,year,1992,NA,NA,national,United States,0,Wage group,Top 10%,77528.56381915268
2026.8.14,Annual wages for select wage groups,Average real annual wage (2023$),year,1992,NA,NA,national,United States,0,Wage group,Top 10%,155422.82841103722
2026.8.14,Annual wages for select wage groups,Average nominal annual wage,year,1992,NA,NA,national,United States,0,Wage group,90–95th percentiles,49713.95871551061
2026.8.14,Annual wages for select wage groups,Share of total annual earnings,year,1992,NA,NA,national,United States,0,Wage group,90–95th percentiles,0.115528565071087
2026.8.14,Annual wages for select wage groups,Average real annual wage (2023$),year,1992,NA,NA,national,United States,0,Wage group,90–95th percentiles,99662.41723628309
2026.8.14,Annual wages for select wage groups,Average nominal annual wage,year,1992,NA,NA,national,United States,0,Wage group,90–99th percentiles,59805.29477926271
2026.8.14,Annual wages for select wage groups,Average real annual wage (2023$),year,1992,NA,NA,national,United States,0,Wage group,90–99th percentiles,119892.69000559744
2026.8.14,Annual wages for select wage groups,Average nominal annual wage,year,1992,NA,NA,national,United States,0,Wage group,Top 5%,105343.16892279476
2026.8.14,Annual wages for select wage groups,Average real annual wage (2023$),year,1992,NA,NA,national,United States,0,Wage group,Top 5%,211183.23958579137
2026.8.14,Annual wages for select wage groups,Average nominal annual wage,year,1992,NA,NA,national,United States,0,Wage group,95–99th percentiles,72419.46485895282
2026.8.14,Annual wages for select wage groups,Share of total annual earnings,year,1992,NA,NA,national,United States,0,Wage group,95–99th percentiles,0.13463449018411
2026.8.14,Annual wages for select wage groups,Average real annual wage (2023$),year,1992,NA,NA,national,United States,0,Wage group,95–99th percentiles,145180.53096724034
2026.8.14,Annual wages for select wage groups,Average nominal annual wage,year,1992,NA,NA,national,United States,0,Wage group,Top 0.1%,810930.6069517272
2026.8.14,Annual wages for select wage groups,Share of total annual earnings,year,1992,NA,NA,national,United States,0,Wage group,Top 0.1%,0.03768987697378001
2026.8.14,Annual wages for select wage groups,Average real annual wage (2023$),year,1992,NA,NA,national,United States,0,Wage group,Top 0.1%,1625686.3582758682
2026.8.14,Annual wages for select wage groups,Average nominal annual wage,year,1992,NA,NA,national,United States,0,Wage group,Top 1%,237037.9851781624
2026.8.14,Annual wages for select wage groups,Average real annual wage (2023$),year,1992,NA,NA,national,United States,0,Wage group,Top 1%,475194.0740599954
2026.8.14,Annual wages for select wage groups,Average nominal annual wage,year,1992,NA,NA,national,United States,0,Wage group,99.0–99.9th percentiles,173272.138314433
2026.8.14,Annual wages for select wage groups,Share of total annual earnings,year,1992,NA,NA,national,United States,0,Wage group,99.0–99.9th percentiles,0.07247901322337402
2026.8.14,Annual wages for select wage groups,Average real annual wage (2023$),year,1992,NA,NA,national,United States,0,Wage group,99.0–99.9th percentiles,347361.5980360096
2026.8.14,Annual wages for select wage groups,Average nominal annual wage,year,1993,NA,NA,national,United States,0,Wage group,Bottom 90%,15567.26562092039
2026.8.14,Annual wages for select wage groups,Share of total annual earnings,year,1993,NA,NA,national,United States,0,Wage group,Bottom 90%,0.638951209881417
2026.8.14,Annual wages for select wage groups,Average real annual wage (2023$),year,1993,NA,NA,national,United States,0,Wage group,Bottom 90%,30453.799258417333
2026.8.14,Annual wages for select wage groups,Average nominal annual wage,year,1993,NA,NA,national,United States,0,Wage group,Top 10%,79168.61409555722
2026.8.14,Annual wages for select wage groups,Average real annual wage (2023$),year,1993,NA,NA,national,United States,0,Wage group,Top 10%,154875.30950799453
2026.8.14,Annual wages for select wage groups,Average nominal annual wage,year,1993,NA,NA,national,United States,0,Wage group,90–95th percentiles,50959.66275445701
2026.8.14,Annual wages for select wage groups,Share of total annual earnings,year,1993,NA,NA,national,United States,0,Wage group,90–95th percentiles,0.116200875767132
2026.8.14,Annual wages for select wage groups,Average real annual wage (2023$),year,1993,NA,NA,national,United States,0,Wage group,90–95th percentiles,99690.93979583072
2026.8.14,Annual wages for select wage groups,Average nominal annual wage,year,1993,NA,NA,national,United States,0,Wage group,90–99th percentiles,61789.71177540302
2026.8.14,Annual wages for select wage groups,Average real annual wage (2023$),year,1993,NA,NA,national,United States,0,Wage group,90–99th percentiles,120877.45686787702
2026.8.14,Annual wages for select wage groups,Average nominal annual wage,year,1993,NA,NA,national,United States,0,Wage group,Top 5%,107377.56543665742
2026.8.14,Annual wages for select wage groups,Average real annual wage (2023$),year,1993,NA,NA,national,United States,0,Wage group,Top 5%,210059.67922015832
2026.8.14,Annual wages for select wage groups,Average nominal annual wage,year,1993,NA,NA,national,United States,0,Wage group,95–99th percentiles,75327.27305158554
2026.8.14,Annual wages for select wage groups,Share of total annual earnings,year,1993,NA,NA,national,United States,0,Wage group,95–99th percentiles,0.13741213539689
2026.8.14,Annual wages for select wage groups,Average real annual wage (2023$),year,1993,NA,NA,national,United States,0,Wage group,95–99th percentiles,147360.60320793488
2026.8.14,Annual wages for select wage groups,Average nominal annual wage,year,1993,NA,NA,national,United States,0,Wage group,Top 0.1%,752404.1128721408
2026.8.14,Annual wages for select wage groups,Share of total annual earnings,year,1993,NA,NA,national,United States,0,Wage group,Top 0.1%,0.03431342050586394
2026.8.14,Annual wages for select wage groups,Average real annual wage (2023$),year,1993,NA,NA,national,United States,0,Wage group,Top 0.1%,1471906.780072082
2026.8.14,Annual wages for select wage groups,Average nominal annual wage,year,1993,NA,NA,national,United States,0,Wage group,Top 1%,235578.73497694495
2026.8.14,Annual wages for select wage groups,Average real annual wage (2023$),year,1993,NA,NA,national,United States,0,Wage group,Top 1%,460855.98326905223
2026.8.14,Annual wages for select wage groups,Average nominal annual wage,year,1993,NA,NA,national,United States,0,Wage group,99.0–99.9th percentiles,178153.6929885898
2026.8.14,Annual wages for select wage groups,Share of total annual earnings,year,1993,NA,NA,national,United States,0,Wage group,99.0–99.9th percentiles,0.07312235844869708
2026.8.14,Annual wages for select wage groups,Average real annual wage (2023$),year,1993,NA,NA,national,United States,0,Wage group,99.0–99.9th percentiles,348517.0058464933
2026.8.14,Annual wages for select wage groups,Average nominal annual wage,year,1994,NA,NA,national,United States,0,Wage group,Bottom 90%,16199.608752403075
2026.8.14,Annual wages for select wage groups,Share of total annual earnings,year,1994,NA,NA,national,United States,0,Wage group,Bottom 90%,0.639928541148705
2026.8.14,Annual wages for select wage groups,Average real annual wage (2023$),year,1994,NA,NA,national,United States,0,Wage group,Bottom 90%,31012.76450347436
2026.8.14,Annual wages for select wage groups,Average nominal annual wage,year,1994,NA,NA,national,United States,0,Wage group,Top 10%,82035.95781561287
2026.8.14,Annual wages for select wage groups,Average real annual wage (2023$),year,1994,NA,NA,national,United States,0,Wage group,Top 10%,157050.8201425021
2026.8.14,Annual wages for select wage groups,Average nominal annual wage,year,1994,NA,NA,national,United States,0,Wage group,90–95th percentiles,53376.32247309262
2026.8.14,Annual wages for select wage groups,Share of total annual earnings,year,1994,NA,NA,national,United States,0,Wage group,90–95th percentiles,0.117139427714135
2026.8.14,Annual wages for select wage groups,Average real annual wage (2023$),year,1994,NA,NA,national,United States,0,Wage group,90–95th percentiles,102184.40113092057
2026.8.14,Annual wages for select wage groups,Average nominal annual wage,year,1994,NA,NA,national,United States,0,Wage group,90–99th percentiles,64754.83802104626
2026.8.14,Annual wages for select wage groups,Average real annual wage (2023$),year,1994,NA,NA,national,United States,0,Wage group,90–99th percentiles,123967.59531056152
2026.8.14,Annual wages for select wage groups,Average nominal annual wage,year,1994,NA,NA,national,United States,0,Wage group,Top 5%,110695.59315813312
2026.8.14,Annual wages for select wage groups,Average real annual wage (2023$),year,1994,NA,NA,national,United States,0,Wage group,Top 5%,211917.23915408365
2026.8.14,Annual wages for select wage groups,Average nominal annual wage,year,1994,NA,NA,national,United States,0,Wage group,95–99th percentiles,78977.98245598831
2026.8.14,Annual wages for select wage groups,Share of total annual earnings,year,1994,NA,NA,national,United States,0,Wage group,95–99th percentiles,0.13865976880029796
2026.8.14,Annual wages for select wage groups,Average real annual wage (2023$),year,1994,NA,NA,national,United States,0,Wage group,95–99th percentiles,151196.58803511277
2026.8.14,Annual wages for select wage groups,Average nominal annual wage,year,1994,NA,NA,national,United States,0,Wage group,Top 0.1%,719033.2992826642
2026.8.14,Annual wages for select wage groups,Share of total annual earnings,year,1994,NA,NA,national,United States,0,Wage group,Top 0.1%,0.03155974232875902
2026.8.14,Annual wages for select wage groups,Average real annual wage (2023$),year,1994,NA,NA,national,United States,0,Wage group,Top 0.1%,1376527.712590686
2026.8.14,Annual wages for select wage groups,Average nominal annual wage,year,1994,NA,NA,national,United States,0,Wage group,Top 1%,237566.03596671237
2026.8.14,Annual wages for select wage groups,Average real annual wage (2023$),year,1994,NA,NA,national,United States,0,Wage group,Top 1%,454799.84362996736
2026.8.14,Annual wages for select wage groups,Average nominal annual wage,year,1994,NA,NA,national,United States,0,Wage group,99.0–99.9th percentiles,184069.673376051
2026.8.14,Annual wages for select wage groups,Share of total annual earnings,year,1994,NA,NA,national,United States,0,Wage group,99.0–99.9th percentiles,0.07271252000810302
2026.8.14,Annual wages for select wage groups,Average real annual wage (2023$),year,1994,NA,NA,national,United States,0,Wage group,99.0–99.9th percentiles,352385.63596766524
2026.8.14,Annual wages for select wage groups,Average nominal annual wage,year,1995,NA,NA,national,United States,0,Wage group,Bottom 90%,16772.127492099607
2026.8.14,Annual wages for select wage groups,Share of total annual earnings,year,1995,NA,NA,national,United States,0,Wage group,Bottom 90%,0.634549295006725
2026.8.14,Annual wages for select wage groups,Average real annual wage (2023$),year,1995,NA,NA,national,United States,0,Wage group,Bottom 90%,31367.015111737437
2026.8.14,Annual wages for select wage groups,Average nominal annual wage,year,1995,NA,NA,national,United States,0,Wage group,Top 10%,86934.88871568188
2026.8.14,Annual wages for select wage groups,Average real annual wage (2023$),year,1995,NA,NA,national,United States,0,Wage group,Top 10%,162584.50034835993
2026.8.14,Annual wages for select wage groups,Average nominal annual wage,year,1995,NA,NA,national,United States,0,Wage group,90–95th percentiles,55473.77148718339
2026.8.14,Annual wages for select wage groups,Share of total annual earnings,year,1995,NA,NA,national,United States,0,Wage group,90–95th percentiles,0.11659834847738204
2026.8.14,Annual wages for select wage groups,Average real annual wage (2023$),year,1995,NA,NA,national,United States,0,Wage group,90–95th percentiles,103746.3273137643
2026.8.14,Annual wages for select wage groups,Average nominal annual wage,year,1995,NA,NA,national,United States,0,Wage group,90–99th percentiles,67640.88972448058
2026.8.14,Annual wages for select wage groups,Average real annual wage (2023$),year,1995,NA,NA,national,United States,0,Wage group,90–99th percentiles,126501.11389616827
2026.8.14,Annual wages for select wage groups,Average nominal annual wage,year,1995,NA,NA,national,United States,0,Wage group,Top 5%,118396.00594418038
2026.8.14,Annual wages for select wage groups,Average real annual wage (2023$),year,1995,NA,NA,national,United States,0,Wage group,Top 5%,221422.67338295557
2026.8.14,Annual wages for select wage groups,Average nominal annual wage,year,1995,NA,NA,national,United States,0,Wage group,95–99th percentiles,82849.78752110207
2026.8.14,Annual wages for select wage groups,Share of total annual earnings,year,1995,NA,NA,national,United States,0,Wage group,95–99th percentiles,0.13931121880032105
2026.8.14,Annual wages for select wage groups,Average real annual wage (2023$),year,1995,NA,NA,national,United States,0,Wage group,95–99th percentiles,154944.59712417328
2026.8.14,Annual wages for select wage groups,Average nominal annual wage,year,1995,NA,NA,national,United States,0,Wage group,Top 0.1%,825868.228438109
2026.8.14,Annual wages for select wage groups,Share of total annual earnings,year,1995,NA,NA,national,United States,0,Wage group,Top 0.1%,0.034717261478453
2026.8.14,Annual wages for select wage groups,Average real annual wage (2023$),year,1995,NA,NA,national,United States,0,Wage group,Top 0.1%,1544528.039983262
2026.8.14,Annual wages for select wage groups,Average nominal annual wage,year,1995,NA,NA,national,United States,0,Wage group,Top 1%,260580.87963649348
2026.8.14,Annual wages for select wage groups,Average real annual wage (2023$),year,1995,NA,NA,national,United States,0,Wage group,Top 1%,487334.97841808456
2026.8.14,Annual wages for select wage groups,Average nominal annual wage,year,1995,NA,NA,national,United States,0,Wage group,99.0–99.9th percentiles,197771.17421409176
2026.8.14,Annual wages for select wage groups,Share of total annual earnings,year,1995,NA,NA,national,United States,0,Wage group,99.0–99.9th percentiles,0.07482387623711895
2026.8.14,Annual wages for select wage groups,Average real annual wage (2023$),year,1995,NA,NA,national,United States,0,Wage group,99.0–99.9th percentiles,369869.0826886204
2026.8.14,Annual wages for select wage groups,Average nominal annual wage,year,1996,NA,NA,national,United States,0,Wage group,Bottom 90%,17286.513017377125
2026.8.14,Annual wages for select wage groups,Share of total annual earnings,year,1996,NA,NA,national,United States,0,Wage group,Bottom 90%,0.630831392833784
2026.8.14,Annual wages for select wage groups,Average real annual wage (2023$),year,1996,NA,NA,national,United States,0,Wage group,Bottom 90%,31497.39778085864
2026.8.14,Annual wages for select wage groups,Average nominal annual wage,year,1996,NA,NA,national,United States,0,Wage group,Top 10%,91046.1052714371
2026.8.14,Annual wages for select wage groups,Average real annual wage (2023$),year,1996,NA,NA,national,United States,0,Wage group,Top 10%,165893.2250390601
2026.8.14,Annual wages for select wage groups,Average nominal annual wage,year,1996,NA,NA,national,United States,0,Wage group,90–95th percentiles,57286.480154887184
2026.8.14,Annual wages for select wage groups,Share of total annual earnings,year,1996,NA,NA,national,United States,0,Wage group,90–95th percentiles,0.11614099266072296
2026.8.14,Annual wages for select wage groups,Average real annual wage (2023$),year,1996,NA,NA,national,United States,0,Wage group,90–95th percentiles,104380.51046442466
2026.8.14,Annual wages for select wage groups,Average nominal annual wage,year,1996,NA,NA,national,United States,0,Wage group,90–99th percentiles,70174.78176750311
2026.8.14,Annual wages for select wage groups,Average real annual wage (2023$),year,1996,NA,NA,national,United States,0,Wage group,90–99th percentiles,127864.01822588991
2026.8.14,Annual wages for select wage groups,Average nominal annual wage,year,1996,NA,NA,national,United States,0,Wage group,Top 5%,124805.73038798705
2026.8.14,Annual wages for select wage groups,Average real annual wage (2023$),year,1996,NA,NA,national,United States,0,Wage group,Top 5%,227405.93961369555
2026.8.14,Annual wages for select wage groups,Average nominal annual wage,year,1996,NA,NA,national,United States,0,Wage group,95–99th percentiles,86285.15878327301
2026.8.14,Annual wages for select wage groups,Share of total annual earnings,year,1996,NA,NA,national,United States,0,Wage group,95–99th percentiles,0.13994567606014807
2026.8.14,Annual wages for select wage groups,Average real annual wage (2023$),year,1996,NA,NA,national,United States,0,Wage group,95–99th percentiles,157218.40292772147
2026.8.14,Annual wages for select wage groups,Average nominal annual wage,year,1996,NA,NA,national,United States,0,Wage group,Top 0.1%,912788.797715672
2026.8.14,Annual wages for select wage groups,Share of total annual earnings,year,1996,NA,NA,national,United States,0,Wage group,Top 0.1%,0.03701124480668305
2026.8.14,Annual wages for select wage groups,Average real annual wage (2023$),year,1996,NA,NA,national,United States,0,Wage group,Top 0.1%,1663173.586405833
2026.8.14,Annual wages for select wage groups,Average nominal annual wage,year,1996,NA,NA,national,United States,0,Wage group,Top 1%,278888.01680684305
2026.8.14,Annual wages for select wage groups,Average real annual wage (2023$),year,1996,NA,NA,national,United States,0,Wage group,Top 1%,508156.08635759185
2026.8.14,Annual wages for select wage groups,Average nominal annual wage,year,1996,NA,NA,national,United States,0,Wage group,99.0–99.9th percentiles,208454.5967058621
2026.8.14,Annual wages for select wage groups,Share of total annual earnings,year,1996,NA,NA,national,United States,0,Wage group,99.0–99.9th percentiles,0.07607069363866192
2026.8.14,Annual wages for select wage groups,Average real annual wage (2023$),year,1996,NA,NA,national,United States,0,Wage group,99.0–99.9th percentiles,379820.8085744539
2026.8.14,Annual wages for select wage groups,Average nominal annual wage,year,1997,NA,NA,national,United States,0,Wage group,Bottom 90%,18088.29579902635
2026.8.14,Annual wages for select wage groups,Share of total annual earnings,year,1997,NA,NA,national,United States,0,Wage group,Bottom 90%,0.625289969216334
2026.8.14,Annual wages for select wage groups,Average real annual wage (2023$),year,1997,NA,NA,national,United States,0,Wage group,Bottom 90%,32266.63468871437
2026.8.14,Annual wages for select wage groups,Average nominal annual wage,year,1997,NA,NA,national,United States,0,Wage group,Top 10%,97556.0074273162
2026.8.14,Annual wages for select wage groups,Average real annual wage (2023$),year,1997,NA,NA,national,United States,0,Wage group,Top 10%,174024.35742543289
2026.8.14,Annual wages for select wage groups,Average nominal annual wage,year,1997,NA,NA,national,United States,0,Wage group,90–95th percentiles,59869.295521619286
2026.8.14,Annual wages for select wage groups,Share of total annual earnings,year,1997,NA,NA,national,United States,0,Wage group,90–95th percentiles,0.114978186169706
2026.8.14,Annual wages for select wage groups,Average real annual wage (2023$),year,1997,NA,NA,national,United States,0,Wage group,90–95th percentiles,106797.27427780986
2026.8.14,Annual wages for select wage groups,Average nominal annual wage,year,1997,NA,NA,national,United States,0,Wage group,90–99th percentiles,73932.0586542608
2026.8.14,Annual wages for select wage groups,Average real annual wage (2023$),year,1997,NA,NA,national,United States,0,Wage group,90–99th percentiles,131883.00074736975
2026.8.14,Annual wages for select wage groups,Average nominal annual wage,year,1997,NA,NA,national,United States,0,Wage group,Top 5%,135242.71933301305
2026.8.14,Annual wages for select wage groups,Average real annual wage (2023$),year,1997,NA,NA,national,United States,0,Wage group,Top 5%,241251.44057305585
2026.8.14,Annual wages for select wage groups,Average nominal annual wage,year,1997,NA,NA,national,United States,0,Wage group,95–99th percentiles,91510.51257006268
2026.8.14,Annual wages for select wage groups,Share of total annual earnings,year,1997,NA,NA,national,United States,0,Wage group,95–99th percentiles,0.1405957783079831
2026.8.14,Annual wages for select wage groups,Average real annual wage (2023$),year,1997,NA,NA,national,United States,0,Wage group,95–99th percentiles,163240.1588343196
2026.8.14,Annual wages for select wage groups,Average nominal annual wage,year,1997,NA,NA,national,United States,0,Wage group,Top 0.1%,1078815.4103170554
2026.8.14,Annual wages for select wage groups,Share of total annual earnings,year,1997,NA,NA,national,United States,0,Wage group,Top 0.1%,0.04143701308307201
2026.8.14,Annual wages for select wage groups,Average real annual wage (2023$),year,1997,NA,NA,national,United States,0,Wage group,Top 0.1%,1924434.6249097527
2026.8.14,Annual wages for select wage groups,Average nominal annual wage,year,1997,NA,NA,national,United States,0,Wage group,Top 1%,310171.54638481466
2026.8.14,Annual wages for select wage groups,Average real annual wage (2023$),year,1997,NA,NA,national,United States,0,Wage group,Top 1%,553296.567528001
2026.8.14,Annual wages for select wage groups,Average nominal annual wage,year,1997,NA,NA,national,United States,0,Wage group,99.0–99.9th percentiles,224766.6726145657
2026.8.14,Annual wages for select wage groups,Share of total annual earnings,year,1997,NA,NA,national,United States,0,Wage group,99.0–99.9th percentiles,0.07769905322290493
2026.8.14,Annual wages for select wage groups,Average real annual wage (2023$),year,1997,NA,NA,national,United States,0,Wage group,99.0–99.9th percentiles,400947.89448558417
2026.8.14,Annual wages for select wage groups,Average nominal annual wage,year,1998,NA,NA,national,United States,0,Wage group,Bottom 90%,19082.429689496417
2026.8.14,Annual wages for select wage groups,Share of total annual earnings,year,1998,NA,NA,national,United States,0,Wage group,Bottom 90%,0.621021022354986
2026.8.14,Annual wages for select wage groups,Average real annual wage (2023$),year,1998,NA,NA,national,United States,0,Wage group,Bottom 90%,33581.91560263344
2026.8.14,Annual wages for select wage groups,Average nominal annual wage,year,1998,NA,NA,national,United States,0,Wage group,Top 10%,104805.7230100809
2026.8.14,Annual wages for select wage groups,Average real annual wage (2023$),year,1998,NA,NA,national,United States,0,Wage group,Top 10%,184440.71337177797
2026.8.14,Annual wages for select wage groups,Average nominal annual wage,year,1998,NA,NA,national,United States,0,Wage group,90–95th percentiles,63404.81061428525
2026.8.14,Annual wages for select wage groups,Share of total annual earnings,year,1998,NA,NA,national,United States,0,Wage group,90–95th percentiles,0.11463634625213304
2026.8.14,Annual wages for select wage groups,Average real annual wage (2023$),year,1998,NA,NA,national,United States,0,Wage group,90–95th percentiles,111581.96484915624
2026.8.14,Annual wages for select wage groups,Average nominal annual wage,year,1998,NA,NA,national,United States,0,Wage group,90–99th percentiles,78563.2485111598
2026.8.14,Annual wages for select wage groups,Average real annual wage (2023$),year,1998,NA,NA,national,United States,0,Wage group,90–99th percentiles,138258.30483330402
2026.8.14,Annual wages for select wage groups,Average nominal annual wage,year,1998,NA,NA,national,United States,0,Wage group,Top 5%,146206.6354058765
2026.8.14,Annual wages for select wage groups,Average real annual wage (2023$),year,1998,NA,NA,national,United States,0,Wage group,Top 5%,257299.46189439963
2026.8.14,Annual wages for select wage groups,Average nominal annual wage,year,1998,NA,NA,national,United States,0,Wage group,95–99th percentiles,97511.295882253
2026.8.14,Annual wages for select wage groups,Share of total annual earnings,year,1998,NA,NA,national,United States,0,Wage group,95–99th percentiles,0.14104089036718792
2026.8.14,Annual wages for select wage groups,Average real annual wage (2023$),year,1998,NA,NA,national,United States,0,Wage group,95–99th percentiles,171603.72981348872
2026.8.14,Annual wages for select wage groups,Average nominal annual wage,year,1998,NA,NA,national,United States,0,Wage group,Top 0.1%,1229105.4119088354
2026.8.14,Annual wages for select wage groups,Share of total annual earnings,year,1998,NA,NA,national,United States,0,Wage group,Top 0.1%,0.04444462564113605
2026.8.14,Annual wages for select wage groups,Average real annual wage (2023$),year,1998,NA,NA,national,United States,0,Wage group,Top 0.1%,2163021.9464234165
2026.8.14,Annual wages for select wage groups,Average nominal annual wage,year,1998,NA,NA,national,United States,0,Wage group,Top 1%,340987.99350037053
2026.8.14,Annual wages for select wage groups,Average real annual wage (2023$),year,1998,NA,NA,national,United States,0,Wage group,Top 1%,600082.3902180434
2026.8.14,Annual wages for select wage groups,Average nominal annual wage,year,1998,NA,NA,national,United States,0,Wage group,99.0–99.9th percentiles,242308.2803438744
2026.8.14,Annual wages for select wage groups,Share of total annual earnings,year,1998,NA,NA,national,United States,0,Wage group,99.0–99.9th percentiles,0.078857115384556975
2026.8.14,Annual wages for select wage groups,Average real annual wage (2023$),year,1998,NA,NA,national,United States,0,Wage group,99.0–99.9th percentiles,426422.4395285574
2026.8.14,Annual wages for select wage groups,Average nominal annual wage,year,1999,NA,NA,national,United States,0,Wage group,Bottom 90%,19930.82340320516
2026.8.14,Annual wages for select wage groups,Share of total annual earnings,year,1999,NA,NA,national,United States,0,Wage group,Bottom 90%,0.615446073388174
2026.8.14,Annual wages for select wage groups,Average real annual wage (2023$),year,1999,NA,NA,national,United States,0,Wage group,Bottom 90%,34363.488626215796
2026.8.14,Annual wages for select wage groups,Average nominal annual wage,year,1999,NA,NA,national,United States,0,Wage group,Top 10%,112081.77383118594
2026.8.14,Annual wages for select wage groups,Average real annual wage (2023$),year,1999,NA,NA,national,United States,0,Wage group,Top 10%,193244.43763997575
2026.8.14,Annual wages for select wage groups,Average nominal annual wage,year,1999,NA,NA,national,United States,0,Wage group,90–95th percentiles,66319.89762888821
2026.8.14,Annual wages for select wage groups,Share of total annual earnings,year,1999,NA,NA,national,United States,0,Wage group,90–95th percentiles,0.11377218692173796
2026.8.14,Annual wages for select wage groups,Average real annual wage (2023$),year,1999,NA,NA,national,United States,0,Wage group,90–95th percentiles,114344.65108429005
2026.8.14,Annual wages for select wage groups,Average nominal annual wage,year,1999,NA,NA,national,United States,0,Wage group,90–99th percentiles,82604.46800620333
2026.8.14,Annual wages for select wage groups,Average real annual wage (2023$),year,1999,NA,NA,national,United States,0,Wage group,90–99th percentiles,142421.49656241955
2026.8.14,Annual wages for select wage groups,Average nominal annual wage,year,1999,NA,NA,national,United States,0,Wage group,Top 5%,157843.6500334837
2026.8.14,Annual wages for select wage groups,Average real annual wage (2023$),year,1999,NA,NA,national,United States,0,Wage group,Top 5%,272144.22419566155
2026.8.14,Annual wages for select wage groups,Average nominal annual wage,year,1999,NA,NA,national,United States,0,Wage group,95–99th percentiles,102960.18097784722
2026.8.14,Annual wages for select wage groups,Share of total annual earnings,year,1999,NA,NA,national,United States,0,Wage group,95–99th percentiles,0.14130305232081797
2026.8.14,Annual wages for select wage groups,Average real annual wage (2023$),year,1999,NA,NA,national,United States,0,Wage group,95–99th percentiles,177517.55341008143
2026.8.14,Annual wages for select wage groups,Average nominal annual wage,year,1999,NA,NA,national,United States,0,Wage group,Top 0.1%,1436589.5757012863
2026.8.14,Annual wages for select wage groups,Share of total annual earnings,year,1999,NA,NA,national,United States,0,Wage group,Top 0.1%,0.04928956273458196
2026.8.14,Annual wages for select wage groups,Average real annual wage (2023$),year,1999,NA,NA,national,United States,0,Wage group,Top 0.1%,2476878.5787953213
2026.8.14,Annual wages for select wage groups,Average nominal annual wage,year,1999,NA,NA,national,United States,0,Wage group,Top 1%,377377.5262560294
2026.8.14,Annual wages for select wage groups,Average real annual wage (2023$),year,1999,NA,NA,national,United States,0,Wage group,Top 1%,650650.9073379817
2026.8.14,Annual wages for select wage groups,Average nominal annual wage,year,1999,NA,NA,national,United States,0,Wage group,99.0–99.9th percentiles,259687.29853988977
2026.8.14,Annual wages for select wage groups,Share of total annual earnings,year,1999,NA,NA,national,United States,0,Wage group,99.0–99.9th percentiles,0.08018912463468808
2026.8.14,Annual wages for select wage groups,Average real annual wage (2023$),year,1999,NA,NA,national,United States,0,Wage group,99.0–99.9th percentiles,447736.7216204996
2026.8.14,Annual wages for select wage groups,Average nominal annual wage,year,2000,NA,NA,national,United States,0,Wage group,Bottom 90%,20770.858997084066
2026.8.14,Annual wages for select wage groups,Share of total annual earnings,year,2000,NA,NA,national,United States,0,Wage group,Bottom 90%,0.607699345642753
2026.8.14,Annual wages for select wage groups,Average real annual wage (2023$),year,2000,NA,NA,national,United States,0,Wage group,Bottom 90%,34618.09832847344
2026.8.14,Annual wages for select wage groups,Average nominal annual wage,year,2000,NA,NA,national,United States,0,Wage group,Top 10%,120677.757366182
2026.8.14,Annual wages for select wage groups,Average real annual wage (2023$),year,2000,NA,NA,national,United States,0,Wage group,Top 10%,201129.59561030337
2026.8.14,Annual wages for select wage groups,Average nominal annual wage,year,2000,NA,NA,national,United States,0,Wage group,90–95th percentiles,69787.9825957865
2026.8.14,Annual wages for select wage groups,Share of total annual earnings,year,2000,NA,NA,national,United States,0,Wage group,90–95th percentiles,0.11343379192705905
2026.8.14,Annual wages for select wage groups,Average real annual wage (2023$),year,2000,NA,NA,national,United States,0,Wage group,90–95th percentiles,116313.30432631084
2026.8.14,Annual wages for select wage groups,Average nominal annual wage,year,2000,NA,NA,national,United States,0,Wage group,90–99th percentiles,87429.9941242473
2026.8.14,Annual wages for select wage groups,Average real annual wage (2023$),year,2000,NA,NA,national,United States,0,Wage group,90–99th percentiles,145716.6568737455
2026.8.14,Annual wages for select wage groups,Average nominal annual wage,year,2000,NA,NA,national,United States,0,Wage group,Top 5%,171567.53213657747
2026.8.14,Annual wages for select wage groups,Average real annual wage (2023$),year,2000,NA,NA,national,United States,0,Wage group,Top 5%,285945.8868942958
2026.8.14,Annual wages for select wage groups,Average nominal annual wage,year,2000,NA,NA,national,United States,0,Wage group,95–99th percentiles,109482.50853482328
2026.8.14,Annual wages for select wage groups,Share of total annual earnings,year,2000,NA,NA,national,United States,0,Wage group,95–99th percentiles,0.14236280380503696
2026.8.14,Annual wages for select wage groups,Average real annual wage (2023$),year,2000,NA,NA,national,United States,0,Wage group,95–99th percentiles,182470.84755803875
2026.8.14,Annual wages for select wage groups,Average nominal annual wage,year,2000,NA,NA,national,United States,0,Wage group,Top 0.1%,1661452.4110917505
2026.8.14,Annual wages for select wage groups,Share of total annual earnings,year,2000,NA,NA,national,United States,0,Wage group,Top 0.1%,0.05401068782517604
2026.8.14,Annual wages for select wage groups,Average real annual wage (2023$),year,2000,NA,NA,national,United States,0,Wage group,Top 0.1%,2769087.3518195837
2026.8.14,Annual wages for select wage groups,Average nominal annual wage,year,2000,NA,NA,national,United States,0,Wage group,Top 1%,419907.6265435943
2026.8.14,Annual wages for select wage groups,Average real annual wage (2023$),year,2000,NA,NA,national,United States,0,Wage group,Top 1%,699846.0442393239
2026.8.14,Annual wages for select wage groups,Average nominal annual wage,year,2000,NA,NA,national,United States,0,Wage group,99.0–99.9th percentiles,281958.20603824366
2026.8.14,Annual wages for select wage groups,Share of total annual earnings,year,2000,NA,NA,national,United States,0,Wage group,99.0–99.9th percentiles,0.08249337079997499
2026.8.14,Annual wages for select wage groups,Average real annual wage (2023$),year,2000,NA,NA,national,United States,0,Wage group,99.0–99.9th percentiles,469930.3433970728
2026.8.14,Annual wages for select wage groups,Average nominal annual wage,year,2001,NA,NA,national,United States,0,Wage group,Bottom 90%,21426.404701008756
2026.8.14,Annual wages for select wage groups,Share of total annual earnings,year,2001,NA,NA,national,United States,0,Wage group,Bottom 90%,0.616291446284856
2026.8.14,Annual wages for select wage groups,Average real annual wage (2023$),year,2001,NA,NA,national,United States,0,Wage group,Bottom 90%,34923.190787837855
2026.8.14,Annual wages for select wage groups,Average nominal annual wage,year,2001,NA,NA,national,United States,0,Wage group,Top 10%,120062.4368199561
2026.8.14,Annual wages for select wage groups,Average real annual wage (2023$),year,2001,NA,NA,national,United States,0,Wage group,Top 10%,195691.41188295817
2026.8.14,Annual wages for select wage groups,Average nominal annual wage,year,2001,NA,NA,national,United States,0,Wage group,90–95th percentiles,71935.94223798312
2026.8.14,Annual wages for select wage groups,Share of total annual earnings,year,2001,NA,NA,national,United States,0,Wage group,90–95th percentiles,0.11495034203605604
2026.8.14,Annual wages for select wage groups,Average real annual wage (2023$),year,2001,NA,NA,national,United States,0,Wage group,90–95th percentiles,117249.37852787276
2026.8.14,Annual wages for select wage groups,Average nominal annual wage,year,2001,NA,NA,national,United States,0,Wage group,90–99th percentiles,89695.25183310105
2026.8.14,Annual wages for select wage groups,Average real annual wage (2023$),year,2001,NA,NA,national,United States,0,Wage group,90–99th percentiles,146195.5207250928
2026.8.14,Annual wages for select wage groups,Average nominal annual wage,year,2001,NA,NA,national,United States,0,Wage group,Top 5%,168188.93140192906
2026.8.14,Annual wages for select wage groups,Average real annual wage (2023$),year,2001,NA,NA,national,United States,0,Wage group,Top 5%,274133.44523804355
2026.8.14,Annual wages for select wage groups,Average nominal annual wage,year,2001,NA,NA,national,United States,0,Wage group,95–99th percentiles,111894.38882699846
2026.8.14,Annual wages for select wage groups,Share of total annual earnings,year,2001,NA,NA,national,United States,0,Wage group,95–99th percentiles,0.14304168811776496
2026.8.14,Annual wages for select wage groups,Average real annual wage (2023$),year,2001,NA,NA,national,United States,0,Wage group,95–99th percentiles,182378.19847161783
2026.8.14,Annual wages for select wage groups,Average nominal annual wage,year,2001,NA,NA,national,United States,0,Wage group,Top 0.1%,1436786.4746854124
2026.8.14,Annual wages for select wage groups,Share of total annual earnings,year,2001,NA,NA,national,United States,0,Wage group,Top 0.1%,0.04591838003635995
2026.8.14,Annual wages for select wage groups,Average real annual wage (2023$),year,2001,NA,NA,national,United States,0,Wage group,Top 0.1%,2341837.974079771
2026.8.14,Annual wages for select wage groups,Average nominal annual wage,year,2001,NA,NA,national,United States,0,Wage group,Top 1%,393367.1017016515
2026.8.14,Annual wages for select wage groups,Average real annual wage (2023$),year,2001,NA,NA,national,United States,0,Wage group,Top 1%,641154.4323037465
2026.8.14,Annual wages for select wage groups,Average nominal annual wage,year,2001,NA,NA,national,United States,0,Wage group,99.0–99.9th percentiles,277431.6158145669
2026.8.14,Annual wages for select wage groups,Share of total annual earnings,year,2001,NA,NA,national,United States,0,Wage group,99.0–99.9th percentiles,0.07979814352496306
2026.8.14,Annual wages for select wage groups,Average real annual wage (2023$),year,2001,NA,NA,national,United States,0,Wage group,99.0–99.9th percentiles,452189.5943286326
2026.8.14,Annual wages for select wage groups,Average nominal annual wage,year,2002,NA,NA,national,United States,0,Wage group,Bottom 90%,21801.535048152047
2026.8.14,Annual wages for select wage groups,Share of total annual earnings,year,2002,NA,NA,national,United States,0,Wage group,Bottom 90%,0.62232989173256
2026.8.14,Annual wages for select wage groups,Average real annual wage (2023$),year,2002,NA,NA,national,United States,0,Wage group,Bottom 90%,35097.168164638715
2026.8.14,Annual wages for select wage groups,Average nominal annual wage,year,2002,NA,NA,national,United States,0,Wage group,Top 10%,119075.2588020201
2026.8.14,Annual wages for select wage groups,Average real annual wage (2023$),year,2002,NA,NA,national,United States,0,Wage group,Top 10%,191693.12496537328
2026.8.14,Annual wages for select wage groups,Average nominal annual wage,year,2002,NA,NA,national,United States,0,Wage group,90–95th percentiles,73545.56028207233
2026.8.14,Annual wages for select wage groups,Share of total annual earnings,year,2002,NA,NA,national,United States,0,Wage group,90–95th percentiles,0.11663195190069398
2026.8.14,Annual wages for select wage groups,Average real annual wage (2023$),year,2002,NA,NA,national,United States,0,Wage group,90–95th percentiles,118397.20878742704
2026.8.14,Annual wages for select wage groups,Average nominal annual wage,year,2002,NA,NA,national,United States,0,Wage group,90–99th percentiles,90949.99586060416
2026.8.14,Annual wages for select wage groups,Average real annual wage (2023$),year,2002,NA,NA,national,United States,0,Wage group,90–99th percentiles,146415.71303316957
2026.8.14,Annual wages for select wage groups,Average nominal annual wage,year,2002,NA,NA,national,United States,0,Wage group,Top 5%,164604.95732196787
2026.8.14,Annual wages for select wage groups,Average real annual wage (2023$),year,2002,NA,NA,national,United States,0,Wage group,Top 5%,264989.0411433195
2026.8.14,Annual wages for select wage groups,Average nominal annual wage,year,2002,NA,NA,national,United States,0,Wage group,95–99th percentiles,112705.54033376888
2026.8.14,Annual wages for select wage groups,Share of total annual earnings,year,2002,NA,NA,national,United States,0,Wage group,95–99th percentiles,0.14298692792586298
2026.8.14,Annual wages for select wage groups,Average real annual wage (2023$),year,2002,NA,NA,national,United States,0,Wage group,95–99th percentiles,181438.84334034767
2026.8.14,Annual wages for select wage groups,Average nominal annual wage,year,2002,NA,NA,national,United States,0,Wage group,Top 0.1%,1276089.055111962
2026.8.14,Annual wages for select wage groups,Share of total annual earnings,year,2002,NA,NA,national,United States,0,Wage group,Top 0.1%,0.040473621174683
2026.8.14,Annual wages for select wage groups,Average real annual wage (2023$),year,2002,NA,NA,national,United States,0,Wage group,Top 0.1%,2054310.0319037272
2026.8.14,Annual wages for select wage groups,Average nominal annual wage,year,2002,NA,NA,national,United States,0,Wage group,Top 1%,372202.6252747637
2026.8.14,Annual wages for select wage groups,Average real annual wage (2023$),year,2002,NA,NA,national,United States,0,Wage group,Top 1%,599189.8323552067
2026.8.14,Annual wages for select wage groups,Average nominal annual wage,year,2002,NA,NA,national,United States,0,Wage group,99.0–99.9th percentiles,271770.7997372972
2026.8.14,Annual wages for select wage groups,Share of total annual earnings,year,2002,NA,NA,national,United States,0,Wage group,99.0–99.9th percentiles,0.0775776072662
2026.8.14,Annual wages for select wage groups,Average real annual wage (2023$),year,2002,NA,NA,national,United States,0,Wage group,99.0–99.9th percentiles,437509.81018314895
2026.8.14,Annual wages for select wage groups,Average nominal annual wage,year,2003,NA,NA,national,United States,0,Wage group,Bottom 90%,22391.601312978695
2026.8.14,Annual wages for select wage groups,Share of total annual earnings,year,2003,NA,NA,national,United States,0,Wage group,Bottom 90%,0.62104221120908
2026.8.14,Annual wages for select wage groups,Average real annual wage (2023$),year,2003,NA,NA,national,United States,0,Wage group,Bottom 90%,35311.43064198866
2026.8.14,Annual wages for select wage groups,Average nominal annual wage,year,2003,NA,NA,national,United States,0,Wage group,Top 10%,122969.49242919972
2026.8.14,Annual wages for select wage groups,Average real annual wage (2023$),year,2003,NA,NA,national,United States,0,Wage group,Top 10%,193922.20512953572
2026.8.14,Annual wages for select wage groups,Average nominal annual wage,year,2003,NA,NA,national,United States,0,Wage group,90–95th percentiles,75801.21643415936
2026.8.14,Annual wages for select wage groups,Share of total annual earnings,year,2003,NA,NA,national,United States,0,Wage group,90–95th percentiles,0.116799137737719
2026.8.14,Annual wages for select wage groups,Average real annual wage (2023$),year,2003,NA,NA,national,United States,0,Wage group,90–95th percentiles,119538.09641750548
2026.8.14,Annual wages for select wage groups,Average nominal annual wage,year,2003,NA,NA,national,United States,0,Wage group,90–99th percentiles,93975.57803049983
2026.8.14,Annual wages for select wage groups,Average real annual wage (2023$),year,2003,NA,NA,national,United States,0,Wage group,90–99th percentiles,148198.96349893295
2026.8.14,Annual wages for select wage groups,Average nominal annual wage,year,2003,NA,NA,national,United States,0,Wage group,Top 5%,170137.76842424006
2026.8.14,Annual wages for select wage groups,Average real annual wage (2023$),year,2003,NA,NA,national,United States,0,Wage group,Top 5%,268306.3138415659
2026.8.14,Annual wages for select wage groups,Average nominal annual wage,year,2003,NA,NA,national,United States,0,Wage group,95–99th percentiles,116693.53002592544
2026.8.14,Annual wages for select wage groups,Share of total annual earnings,year,2003,NA,NA,national,United States,0,Wage group,95–99th percentiles,0.14384680698033303
2026.8.14,Annual wages for select wage groups,Average real annual wage (2023$),year,2003,NA,NA,national,United States,0,Wage group,95–99th percentiles,184025.04735071727
2026.8.14,Annual wages for select wage groups,Average nominal annual wage,year,2003,NA,NA,national,United States,0,Wage group,Top 0.1%,1307049.2310572106
2026.8.14,Annual wages for select wage groups,Share of total annual earnings,year,2003,NA,NA,national,United States,0,Wage group,Top 0.1%,0.04027962356008696
2026.8.14,Annual wages for select wage groups,Average real annual wage (2023$),year,2003,NA,NA,national,United States,0,Wage group,Top 0.1%,2061209.3625206477
2026.8.14,Annual wages for select wage groups,Average nominal annual wage,year,2003,NA,NA,national,United States,0,Wage group,Top 1%,383914.72201749845
2026.8.14,Annual wages for select wage groups,Average real annual wage (2023$),year,2003,NA,NA,national,United States,0,Wage group,Top 1%,605431.3798049605
2026.8.14,Annual wages for select wage groups,Average nominal annual wage,year,2003,NA,NA,national,United States,0,Wage group,99.0–99.9th percentiles,281344.22101308603
2026.8.14,Annual wages for select wage groups,Share of total annual earnings,year,2003,NA,NA,national,United States,0,Wage group,99.0–99.9th percentiles,0.07803222051278103
2026.8.14,Annual wages for select wage groups,Average real annual wage (2023$),year,2003,NA,NA,national,United States,0,Wage group,99.0–99.9th percentiles,443678.2706143286
2026.8.14,Annual wages for select wage groups,Average nominal annual wage,year,2004,NA,NA,national,United States,0,Wage group,Bottom 90%,23159.76842452214
2026.8.14,Annual wages for select wage groups,Share of total annual earnings,year,2004,NA,NA,national,United States,0,Wage group,Bottom 90%,0.614637572207441
2026.8.14,Annual wages for select wage groups,Average real annual wage (2023$),year,2004,NA,NA,national,United States,0,Wage group,Bottom 90%,35630.41296080329
2026.8.14,Annual wages for select wage groups,Average nominal annual wage,year,2004,NA,NA,national,United States,0,Wage group,Top 10%,130685.37446580992
2026.8.14,Annual wages for select wage groups,Average real annual wage (2023$),year,2004,NA,NA,national,United States,0,Wage group,Top 10%,201054.42225509215
2026.8.14,Annual wages for select wage groups,Average nominal annual wage,year,2004,NA,NA,national,United States,0,Wage group,90–95th percentiles,78855.58258779268
2026.8.14,Annual wages for select wage groups,Share of total annual earnings,year,2004,NA,NA,national,United States,0,Wage group,90–95th percentiles,0.116263885209965
2026.8.14,Annual wages for select wage groups,Average real annual wage (2023$),year,2004,NA,NA,national,United States,0,Wage group,90–95th percentiles,121316.28090429642
2026.8.14,Annual wages for select wage groups,Average nominal annual wage,year,2004,NA,NA,national,United States,0,Wage group,90–99th percentiles,97913.11052688705
2026.8.14,Annual wages for select wage groups,Average real annual wage (2023$),year,2004,NA,NA,national,United States,0,Wage group,90–99th percentiles,150635.5546567493
2026.8.14,Annual wages for select wage groups,Average nominal annual wage,year,2004,NA,NA,national,United States,0,Wage group,Top 5%,182515.16634382715
2026.8.14,Annual wages for select wage groups,Average real annual wage (2023$),year,2004,NA,NA,national,United States,0,Wage group,Top 5%,280792.56360588793
2026.8.14,Annual wages for select wage groups,Average nominal annual wage,year,2004,NA,NA,national,United States,0,Wage group,95–99th percentiles,121735.020450755
2026.8.14,Annual wages for select wage groups,Share of total annual earnings,year,2004,NA,NA,national,United States,0,Wage group,95–99th percentiles,0.14358792089792105
2026.8.14,Annual wages for select wage groups,Average real annual wage (2023$),year,2004,NA,NA,national,United States,0,Wage group,95–99th percentiles,187284.64684731537
2026.8.14,Annual wages for select wage groups,Average nominal annual wage,year,2004,NA,NA,national,United States,0,Wage group,Top 0.1%,1540667.476281417
2026.8.14,Annual wages for select wage groups,Share of total annual earnings,year,2004,NA,NA,national,United States,0,Wage group,Top 0.1%,0.045430895500565
2026.8.14,Annual wages for select wage groups,Average real annual wage (2023$),year,2004,NA,NA,national,United States,0,Wage group,Top 0.1%,2370257.6558175646
2026.8.14,Annual wages for select wage groups,Average nominal annual wage,year,2004,NA,NA,national,United States,0,Wage group,Top 1%,425635.74991611583
2026.8.14,Annual wages for select wage groups,Average real annual wage (2023$),year,2004,NA,NA,national,United States,0,Wage group,Top 1%,654824.2306401782
2026.8.14,Annual wages for select wage groups,Average nominal annual wage,year,2004,NA,NA,national,United States,0,Wage group,99.0–99.9th percentiles,301743.3358755268
2026.8.14,Annual wages for select wage groups,Share of total annual earnings,year,2004,NA,NA,national,United States,0,Wage group,99.0–99.9th percentiles,0.08007972618410797
2026.8.14,Annual wages for select wage groups,Average real annual wage (2023$),year,2004,NA,NA,national,United States,0,Wage group,99.0–99.9th percentiles,464220.5167315798
2026.8.14,Annual wages for select wage groups,Average nominal annual wage,year,2005,NA,NA,national,United States,0,Wage group,Bottom 90%,23854.053444389847
2026.8.14,Annual wages for select wage groups,Share of total annual earnings,year,2005,NA,NA,national,United States,0,Wage group,Bottom 90%,0.609546387302216
2026.8.14,Annual wages for select wage groups,Average real annual wage (2023$),year,2005,NA,NA,national,United States,0,Wage group,Bottom 90%,35665.69116575439
2026.8.14,Annual wages for select wage groups,Average nominal annual wage,year,2005,NA,NA,national,United States,0,Wage group,Top 10%,137520.48055707925
2026.8.14,Annual wages for select wage groups,Average real annual wage (2023$),year,2005,NA,NA,national,United States,0,Wage group,Top 10%,205615.49423661808
2026.8.14,Annual wages for select wage groups,Average nominal annual wage,year,2005,NA,NA,national,United States,0,Wage group,90–95th percentiles,81706.7840068616
2026.8.14,Annual wages for select wage groups,Share of total annual earnings,year,2005,NA,NA,national,United States,0,Wage group,90–95th percentiles,0.11599257386304396
2026.8.14,Annual wages for select wage groups,Average real annual wage (2023$),year,2005,NA,NA,national,United States,0,Wage group,90–95th percentiles,122164.93650981948
2026.8.14,Annual wages for select wage groups,Average nominal annual wage,year,2005,NA,NA,national,United States,0,Wage group,90–99th percentiles,102017.36821738936
2026.8.14,Annual wages for select wage groups,Average real annual wage (2023$),year,2005,NA,NA,national,United States,0,Wage group,90–99th percentiles,152532.56461702895
2026.8.14,Annual wages for select wage groups,Average nominal annual wage,year,2005,NA,NA,national,United States,0,Wage group,Top 5%,193334.1771072969
2026.8.14,Annual wages for select wage groups,Average real annual wage (2023$),year,2005,NA,NA,national,United States,0,Wage group,Top 5%,289066.0519634167
2026.8.14,Annual wages for select wage groups,Average nominal annual wage,year,2005,NA,NA,national,United States,0,Wage group,95–99th percentiles,127405.59848054904
2026.8.14,Annual wages for select wage groups,Share of total annual earnings,year,2005,NA,NA,national,United States,0,Wage group,95–99th percentiles,0.14469401503874502
2026.8.14,Annual wages for select wage groups,Average real annual wage (2023$),year,2005,NA,NA,national,United States,0,Wage group,95–99th percentiles,190492.0997510408
2026.8.14,Annual wages for select wage groups,Average nominal annual wage,year,2005,NA,NA,national,United States,0,Wage group,Top 0.1%,1681082.8098421649
2026.8.14,Annual wages for select wage groups,Share of total annual earnings,year,2005,NA,NA,national,United States,0,Wage group,Top 0.1%,0.04772997110598198
2026.8.14,Annual wages for select wage groups,Average real annual wage (2023$),year,2005,NA,NA,national,United States,0,Wage group,Top 0.1%,2513492.327820299
2026.8.14,Annual wages for select wage groups,Average nominal annual wage,year,2005,NA,NA,national,United States,0,Wage group,Top 1%,457048.4916142884
2026.8.14,Annual wages for select wage groups,Average real annual wage (2023$),year,2005,NA,NA,national,United States,0,Wage group,Top 1%,683361.8608129203
2026.8.14,Annual wages for select wage groups,Average nominal annual wage,year,2005,NA,NA,national,United States,0,Wage group,99.0–99.9th percentiles,321044.6784778578
2026.8.14,Annual wages for select wage groups,Share of total annual earnings,year,2005,NA,NA,national,United States,0,Wage group,99.0–99.9th percentiles,0.08203705269001305
2026.8.14,Annual wages for select wage groups,Average real annual wage (2023$),year,2005,NA,NA,national,United States,0,Wage group,99.0–99.9th percentiles,480014.03114543384
2026.8.14,Annual wages for select wage groups,Average nominal annual wage,year,2006,NA,NA,national,United States,0,Wage group,Bottom 90%,24915.445011646847
2026.8.14,Annual wages for select wage groups,Share of total annual earnings,year,2006,NA,NA,national,United States,0,Wage group,Bottom 90%,0.605402895792117
2026.8.14,Annual wages for select wage groups,Average real annual wage (2023$),year,2006,NA,NA,national,United States,0,Wage group,Bottom 90%,36201.9286494014
2026.8.14,Annual wages for select wage groups,Average nominal annual wage,year,2006,NA,NA,national,United States,0,Wage group,Top 10%,146157.3155328991
2026.8.14,Annual wages for select wage groups,Average real annual wage (2023$),year,2006,NA,NA,national,United States,0,Wage group,Top 10%,212365.33026147736
2026.8.14,Annual wages for select wage groups,Average nominal annual wage,year,2006,NA,NA,national,United States,0,Wage group,90–95th percentiles,85913.31416045695
2026.8.14,Annual wages for select wage groups,Share of total annual earnings,year,2006,NA,NA,national,United States,0,Wage group,90–95th percentiles,0.11597484825515791
2026.8.14,Annual wages for select wage groups,Average real annual wage (2023$),year,2006,NA,NA,national,United States,0,Wage group,90–95th percentiles,124831.31117331352
2026.8.14,Annual wages for select wage groups,Average nominal annual wage,year,2006,NA,NA,national,United States,0,Wage group,90–99th percentiles,107842.23200000307
2026.8.14,Annual wages for select wage groups,Average real annual wage (2023$),year,2006,NA,NA,national,United States,0,Wage group,90–99th percentiles,156693.84136752586
2026.8.14,Annual wages for select wage groups,Average nominal annual wage,year,2006,NA,NA,national,United States,0,Wage group,Top 5%,206401.3169053413
2026.8.14,Annual wages for select wage groups,Average real annual wage (2023$),year,2006,NA,NA,national,United States,0,Wage group,Top 5%,299899.3493496412
2026.8.14,Annual wages for select wage groups,Average nominal annual wage,year,2006,NA,NA,national,United States,0,Wage group,95–99th percentiles,135253.3792994358
2026.8.14,Annual wages for select wage groups,Share of total annual earnings,year,2006,NA,NA,national,United States,0,Wage group,95–99th percentiles,0.146063415604741
2026.8.14,Annual wages for select wage groups,Average real annual wage (2023$),year,2006,NA,NA,national,United States,0,Wage group,95–99th percentiles,196522.0041102913
2026.8.14,Annual wages for select wage groups,Average nominal annual wage,year,2006,NA,NA,national,United States,0,Wage group,Top 0.1%,1826382.27019582
2026.8.14,Annual wages for select wage groups,Share of total annual earnings,year,2006,NA,NA,national,United States,0,Wage group,Top 0.1%,0.04930886643396703
2026.8.14,Annual wages for select wage groups,Average real annual wage (2023$),year,2006,NA,NA,national,United States,0,Wage group,Top 0.1%,2653717.828489653
2026.8.14,Annual wages for select wage groups,Average nominal annual wage,year,2006,NA,NA,national,United States,0,Wage group,Top 1%,490993.0673289633
2026.8.14,Annual wages for select wage groups,Average real annual wage (2023$),year,2006,NA,NA,national,United States,0,Wage group,Top 1%,713408.7303070407
2026.8.14,Annual wages for select wage groups,Average nominal annual wage,year,2006,NA,NA,national,United States,0,Wage group,99.0–99.9th percentiles,342616.4892326459
2026.8.14,Annual wages for select wage groups,Share of total annual earnings,year,2006,NA,NA,national,United States,0,Wage group,99.0–99.9th percentiles,0.083249973914017
2026.8.14,Annual wages for select wage groups,Average real annual wage (2023$),year,2006,NA,NA,national,United States,0,Wage group,99.0–99.9th percentiles,497818.8305089727
2026.8.14,Annual wages for select wage groups,Average nominal annual wage,year,2007,NA,NA,national,United States,0,Wage group,Bottom 90%,25813.973452110873
2026.8.14,Annual wages for select wage groups,Share of total annual earnings,year,2007,NA,NA,national,United States,0,Wage group,Bottom 90%,0.600376732337515
2026.8.14,Annual wages for select wage groups,Average real annual wage (2023$),year,2007,NA,NA,national,United States,0,Wage group,Bottom 90%,36569.795723823736
2026.8.14,Annual wages for select wage groups,Average nominal annual wage,year,2007,NA,NA,national,United States,0,Wage group,Top 10%,154640.86930732863
2026.8.14,Annual wages for select wage groups,Average real annual wage (2023$),year,2007,NA,NA,national,United States,0,Wage group,Top 10%,219074.56485204888
2026.8.14,Annual wages for select wage groups,Average nominal annual wage,year,2007,NA,NA,national,United States,0,Wage group,90–95th percentiles,89383.19296764366
2026.8.14,Annual wages for select wage groups,Share of total annual earnings,year,2007,NA,NA,national,United States,0,Wage group,90–95th percentiles,0.11549211992868502
2026.8.14,Annual wages for select wage groups,Average real annual wage (2023$),year,2007,NA,NA,national,United States,0,Wage group,90–95th percentiles,126626.19003749517
2026.8.14,Annual wages for select wage groups,Average nominal annual wage,year,2007,NA,NA,national,United States,0,Wage group,90–99th percentiles,112759.4612311523
2026.8.14,Annual wages for select wage groups,Average real annual wage (2023$),year,2007,NA,NA,national,United States,0,Wage group,90–99th percentiles,159742.57007746573
2026.8.14,Annual wages for select wage groups,Average nominal annual wage,year,2007,NA,NA,national,United States,0,Wage group,Top 5%,219898.54564701355
2026.8.14,Annual wages for select wage groups,Average real annual wage (2023$),year,2007,NA,NA,national,United States,0,Wage group,Top 5%,311522.9396666025
2026.8.14,Annual wages for select wage groups,Average nominal annual wage,year,2007,NA,NA,national,United States,0,Wage group,95–99th percentiles,141979.79656053806
2026.8.14,Annual wages for select wage groups,Share of total annual earnings,year,2007,NA,NA,national,United States,0,Wage group,95–99th percentiles,0.14676179847596904
2026.8.14,Annual wages for select wage groups,Average real annual wage (2023$),year,2007,NA,NA,national,United States,0,Wage group,95–99th percentiles,201138.0451274289
2026.8.14,Annual wages for select wage groups,Average nominal annual wage,year,2007,NA,NA,national,United States,0,Wage group,Top 0.1%,2052306.1728089168
2026.8.14,Annual wages for select wage groups,Share of total annual earnings,year,2007,NA,NA,national,United States,0,Wage group,Top 0.1%,0.053035740337947
2026.8.14,Annual wages for select wage groups,Average real annual wage (2023$),year,2007,NA,NA,national,United States,0,Wage group,Top 0.1%,2907433.744812632
2026.8.14,Annual wages for select wage groups,Average nominal annual wage,year,2007,NA,NA,national,United States,0,Wage group,Top 1%,531573.5419929156
2026.8.14,Annual wages for select wage groups,Average real annual wage (2023$),year,2007,NA,NA,national,United States,0,Wage group,Top 1%,753062.5178232971
2026.8.14,Annual wages for select wage groups,Average nominal annual wage,year,2007,NA,NA,national,United States,0,Wage group,99.0–99.9th percentiles,362603.24968002667
2026.8.14,Annual wages for select wage groups,Share of total annual earnings,year,2007,NA,NA,national,United States,0,Wage group,99.0–99.9th percentiles,0.08433360891988395
2026.8.14,Annual wages for select wage groups,Average real annual wage (2023$),year,2007,NA,NA,national,United States,0,Wage group,99.0–99.9th percentiles,513687.9370467044
2026.8.14,Annual wages for select wage groups,Average nominal annual wage,year,2008,NA,NA,national,United States,0,Wage group,Bottom 90%,26641.87602901798
2026.8.14,Annual wages for select wage groups,Share of total annual earnings,year,2008,NA,NA,national,United States,0,Wage group,Bottom 90%,0.606211489318238
2026.8.14,Annual wages for select wage groups,Average real annual wage (2023$),year,2008,NA,NA,national,United States,0,Wage group,Bottom 90%,36407.70839978341
2026.8.14,Annual wages for select wage groups,Average nominal annual wage,year,2008,NA,NA,national,United States,0,Wage group,Top 10%,155756.5038156981
2026.8.14,Annual wages for select wage groups,Average real annual wage (2023$),year,2008,NA,NA,national,United States,0,Wage group,Top 10%,212850.52772241697
2026.8.14,Annual wages for select wage groups,Average nominal annual wage,year,2008,NA,NA,national,United States,0,Wage group,90–95th percentiles,92718.28208530524
2026.8.14,Annual wages for select wage groups,Share of total annual earnings,year,2008,NA,NA,national,United States,0,Wage group,90–95th percentiles,0.117206644091558
2026.8.14,Annual wages for select wage groups,Average real annual wage (2023$),year,2008,NA,NA,national,United States,0,Wage group,90–95th percentiles,126705.0478657708
2026.8.14,Annual wages for select wage groups,Average nominal annual wage,year,2008,NA,NA,national,United States,0,Wage group,90–99th percentiles,116325.32007740482
2026.8.14,Annual wages for select wage groups,Average real annual wage (2023$),year,2008,NA,NA,national,United States,0,Wage group,90–99th percentiles,158965.46955915447
2026.8.14,Annual wages for select wage groups,Average nominal annual wage,year,2008,NA,NA,national,United States,0,Wage group,Top 5%,218794.72554609092
2026.8.14,Annual wages for select wage groups,Average real annual wage (2023$),year,2008,NA,NA,national,United States,0,Wage group,Top 5%,298996.0075790631
2026.8.14,Annual wages for select wage groups,Average nominal annual wage,year,2008,NA,NA,national,United States,0,Wage group,95–99th percentiles,145834.11756752932
2026.8.14,Annual wages for select wage groups,Share of total annual earnings,year,2008,NA,NA,national,United States,0,Wage group,95–99th percentiles,0.14748096819496903
2026.8.14,Annual wages for select wage groups,Average real annual wage (2023$),year,2008,NA,NA,national,United States,0,Wage group,95–99th percentiles,199290.9966758841
2026.8.14,Annual wages for select wage groups,Average nominal annual wage,year,2008,NA,NA,national,United States,0,Wage group,Top 0.1%,1869274.775317673
2026.8.14,Annual wages for select wage groups,Share of total annual earnings,year,2008,NA,NA,national,United States,0,Wage group,Top 0.1%,0.04725959505988497
2026.8.14,Annual wages for select wage groups,Average real annual wage (2023$),year,2008,NA,NA,national,United States,0,Wage group,Top 0.1%,2554475.1752733476
2026.8.14,Annual wages for select wage groups,Average nominal annual wage,year,2008,NA,NA,national,United States,0,Wage group,Top 1%,510637.1574603374
2026.8.14,Annual wages for select wage groups,Average real annual wage (2023$),year,2008,NA,NA,national,United States,0,Wage group,Top 1%,697816.0511917793
2026.8.14,Annual wages for select wage groups,Average nominal annual wage,year,2008,NA,NA,national,United States,0,Wage group,99.0–99.9th percentiles,359677.4221428556
2026.8.14,Annual wages for select wage groups,Share of total annual earnings,year,2008,NA,NA,national,United States,0,Wage group,99.0–99.9th percentiles,0.08184130333535
2026.8.14,Annual wages for select wage groups,Average real annual wage (2023$),year,2008,NA,NA,national,United States,0,Wage group,99.0–99.9th percentiles,491520.59296049393
2026.8.14,Annual wages for select wage groups,Average nominal annual wage,year,2009,NA,NA,national,United States,0,Wage group,Bottom 90%,26510.30196896786
2026.8.14,Annual wages for select wage groups,Share of total annual earnings,year,2009,NA,NA,national,United States,0,Wage group,Bottom 90%,0.613069724269623
2026.8.14,Annual wages for select wage groups,Average real annual wage (2023$),year,2009,NA,NA,national,United States,0,Wage group,Bottom 90%,36374.10278228035
2026.8.14,Annual wages for select wage groups,Average nominal annual wage,year,2009,NA,NA,national,United States,0,Wage group,Top 10%,150584.41544298737
2026.8.14,Annual wages for select wage groups,Average real annual wage (2023$),year,2009,NA,NA,national,United States,0,Wage group,Top 10%,206612.99939715775
2026.8.14,Annual wages for select wage groups,Average nominal annual wage,year,2009,NA,NA,national,United States,0,Wage group,90–95th percentiles,92976.72765223365
2026.8.14,Annual wages for select wage groups,Share of total annual earnings,year,2009,NA,NA,national,United States,0,Wage group,90–95th percentiles,0.119452968493302
2026.8.14,Annual wages for select wage groups,Average real annual wage (2023$),year,2009,NA,NA,national,United States,0,Wage group,90–95th percentiles,127570.97417982016
2026.8.14,Annual wages for select wage groups,Average nominal annual wage,year,2009,NA,NA,national,United States,0,Wage group,90–99th percentiles,116023.1863327548
2026.8.14,Annual wages for select wage groups,Average real annual wage (2023$),year,2009,NA,NA,national,United States,0,Wage group,90–99th percentiles,159192.42676810583
2026.8.14,Annual wages for select wage groups,Average nominal annual wage,year,2009,NA,NA,national,United States,0,Wage group,Top 5%,208192.103233741
2026.8.14,Annual wages for select wage groups,Average real annual wage (2023$),year,2009,NA,NA,national,United States,0,Wage group,Top 5%,285655.0246144953
2026.8.14,Annual wages for select wage groups,Average nominal annual wage,year,2009,NA,NA,national,United States,0,Wage group,95–99th percentiles,144831.2596834062
2026.8.14,Annual wages for select wage groups,Share of total annual earnings,year,2009,NA,NA,national,United States,0,Wage group,95–99th percentiles,0.14885896147704691
2026.8.14,Annual wages for select wage groups,Average real annual wage (2023$),year,2009,NA,NA,national,United States,0,Wage group,95–99th percentiles,198719.2425034629
2026.8.14,Annual wages for select wage groups,Average nominal annual wage,year,2009,NA,NA,national,United States,0,Wage group,Top 0.1%,1532998.8740430116
2026.8.14,Annual wages for select wage groups,Share of total annual earnings,year,2009,NA,NA,national,United States,0,Wage group,Top 0.1%,0.03939077462185303
2026.8.14,Annual wages for select wage groups,Average real annual wage (2023$),year,2009,NA,NA,national,United States,0,Wage group,Top 0.1%,2103388.28561188
2026.8.14,Annual wages for select wage groups,Average nominal annual wage,year,2009,NA,NA,national,United States,0,Wage group,Top 1%,461635.4774350802
2026.8.14,Annual wages for select wage groups,Average real annual wage (2023$),year,2009,NA,NA,national,United States,0,Wage group,Top 1%,633398.153058625
2026.8.14,Annual wages for select wage groups,Average nominal annual wage,year,2009,NA,NA,national,United States,0,Wage group,99.0–99.9th percentiles,342595.10003419884
2026.8.14,Annual wages for select wage groups,Share of total annual earnings,year,2009,NA,NA,national,United States,0,Wage group,99.0–99.9th percentiles,0.07922757113817502
2026.8.14,Annual wages for select wage groups,Average real annual wage (2023$),year,2009,NA,NA,national,United States,0,Wage group,99.0–99.9th percentiles,470065.91610826313
2026.8.14,Annual wages for select wage groups,Average nominal annual wage,year,2010,NA,NA,national,United States,0,Wage group,Bottom 90%,26836.953482007237
2026.8.14,Annual wages for select wage groups,Share of total annual earnings,year,2010,NA,NA,national,United States,0,Wage group,Bottom 90%,0.604987032423717
2026.8.14,Annual wages for select wage groups,Average real annual wage (2023$),year,2010,NA,NA,national,United States,0,Wage group,Bottom 90%,36323.90200590152
2026.8.14,Annual wages for select wage groups,Average nominal annual wage,year,2010,NA,NA,national,United States,0,Wage group,Top 10%,157703.3830600975
2026.8.14,Annual wages for select wage groups,Average real annual wage (2023$),year,2010,NA,NA,national,United States,0,Wage group,Top 10%,213452.0312119154
2026.8.14,Annual wages for select wage groups,Average nominal annual wage,year,2010,NA,NA,national,United States,0,Wage group,90–95th percentiles,95047.524623843
2026.8.14,Annual wages for select wage groups,Share of total annual earnings,year,2010,NA,NA,national,United States,0,Wage group,90–95th percentiles,0.11903677661796395
2026.8.14,Annual wages for select wage groups,Average real annual wage (2023$),year,2010,NA,NA,national,United States,0,Wage group,90–95th percentiles,128647.12727749452
2026.8.14,Annual wages for select wage groups,Average nominal annual wage,year,2010,NA,NA,national,United States,0,Wage group,90–99th percentiles,119312.93180848776
2026.8.14,Annual wages for select wage groups,Average real annual wage (2023$),year,2010,NA,NA,national,United States,0,Wage group,90–99th percentiles,161490.43318027805
2026.8.14,Annual wages for select wage groups,Average nominal annual wage,year,2010,NA,NA,national,United States,0,Wage group,Top 5%,220359.24149635195
2026.8.14,Annual wages for select wage groups,Average real annual wage (2023$),year,2010,NA,NA,national,United States,0,Wage group,Top 5%,298256.93514633627
2026.8.14,Annual wages for select wage groups,Average nominal annual wage,year,2010,NA,NA,national,United States,0,Wage group,95–99th percentiles,149644.6907892938
2026.8.14,Annual wages for select wage groups,Share of total annual earnings,year,2010,NA,NA,national,United States,0,Wage group,95–99th percentiles,0.1499310724822891
2026.8.14,Annual wages for select wage groups,Average real annual wage (2023$),year,2010,NA,NA,national,United States,0,Wage group,95–99th percentiles,202544.56555875752
2026.8.14,Annual wages for select wage groups,Average nominal annual wage,year,2010,NA,NA,national,United States,0,Wage group,Top 0.1%,1742567.7700138087
2026.8.14,Annual wages for select wage groups,Share of total annual earnings,year,2010,NA,NA,national,United States,0,Wage group,Top 0.1%,0.043647564984299
2026.8.14,Annual wages for select wage groups,Average real annual wage (2023$),year,2010,NA,NA,national,United States,0,Wage group,Top 0.1%,2358571.0262925755
2026.8.14,Annual wages for select wage groups,Average nominal annual wage,year,2010,NA,NA,national,United States,0,Wage group,Top 1%,503217.4443245849
2026.8.14,Annual wages for select wage groups,Average real annual wage (2023$),year,2010,NA,NA,national,United States,0,Wage group,Top 1%,681106.4134966516
2026.8.14,Annual wages for select wage groups,Average nominal annual wage,year,2010,NA,NA,national,United States,0,Wage group,99.0–99.9th percentiles,365511.85258133773
2026.8.14,Annual wages for select wage groups,Share of total annual earnings,year,2010,NA,NA,national,United States,0,Wage group,99.0–99.9th percentiles,0.08239755349173095
2026.8.14,Annual wages for select wage groups,Average real annual wage (2023$),year,2010,NA,NA,national,United States,0,Wage group,99.0–99.9th percentiles,494721.4565193266
2026.8.14,Annual wages for select wage groups,Average nominal annual wage,year,2011,NA,NA,national,United States,0,Wage group,Bottom 90%,27472.17913770111
2026.8.14,Annual wages for select wage groups,Share of total annual earnings,year,2011,NA,NA,national,United States,0,Wage group,Bottom 90%,0.601586450272509
2026.8.14,Annual wages for select wage groups,Average real annual wage (2023$),year,2011,NA,NA,national,United States,0,Wage group,Bottom 90%,36063.86450509026
2026.8.14,Annual wages for select wage groups,Average nominal annual wage,year,2011,NA,NA,national,United States,0,Wage group,Top 10%,163746.3670207114
2026.8.14,Annual wages for select wage groups,Average real annual wage (2023$),year,2011,NA,NA,national,United States,0,Wage group,Top 10%,214956.6207993895
2026.8.14,Annual wages for select wage groups,Average nominal annual wage,year,2011,NA,NA,national,United States,0,Wage group,90–95th percentiles,98224.3753716264
2026.8.14,Annual wages for select wage groups,Share of total annual earnings,year,2011,NA,NA,national,United States,0,Wage group,90–95th percentiles,0.11949554293508502
2026.8.14,Annual wages for select wage groups,Average real annual wage (2023$),year,2011,NA,NA,national,United States,0,Wage group,90–95th percentiles,128943.1954685443
2026.8.14,Annual wages for select wage groups,Average nominal annual wage,year,2011,NA,NA,national,United States,0,Wage group,90–99th percentiles,123549.50432778844
2026.8.14,Annual wages for select wage groups,Average real annual wage (2023$),year,2011,NA,NA,national,United States,0,Wage group,90–99th percentiles,162188.5384997995
2026.8.14,Annual wages for select wage groups,Average nominal annual wage,year,2011,NA,NA,national,United States,0,Wage group,Top 5%,229268.35866979635
2026.8.14,Annual wages for select wage groups,Average real annual wage (2023$),year,2011,NA,NA,national,United States,0,Wage group,Top 5%,300970.0461302346
2026.8.14,Annual wages for select wage groups,Average nominal annual wage,year,2011,NA,NA,national,United States,0,Wage group,95–99th percentiles,155205.915522991
2026.8.14,Annual wages for select wage groups,Share of total annual earnings,year,2011,NA,NA,national,United States,0,Wage group,95–99th percentiles,0.151053463639651
2026.8.14,Annual wages for select wage groups,Average real annual wage (2023$),year,2011,NA,NA,national,United States,0,Wage group,95–99th percentiles,203745.2172888685
2026.8.14,Annual wages for select wage groups,Average nominal annual wage,year,2011,NA,NA,national,United States,0,Wage group,Top 0.1%,1800113.054620673
2026.8.14,Annual wages for select wage groups,Share of total annual earnings,year,2011,NA,NA,national,United States,0,Wage group,Top 0.1%,0.04379879963452904
2026.8.14,Annual wages for select wage groups,Average real annual wage (2023$),year,2011,NA,NA,national,United States,0,Wage group,Top 0.1%,2363082.7744055167
2026.8.14,Annual wages for select wage groups,Average nominal annual wage,year,2011,NA,NA,national,United States,0,Wage group,Top 1%,525518.131257018
2026.8.14,Annual wages for select wage groups,Average real annual wage (2023$),year,2011,NA,NA,national,United States,0,Wage group,Top 1%,689869.3614956993
2026.8.14,Annual wages for select wage groups,Average nominal annual wage,year,2011,NA,NA,national,United States,0,Wage group,99.0–99.9th percentiles,383896.47310550074
2026.8.14,Annual wages for select wage groups,Share of total annual earnings,year,2011,NA,NA,national,United States,0,Wage group,99.0–99.9th percentiles,0.08406574351822593
2026.8.14,Annual wages for select wage groups,Average real annual wage (2023$),year,2011,NA,NA,national,United States,0,Wage group,99.0–99.9th percentiles,503956.7600612751
2026.8.14,Annual wages for select wage groups,Average nominal annual wage,year,2012,NA,NA,national,United States,0,Wage group,Bottom 90%,28145.13127892712
2026.8.14,Annual wages for select wage groups,Share of total annual earnings,year,2012,NA,NA,national,United States,0,Wage group,Bottom 90%,0.596174777690818
2026.8.14,Annual wages for select wage groups,Average real annual wage (2023$),year,2012,NA,NA,national,United States,0,Wage group,Bottom 90%,36247.51755619402
2026.8.14,Annual wages for select wage groups,Average nominal annual wage,year,2012,NA,NA,national,United States,0,Wage group,Top 10%,171579.59190577175
2026.8.14,Annual wages for select wage groups,Average real annual wage (2023$),year,2012,NA,NA,national,United States,0,Wage group,Top 10%,220973.7168483424
2026.8.14,Annual wages for select wage groups,Average nominal annual wage,year,2012,NA,NA,national,United States,0,Wage group,90–95th percentiles,100641.87245155536
2026.8.14,Annual wages for select wage groups,Share of total annual earnings,year,2012,NA,NA,national,United States,0,Wage group,90–95th percentiles,0.11843403421393306
2026.8.14,Annual wages for select wage groups,Average real annual wage (2023$),year,2012,NA,NA,national,United States,0,Wage group,90–95th percentiles,129614.53270276068
2026.8.14,Annual wages for select wage groups,Average nominal annual wage,year,2012,NA,NA,national,United States,0,Wage group,90–99th percentiles,127152.63319244389
2026.8.14,Annual wages for select wage groups,Average real annual wage (2023$),year,2012,NA,NA,national,United States,0,Wage group,90–99th percentiles,163757.17911148074
2026.8.14,Annual wages for select wage groups,Average nominal annual wage,year,2012,NA,NA,national,United States,0,Wage group,Top 5%,242517.31135998815
2026.8.14,Annual wages for select wage groups,Average real annual wage (2023$),year,2012,NA,NA,national,United States,0,Wage group,Top 5%,312332.9009939241
2026.8.14,Annual wages for select wage groups,Average nominal annual wage,year,2012,NA,NA,national,United States,0,Wage group,95–99th percentiles,160291.08411855449
2026.8.14,Annual wages for select wage groups,Share of total annual earnings,year,2012,NA,NA,national,United States,0,Wage group,95–99th percentiles,0.150902754714333
2026.8.14,Annual wages for select wage groups,Average real annual wage (2023$),year,2012,NA,NA,national,United States,0,Wage group,95–99th percentiles,206435.4871223808
2026.8.14,Annual wages for select wage groups,Average nominal annual wage,year,2012,NA,NA,national,United States,0,Wage group,Top 0.1%,2097211.146197109
2026.8.14,Annual wages for select wage groups,Share of total annual earnings,year,2012,NA,NA,national,United States,0,Wage group,Top 0.1%,0.04935941086789897
2026.8.14,Annual wages for select wage groups,Average real annual wage (2023$),year,2012,NA,NA,national,United States,0,Wage group,Top 0.1%,2700953.748890216
2026.8.14,Annual wages for select wage groups,Average nominal annual wage,year,2012,NA,NA,national,United States,0,Wage group,Top 1%,571422.2203257227
2026.8.14,Annual wages for select wage groups,Average real annual wage (2023$),year,2012,NA,NA,national,United States,0,Wage group,Top 1%,735922.5564800974
2026.8.14,Annual wages for select wage groups,Average nominal annual wage,year,2012,NA,NA,national,United States,0,Wage group,99.0–99.9th percentiles,401890.1174511242
2026.8.14,Annual wages for select wage groups,Share of total annual earnings,year,2012,NA,NA,national,United States,0,Wage group,99.0–99.9th percentiles,0.08512902251301702
2026.8.14,Annual wages for select wage groups,Average real annual wage (2023$),year,2012,NA,NA,national,United States,0,Wage group,99.0–99.9th percentiles,517585.75732341746
2026.8.14,Annual wages for select wage groups,Average nominal annual wage,year,2013,NA,NA,national,United States,0,Wage group,Bottom 90%,28615.090079990776
2026.8.14,Annual wages for select wage groups,Share of total annual earnings,year,2013,NA,NA,national,United States,0,Wage group,Bottom 90%,0.599695290162808
2026.8.14,Annual wages for select wage groups,Average real annual wage (2023$),year,2013,NA,NA,national,United States,0,Wage group,Bottom 90%,36411.417017952335
2026.8.14,Annual wages for select wage groups,Average nominal annual wage,year,2013,NA,NA,national,United States,0,Wage group,Top 10%,171908.63372452746
2026.8.14,Annual wages for select wage groups,Average real annual wage (2023$),year,2013,NA,NA,national,United States,0,Wage group,Top 10%,218746.01596683884
2026.8.14,Annual wages for select wage groups,Average nominal annual wage,year,2013,NA,NA,national,United States,0,Wage group,90–95th percentiles,102488.18845898696
2026.8.14,Annual wages for select wage groups,Share of total annual earnings,year,2013,NA,NA,national,United States,0,Wage group,90–95th percentiles,0.11932648074138195
2026.8.14,Annual wages for select wage groups,Average real annual wage (2023$),year,2013,NA,NA,national,United States,0,Wage group,90–95th percentiles,130411.61705110616
2026.8.14,Annual wages for select wage groups,Average nominal annual wage,year,2013,NA,NA,national,United States,0,Wage group,90–99th percentiles,129578.23600260528
2026.8.14,Annual wages for select wage groups,Average real annual wage (2023$),year,2013,NA,NA,national,United States,0,Wage group,90–99th percentiles,164882.48593145882
2026.8.14,Annual wages for select wage groups,Average nominal annual wage,year,2013,NA,NA,national,United States,0,Wage group,Top 5%,241329.07899006797
2026.8.14,Annual wages for select wage groups,Average real annual wage (2023$),year,2013,NA,NA,national,United States,0,Wage group,Top 5%,307080.4148825715
2026.8.14,Annual wages for select wage groups,Average nominal annual wage,year,2013,NA,NA,national,United States,0,Wage group,95–99th percentiles,163440.79543212822
2026.8.14,Annual wages for select wage groups,Share of total annual earnings,year,2013,NA,NA,national,United States,0,Wage group,95–99th percentiles,0.152234634813884
2026.8.14,Annual wages for select wage groups,Average real annual wage (2023$),year,2013,NA,NA,national,United States,0,Wage group,95–99th percentiles,207971.07203189968
2026.8.14,Annual wages for select wage groups,Average nominal annual wage,year,2013,NA,NA,national,United States,0,Wage group,Top 0.1%,1919410.9005159752
2026.8.14,Annual wages for select wage groups,Share of total annual earnings,year,2013,NA,NA,national,United States,0,Wage group,Top 0.1%,0.04469520855017794
2026.8.14,Annual wages for select wage groups,Average real annual wage (2023$),year,2013,NA,NA,national,United States,0,Wage group,Top 0.1%,2442364.169818232
2026.8.14,Annual wages for select wage groups,Average nominal annual wage,year,2013,NA,NA,national,United States,0,Wage group,Top 1%,552882.2132218268
2026.8.14,Annual wages for select wage groups,Average real annual wage (2023$),year,2013,NA,NA,national,United States,0,Wage group,Top 1%,703517.7862852587
2026.8.14,Annual wages for select wage groups,Average nominal annual wage,year,2013,NA,NA,national,United States,0,Wage group,99.0–99.9th percentiles,401045.6924113661
2026.8.14,Annual wages for select wage groups,Share of total annual earnings,year,2013,NA,NA,national,United States,0,Wage group,99.0–99.9th percentiles,0.08404838573174811
2026.8.14,Annual wages for select wage groups,Average real annual wage (2023$),year,2013,NA,NA,national,United States,0,Wage group,99.0–99.9th percentiles,510312.6325593729
2026.8.14,Annual wages for select wage groups,Average nominal annual wage,year,2014,NA,NA,national,United States,0,Wage group,Bottom 90%,29520.757140962185
2026.8.14,Annual wages for select wage groups,Share of total annual earnings,year,2014,NA,NA,national,United States,0,Wage group,Bottom 90%,0.596436505480198
2026.8.14,Annual wages for select wage groups,Average real annual wage (2023$),year,2014,NA,NA,national,United States,0,Wage group,Bottom 90%,37037.112280173955
2026.8.14,Annual wages for select wage groups,Average nominal annual wage,year,2014,NA,NA,national,United States,0,Wage group,Top 10%,179770.18212151286
2026.8.14,Annual wages for select wage groups,Average real annual wage (2023$),year,2014,NA,NA,national,United States,0,Wage group,Top 10%,225541.9259089091
2026.8.14,Annual wages for select wage groups,Average nominal annual wage,year,2014,NA,NA,national,United States,0,Wage group,90–95th percentiles,105693.083166015
2026.8.14,Annual wages for select wage groups,Share of total annual earnings,year,2014,NA,NA,national,United States,0,Wage group,90–95th percentiles,0.11863444061100704
2026.8.14,Annual wages for select wage groups,Average real annual wage (2023$),year,2014,NA,NA,national,United States,0,Wage group,90–95th percentiles,132603.86817876418
2026.8.14,Annual wages for select wage groups,Average nominal annual wage,year,2014,NA,NA,national,United States,0,Wage group,90–99th percentiles,134080.54630281747
2026.8.14,Annual wages for select wage groups,Average real annual wage (2023$),year,2014,NA,NA,national,United States,0,Wage group,90–99th percentiles,168219.1355828706
2026.8.14,Annual wages for select wage groups,Average nominal annual wage,year,2014,NA,NA,national,United States,0,Wage group,Top 5%,253847.28107701076
2026.8.14,Annual wages for select wage groups,Average real annual wage (2023$),year,2014,NA,NA,national,United States,0,Wage group,Top 5%,318479.98363905406
2026.8.14,Annual wages for select wage groups,Average nominal annual wage,year,2014,NA,NA,national,United States,0,Wage group,95–99th percentiles,169564.87522382056
2026.8.14,Annual wages for select wage groups,Share of total annual earnings,year,2014,NA,NA,national,United States,0,Wage group,95–99th percentiles,0.152261499177622
2026.8.14,Annual wages for select wage groups,Average real annual wage (2023$),year,2014,NA,NA,national,United States,0,Wage group,95–99th percentiles,212738.21983800363
2026.8.14,Annual wages for select wage groups,Average nominal annual wage,year,2014,NA,NA,national,United States,0,Wage group,Top 0.1%,2138793.6320397714
2026.8.14,Annual wages for select wage groups,Share of total annual earnings,year,2014,NA,NA,national,United States,0,Wage group,Top 0.1%,0.04801347042187698
2026.8.14,Annual wages for select wage groups,Average real annual wage (2023$),year,2014,NA,NA,national,United States,0,Wage group,Top 0.1%,2683357.32433034
2026.8.14,Annual wages for select wage groups,Average nominal annual wage,year,2014,NA,NA,national,United States,0,Wage group,Top 1%,590976.9044897713
2026.8.14,Annual wages for select wage groups,Average real annual wage (2023$),year,2014,NA,NA,national,United States,0,Wage group,Top 1%,741447.0388432555
2026.8.14,Annual wages for select wage groups,Average nominal annual wage,year,2014,NA,NA,national,United States,0,Wage group,99.0–99.9th percentiles,418997.268095327
2026.8.14,Annual wages for select wage groups,Share of total annual earnings,year,2014,NA,NA,national,United States,0,Wage group,99.0–99.9th percentiles,0.084654084309296
2026.8.14,Annual wages for select wage groups,Average real annual wage (2023$),year,2014,NA,NA,national,United States,0,Wage group,99.0–99.9th percentiles,525679.2293446907
2026.8.14,Annual wages for select wage groups,Average nominal annual wage,year,2015,NA,NA,national,United States,0,Wage group,Bottom 90%,30538.091621868374
2026.8.14,Annual wages for select wage groups,Share of total annual earnings,year,2015,NA,NA,national,United States,0,Wage group,Bottom 90%,0.596883707356175
2026.8.14,Annual wages for select wage groups,Average real annual wage (2023$),year,2015,NA,NA,national,United States,0,Wage group,Bottom 90%,38341.7693923015
2026.8.14,Annual wages for select wage groups,Average nominal annual wage,year,2015,NA,NA,national,United States,0,Wage group,Top 10%,185620.1118337982
2026.8.14,Annual wages for select wage groups,Average real annual wage (2023$),year,2015,NA,NA,national,United States,0,Wage group,Top 10%,233053.31618719123
2026.8.14,Annual wages for select wage groups,Average nominal annual wage,year,2015,NA,NA,national,United States,0,Wage group,90–95th percentiles,109135.31188957962
2026.8.14,Annual wages for select wage groups,Share of total annual earnings,year,2015,NA,NA,national,United States,0,Wage group,90–95th percentiles,0.118506076445118
2026.8.14,Annual wages for select wage groups,Average real annual wage (2023$),year,2015,NA,NA,national,United States,0,Wage group,90–95th percentiles,137023.65599134812
2026.8.14,Annual wages for select wage groups,Average nominal annual wage,year,2015,NA,NA,national,United States,0,Wage group,90–99th percentiles,138644.58529984398
2026.8.14,Annual wages for select wage groups,Average real annual wage (2023$),year,2015,NA,NA,national,United States,0,Wage group,90–99th percentiles,174073.70384766228
2026.8.14,Annual wages for select wage groups,Average nominal annual wage,year,2015,NA,NA,national,United States,0,Wage group,Top 5%,262104.9117780168
2026.8.14,Annual wages for select wage groups,Average real annual wage (2023$),year,2015,NA,NA,national,United States,0,Wage group,Top 5%,329082.9763830344
2026.8.14,Annual wages for select wage groups,Average nominal annual wage,year,2015,NA,NA,national,United States,0,Wage group,95–99th percentiles,175531.17706267443
2026.8.14,Annual wages for select wage groups,Share of total annual earnings,year,2015,NA,NA,national,United States,0,Wage group,95–99th percentiles,0.15248235041312597
2026.8.14,Annual wages for select wage groups,Average real annual wage (2023$),year,2015,NA,NA,national,United States,0,Wage group,95–99th percentiles,220386.26366805503
2026.8.14,Annual wages for select wage groups,Average nominal annual wage,year,2015,NA,NA,national,United States,0,Wage group,Top 0.1%,2212009.000991914
2026.8.14,Annual wages for select wage groups,Share of total annual earnings,year,2015,NA,NA,national,United States,0,Wage group,Top 0.1%,0.04803880673087002
2026.8.14,Annual wages for select wage groups,Average real annual wage (2023$),year,2015,NA,NA,national,United States,0,Wage group,Top 0.1%,2777263.886031206
2026.8.14,Annual wages for select wage groups,Average nominal annual wage,year,2015,NA,NA,national,United States,0,Wage group,Top 1%,608399.8506393863
2026.8.14,Annual wages for select wage groups,Average real annual wage (2023$),year,2015,NA,NA,national,United States,0,Wage group,Top 1%,763869.8272429517
2026.8.14,Annual wages for select wage groups,Average nominal annual wage,year,2015,NA,NA,national,United States,0,Wage group,99.0–99.9th percentiles,430221.05615577224
2026.8.14,Annual wages for select wage groups,Share of total annual earnings,year,2015,NA,NA,national,United States,0,Wage group,99.0–99.9th percentiles,0.08408905905471098
2026.8.14,Annual wages for select wage groups,Average real annual wage (2023$),year,2015,NA,NA,national,United States,0,Wage group,99.0–99.9th percentiles,540159.3762664791
2026.8.14,Annual wages for select wage groups,Average nominal annual wage,year,2016,NA,NA,national,United States,0,Wage group,Bottom 90%,31094.88547925153
2026.8.14,Annual wages for select wage groups,Share of total annual earnings,year,2016,NA,NA,national,United States,0,Wage group,Bottom 90%,0.600220236904941
2026.8.14,Annual wages for select wage groups,Average real annual wage (2023$),year,2016,NA,NA,national,United States,0,Wage group,Bottom 90%,38697.88090390015
2026.8.14,Annual wages for select wage groups,Average nominal annual wage,year,2016,NA,NA,national,United States,0,Wage group,Top 10%,186398.16966215908
2026.8.14,Annual wages for select wage groups,Average real annual wage (2023$),year,2016,NA,NA,national,United States,0,Wage group,Top 10%,231974.29606564456
2026.8.14,Annual wages for select wage groups,Average nominal annual wage,year,2016,NA,NA,national,United States,0,Wage group,90–95th percentiles,110868.84143727232
2026.8.14,Annual wages for select wage groups,Share of total annual earnings,year,2016,NA,NA,national,United States,0,Wage group,90–95th percentiles,0.118893654494437
2026.8.14,Annual wages for select wage groups,Average real annual wage (2023$),year,2016,NA,NA,national,United States,0,Wage group,90–95th percentiles,137977.32828943117
2026.8.14,Annual wages for select wage groups,Average nominal annual wage,year,2016,NA,NA,national,United States,0,Wage group,90–99th percentiles,140779.94119176286
2026.8.14,Annual wages for select wage groups,Average real annual wage (2023$),year,2016,NA,NA,national,United States,0,Wage group,90–99th percentiles,175201.9765929699
2026.8.14,Annual wages for select wage groups,Average nominal annual wage,year,2016,NA,NA,national,United States,0,Wage group,Top 5%,261927.49788704593
2026.8.14,Annual wages for select wage groups,Average real annual wage (2023$),year,2016,NA,NA,national,United States,0,Wage group,Top 5%,325971.2638418581
2026.8.14,Annual wages for select wage groups,Average nominal annual wage,year,2016,NA,NA,national,United States,0,Wage group,95–99th percentiles,178168.81588487606
2026.8.14,Annual wages for select wage groups,Share of total annual earnings,year,2016,NA,NA,national,United States,0,Wage group,95–99th percentiles,0.152851902214452
2026.8.14,Annual wages for select wage groups,Average real annual wage (2023$),year,2016,NA,NA,national,United States,0,Wage group,95–99th percentiles,221732.78697239337
2026.8.14,Annual wages for select wage groups,Average nominal annual wage,year,2016,NA,NA,national,United States,0,Wage group,Top 0.1%,2091268.0518308748
2026.8.14,Annual wages for select wage groups,Share of total annual earnings,year,2016,NA,NA,national,United States,0,Wage group,Top 0.1%,0.04485272832048304
2026.8.14,Annual wages for select wage groups,Average real annual wage (2023$),year,2016,NA,NA,national,United States,0,Wage group,Top 0.1%,2602602.9927617037
2026.8.14,Annual wages for select wage groups,Average nominal annual wage,year,2016,NA,NA,national,United States,0,Wage group,Top 1%,596962.2258957253
2026.8.14,Annual wages for select wage groups,Average real annual wage (2023$),year,2016,NA,NA,national,United States,0,Wage group,Top 1%,742925.1713197167
2026.8.14,Annual wages for select wage groups,Average nominal annual wage,year,2016,NA,NA,national,United States,0,Wage group,99.0–99.9th percentiles,430928.24523626425
2026.8.14,Annual wages for select wage groups,Share of total annual earnings,year,2016,NA,NA,national,United States,0,Wage group,99.0–99.9th percentiles,0.08318147806568699
2026.8.14,Annual wages for select wage groups,Average real annual wage (2023$),year,2016,NA,NA,national,United States,0,Wage group,99.0–99.9th percentiles,536294.3022706071
2026.8.14,Annual wages for select wage groups,Average nominal annual wage,year,2017,NA,NA,national,United States,0,Wage group,Bottom 90%,32101.376572536956
2026.8.14,Annual wages for select wage groups,Share of total annual earnings,year,2017,NA,NA,national,United States,0,Wage group,Bottom 90%,0.598698613188652
2026.8.14,Annual wages for select wage groups,Average real annual wage (2023$),year,2017,NA,NA,national,United States,0,Wage group,Bottom 90%,39260.67638367829
2026.8.14,Annual wages for select wage groups,Average nominal annual wage,year,2017,NA,NA,national,United States,0,Wage group,Top 10%,193654.9373590718
2026.8.14,Annual wages for select wage groups,Average real annual wage (2023$),year,2017,NA,NA,national,United States,0,Wage group,Top 10%,236844.1679931094
2026.8.14,Annual wages for select wage groups,Average nominal annual wage,year,2017,NA,NA,national,United States,0,Wage group,90–95th percentiles,113954.72096481203
2026.8.14,Annual wages for select wage groups,Share of total annual earnings,year,2017,NA,NA,national,United States,0,Wage group,90–95th percentiles,0.118071318450526
2026.8.14,Annual wages for select wage groups,Average real annual wage (2023$),year,2017,NA,NA,national,United States,0,Wage group,90–95th percentiles,139369.08319437443
2026.8.14,Annual wages for select wage groups,Average nominal annual wage,year,2017,NA,NA,national,United States,0,Wage group,90–99th percentiles,144811.43454601584
2026.8.14,Annual wages for select wage groups,Average real annual wage (2023$),year,2017,NA,NA,national,United States,0,Wage group,90–99th percentiles,177107.50987642226
2026.8.14,Annual wages for select wage groups,Average nominal annual wage,year,2017,NA,NA,national,United States,0,Wage group,Top 5%,273355.1537533316
2026.8.14,Annual wages for select wage groups,Average real annual wage (2023$),year,2017,NA,NA,national,United States,0,Wage group,Top 5%,334319.25279184437
2026.8.14,Annual wages for select wage groups,Average nominal annual wage,year,2017,NA,NA,national,United States,0,Wage group,95–99th percentiles,183382.3265225206
2026.8.14,Annual wages for select wage groups,Share of total annual earnings,year,2017,NA,NA,national,United States,0,Wage group,95–99th percentiles,0.152005588814349
2026.8.14,Annual wages for select wage groups,Average real annual wage (2023$),year,2017,NA,NA,national,United States,0,Wage group,95–99th percentiles,224280.54322898205
2026.8.14,Annual wages for select wage groups,Average nominal annual wage,year,2017,NA,NA,national,United States,0,Wage group,Top 0.1%,2320474.3864893112
2026.8.14,Annual wages for select wage groups,Share of total annual earnings,year,2017,NA,NA,national,United States,0,Wage group,Top 0.1%,0.04808602362829195
2026.8.14,Annual wages for select wage groups,Average real annual wage (2023$),year,2017,NA,NA,national,United States,0,Wage group,Top 0.1%,2837990.256857431
2026.8.14,Annual wages for select wage groups,Average nominal annual wage,year,2017,NA,NA,national,United States,0,Wage group,Top 1%,633246.4626765755
2026.8.14,Annual wages for select wage groups,Average real annual wage (2023$),year,2017,NA,NA,national,United States,0,Wage group,Top 1%,774474.0910432938
2026.8.14,Annual wages for select wage groups,Average nominal annual wage,year,2017,NA,NA,national,United States,0,Wage group,99.0–99.9th percentiles,445776.6933640493
2026.8.14,Annual wages for select wage groups,Share of total annual earnings,year,2017,NA,NA,national,United States,0,Wage group,99.0–99.9th percentiles,0.08313845591818103
2026.8.14,Annual wages for select wage groups,Average real annual wage (2023$),year,2017,NA,NA,national,United States,0,Wage group,99.0–99.9th percentiles,545194.5170639452
2026.8.14,Annual wages for select wage groups,Average nominal annual wage,year,2018,NA,NA,national,United States,0,Wage group,Bottom 90%,33377.80936593496
2026.8.14,Annual wages for select wage groups,Share of total annual earnings,year,2018,NA,NA,national,United States,0,Wage group,Bottom 90%,0.600011771469833
2026.8.14,Annual wages for select wage groups,Average real annual wage (2023$),year,2018,NA,NA,national,United States,0,Wage group,Bottom 90%,40015.70939498549
2026.8.14,Annual wages for select wage groups,Average nominal annual wage,year,2018,NA,NA,national,United States,0,Wage group,Top 10%,200257.0337414166
2026.8.14,Annual wages for select wage groups,Average real annual wage (2023$),year,2018,NA,NA,national,United States,0,Wage group,Top 10%,240082.4805080453
2026.8.14,Annual wages for select wage groups,Average nominal annual wage,year,2018,NA,NA,national,United States,0,Wage group,90–95th percentiles,118139.91221291224
2026.8.14,Annual wages for select wage groups,Share of total annual earnings,year,2018,NA,NA,national,United States,0,Wage group,90–95th percentiles,0.11798480513241304
2026.8.14,Annual wages for select wage groups,Average real annual wage (2023$),year,2018,NA,NA,national,United States,0,Wage group,90–95th percentiles,141634.59151054357
2026.8.14,Annual wages for select wage groups,Average nominal annual wage,year,2018,NA,NA,national,United States,0,Wage group,90–99th percentiles,150240.05599027965
2026.8.14,Annual wages for select wage groups,Average real annual wage (2023$),year,2018,NA,NA,national,United States,0,Wage group,90–99th percentiles,180118.54385294454
2026.8.14,Annual wages for select wage groups,Average nominal annual wage,year,2018,NA,NA,national,United States,0,Wage group,Top 5%,282374.15526992094
2026.8.14,Annual wages for select wage groups,Average real annual wage (2023$),year,2018,NA,NA,national,United States,0,Wage group,Top 5%,338530.3695055469
2026.8.14,Annual wages for select wage groups,Average nominal annual wage,year,2018,NA,NA,national,United States,0,Wage group,95–99th percentiles,190365.23571198888
2026.8.14,Annual wages for select wage groups,Share of total annual earnings,year,2018,NA,NA,national,United States,0,Wage group,95–99th percentiles,0.152092242621525
2026.8.14,Annual wages for select wage groups,Average real annual wage (2023$),year,2018,NA,NA,national,United States,0,Wage group,95–99th percentiles,228223.48428094573
2026.8.14,Annual wages for select wage groups,Average nominal annual wage,year,2018,NA,NA,national,United States,0,Wage group,Top 0.1%,2363438.5023436723
2026.8.14,Annual wages for select wage groups,Share of total annual earnings,year,2018,NA,NA,national,United States,0,Wage group,Top 0.1%,0.04720671040264801
2026.8.14,Annual wages for select wage groups,Average real annual wage (2023$),year,2018,NA,NA,national,United States,0,Wage group,Top 0.1%,2833459.417478309
2026.8.14,Annual wages for select wage groups,Average nominal annual wage,year,2018,NA,NA,national,United States,0,Wage group,Top 1%,650409.8335016492
2026.8.14,Annual wages for select wage groups,Average real annual wage (2023$),year,2018,NA,NA,national,United States,0,Wage group,Top 1%,779757.9104039518
2026.8.14,Annual wages for select wage groups,Average nominal annual wage,year,2018,NA,NA,national,United States,0,Wage group,99.0–99.9th percentiles,460073.3147414245
2026.8.14,Annual wages for select wage groups,Share of total annual earnings,year,2018,NA,NA,national,United States,0,Wage group,99.0–99.9th percentiles,0.08270447037358097
2026.8.14,Annual wages for select wage groups,Average real annual wage (2023$),year,2018,NA,NA,national,United States,0,Wage group,99.0–99.9th percentiles,551568.8540623565
2026.8.14,Annual wages for select wage groups,Average nominal annual wage,year,2019,NA,NA,national,United States,0,Wage group,Bottom 90%,34694.74709795076
2026.8.14,Annual wages for select wage groups,Share of total annual earnings,year,2019,NA,NA,national,United States,0,Wage group,Bottom 90%,0.601157053485367
2026.8.14,Annual wages for select wage groups,Average real annual wage (2023$),year,2019,NA,NA,national,United States,0,Wage group,Bottom 90%,40987.540004528346
2026.8.14,Annual wages for select wage groups,Average nominal annual wage,year,2019,NA,NA,national,United States,0,Wage group,Top 10%,207166.82226065197
2026.8.14,Annual wages for select wage groups,Average real annual wage (2023$),year,2019,NA,NA,national,United States,0,Wage group,Top 10%,244741.90260118715
2026.8.14,Annual wages for select wage groups,Average nominal annual wage,year,2019,NA,NA,national,United States,0,Wage group,90–95th percentiles,122345.91748741356
2026.8.14,Annual wages for select wage groups,Share of total annual earnings,year,2019,NA,NA,national,United States,0,Wage group,90–95th percentiles,0.11777176888710804
2026.8.14,Annual wages for select wage groups,Average real annual wage (2023$),year,2019,NA,NA,national,United States,0,Wage group,90–95th percentiles,144536.5251762356
2026.8.14,Annual wages for select wage groups,Average nominal annual wage,year,2019,NA,NA,national,United States,0,Wage group,90–99th percentiles,155948.28688724883
2026.8.14,Annual wages for select wage groups,Average real annual wage (2023$),year,2019,NA,NA,national,United States,0,Wage group,90–99th percentiles,184233.55643385893
2026.8.14,Annual wages for select wage groups,Average nominal annual wage,year,2019,NA,NA,national,United States,0,Wage group,Top 5%,291987.7270338903
2026.8.14,Annual wages for select wage groups,Average real annual wage (2023$),year,2019,NA,NA,national,United States,0,Wage group,Top 5%,344947.28002613864
2026.8.14,Annual wages for select wage groups,Average nominal annual wage,year,2019,NA,NA,national,United States,0,Wage group,95–99th percentiles,197951.24863704297
2026.8.14,Annual wages for select wage groups,Share of total annual earnings,year,2019,NA,NA,national,United States,0,Wage group,95–99th percentiles,0.152440353935273
2026.8.14,Annual wages for select wage groups,Average real annual wage (2023$),year,2019,NA,NA,national,United States,0,Wage group,95–99th percentiles,233854.8455058881
2026.8.14,Annual wages for select wage groups,Average nominal annual wage,year,2019,NA,NA,national,United States,0,Wage group,Top 0.1%,2427213.936964365
2026.8.14,Annual wages for select wage groups,Share of total annual earnings,year,2019,NA,NA,national,United States,0,Wage group,Top 0.1%,0.04672935308252402
2026.8.14,Annual wages for select wage groups,Average real annual wage (2023$),year,2019,NA,NA,national,United States,0,Wage group,Top 0.1%,2867452.1840440724
2026.8.14,Annual wages for select wage groups,Average nominal annual wage,year,2019,NA,NA,national,United States,0,Wage group,Top 1%,668133.6406212801
2026.8.14,Annual wages for select wage groups,Average real annual wage (2023$),year,2019,NA,NA,national,United States,0,Wage group,Top 1%,789317.018107141
2026.8.14,Annual wages for select wage groups,Average nominal annual wage,year,2019,NA,NA,national,United States,0,Wage group,99.0–99.9th percentiles,472680.2743609373
2026.8.14,Annual wages for select wage groups,Share of total annual earnings,year,2019,NA,NA,national,United States,0,Wage group,99.0–99.9th percentiles,0.08190147060972797
2026.8.14,Annual wages for select wage groups,Average real annual wage (2023$),year,2019,NA,NA,national,United States,0,Wage group,99.0–99.9th percentiles,558413.1107808154
2026.8.14,Annual wages for select wage groups,Average nominal annual wage,year,2020,NA,NA,national,United States,0,Wage group,Bottom 90%,35110.14598616282
2026.8.14,Annual wages for select wage groups,Share of total annual earnings,year,2020,NA,NA,national,United States,0,Wage group,Bottom 90%,0.592014488979218
2026.8.14,Annual wages for select wage groups,Average real annual wage (2023$),year,2020,NA,NA,national,United States,0,Wage group,Bottom 90%,41050.377012707555
2026.8.14,Annual wages for select wage groups,Average nominal annual wage,year,2020,NA,NA,national,United States,0,Wage group,Top 10%,217764.73392044907
2026.8.14,Annual wages for select wage groups,Average real annual wage (2023$),year,2020,NA,NA,national,United States,0,Wage group,Top 10%,254608.01077356492
2026.8.14,Annual wages for select wage groups,Average nominal annual wage,year,2020,NA,NA,national,United States,0,Wage group,90–95th percentiles,126805.017651653
2026.8.14,Annual wages for select wage groups,Share of total annual earnings,year,2020,NA,NA,national,United States,0,Wage group,90–95th percentiles,0.11878555585016792
2026.8.14,Annual wages for select wage groups,Average real annual wage (2023$),year,2020,NA,NA,national,United States,0,Wage group,90–95th percentiles,148258.96149092852
2026.8.14,Annual wages for select wage groups,Average nominal annual wage,year,2020,NA,NA,national,United States,0,Wage group,90–99th percentiles,162292.1932231471
2026.8.14,Annual wages for select wage groups,Average real annual wage (2023$),year,2020,NA,NA,national,United States,0,Wage group,90–99th percentiles,189750.1571384801
2026.8.14,Annual wages for select wage groups,Average nominal annual wage,year,2020,NA,NA,national,United States,0,Wage group,Top 5%,308724.4501892451
2026.8.14,Annual wages for select wage groups,Average real annual wage (2023$),year,2020,NA,NA,national,United States,0,Wage group,Top 5%,360957.0600562013
2026.8.14,Annual wages for select wage groups,Average nominal annual wage,year,2020,NA,NA,national,United States,0,Wage group,95–99th percentiles,206651.1626875148
2026.8.14,Annual wages for select wage groups,Share of total annual earnings,year,2020,NA,NA,national,United States,0,Wage group,95–99th percentiles,0.15486562712749208
2026.8.14,Annual wages for select wage groups,Average real annual wage (2023$),year,2020,NA,NA,national,United States,0,Wage group,95–99th percentiles,241614.1516979196
2026.8.14,Annual wages for select wage groups,Average nominal annual wage,year,2020,NA,NA,national,United States,0,Wage group,Top 0.1%,2677426.4823494414
2026.8.14,Annual wages for select wage groups,Share of total annual earnings,year,2020,NA,NA,national,United States,0,Wage group,Top 0.1%,0.05016198867264498
2026.8.14,Annual wages for select wage groups,Average real annual wage (2023$),year,2020,NA,NA,national,United States,0,Wage group,Top 0.1%,3130416.1072861417
2026.8.14,Annual wages for select wage groups,Average nominal annual wage,year,2020,NA,NA,national,United States,0,Wage group,Top 1%,717017.6001961664
2026.8.14,Annual wages for select wage groups,Average real annual wage (2023$),year,2020,NA,NA,national,United States,0,Wage group,Top 1%,838328.6934893279
2026.8.14,Annual wages for select wage groups,Average nominal annual wage,year,2020,NA,NA,national,United States,0,Wage group,99.0–99.9th percentiles,499194.39106802485
2026.8.14,Annual wages for select wage groups,Share of total annual earnings,year,2020,NA,NA,national,United States,0,Wage group,99.0–99.9th percentiles,0.08417233937047697
2026.8.14,Annual wages for select wage groups,Average real annual wage (2023$),year,2020,NA,NA,national,United States,0,Wage group,99.0–99.9th percentiles,583652.314178571
2026.8.14,Annual wages for select wage groups,Average nominal annual wage,year,2021,NA,NA,national,United States,0,Wage group,Bottom 90%,37916.555690394765
2026.8.14,Annual wages for select wage groups,Share of total annual earnings,year,2021,NA,NA,national,United States,0,Wage group,Bottom 90%,0.585714711073286
2026.8.14,Annual wages for select wage groups,Average real annual wage (2023$),year,2021,NA,NA,national,United States,0,Wage group,Bottom 90%,42434.591621903295
2026.8.14,Annual wages for select wage groups,Average nominal annual wage,year,2021,NA,NA,national,United States,0,Wage group,Top 10%,241370.82164907455
2026.8.14,Annual wages for select wage groups,Average real annual wage (2023$),year,2021,NA,NA,national,United States,0,Wage group,Top 10%,270131.9267961993
2026.8.14,Annual wages for select wage groups,Average nominal annual wage,year,2021,NA,NA,national,United States,0,Wage group,90–95th percentiles,134495.95311452262
2026.8.14,Annual wages for select wage groups,Share of total annual earnings,year,2021,NA,NA,national,United States,0,Wage group,90–95th percentiles,0.11542342693876606
2026.8.14,Annual wages for select wage groups,Average real annual wage (2023$),year,2021,NA,NA,national,United States,0,Wage group,90–95th percentiles,150522.13317622675
2026.8.14,Annual wages for select wage groups,Average nominal annual wage,year,2021,NA,NA,national,United States,0,Wage group,90–99th percentiles,173805.18263233252
2026.8.14,Annual wages for select wage groups,Average real annual wage (2023$),year,2021,NA,NA,national,United States,0,Wage group,90–99th percentiles,194515.3459348027
2026.8.14,Annual wages for select wage groups,Average nominal annual wage,year,2021,NA,NA,national,United States,0,Wage group,Top 5%,348245.69018362655
2026.8.14,Annual wages for select wage groups,Average real annual wage (2023$),year,2021,NA,NA,national,United States,0,Wage group,Top 5%,389741.7204161719
2026.8.14,Annual wages for select wage groups,Average nominal annual wage,year,2021,NA,NA,national,United States,0,Wage group,95–99th percentiles,222941.71952959496
2026.8.14,Annual wages for select wage groups,Share of total annual earnings,year,2021,NA,NA,national,United States,0,Wage group,95–99th percentiles,0.1530615408409549
2026.8.14,Annual wages for select wage groups,Average real annual wage (2023$),year,2021,NA,NA,national,United States,0,Wage group,95–99th percentiles,249506.86188302265
2026.8.14,Annual wages for select wage groups,Average nominal annual wage,year,2021,NA,NA,national,United States,0,Wage group,Top 0.1%,3434544.688813632
2026.8.14,Annual wages for select wage groups,Share of total annual earnings,year,2021,NA,NA,national,United States,0,Wage group,Top 0.1%,0.05895001429814794
2026.8.14,Annual wages for select wage groups,Average real annual wage (2023$),year,2021,NA,NA,national,United States,0,Wage group,Top 0.1%,3843795.899264762
2026.8.14,Annual wages for select wage groups,Average nominal annual wage,year,2021,NA,NA,national,United States,0,Wage group,Top 1%,849461.5727997529
2026.8.14,Annual wages for select wage groups,Average real annual wage (2023$),year,2021,NA,NA,national,United States,0,Wage group,Top 1%,950681.1545487688
2026.8.14,Annual wages for select wage groups,Average nominal annual wage,year,2021,NA,NA,national,United States,0,Wage group,99.0–99.9th percentiles,562230.1154648775
2026.8.14,Annual wages for select wage groups,Share of total annual earnings,year,2021,NA,NA,national,United States,0,Wage group,99.0–99.9th percentiles,0.0868503068488451
2026.8.14,Annual wages for select wage groups,Average real annual wage (2023$),year,2021,NA,NA,national,United States,0,Wage group,99.0–99.9th percentiles,629223.9606914362
2026.8.14,Annual wages for select wage groups,Average nominal annual wage,year,2022,NA,NA,national,United States,0,Wage group,Bottom 90%,41052.0514276564
2026.8.14,Annual wages for select wage groups,Share of total annual earnings,year,2022,NA,NA,national,United States,0,Wage group,Bottom 90%,0.601286937332115
2026.8.14,Annual wages for select wage groups,Average real annual wage (2023$),year,2022,NA,NA,national,United States,0,Wage group,Bottom 90%,42657.99964976521
2026.8.14,Annual wages for select wage groups,Average nominal annual wage,year,2022,NA,NA,national,United States,0,Wage group,Top 10%,244994.35001082905
2026.8.14,Annual wages for select wage groups,Average real annual wage (2023$),year,2022,NA,NA,national,United States,0,Wage group,Top 10%,254578.48106259745
2026.8.14,Annual wages for select wage groups,Average nominal annual wage,year,2022,NA,NA,national,United States,0,Wage group,90–95th percentiles,143570.6014812756
2026.8.14,Annual wages for select wage groups,Share of total annual earnings,year,2022,NA,NA,national,United States,0,Wage group,90–95th percentiles,0.116826110935088
2026.8.14,Annual wages for select wage groups,Average real annual wage (2023$),year,2022,NA,NA,national,United States,0,Wage group,90–95th percentiles,149187.05532895387
2026.8.14,Annual wages for select wage groups,Average nominal annual wage,year,2022,NA,NA,national,United States,0,Wage group,90–99th percentiles,184442.59713980084
2026.8.14,Annual wages for select wage groups,Average real annual wage (2023$),year,2022,NA,NA,national,United States,0,Wage group,90–99th percentiles,191657.95546311824
2026.8.14,Annual wages for select wage groups,Average nominal annual wage,year,2022,NA,NA,national,United States,0,Wage group,Top 5%,346418.0985403825
2026.8.14,Annual wages for select wage groups,Average real annual wage (2023$),year,2022,NA,NA,national,United States,0,Wage group,Top 5%,359969.906796241
2026.8.14,Annual wages for select wage groups,Average nominal annual wage,year,2022,NA,NA,national,United States,0,Wage group,95–99th percentiles,235532.59171295736
2026.8.14,Annual wages for select wage groups,Share of total annual earnings,year,2022,NA,NA,national,United States,0,Wage group,95–99th percentiles,0.153325855875169
2026.8.14,Annual wages for select wage groups,Average real annual wage (2023$),year,2022,NA,NA,national,United States,0,Wage group,95–99th percentiles,244746.58063082365
2026.8.14,Annual wages for select wage groups,Average nominal annual wage,year,2022,NA,NA,national,United States,0,Wage group,Top 0.1%,2831745.82193779
2026.8.14,Annual wages for select wage groups,Share of total annual earnings,year,2022,NA,NA,national,United States,0,Wage group,Top 0.1%,0.04608490152168398
2026.8.14,Annual wages for select wage groups,Average real annual wage (2023$),year,2022,NA,NA,national,United States,0,Wage group,Top 0.1%,2942523.164605283
2026.8.14,Annual wages for select wage groups,Average nominal annual wage,year,2022,NA,NA,national,United States,0,Wage group,Top 1%,789960.1258500833
2026.8.14,Annual wages for select wage groups,Average real annual wage (2023$),year,2022,NA,NA,national,United States,0,Wage group,Top 1%,820863.2114579106
2026.8.14,Annual wages for select wage groups,Average nominal annual wage,year,2022,NA,NA,national,United States,0,Wage group,99.0–99.9th percentiles,563095.0485070047
2026.8.14,Annual wages for select wage groups,Share of total annual earnings,year,2022,NA,NA,national,United States,0,Wage group,99.0–99.9th percentiles,0.082476194335944
2026.8.14,Annual wages for select wage groups,Average real annual wage (2023$),year,2022,NA,NA,national,United States,0,Wage group,99.0–99.9th percentiles,585123.216663758
2026.8.14,Annual wages for select wage groups,Average nominal annual wage,year,2023,NA,NA,national,United States,0,Wage group,Bottom 90%,43034.68581916172
2026.8.14,Annual wages for select wage groups,Share of total annual earnings,year,2023,NA,NA,national,United States,0,Wage group,Bottom 90%,0.606973005462636
2026.8.14,Annual wages for select wage groups,Average real annual wage (2023$),year,2023,NA,NA,national,United States,0,Wage group,Bottom 90%,43034.68581916172
2026.8.14,Annual wages for select wage groups,Average nominal annual wage,year,2023,NA,NA,national,United States,0,Wage group,Top 10%,250792.27195492512
2026.8.14,Annual wages for select wage groups,Average real annual wage (2023$),year,2023,NA,NA,national,United States,0,Wage group,Top 10%,250792.27195492512
2026.8.14,Annual wages for select wage groups,Average nominal annual wage,year,2023,NA,NA,national,United States,0,Wage group,90–95th percentiles,148811.5970636659
2026.8.14,Annual wages for select wage groups,Share of total annual earnings,year,2023,NA,NA,national,United States,0,Wage group,90–95th percentiles,0.11660441984581904
2026.8.14,Annual wages for select wage groups,Average real annual wage (2023$),year,2023,NA,NA,national,United States,0,Wage group,90–95th percentiles,148811.5970636659
2026.8.14,Annual wages for select wage groups,Average nominal annual wage,year,2023,NA,NA,national,United States,0,Wage group,90–99th percentiles,190421.52407857293
2026.8.14,Annual wages for select wage groups,Average real annual wage (2023$),year,2023,NA,NA,national,United States,0,Wage group,90–99th percentiles,190421.52407857293
2026.8.14,Annual wages for select wage groups,Average nominal annual wage,year,2023,NA,NA,national,United States,0,Wage group,Top 5%,352772.9468461844
2026.8.14,Annual wages for select wage groups,Average real annual wage (2023$),year,2023,NA,NA,national,United States,0,Wage group,Top 5%,352772.9468461844
2026.8.14,Annual wages for select wage groups,Average nominal annual wage,year,2023,NA,NA,national,United States,0,Wage group,95–99th percentiles,242433.93284720668
2026.8.14,Annual wages for select wage groups,Share of total annual earnings,year,2023,NA,NA,national,United States,0,Wage group,95–99th percentiles,0.151971317549906
2026.8.14,Annual wages for select wage groups,Average real annual wage (2023$),year,2023,NA,NA,national,United States,0,Wage group,95–99th percentiles,242433.93284720668
2026.8.14,Annual wages for select wage groups,Average nominal annual wage,year,2023,NA,NA,national,United States,0,Wage group,Top 0.1%,2805104.930008206
2026.8.14,Annual wages for select wage groups,Share of total annual earnings,year,2023,NA,NA,national,United States,0,Wage group,Top 0.1%,0.04395996540919
2026.8.14,Annual wages for select wage groups,Average real annual wage (2023$),year,2023,NA,NA,national,United States,0,Wage group,Top 0.1%,2805104.930008206
2026.8.14,Annual wages for select wage groups,Average nominal annual wage,year,2023,NA,NA,national,United States,0,Wage group,Top 1%,794129.0028420949
2026.8.14,Annual wages for select wage groups,Average real annual wage (2023$),year,2023,NA,NA,national,United States,0,Wage group,Top 1%,794129.0028420949
2026.8.14,Annual wages for select wage groups,Average nominal annual wage,year,2023,NA,NA,national,United States,0,Wage group,99.0–99.9th percentiles,570687.2331569714
2026.8.14,Annual wages for select wage groups,Share of total annual earnings,year,2023,NA,NA,national,United States,0,Wage group,99.0–99.9th percentiles,0.08049129173244896
2026.8.14,Annual wages for select wage groups,Average real annual wage (2023$),year,2023,NA,NA,national,United States,0,Wage group,99.0–99.9th percentiles,570687.2331569714
