data_version,indicator,measure,date_interval,year,quarter,month,geo_type,geo_name,geo_code,group,group_value,value
2026.8.14,Minimum wage,Nominal minimum wage,month,1938,NA,10,national,United States,0,,Overall,0.25
2026.8.14,Minimum wage,Nominal minimum wage,month,1938,NA,11,national,United States,0,,Overall,0.25
2026.8.14,Minimum wage,Nominal minimum wage,month,1938,NA,12,national,United States,0,,Overall,0.25
2026.8.14,Minimum wage,Nominal minimum wage,month,1939,NA,1,national,United States,0,,Overall,0.25
2026.8.14,Minimum wage,Nominal minimum wage,month,1939,NA,2,national,United States,0,,Overall,0.25
2026.8.14,Minimum wage,Nominal minimum wage,month,1939,NA,3,national,United States,0,,Overall,0.25
2026.8.14,Minimum wage,Nominal minimum wage,month,1939,NA,4,national,United States,0,,Overall,0.25
2026.8.14,Minimum wage,Nominal minimum wage,month,1939,NA,5,national,United States,0,,Overall,0.25
2026.8.14,Minimum wage,Nominal minimum wage,month,1939,NA,6,national,United States,0,,Overall,0.25
2026.8.14,Minimum wage,Nominal minimum wage,month,1939,NA,7,national,United States,0,,Overall,0.25
2026.8.14,Minimum wage,Nominal minimum wage,month,1939,NA,8,national,United States,0,,Overall,0.25
2026.8.14,Minimum wage,Nominal minimum wage,month,1939,NA,9,national,United States,0,,Overall,0.25
2026.8.14,Minimum wage,Nominal minimum wage,month,1939,NA,10,national,United States,0,,Overall,0.3
2026.8.14,Minimum wage,Nominal minimum wage,month,1939,NA,11,national,United States,0,,Overall,0.3
2026.8.14,Minimum wage,Nominal minimum wage,month,1939,NA,12,national,United States,0,,Overall,0.3
2026.8.14,Minimum wage,Nominal minimum wage,month,1940,NA,1,national,United States,0,,Overall,0.3
2026.8.14,Minimum wage,Nominal minimum wage,month,1940,NA,2,national,United States,0,,Overall,0.3
2026.8.14,Minimum wage,Nominal minimum wage,month,1940,NA,3,national,United States,0,,Overall,0.3
2026.8.14,Minimum wage,Nominal minimum wage,month,1940,NA,4,national,United States,0,,Overall,0.3
2026.8.14,Minimum wage,Nominal minimum wage,month,1940,NA,5,national,United States,0,,Overall,0.3
2026.8.14,Minimum wage,Nominal minimum wage,month,1940,NA,6,national,United States,0,,Overall,0.3
2026.8.14,Minimum wage,Nominal minimum wage,month,1940,NA,7,national,United States,0,,Overall,0.3
2026.8.14,Minimum wage,Nominal minimum wage,month,1940,NA,8,national,United States,0,,Overall,0.3
2026.8.14,Minimum wage,Nominal minimum wage,month,1940,NA,9,national,United States,0,,Overall,0.3
2026.8.14,Minimum wage,Nominal minimum wage,month,1940,NA,10,national,United States,0,,Overall,0.3
2026.8.14,Minimum wage,Nominal minimum wage,month,1940,NA,11,national,United States,0,,Overall,0.3
2026.8.14,Minimum wage,Nominal minimum wage,month,1940,NA,12,national,United States,0,,Overall,0.3
2026.8.14,Minimum wage,Nominal minimum wage,month,1941,NA,1,national,United States,0,,Overall,0.3
2026.8.14,Minimum wage,Nominal minimum wage,month,1941,NA,2,national,United States,0,,Overall,0.3
2026.8.14,Minimum wage,Nominal minimum wage,month,1941,NA,3,national,United States,0,,Overall,0.3
2026.8.14,Minimum wage,Nominal minimum wage,month,1941,NA,4,national,United States,0,,Overall,0.3
2026.8.14,Minimum wage,Nominal minimum wage,month,1941,NA,5,national,United States,0,,Overall,0.3
2026.8.14,Minimum wage,Nominal minimum wage,month,1941,NA,6,national,United States,0,,Overall,0.3
2026.8.14,Minimum wage,Nominal minimum wage,month,1941,NA,7,national,United States,0,,Overall,0.3
2026.8.14,Minimum wage,Nominal minimum wage,month,1941,NA,8,national,United States,0,,Overall,0.3
2026.8.14,Minimum wage,Nominal minimum wage,month,1941,NA,9,national,United States,0,,Overall,0.3
2026.8.14,Minimum wage,Nominal minimum wage,month,1941,NA,10,national,United States,0,,Overall,0.3
2026.8.14,Minimum wage,Nominal minimum wage,month,1941,NA,11,national,United States,0,,Overall,0.3
2026.8.14,Minimum wage,Nominal minimum wage,month,1941,NA,12,national,United States,0,,Overall,0.3
2026.8.14,Minimum wage,Nominal minimum wage,month,1942,NA,1,national,United States,0,,Overall,0.3
2026.8.14,Minimum wage,Nominal minimum wage,month,1942,NA,2,national,United States,0,,Overall,0.3
2026.8.14,Minimum wage,Nominal minimum wage,month,1942,NA,3,national,United States,0,,Overall,0.3
2026.8.14,Minimum wage,Nominal minimum wage,month,1942,NA,4,national,United States,0,,Overall,0.3
2026.8.14,Minimum wage,Nominal minimum wage,month,1942,NA,5,national,United States,0,,Overall,0.3
2026.8.14,Minimum wage,Nominal minimum wage,month,1942,NA,6,national,United States,0,,Overall,0.3
2026.8.14,Minimum wage,Nominal minimum wage,month,1942,NA,7,national,United States,0,,Overall,0.3
2026.8.14,Minimum wage,Nominal minimum wage,month,1942,NA,8,national,United States,0,,Overall,0.3
2026.8.14,Minimum wage,Nominal minimum wage,month,1942,NA,9,national,United States,0,,Overall,0.3
2026.8.14,Minimum wage,Nominal minimum wage,month,1942,NA,10,national,United States,0,,Overall,0.3
2026.8.14,Minimum wage,Nominal minimum wage,month,1942,NA,11,national,United States,0,,Overall,0.3
2026.8.14,Minimum wage,Nominal minimum wage,month,1942,NA,12,national,United States,0,,Overall,0.3
2026.8.14,Minimum wage,Nominal minimum wage,month,1943,NA,1,national,United States,0,,Overall,0.3
2026.8.14,Minimum wage,Nominal minimum wage,month,1943,NA,2,national,United States,0,,Overall,0.3
2026.8.14,Minimum wage,Nominal minimum wage,month,1943,NA,3,national,United States,0,,Overall,0.3
2026.8.14,Minimum wage,Nominal minimum wage,month,1943,NA,4,national,United States,0,,Overall,0.3
2026.8.14,Minimum wage,Nominal minimum wage,month,1943,NA,5,national,United States,0,,Overall,0.3
2026.8.14,Minimum wage,Nominal minimum wage,month,1943,NA,6,national,United States,0,,Overall,0.3
2026.8.14,Minimum wage,Nominal minimum wage,month,1943,NA,7,national,United States,0,,Overall,0.3
2026.8.14,Minimum wage,Nominal minimum wage,month,1943,NA,8,national,United States,0,,Overall,0.3
2026.8.14,Minimum wage,Nominal minimum wage,month,1943,NA,9,national,United States,0,,Overall,0.3
2026.8.14,Minimum wage,Nominal minimum wage,month,1943,NA,10,national,United States,0,,Overall,0.3
2026.8.14,Minimum wage,Nominal minimum wage,month,1943,NA,11,national,United States,0,,Overall,0.3
2026.8.14,Minimum wage,Nominal minimum wage,month,1943,NA,12,national,United States,0,,Overall,0.3
2026.8.14,Minimum wage,Nominal minimum wage,month,1944,NA,1,national,United States,0,,Overall,0.3
2026.8.14,Minimum wage,Nominal minimum wage,month,1944,NA,2,national,United States,0,,Overall,0.3
2026.8.14,Minimum wage,Nominal minimum wage,month,1944,NA,3,national,United States,0,,Overall,0.3
2026.8.14,Minimum wage,Nominal minimum wage,month,1944,NA,4,national,United States,0,,Overall,0.3
2026.8.14,Minimum wage,Nominal minimum wage,month,1944,NA,5,national,United States,0,,Overall,0.3
2026.8.14,Minimum wage,Nominal minimum wage,month,1944,NA,6,national,United States,0,,Overall,0.3
2026.8.14,Minimum wage,Nominal minimum wage,month,1944,NA,7,national,United States,0,,Overall,0.3
2026.8.14,Minimum wage,Nominal minimum wage,month,1944,NA,8,national,United States,0,,Overall,0.3
2026.8.14,Minimum wage,Nominal minimum wage,month,1944,NA,9,national,United States,0,,Overall,0.3
2026.8.14,Minimum wage,Nominal minimum wage,month,1944,NA,10,national,United States,0,,Overall,0.3
2026.8.14,Minimum wage,Nominal minimum wage,month,1944,NA,11,national,United States,0,,Overall,0.3
2026.8.14,Minimum wage,Nominal minimum wage,month,1944,NA,12,national,United States,0,,Overall,0.3
2026.8.14,Minimum wage,Nominal minimum wage,month,1945,NA,1,national,United States,0,,Overall,0.3
2026.8.14,Minimum wage,Nominal minimum wage,month,1945,NA,2,national,United States,0,,Overall,0.3
2026.8.14,Minimum wage,Nominal minimum wage,month,1945,NA,3,national,United States,0,,Overall,0.3
2026.8.14,Minimum wage,Nominal minimum wage,month,1945,NA,4,national,United States,0,,Overall,0.3
2026.8.14,Minimum wage,Nominal minimum wage,month,1945,NA,5,national,United States,0,,Overall,0.3
2026.8.14,Minimum wage,Nominal minimum wage,month,1945,NA,6,national,United States,0,,Overall,0.3
2026.8.14,Minimum wage,Nominal minimum wage,month,1945,NA,7,national,United States,0,,Overall,0.3
2026.8.14,Minimum wage,Nominal minimum wage,month,1945,NA,8,national,United States,0,,Overall,0.3
2026.8.14,Minimum wage,Nominal minimum wage,month,1945,NA,9,national,United States,0,,Overall,0.3
2026.8.14,Minimum wage,Nominal minimum wage,month,1945,NA,10,national,United States,0,,Overall,0.4
2026.8.14,Minimum wage,Nominal minimum wage,month,1945,NA,11,national,United States,0,,Overall,0.4
2026.8.14,Minimum wage,Nominal minimum wage,month,1945,NA,12,national,United States,0,,Overall,0.4
2026.8.14,Minimum wage,Nominal minimum wage,month,1946,NA,1,national,United States,0,,Overall,0.4
2026.8.14,Minimum wage,Nominal minimum wage,month,1946,NA,2,national,United States,0,,Overall,0.4
2026.8.14,Minimum wage,Nominal minimum wage,month,1946,NA,3,national,United States,0,,Overall,0.4
2026.8.14,Minimum wage,Nominal minimum wage,month,1946,NA,4,national,United States,0,,Overall,0.4
2026.8.14,Minimum wage,Nominal minimum wage,month,1946,NA,5,national,United States,0,,Overall,0.4
2026.8.14,Minimum wage,Nominal minimum wage,month,1946,NA,6,national,United States,0,,Overall,0.4
2026.8.14,Minimum wage,Nominal minimum wage,month,1946,NA,7,national,United States,0,,Overall,0.4
2026.8.14,Minimum wage,Nominal minimum wage,month,1946,NA,8,national,United States,0,,Overall,0.4
2026.8.14,Minimum wage,Nominal minimum wage,month,1946,NA,9,national,United States,0,,Overall,0.4
2026.8.14,Minimum wage,Nominal minimum wage,month,1946,NA,10,national,United States,0,,Overall,0.4
2026.8.14,Minimum wage,Nominal minimum wage,month,1946,NA,11,national,United States,0,,Overall,0.4
2026.8.14,Minimum wage,Nominal minimum wage,month,1946,NA,12,national,United States,0,,Overall,0.4
2026.8.14,Minimum wage,Nominal minimum wage,month,1947,NA,1,national,United States,0,,Overall,0.4
2026.8.14,Minimum wage,Nominal minimum wage,month,1947,NA,2,national,United States,0,,Overall,0.4
2026.8.14,Minimum wage,Nominal minimum wage,month,1947,NA,3,national,United States,0,,Overall,0.4
2026.8.14,Minimum wage,Nominal minimum wage,month,1947,NA,4,national,United States,0,,Overall,0.4
2026.8.14,Minimum wage,Nominal minimum wage,month,1947,NA,5,national,United States,0,,Overall,0.4
2026.8.14,Minimum wage,Nominal minimum wage,month,1947,NA,6,national,United States,0,,Overall,0.4
2026.8.14,Minimum wage,Nominal minimum wage,month,1947,NA,7,national,United States,0,,Overall,0.4
2026.8.14,Minimum wage,Nominal minimum wage,month,1947,NA,8,national,United States,0,,Overall,0.4
2026.8.14,Minimum wage,Nominal minimum wage,month,1947,NA,9,national,United States,0,,Overall,0.4
2026.8.14,Minimum wage,Nominal minimum wage,month,1947,NA,10,national,United States,0,,Overall,0.4
2026.8.14,Minimum wage,Nominal minimum wage,month,1947,NA,11,national,United States,0,,Overall,0.4
2026.8.14,Minimum wage,Nominal minimum wage,month,1947,NA,12,national,United States,0,,Overall,0.4
2026.8.14,Minimum wage,Nominal minimum wage,month,1948,NA,1,national,United States,0,,Overall,0.4
2026.8.14,Minimum wage,Nominal minimum wage,month,1948,NA,2,national,United States,0,,Overall,0.4
2026.8.14,Minimum wage,Nominal minimum wage,month,1948,NA,3,national,United States,0,,Overall,0.4
2026.8.14,Minimum wage,Nominal minimum wage,month,1948,NA,4,national,United States,0,,Overall,0.4
2026.8.14,Minimum wage,Nominal minimum wage,month,1948,NA,5,national,United States,0,,Overall,0.4
2026.8.14,Minimum wage,Nominal minimum wage,month,1948,NA,6,national,United States,0,,Overall,0.4
2026.8.14,Minimum wage,Nominal minimum wage,month,1948,NA,7,national,United States,0,,Overall,0.4
2026.8.14,Minimum wage,Nominal minimum wage,month,1948,NA,8,national,United States,0,,Overall,0.4
2026.8.14,Minimum wage,Nominal minimum wage,month,1948,NA,9,national,United States,0,,Overall,0.4
2026.8.14,Minimum wage,Nominal minimum wage,month,1948,NA,10,national,United States,0,,Overall,0.4
2026.8.14,Minimum wage,Nominal minimum wage,month,1948,NA,11,national,United States,0,,Overall,0.4
2026.8.14,Minimum wage,Nominal minimum wage,month,1948,NA,12,national,United States,0,,Overall,0.4
2026.8.14,Minimum wage,Nominal minimum wage,month,1949,NA,1,national,United States,0,,Overall,0.4
2026.8.14,Minimum wage,Nominal minimum wage,month,1949,NA,2,national,United States,0,,Overall,0.4
2026.8.14,Minimum wage,Nominal minimum wage,month,1949,NA,3,national,United States,0,,Overall,0.4
2026.8.14,Minimum wage,Nominal minimum wage,month,1949,NA,4,national,United States,0,,Overall,0.4
2026.8.14,Minimum wage,Nominal minimum wage,month,1949,NA,5,national,United States,0,,Overall,0.4
2026.8.14,Minimum wage,Nominal minimum wage,month,1949,NA,6,national,United States,0,,Overall,0.4
2026.8.14,Minimum wage,Nominal minimum wage,month,1949,NA,7,national,United States,0,,Overall,0.4
2026.8.14,Minimum wage,Nominal minimum wage,month,1949,NA,8,national,United States,0,,Overall,0.4
2026.8.14,Minimum wage,Nominal minimum wage,month,1949,NA,9,national,United States,0,,Overall,0.4
2026.8.14,Minimum wage,Nominal minimum wage,month,1949,NA,10,national,United States,0,,Overall,0.4
2026.8.14,Minimum wage,Nominal minimum wage,month,1949,NA,11,national,United States,0,,Overall,0.4
2026.8.14,Minimum wage,Nominal minimum wage,month,1949,NA,12,national,United States,0,,Overall,0.4
2026.8.14,Minimum wage,Nominal minimum wage,month,1950,NA,1,national,United States,0,,Overall,0.75
2026.8.14,Minimum wage,Nominal minimum wage,month,1950,NA,2,national,United States,0,,Overall,0.75
2026.8.14,Minimum wage,Nominal minimum wage,month,1950,NA,3,national,United States,0,,Overall,0.75
2026.8.14,Minimum wage,Nominal minimum wage,month,1950,NA,4,national,United States,0,,Overall,0.75
2026.8.14,Minimum wage,Nominal minimum wage,month,1950,NA,5,national,United States,0,,Overall,0.75
2026.8.14,Minimum wage,Nominal minimum wage,month,1950,NA,6,national,United States,0,,Overall,0.75
2026.8.14,Minimum wage,Nominal minimum wage,month,1950,NA,7,national,United States,0,,Overall,0.75
2026.8.14,Minimum wage,Nominal minimum wage,month,1950,NA,8,national,United States,0,,Overall,0.75
2026.8.14,Minimum wage,Nominal minimum wage,month,1950,NA,9,national,United States,0,,Overall,0.75
2026.8.14,Minimum wage,Nominal minimum wage,month,1950,NA,10,national,United States,0,,Overall,0.75
2026.8.14,Minimum wage,Nominal minimum wage,month,1950,NA,11,national,United States,0,,Overall,0.75
2026.8.14,Minimum wage,Nominal minimum wage,month,1950,NA,12,national,United States,0,,Overall,0.75
2026.8.14,Minimum wage,Nominal minimum wage,month,1951,NA,1,national,United States,0,,Overall,0.75
2026.8.14,Minimum wage,Nominal minimum wage,month,1951,NA,2,national,United States,0,,Overall,0.75
2026.8.14,Minimum wage,Nominal minimum wage,month,1951,NA,3,national,United States,0,,Overall,0.75
2026.8.14,Minimum wage,Nominal minimum wage,month,1951,NA,4,national,United States,0,,Overall,0.75
2026.8.14,Minimum wage,Nominal minimum wage,month,1951,NA,5,national,United States,0,,Overall,0.75
2026.8.14,Minimum wage,Nominal minimum wage,month,1951,NA,6,national,United States,0,,Overall,0.75
2026.8.14,Minimum wage,Nominal minimum wage,month,1951,NA,7,national,United States,0,,Overall,0.75
2026.8.14,Minimum wage,Nominal minimum wage,month,1951,NA,8,national,United States,0,,Overall,0.75
2026.8.14,Minimum wage,Nominal minimum wage,month,1951,NA,9,national,United States,0,,Overall,0.75
2026.8.14,Minimum wage,Nominal minimum wage,month,1951,NA,10,national,United States,0,,Overall,0.75
2026.8.14,Minimum wage,Nominal minimum wage,month,1951,NA,11,national,United States,0,,Overall,0.75
2026.8.14,Minimum wage,Nominal minimum wage,month,1951,NA,12,national,United States,0,,Overall,0.75
2026.8.14,Minimum wage,Nominal minimum wage,month,1952,NA,1,national,United States,0,,Overall,0.75
2026.8.14,Minimum wage,Nominal minimum wage,month,1952,NA,2,national,United States,0,,Overall,0.75
2026.8.14,Minimum wage,Nominal minimum wage,month,1952,NA,3,national,United States,0,,Overall,0.75
2026.8.14,Minimum wage,Nominal minimum wage,month,1952,NA,4,national,United States,0,,Overall,0.75
2026.8.14,Minimum wage,Nominal minimum wage,month,1952,NA,5,national,United States,0,,Overall,0.75
2026.8.14,Minimum wage,Nominal minimum wage,month,1952,NA,6,national,United States,0,,Overall,0.75
2026.8.14,Minimum wage,Nominal minimum wage,month,1952,NA,7,national,United States,0,,Overall,0.75
2026.8.14,Minimum wage,Nominal minimum wage,month,1952,NA,8,national,United States,0,,Overall,0.75
2026.8.14,Minimum wage,Nominal minimum wage,month,1952,NA,9,national,United States,0,,Overall,0.75
2026.8.14,Minimum wage,Nominal minimum wage,month,1952,NA,10,national,United States,0,,Overall,0.75
2026.8.14,Minimum wage,Nominal minimum wage,month,1952,NA,11,national,United States,0,,Overall,0.75
2026.8.14,Minimum wage,Nominal minimum wage,month,1952,NA,12,national,United States,0,,Overall,0.75
2026.8.14,Minimum wage,Nominal minimum wage,month,1953,NA,1,national,United States,0,,Overall,0.75
2026.8.14,Minimum wage,Nominal minimum wage,month,1953,NA,2,national,United States,0,,Overall,0.75
2026.8.14,Minimum wage,Nominal minimum wage,month,1953,NA,3,national,United States,0,,Overall,0.75
2026.8.14,Minimum wage,Nominal minimum wage,month,1953,NA,4,national,United States,0,,Overall,0.75
2026.8.14,Minimum wage,Nominal minimum wage,month,1953,NA,5,national,United States,0,,Overall,0.75
2026.8.14,Minimum wage,Nominal minimum wage,month,1953,NA,6,national,United States,0,,Overall,0.75
2026.8.14,Minimum wage,Nominal minimum wage,month,1953,NA,7,national,United States,0,,Overall,0.75
2026.8.14,Minimum wage,Nominal minimum wage,month,1953,NA,8,national,United States,0,,Overall,0.75
2026.8.14,Minimum wage,Nominal minimum wage,month,1953,NA,9,national,United States,0,,Overall,0.75
2026.8.14,Minimum wage,Nominal minimum wage,month,1953,NA,10,national,United States,0,,Overall,0.75
2026.8.14,Minimum wage,Nominal minimum wage,month,1953,NA,11,national,United States,0,,Overall,0.75
2026.8.14,Minimum wage,Nominal minimum wage,month,1953,NA,12,national,United States,0,,Overall,0.75
2026.8.14,Minimum wage,Nominal minimum wage,month,1954,NA,1,national,United States,0,,Overall,0.75
2026.8.14,Minimum wage,Nominal minimum wage,month,1954,NA,2,national,United States,0,,Overall,0.75
2026.8.14,Minimum wage,Nominal minimum wage,month,1954,NA,3,national,United States,0,,Overall,0.75
2026.8.14,Minimum wage,Nominal minimum wage,month,1954,NA,4,national,United States,0,,Overall,0.75
2026.8.14,Minimum wage,Nominal minimum wage,month,1954,NA,5,national,United States,0,,Overall,0.75
2026.8.14,Minimum wage,Nominal minimum wage,month,1954,NA,6,national,United States,0,,Overall,0.75
2026.8.14,Minimum wage,Nominal minimum wage,month,1954,NA,7,national,United States,0,,Overall,0.75
2026.8.14,Minimum wage,Nominal minimum wage,month,1954,NA,8,national,United States,0,,Overall,0.75
2026.8.14,Minimum wage,Nominal minimum wage,month,1954,NA,9,national,United States,0,,Overall,0.75
2026.8.14,Minimum wage,Nominal minimum wage,month,1954,NA,10,national,United States,0,,Overall,0.75
2026.8.14,Minimum wage,Nominal minimum wage,month,1954,NA,11,national,United States,0,,Overall,0.75
2026.8.14,Minimum wage,Nominal minimum wage,month,1954,NA,12,national,United States,0,,Overall,0.75
2026.8.14,Minimum wage,Nominal minimum wage,month,1955,NA,1,national,United States,0,,Overall,0.75
2026.8.14,Minimum wage,Nominal minimum wage,month,1955,NA,2,national,United States,0,,Overall,0.75
2026.8.14,Minimum wage,Nominal minimum wage,month,1955,NA,3,national,United States,0,,Overall,0.75
2026.8.14,Minimum wage,Nominal minimum wage,month,1955,NA,4,national,United States,0,,Overall,0.75
2026.8.14,Minimum wage,Nominal minimum wage,month,1955,NA,5,national,United States,0,,Overall,0.75
2026.8.14,Minimum wage,Nominal minimum wage,month,1955,NA,6,national,United States,0,,Overall,0.75
2026.8.14,Minimum wage,Nominal minimum wage,month,1955,NA,7,national,United States,0,,Overall,0.75
2026.8.14,Minimum wage,Nominal minimum wage,month,1955,NA,8,national,United States,0,,Overall,0.75
2026.8.14,Minimum wage,Nominal minimum wage,month,1955,NA,9,national,United States,0,,Overall,0.75
2026.8.14,Minimum wage,Nominal minimum wage,month,1955,NA,10,national,United States,0,,Overall,0.75
2026.8.14,Minimum wage,Nominal minimum wage,month,1955,NA,11,national,United States,0,,Overall,0.75
2026.8.14,Minimum wage,Nominal minimum wage,month,1955,NA,12,national,United States,0,,Overall,0.75
2026.8.14,Minimum wage,Nominal minimum wage,month,1956,NA,1,national,United States,0,,Overall,0.75
2026.8.14,Minimum wage,Nominal minimum wage,month,1956,NA,2,national,United States,0,,Overall,0.75
2026.8.14,Minimum wage,Nominal minimum wage,month,1956,NA,3,national,United States,0,,Overall,1
2026.8.14,Minimum wage,Nominal minimum wage,month,1956,NA,4,national,United States,0,,Overall,1
2026.8.14,Minimum wage,Nominal minimum wage,month,1956,NA,5,national,United States,0,,Overall,1
2026.8.14,Minimum wage,Nominal minimum wage,month,1956,NA,6,national,United States,0,,Overall,1
2026.8.14,Minimum wage,Nominal minimum wage,month,1956,NA,7,national,United States,0,,Overall,1
2026.8.14,Minimum wage,Nominal minimum wage,month,1956,NA,8,national,United States,0,,Overall,1
2026.8.14,Minimum wage,Nominal minimum wage,month,1956,NA,9,national,United States,0,,Overall,1
2026.8.14,Minimum wage,Nominal minimum wage,month,1956,NA,10,national,United States,0,,Overall,1
2026.8.14,Minimum wage,Nominal minimum wage,month,1956,NA,11,national,United States,0,,Overall,1
2026.8.14,Minimum wage,Nominal minimum wage,month,1956,NA,12,national,United States,0,,Overall,1
2026.8.14,Minimum wage,Nominal minimum wage,month,1957,NA,1,national,United States,0,,Overall,1
2026.8.14,Minimum wage,Nominal minimum wage,month,1957,NA,2,national,United States,0,,Overall,1
2026.8.14,Minimum wage,Nominal minimum wage,month,1957,NA,3,national,United States,0,,Overall,1
2026.8.14,Minimum wage,Nominal minimum wage,month,1957,NA,4,national,United States,0,,Overall,1
2026.8.14,Minimum wage,Nominal minimum wage,month,1957,NA,5,national,United States,0,,Overall,1
2026.8.14,Minimum wage,Nominal minimum wage,month,1957,NA,6,national,United States,0,,Overall,1
2026.8.14,Minimum wage,Nominal minimum wage,month,1957,NA,7,national,United States,0,,Overall,1
2026.8.14,Minimum wage,Nominal minimum wage,month,1957,NA,8,national,United States,0,,Overall,1
2026.8.14,Minimum wage,Nominal minimum wage,month,1957,NA,9,national,United States,0,,Overall,1
2026.8.14,Minimum wage,Nominal minimum wage,month,1957,NA,10,national,United States,0,,Overall,1
2026.8.14,Minimum wage,Nominal minimum wage,month,1957,NA,11,national,United States,0,,Overall,1
2026.8.14,Minimum wage,Nominal minimum wage,month,1957,NA,12,national,United States,0,,Overall,1
2026.8.14,Minimum wage,Nominal minimum wage,month,1958,NA,1,national,United States,0,,Overall,1
2026.8.14,Minimum wage,Nominal minimum wage,month,1958,NA,2,national,United States,0,,Overall,1
2026.8.14,Minimum wage,Nominal minimum wage,month,1958,NA,3,national,United States,0,,Overall,1
2026.8.14,Minimum wage,Nominal minimum wage,month,1958,NA,4,national,United States,0,,Overall,1
2026.8.14,Minimum wage,Nominal minimum wage,month,1958,NA,5,national,United States,0,,Overall,1
2026.8.14,Minimum wage,Nominal minimum wage,month,1958,NA,6,national,United States,0,,Overall,1
2026.8.14,Minimum wage,Nominal minimum wage,month,1958,NA,7,national,United States,0,,Overall,1
2026.8.14,Minimum wage,Nominal minimum wage,month,1958,NA,8,national,United States,0,,Overall,1
2026.8.14,Minimum wage,Nominal minimum wage,month,1958,NA,9,national,United States,0,,Overall,1
2026.8.14,Minimum wage,Nominal minimum wage,month,1958,NA,10,national,United States,0,,Overall,1
2026.8.14,Minimum wage,Nominal minimum wage,month,1958,NA,11,national,United States,0,,Overall,1
2026.8.14,Minimum wage,Nominal minimum wage,month,1958,NA,12,national,United States,0,,Overall,1
2026.8.14,Minimum wage,Nominal minimum wage,month,1959,NA,1,national,United States,0,,Overall,1
2026.8.14,Minimum wage,Nominal minimum wage,month,1959,NA,2,national,United States,0,,Overall,1
2026.8.14,Minimum wage,Nominal minimum wage,month,1959,NA,3,national,United States,0,,Overall,1
2026.8.14,Minimum wage,Nominal minimum wage,month,1959,NA,4,national,United States,0,,Overall,1
2026.8.14,Minimum wage,Nominal minimum wage,month,1959,NA,5,national,United States,0,,Overall,1
2026.8.14,Minimum wage,Nominal minimum wage,month,1959,NA,6,national,United States,0,,Overall,1
2026.8.14,Minimum wage,Nominal minimum wage,month,1959,NA,7,national,United States,0,,Overall,1
2026.8.14,Minimum wage,Nominal minimum wage,month,1959,NA,8,national,United States,0,,Overall,1
2026.8.14,Minimum wage,Nominal minimum wage,month,1959,NA,9,national,United States,0,,Overall,1
2026.8.14,Minimum wage,Nominal minimum wage,month,1959,NA,10,national,United States,0,,Overall,1
2026.8.14,Minimum wage,Nominal minimum wage,month,1959,NA,11,national,United States,0,,Overall,1
2026.8.14,Minimum wage,Nominal minimum wage,month,1959,NA,12,national,United States,0,,Overall,1
2026.8.14,Minimum wage,Nominal minimum wage,month,1960,NA,1,national,United States,0,,Overall,1
2026.8.14,Minimum wage,Nominal minimum wage,month,1960,NA,2,national,United States,0,,Overall,1
2026.8.14,Minimum wage,Nominal minimum wage,month,1960,NA,3,national,United States,0,,Overall,1
2026.8.14,Minimum wage,Nominal minimum wage,month,1960,NA,4,national,United States,0,,Overall,1
2026.8.14,Minimum wage,Nominal minimum wage,month,1960,NA,5,national,United States,0,,Overall,1
2026.8.14,Minimum wage,Nominal minimum wage,month,1960,NA,6,national,United States,0,,Overall,1
2026.8.14,Minimum wage,Nominal minimum wage,month,1960,NA,7,national,United States,0,,Overall,1
2026.8.14,Minimum wage,Nominal minimum wage,month,1960,NA,8,national,United States,0,,Overall,1
2026.8.14,Minimum wage,Nominal minimum wage,month,1960,NA,9,national,United States,0,,Overall,1
2026.8.14,Minimum wage,Nominal minimum wage,month,1960,NA,10,national,United States,0,,Overall,1
2026.8.14,Minimum wage,Nominal minimum wage,month,1960,NA,11,national,United States,0,,Overall,1
2026.8.14,Minimum wage,Nominal minimum wage,month,1960,NA,12,national,United States,0,,Overall,1
2026.8.14,Minimum wage,Nominal minimum wage,month,1961,NA,1,national,United States,0,,Overall,1
2026.8.14,Minimum wage,Nominal minimum wage,month,1961,NA,2,national,United States,0,,Overall,1
2026.8.14,Minimum wage,Nominal minimum wage,month,1961,NA,3,national,United States,0,,Overall,1
2026.8.14,Minimum wage,Nominal minimum wage,month,1961,NA,4,national,United States,0,,Overall,1
2026.8.14,Minimum wage,Nominal minimum wage,month,1961,NA,5,national,United States,0,,Overall,1
2026.8.14,Minimum wage,Nominal minimum wage,month,1961,NA,6,national,United States,0,,Overall,1
2026.8.14,Minimum wage,Nominal minimum wage,month,1961,NA,7,national,United States,0,,Overall,1
2026.8.14,Minimum wage,Nominal minimum wage,month,1961,NA,8,national,United States,0,,Overall,1
2026.8.14,Minimum wage,Nominal minimum wage,month,1961,NA,9,national,United States,0,,Overall,1.15
2026.8.14,Minimum wage,Nominal minimum wage,month,1961,NA,10,national,United States,0,,Overall,1.15
2026.8.14,Minimum wage,Nominal minimum wage,month,1961,NA,11,national,United States,0,,Overall,1.15
2026.8.14,Minimum wage,Nominal minimum wage,month,1961,NA,12,national,United States,0,,Overall,1.15
2026.8.14,Minimum wage,Nominal minimum wage,month,1962,NA,1,national,United States,0,,Overall,1.15
2026.8.14,Minimum wage,Nominal minimum wage,month,1962,NA,2,national,United States,0,,Overall,1.15
2026.8.14,Minimum wage,Nominal minimum wage,month,1962,NA,3,national,United States,0,,Overall,1.15
2026.8.14,Minimum wage,Nominal minimum wage,month,1962,NA,4,national,United States,0,,Overall,1.15
2026.8.14,Minimum wage,Nominal minimum wage,month,1962,NA,5,national,United States,0,,Overall,1.15
2026.8.14,Minimum wage,Nominal minimum wage,month,1962,NA,6,national,United States,0,,Overall,1.15
2026.8.14,Minimum wage,Nominal minimum wage,month,1962,NA,7,national,United States,0,,Overall,1.15
2026.8.14,Minimum wage,Nominal minimum wage,month,1962,NA,8,national,United States,0,,Overall,1.15
2026.8.14,Minimum wage,Nominal minimum wage,month,1962,NA,9,national,United States,0,,Overall,1.15
2026.8.14,Minimum wage,Nominal minimum wage,month,1962,NA,10,national,United States,0,,Overall,1.15
2026.8.14,Minimum wage,Nominal minimum wage,month,1962,NA,11,national,United States,0,,Overall,1.15
2026.8.14,Minimum wage,Nominal minimum wage,month,1962,NA,12,national,United States,0,,Overall,1.15
2026.8.14,Minimum wage,Nominal minimum wage,month,1963,NA,1,national,United States,0,,Overall,1.15
2026.8.14,Minimum wage,Nominal minimum wage,month,1963,NA,2,national,United States,0,,Overall,1.15
2026.8.14,Minimum wage,Nominal minimum wage,month,1963,NA,3,national,United States,0,,Overall,1.15
2026.8.14,Minimum wage,Nominal minimum wage,month,1963,NA,4,national,United States,0,,Overall,1.15
2026.8.14,Minimum wage,Nominal minimum wage,month,1963,NA,5,national,United States,0,,Overall,1.15
2026.8.14,Minimum wage,Nominal minimum wage,month,1963,NA,6,national,United States,0,,Overall,1.15
2026.8.14,Minimum wage,Nominal minimum wage,month,1963,NA,7,national,United States,0,,Overall,1.15
2026.8.14,Minimum wage,Nominal minimum wage,month,1963,NA,8,national,United States,0,,Overall,1.15
2026.8.14,Minimum wage,Nominal minimum wage,month,1963,NA,9,national,United States,0,,Overall,1.25
2026.8.14,Minimum wage,Nominal minimum wage,month,1963,NA,10,national,United States,0,,Overall,1.25
2026.8.14,Minimum wage,Nominal minimum wage,month,1963,NA,11,national,United States,0,,Overall,1.25
2026.8.14,Minimum wage,Nominal minimum wage,month,1963,NA,12,national,United States,0,,Overall,1.25
2026.8.14,Minimum wage,Nominal minimum wage,month,1964,NA,1,national,United States,0,,Overall,1.25
2026.8.14,Minimum wage,Nominal minimum wage,month,1964,NA,2,national,United States,0,,Overall,1.25
2026.8.14,Minimum wage,Nominal minimum wage,month,1964,NA,3,national,United States,0,,Overall,1.25
2026.8.14,Minimum wage,Nominal minimum wage,month,1964,NA,4,national,United States,0,,Overall,1.25
2026.8.14,Minimum wage,Nominal minimum wage,month,1964,NA,5,national,United States,0,,Overall,1.25
2026.8.14,Minimum wage,Nominal minimum wage,month,1964,NA,6,national,United States,0,,Overall,1.25
2026.8.14,Minimum wage,Nominal minimum wage,month,1964,NA,7,national,United States,0,,Overall,1.25
2026.8.14,Minimum wage,Nominal minimum wage,month,1964,NA,8,national,United States,0,,Overall,1.25
2026.8.14,Minimum wage,Nominal minimum wage,month,1964,NA,9,national,United States,0,,Overall,1.25
2026.8.14,Minimum wage,Nominal minimum wage,month,1964,NA,10,national,United States,0,,Overall,1.25
2026.8.14,Minimum wage,Nominal minimum wage,month,1964,NA,11,national,United States,0,,Overall,1.25
2026.8.14,Minimum wage,Nominal minimum wage,month,1964,NA,12,national,United States,0,,Overall,1.25
2026.8.14,Minimum wage,Nominal minimum wage,month,1965,NA,1,national,United States,0,,Overall,1.25
2026.8.14,Minimum wage,Nominal minimum wage,month,1965,NA,2,national,United States,0,,Overall,1.25
2026.8.14,Minimum wage,Nominal minimum wage,month,1965,NA,3,national,United States,0,,Overall,1.25
2026.8.14,Minimum wage,Nominal minimum wage,month,1965,NA,4,national,United States,0,,Overall,1.25
2026.8.14,Minimum wage,Nominal minimum wage,month,1965,NA,5,national,United States,0,,Overall,1.25
2026.8.14,Minimum wage,Nominal minimum wage,month,1965,NA,6,national,United States,0,,Overall,1.25
2026.8.14,Minimum wage,Nominal minimum wage,month,1965,NA,7,national,United States,0,,Overall,1.25
2026.8.14,Minimum wage,Nominal minimum wage,month,1965,NA,8,national,United States,0,,Overall,1.25
2026.8.14,Minimum wage,Nominal minimum wage,month,1965,NA,9,national,United States,0,,Overall,1.25
2026.8.14,Minimum wage,Nominal minimum wage,month,1965,NA,10,national,United States,0,,Overall,1.25
2026.8.14,Minimum wage,Nominal minimum wage,month,1965,NA,11,national,United States,0,,Overall,1.25
2026.8.14,Minimum wage,Nominal minimum wage,month,1965,NA,12,national,United States,0,,Overall,1.25
2026.8.14,Minimum wage,Nominal minimum wage,month,1966,NA,1,national,United States,0,,Overall,1.25
2026.8.14,Minimum wage,Nominal minimum wage,month,1966,NA,2,national,United States,0,,Overall,1.25
2026.8.14,Minimum wage,Nominal minimum wage,month,1966,NA,3,national,United States,0,,Overall,1.25
2026.8.14,Minimum wage,Nominal minimum wage,month,1966,NA,4,national,United States,0,,Overall,1.25
2026.8.14,Minimum wage,Nominal minimum wage,month,1966,NA,5,national,United States,0,,Overall,1.25
2026.8.14,Minimum wage,Nominal minimum wage,month,1966,NA,6,national,United States,0,,Overall,1.25
2026.8.14,Minimum wage,Nominal minimum wage,month,1966,NA,7,national,United States,0,,Overall,1.25
2026.8.14,Minimum wage,Nominal minimum wage,month,1966,NA,8,national,United States,0,,Overall,1.25
2026.8.14,Minimum wage,Nominal minimum wage,month,1966,NA,9,national,United States,0,,Overall,1.25
2026.8.14,Minimum wage,Nominal minimum wage,month,1966,NA,10,national,United States,0,,Overall,1.25
2026.8.14,Minimum wage,Nominal minimum wage,month,1966,NA,11,national,United States,0,,Overall,1.25
2026.8.14,Minimum wage,Nominal minimum wage,month,1966,NA,12,national,United States,0,,Overall,1.25
2026.8.14,Minimum wage,Nominal minimum wage,month,1967,NA,1,national,United States,0,,Overall,1.25
2026.8.14,Minimum wage,Nominal minimum wage,month,1967,NA,2,national,United States,0,,Overall,1.4
2026.8.14,Minimum wage,Nominal minimum wage,month,1967,NA,3,national,United States,0,,Overall,1.4
2026.8.14,Minimum wage,Nominal minimum wage,month,1967,NA,4,national,United States,0,,Overall,1.4
2026.8.14,Minimum wage,Nominal minimum wage,month,1967,NA,5,national,United States,0,,Overall,1.4
2026.8.14,Minimum wage,Nominal minimum wage,month,1967,NA,6,national,United States,0,,Overall,1.4
2026.8.14,Minimum wage,Nominal minimum wage,month,1967,NA,7,national,United States,0,,Overall,1.4
2026.8.14,Minimum wage,Nominal minimum wage,month,1967,NA,8,national,United States,0,,Overall,1.4
2026.8.14,Minimum wage,Nominal minimum wage,month,1967,NA,9,national,United States,0,,Overall,1.4
2026.8.14,Minimum wage,Nominal minimum wage,month,1967,NA,10,national,United States,0,,Overall,1.4
2026.8.14,Minimum wage,Nominal minimum wage,month,1967,NA,11,national,United States,0,,Overall,1.4
2026.8.14,Minimum wage,Nominal minimum wage,month,1967,NA,12,national,United States,0,,Overall,1.4
2026.8.14,Minimum wage,Nominal minimum wage,month,1968,NA,1,national,United States,0,,Overall,1.4
2026.8.14,Minimum wage,Nominal minimum wage,month,1968,NA,2,national,United States,0,,Overall,1.6
2026.8.14,Minimum wage,Nominal minimum wage,month,1968,NA,3,national,United States,0,,Overall,1.6
2026.8.14,Minimum wage,Nominal minimum wage,month,1968,NA,4,national,United States,0,,Overall,1.6
2026.8.14,Minimum wage,Nominal minimum wage,month,1968,NA,5,national,United States,0,,Overall,1.6
2026.8.14,Minimum wage,Nominal minimum wage,month,1968,NA,6,national,United States,0,,Overall,1.6
2026.8.14,Minimum wage,Nominal minimum wage,month,1968,NA,7,national,United States,0,,Overall,1.6
2026.8.14,Minimum wage,Nominal minimum wage,month,1968,NA,8,national,United States,0,,Overall,1.6
2026.8.14,Minimum wage,Nominal minimum wage,month,1968,NA,9,national,United States,0,,Overall,1.6
2026.8.14,Minimum wage,Nominal minimum wage,month,1968,NA,10,national,United States,0,,Overall,1.6
2026.8.14,Minimum wage,Nominal minimum wage,month,1968,NA,11,national,United States,0,,Overall,1.6
2026.8.14,Minimum wage,Nominal minimum wage,month,1968,NA,12,national,United States,0,,Overall,1.6
2026.8.14,Minimum wage,Nominal minimum wage,month,1969,NA,1,national,United States,0,,Overall,1.6
2026.8.14,Minimum wage,Nominal minimum wage,month,1969,NA,2,national,United States,0,,Overall,1.6
2026.8.14,Minimum wage,Nominal minimum wage,month,1969,NA,3,national,United States,0,,Overall,1.6
2026.8.14,Minimum wage,Nominal minimum wage,month,1969,NA,4,national,United States,0,,Overall,1.6
2026.8.14,Minimum wage,Nominal minimum wage,month,1969,NA,5,national,United States,0,,Overall,1.6
2026.8.14,Minimum wage,Nominal minimum wage,month,1969,NA,6,national,United States,0,,Overall,1.6
2026.8.14,Minimum wage,Nominal minimum wage,month,1969,NA,7,national,United States,0,,Overall,1.6
2026.8.14,Minimum wage,Nominal minimum wage,month,1969,NA,8,national,United States,0,,Overall,1.6
2026.8.14,Minimum wage,Nominal minimum wage,month,1969,NA,9,national,United States,0,,Overall,1.6
2026.8.14,Minimum wage,Nominal minimum wage,month,1969,NA,10,national,United States,0,,Overall,1.6
2026.8.14,Minimum wage,Nominal minimum wage,month,1969,NA,11,national,United States,0,,Overall,1.6
2026.8.14,Minimum wage,Nominal minimum wage,month,1969,NA,12,national,United States,0,,Overall,1.6
2026.8.14,Minimum wage,Nominal minimum wage,month,1970,NA,1,national,United States,0,,Overall,1.6
2026.8.14,Minimum wage,Nominal minimum wage,month,1970,NA,2,national,United States,0,,Overall,1.6
2026.8.14,Minimum wage,Nominal minimum wage,month,1970,NA,3,national,United States,0,,Overall,1.6
2026.8.14,Minimum wage,Nominal minimum wage,month,1970,NA,4,national,United States,0,,Overall,1.6
2026.8.14,Minimum wage,Nominal minimum wage,month,1970,NA,5,national,United States,0,,Overall,1.6
2026.8.14,Minimum wage,Nominal minimum wage,month,1970,NA,6,national,United States,0,,Overall,1.6
2026.8.14,Minimum wage,Nominal minimum wage,month,1970,NA,7,national,United States,0,,Overall,1.6
2026.8.14,Minimum wage,Nominal minimum wage,month,1970,NA,8,national,United States,0,,Overall,1.6
2026.8.14,Minimum wage,Nominal minimum wage,month,1970,NA,9,national,United States,0,,Overall,1.6
2026.8.14,Minimum wage,Nominal minimum wage,month,1970,NA,10,national,United States,0,,Overall,1.6
2026.8.14,Minimum wage,Nominal minimum wage,month,1970,NA,11,national,United States,0,,Overall,1.6
2026.8.14,Minimum wage,Nominal minimum wage,month,1970,NA,12,national,United States,0,,Overall,1.6
2026.8.14,Minimum wage,Nominal minimum wage,month,1971,NA,1,national,United States,0,,Overall,1.6
2026.8.14,Minimum wage,Nominal minimum wage,month,1971,NA,2,national,United States,0,,Overall,1.6
2026.8.14,Minimum wage,Nominal minimum wage,month,1971,NA,3,national,United States,0,,Overall,1.6
2026.8.14,Minimum wage,Nominal minimum wage,month,1971,NA,4,national,United States,0,,Overall,1.6
2026.8.14,Minimum wage,Nominal minimum wage,month,1971,NA,5,national,United States,0,,Overall,1.6
2026.8.14,Minimum wage,Nominal minimum wage,month,1971,NA,6,national,United States,0,,Overall,1.6
2026.8.14,Minimum wage,Nominal minimum wage,month,1971,NA,7,national,United States,0,,Overall,1.6
2026.8.14,Minimum wage,Nominal minimum wage,month,1971,NA,8,national,United States,0,,Overall,1.6
2026.8.14,Minimum wage,Nominal minimum wage,month,1971,NA,9,national,United States,0,,Overall,1.6
2026.8.14,Minimum wage,Nominal minimum wage,month,1971,NA,10,national,United States,0,,Overall,1.6
2026.8.14,Minimum wage,Nominal minimum wage,month,1971,NA,11,national,United States,0,,Overall,1.6
2026.8.14,Minimum wage,Nominal minimum wage,month,1971,NA,12,national,United States,0,,Overall,1.6
2026.8.14,Minimum wage,Nominal minimum wage,month,1972,NA,1,national,United States,0,,Overall,1.6
2026.8.14,Minimum wage,Nominal minimum wage,month,1972,NA,2,national,United States,0,,Overall,1.6
2026.8.14,Minimum wage,Nominal minimum wage,month,1972,NA,3,national,United States,0,,Overall,1.6
2026.8.14,Minimum wage,Nominal minimum wage,month,1972,NA,4,national,United States,0,,Overall,1.6
2026.8.14,Minimum wage,Nominal minimum wage,month,1972,NA,5,national,United States,0,,Overall,1.6
2026.8.14,Minimum wage,Nominal minimum wage,month,1972,NA,6,national,United States,0,,Overall,1.6
2026.8.14,Minimum wage,Nominal minimum wage,month,1972,NA,7,national,United States,0,,Overall,1.6
2026.8.14,Minimum wage,Nominal minimum wage,month,1972,NA,8,national,United States,0,,Overall,1.6
2026.8.14,Minimum wage,Nominal minimum wage,month,1972,NA,9,national,United States,0,,Overall,1.6
2026.8.14,Minimum wage,Nominal minimum wage,month,1972,NA,10,national,United States,0,,Overall,1.6
2026.8.14,Minimum wage,Nominal minimum wage,month,1972,NA,11,national,United States,0,,Overall,1.6
2026.8.14,Minimum wage,Nominal minimum wage,month,1972,NA,12,national,United States,0,,Overall,1.6
2026.8.14,Minimum wage,Nominal minimum wage,month,1973,NA,1,national,United States,0,,Overall,1.6
2026.8.14,Minimum wage,Nominal minimum wage,month,1973,NA,2,national,United States,0,,Overall,1.6
2026.8.14,Minimum wage,Nominal minimum wage,month,1973,NA,3,national,United States,0,,Overall,1.6
2026.8.14,Minimum wage,Nominal minimum wage,month,1973,NA,4,national,United States,0,,Overall,1.6
2026.8.14,Minimum wage,Nominal minimum wage,month,1973,NA,5,national,United States,0,,Overall,1.6
2026.8.14,Minimum wage,Nominal minimum wage,month,1973,NA,6,national,United States,0,,Overall,1.6
2026.8.14,Minimum wage,Nominal minimum wage,month,1973,NA,7,national,United States,0,,Overall,1.6
2026.8.14,Minimum wage,Nominal minimum wage,month,1973,NA,8,national,United States,0,,Overall,1.6
2026.8.14,Minimum wage,Nominal minimum wage,month,1973,NA,9,national,United States,0,,Overall,1.6
2026.8.14,Minimum wage,Nominal minimum wage,month,1973,NA,10,national,United States,0,,Overall,1.6
2026.8.14,Minimum wage,Nominal minimum wage,month,1973,NA,11,national,United States,0,,Overall,1.6
2026.8.14,Minimum wage,Nominal minimum wage,month,1973,NA,12,national,United States,0,,Overall,1.6
2026.8.14,Minimum wage,Nominal minimum wage,month,1974,NA,1,national,United States,0,,Overall,1.6
2026.8.14,Minimum wage,Nominal minimum wage,month,1974,NA,2,national,United States,0,,Overall,1.6
2026.8.14,Minimum wage,Nominal minimum wage,month,1974,NA,3,national,United States,0,,Overall,1.6
2026.8.14,Minimum wage,Nominal minimum wage,month,1974,NA,4,national,United States,0,,Overall,1.6
2026.8.14,Minimum wage,Nominal minimum wage,month,1974,NA,5,national,United States,0,,Overall,2
2026.8.14,Minimum wage,Nominal minimum wage,month,1974,NA,6,national,United States,0,,Overall,2
2026.8.14,Minimum wage,Nominal minimum wage,month,1974,NA,7,national,United States,0,,Overall,2
2026.8.14,Minimum wage,Nominal minimum wage,month,1974,NA,8,national,United States,0,,Overall,2
2026.8.14,Minimum wage,Nominal minimum wage,month,1974,NA,9,national,United States,0,,Overall,2
2026.8.14,Minimum wage,Nominal minimum wage,month,1974,NA,10,national,United States,0,,Overall,2
2026.8.14,Minimum wage,Nominal minimum wage,month,1974,NA,11,national,United States,0,,Overall,2
2026.8.14,Minimum wage,Nominal minimum wage,month,1974,NA,12,national,United States,0,,Overall,2
2026.8.14,Minimum wage,Nominal minimum wage,month,1975,NA,1,national,United States,0,,Overall,2.1
2026.8.14,Minimum wage,Nominal minimum wage,month,1975,NA,2,national,United States,0,,Overall,2.1
2026.8.14,Minimum wage,Nominal minimum wage,month,1975,NA,3,national,United States,0,,Overall,2.1
2026.8.14,Minimum wage,Nominal minimum wage,month,1975,NA,4,national,United States,0,,Overall,2.1
2026.8.14,Minimum wage,Nominal minimum wage,month,1975,NA,5,national,United States,0,,Overall,2.1
2026.8.14,Minimum wage,Nominal minimum wage,month,1975,NA,6,national,United States,0,,Overall,2.1
2026.8.14,Minimum wage,Nominal minimum wage,month,1975,NA,7,national,United States,0,,Overall,2.1
2026.8.14,Minimum wage,Nominal minimum wage,month,1975,NA,8,national,United States,0,,Overall,2.1
2026.8.14,Minimum wage,Nominal minimum wage,month,1975,NA,9,national,United States,0,,Overall,2.1
2026.8.14,Minimum wage,Nominal minimum wage,month,1975,NA,10,national,United States,0,,Overall,2.1
2026.8.14,Minimum wage,Nominal minimum wage,month,1975,NA,11,national,United States,0,,Overall,2.1
2026.8.14,Minimum wage,Nominal minimum wage,month,1975,NA,12,national,United States,0,,Overall,2.1
2026.8.14,Minimum wage,Nominal minimum wage,month,1976,NA,1,national,United States,0,,Overall,2.3
2026.8.14,Minimum wage,Nominal minimum wage,month,1976,NA,2,national,United States,0,,Overall,2.3
2026.8.14,Minimum wage,Nominal minimum wage,month,1976,NA,3,national,United States,0,,Overall,2.3
2026.8.14,Minimum wage,Nominal minimum wage,month,1976,NA,4,national,United States,0,,Overall,2.3
2026.8.14,Minimum wage,Nominal minimum wage,month,1976,NA,5,national,United States,0,,Overall,2.3
2026.8.14,Minimum wage,Nominal minimum wage,month,1976,NA,6,national,United States,0,,Overall,2.3
2026.8.14,Minimum wage,Nominal minimum wage,month,1976,NA,7,national,United States,0,,Overall,2.3
2026.8.14,Minimum wage,Nominal minimum wage,month,1976,NA,8,national,United States,0,,Overall,2.3
2026.8.14,Minimum wage,Nominal minimum wage,month,1976,NA,9,national,United States,0,,Overall,2.3
2026.8.14,Minimum wage,Nominal minimum wage,month,1976,NA,10,national,United States,0,,Overall,2.3
2026.8.14,Minimum wage,Nominal minimum wage,month,1976,NA,11,national,United States,0,,Overall,2.3
2026.8.14,Minimum wage,Nominal minimum wage,month,1976,NA,12,national,United States,0,,Overall,2.3
2026.8.14,Minimum wage,Nominal minimum wage,month,1977,NA,1,national,United States,0,,Overall,2.3
2026.8.14,Minimum wage,Nominal minimum wage,month,1977,NA,2,national,United States,0,,Overall,2.3
2026.8.14,Minimum wage,Nominal minimum wage,month,1977,NA,3,national,United States,0,,Overall,2.3
2026.8.14,Minimum wage,Nominal minimum wage,month,1977,NA,4,national,United States,0,,Overall,2.3
2026.8.14,Minimum wage,Nominal minimum wage,month,1977,NA,5,national,United States,0,,Overall,2.3
2026.8.14,Minimum wage,Nominal minimum wage,month,1977,NA,6,national,United States,0,,Overall,2.3
2026.8.14,Minimum wage,Nominal minimum wage,month,1977,NA,7,national,United States,0,,Overall,2.3
2026.8.14,Minimum wage,Nominal minimum wage,month,1977,NA,8,national,United States,0,,Overall,2.3
2026.8.14,Minimum wage,Nominal minimum wage,month,1977,NA,9,national,United States,0,,Overall,2.3
2026.8.14,Minimum wage,Nominal minimum wage,month,1977,NA,10,national,United States,0,,Overall,2.3
2026.8.14,Minimum wage,Nominal minimum wage,month,1977,NA,11,national,United States,0,,Overall,2.3
2026.8.14,Minimum wage,Nominal minimum wage,month,1977,NA,12,national,United States,0,,Overall,2.3
2026.8.14,Minimum wage,Nominal minimum wage,month,1978,NA,1,national,United States,0,,Overall,2.65
2026.8.14,Minimum wage,Nominal minimum wage,month,1978,NA,2,national,United States,0,,Overall,2.65
2026.8.14,Minimum wage,Nominal minimum wage,month,1978,NA,3,national,United States,0,,Overall,2.65
2026.8.14,Minimum wage,Nominal minimum wage,month,1978,NA,4,national,United States,0,,Overall,2.65
2026.8.14,Minimum wage,Nominal minimum wage,month,1978,NA,5,national,United States,0,,Overall,2.65
2026.8.14,Minimum wage,Nominal minimum wage,month,1978,NA,6,national,United States,0,,Overall,2.65
2026.8.14,Minimum wage,Nominal minimum wage,month,1978,NA,7,national,United States,0,,Overall,2.65
2026.8.14,Minimum wage,Nominal minimum wage,month,1978,NA,8,national,United States,0,,Overall,2.65
2026.8.14,Minimum wage,Nominal minimum wage,month,1978,NA,9,national,United States,0,,Overall,2.65
2026.8.14,Minimum wage,Nominal minimum wage,month,1978,NA,10,national,United States,0,,Overall,2.65
2026.8.14,Minimum wage,Nominal minimum wage,month,1978,NA,11,national,United States,0,,Overall,2.65
2026.8.14,Minimum wage,Nominal minimum wage,month,1978,NA,12,national,United States,0,,Overall,2.65
2026.8.14,Minimum wage,Nominal minimum wage,month,1979,NA,1,national,United States,0,,Overall,2.9
2026.8.14,Minimum wage,Nominal minimum wage,month,1979,NA,2,national,United States,0,,Overall,2.9
2026.8.14,Minimum wage,Nominal minimum wage,month,1979,NA,3,national,United States,0,,Overall,2.9
2026.8.14,Minimum wage,Nominal minimum wage,month,1979,NA,4,national,United States,0,,Overall,2.9
2026.8.14,Minimum wage,Nominal minimum wage,month,1979,NA,5,national,United States,0,,Overall,2.9
2026.8.14,Minimum wage,Nominal minimum wage,month,1979,NA,6,national,United States,0,,Overall,2.9
2026.8.14,Minimum wage,Nominal minimum wage,month,1979,NA,7,national,United States,0,,Overall,2.9
2026.8.14,Minimum wage,Nominal minimum wage,month,1979,NA,8,national,United States,0,,Overall,2.9
2026.8.14,Minimum wage,Nominal minimum wage,month,1979,NA,9,national,United States,0,,Overall,2.9
2026.8.14,Minimum wage,Nominal minimum wage,month,1979,NA,10,national,United States,0,,Overall,2.9
2026.8.14,Minimum wage,Nominal minimum wage,month,1979,NA,11,national,United States,0,,Overall,2.9
2026.8.14,Minimum wage,Nominal minimum wage,month,1979,NA,12,national,United States,0,,Overall,2.9
2026.8.14,Minimum wage,Nominal minimum wage,month,1980,NA,1,national,United States,0,,Overall,3.1
2026.8.14,Minimum wage,Nominal minimum wage,month,1980,NA,2,national,United States,0,,Overall,3.1
2026.8.14,Minimum wage,Nominal minimum wage,month,1980,NA,3,national,United States,0,,Overall,3.1
2026.8.14,Minimum wage,Nominal minimum wage,month,1980,NA,4,national,United States,0,,Overall,3.1
2026.8.14,Minimum wage,Nominal minimum wage,month,1980,NA,5,national,United States,0,,Overall,3.1
2026.8.14,Minimum wage,Nominal minimum wage,month,1980,NA,6,national,United States,0,,Overall,3.1
2026.8.14,Minimum wage,Nominal minimum wage,month,1980,NA,7,national,United States,0,,Overall,3.1
2026.8.14,Minimum wage,Nominal minimum wage,month,1980,NA,8,national,United States,0,,Overall,3.1
2026.8.14,Minimum wage,Nominal minimum wage,month,1980,NA,9,national,United States,0,,Overall,3.1
2026.8.14,Minimum wage,Nominal minimum wage,month,1980,NA,10,national,United States,0,,Overall,3.1
2026.8.14,Minimum wage,Nominal minimum wage,month,1980,NA,11,national,United States,0,,Overall,3.1
2026.8.14,Minimum wage,Nominal minimum wage,month,1980,NA,12,national,United States,0,,Overall,3.1
2026.8.14,Minimum wage,Nominal minimum wage,month,1981,NA,1,national,United States,0,,Overall,3.35
2026.8.14,Minimum wage,Nominal minimum wage,month,1981,NA,2,national,United States,0,,Overall,3.35
2026.8.14,Minimum wage,Nominal minimum wage,month,1981,NA,3,national,United States,0,,Overall,3.35
2026.8.14,Minimum wage,Nominal minimum wage,month,1981,NA,4,national,United States,0,,Overall,3.35
2026.8.14,Minimum wage,Nominal minimum wage,month,1981,NA,5,national,United States,0,,Overall,3.35
2026.8.14,Minimum wage,Nominal minimum wage,month,1981,NA,6,national,United States,0,,Overall,3.35
2026.8.14,Minimum wage,Nominal minimum wage,month,1981,NA,7,national,United States,0,,Overall,3.35
2026.8.14,Minimum wage,Nominal minimum wage,month,1981,NA,8,national,United States,0,,Overall,3.35
2026.8.14,Minimum wage,Nominal minimum wage,month,1981,NA,9,national,United States,0,,Overall,3.35
2026.8.14,Minimum wage,Nominal minimum wage,month,1981,NA,10,national,United States,0,,Overall,3.35
2026.8.14,Minimum wage,Nominal minimum wage,month,1981,NA,11,national,United States,0,,Overall,3.35
2026.8.14,Minimum wage,Nominal minimum wage,month,1981,NA,12,national,United States,0,,Overall,3.35
2026.8.14,Minimum wage,Nominal minimum wage,month,1982,NA,1,national,United States,0,,Overall,3.35
2026.8.14,Minimum wage,Nominal minimum wage,month,1982,NA,2,national,United States,0,,Overall,3.35
2026.8.14,Minimum wage,Nominal minimum wage,month,1982,NA,3,national,United States,0,,Overall,3.35
2026.8.14,Minimum wage,Nominal minimum wage,month,1982,NA,4,national,United States,0,,Overall,3.35
2026.8.14,Minimum wage,Nominal minimum wage,month,1982,NA,5,national,United States,0,,Overall,3.35
2026.8.14,Minimum wage,Nominal minimum wage,month,1982,NA,6,national,United States,0,,Overall,3.35
2026.8.14,Minimum wage,Nominal minimum wage,month,1982,NA,7,national,United States,0,,Overall,3.35
2026.8.14,Minimum wage,Nominal minimum wage,month,1982,NA,8,national,United States,0,,Overall,3.35
2026.8.14,Minimum wage,Nominal minimum wage,month,1982,NA,9,national,United States,0,,Overall,3.35
2026.8.14,Minimum wage,Nominal minimum wage,month,1982,NA,10,national,United States,0,,Overall,3.35
2026.8.14,Minimum wage,Nominal minimum wage,month,1982,NA,11,national,United States,0,,Overall,3.35
2026.8.14,Minimum wage,Nominal minimum wage,month,1982,NA,12,national,United States,0,,Overall,3.35
2026.8.14,Minimum wage,Nominal minimum wage,month,1983,NA,1,national,United States,0,,Overall,3.35
2026.8.14,Minimum wage,Nominal minimum wage,month,1983,NA,2,national,United States,0,,Overall,3.35
2026.8.14,Minimum wage,Nominal minimum wage,month,1983,NA,3,national,United States,0,,Overall,3.35
2026.8.14,Minimum wage,Nominal minimum wage,month,1983,NA,4,national,United States,0,,Overall,3.35
2026.8.14,Minimum wage,Nominal minimum wage,month,1983,NA,5,national,United States,0,,Overall,3.35
2026.8.14,Minimum wage,Nominal minimum wage,month,1983,NA,6,national,United States,0,,Overall,3.35
2026.8.14,Minimum wage,Nominal minimum wage,month,1983,NA,7,national,United States,0,,Overall,3.35
2026.8.14,Minimum wage,Nominal minimum wage,month,1983,NA,8,national,United States,0,,Overall,3.35
2026.8.14,Minimum wage,Nominal minimum wage,month,1983,NA,9,national,United States,0,,Overall,3.35
2026.8.14,Minimum wage,Nominal minimum wage,month,1983,NA,10,national,United States,0,,Overall,3.35
2026.8.14,Minimum wage,Nominal minimum wage,month,1983,NA,11,national,United States,0,,Overall,3.35
2026.8.14,Minimum wage,Nominal minimum wage,month,1983,NA,12,national,United States,0,,Overall,3.35
2026.8.14,Minimum wage,Nominal minimum wage,month,1984,NA,1,national,United States,0,,Overall,3.35
2026.8.14,Minimum wage,Nominal minimum wage,month,1984,NA,2,national,United States,0,,Overall,3.35
2026.8.14,Minimum wage,Nominal minimum wage,month,1984,NA,3,national,United States,0,,Overall,3.35
2026.8.14,Minimum wage,Nominal minimum wage,month,1984,NA,4,national,United States,0,,Overall,3.35
2026.8.14,Minimum wage,Nominal minimum wage,month,1984,NA,5,national,United States,0,,Overall,3.35
2026.8.14,Minimum wage,Nominal minimum wage,month,1984,NA,6,national,United States,0,,Overall,3.35
2026.8.14,Minimum wage,Nominal minimum wage,month,1984,NA,7,national,United States,0,,Overall,3.35
2026.8.14,Minimum wage,Nominal minimum wage,month,1984,NA,8,national,United States,0,,Overall,3.35
2026.8.14,Minimum wage,Nominal minimum wage,month,1984,NA,9,national,United States,0,,Overall,3.35
2026.8.14,Minimum wage,Nominal minimum wage,month,1984,NA,10,national,United States,0,,Overall,3.35
2026.8.14,Minimum wage,Nominal minimum wage,month,1984,NA,11,national,United States,0,,Overall,3.35
2026.8.14,Minimum wage,Nominal minimum wage,month,1984,NA,12,national,United States,0,,Overall,3.35
2026.8.14,Minimum wage,Nominal minimum wage,month,1985,NA,1,national,United States,0,,Overall,3.35
2026.8.14,Minimum wage,Nominal minimum wage,month,1985,NA,2,national,United States,0,,Overall,3.35
2026.8.14,Minimum wage,Nominal minimum wage,month,1985,NA,3,national,United States,0,,Overall,3.35
2026.8.14,Minimum wage,Nominal minimum wage,month,1985,NA,4,national,United States,0,,Overall,3.35
2026.8.14,Minimum wage,Nominal minimum wage,month,1985,NA,5,national,United States,0,,Overall,3.35
2026.8.14,Minimum wage,Nominal minimum wage,month,1985,NA,6,national,United States,0,,Overall,3.35
2026.8.14,Minimum wage,Nominal minimum wage,month,1985,NA,7,national,United States,0,,Overall,3.35
2026.8.14,Minimum wage,Nominal minimum wage,month,1985,NA,8,national,United States,0,,Overall,3.35
2026.8.14,Minimum wage,Nominal minimum wage,month,1985,NA,9,national,United States,0,,Overall,3.35
2026.8.14,Minimum wage,Nominal minimum wage,month,1985,NA,10,national,United States,0,,Overall,3.35
2026.8.14,Minimum wage,Nominal minimum wage,month,1985,NA,11,national,United States,0,,Overall,3.35
2026.8.14,Minimum wage,Nominal minimum wage,month,1985,NA,12,national,United States,0,,Overall,3.35
2026.8.14,Minimum wage,Nominal minimum wage,month,1986,NA,1,national,United States,0,,Overall,3.35
2026.8.14,Minimum wage,Nominal minimum wage,month,1986,NA,2,national,United States,0,,Overall,3.35
2026.8.14,Minimum wage,Nominal minimum wage,month,1986,NA,3,national,United States,0,,Overall,3.35
2026.8.14,Minimum wage,Nominal minimum wage,month,1986,NA,4,national,United States,0,,Overall,3.35
2026.8.14,Minimum wage,Nominal minimum wage,month,1986,NA,5,national,United States,0,,Overall,3.35
2026.8.14,Minimum wage,Nominal minimum wage,month,1986,NA,6,national,United States,0,,Overall,3.35
2026.8.14,Minimum wage,Nominal minimum wage,month,1986,NA,7,national,United States,0,,Overall,3.35
2026.8.14,Minimum wage,Nominal minimum wage,month,1986,NA,8,national,United States,0,,Overall,3.35
2026.8.14,Minimum wage,Nominal minimum wage,month,1986,NA,9,national,United States,0,,Overall,3.35
2026.8.14,Minimum wage,Nominal minimum wage,month,1986,NA,10,national,United States,0,,Overall,3.35
2026.8.14,Minimum wage,Nominal minimum wage,month,1986,NA,11,national,United States,0,,Overall,3.35
2026.8.14,Minimum wage,Nominal minimum wage,month,1986,NA,12,national,United States,0,,Overall,3.35
2026.8.14,Minimum wage,Nominal minimum wage,month,1987,NA,1,national,United States,0,,Overall,3.35
2026.8.14,Minimum wage,Nominal minimum wage,month,1987,NA,2,national,United States,0,,Overall,3.35
2026.8.14,Minimum wage,Nominal minimum wage,month,1987,NA,3,national,United States,0,,Overall,3.35
2026.8.14,Minimum wage,Nominal minimum wage,month,1987,NA,4,national,United States,0,,Overall,3.35
2026.8.14,Minimum wage,Nominal minimum wage,month,1987,NA,5,national,United States,0,,Overall,3.35
2026.8.14,Minimum wage,Nominal minimum wage,month,1987,NA,6,national,United States,0,,Overall,3.35
2026.8.14,Minimum wage,Nominal minimum wage,month,1987,NA,7,national,United States,0,,Overall,3.35
2026.8.14,Minimum wage,Nominal minimum wage,month,1987,NA,8,national,United States,0,,Overall,3.35
2026.8.14,Minimum wage,Nominal minimum wage,month,1987,NA,9,national,United States,0,,Overall,3.35
2026.8.14,Minimum wage,Nominal minimum wage,month,1987,NA,10,national,United States,0,,Overall,3.35
2026.8.14,Minimum wage,Nominal minimum wage,month,1987,NA,11,national,United States,0,,Overall,3.35
2026.8.14,Minimum wage,Nominal minimum wage,month,1987,NA,12,national,United States,0,,Overall,3.35
2026.8.14,Minimum wage,Nominal minimum wage,month,1988,NA,1,national,United States,0,,Overall,3.35
2026.8.14,Minimum wage,Nominal minimum wage,month,1988,NA,2,national,United States,0,,Overall,3.35
2026.8.14,Minimum wage,Nominal minimum wage,month,1988,NA,3,national,United States,0,,Overall,3.35
2026.8.14,Minimum wage,Nominal minimum wage,month,1988,NA,4,national,United States,0,,Overall,3.35
2026.8.14,Minimum wage,Nominal minimum wage,month,1988,NA,5,national,United States,0,,Overall,3.35
2026.8.14,Minimum wage,Nominal minimum wage,month,1988,NA,6,national,United States,0,,Overall,3.35
2026.8.14,Minimum wage,Nominal minimum wage,month,1988,NA,7,national,United States,0,,Overall,3.35
2026.8.14,Minimum wage,Nominal minimum wage,month,1988,NA,8,national,United States,0,,Overall,3.35
2026.8.14,Minimum wage,Nominal minimum wage,month,1988,NA,9,national,United States,0,,Overall,3.35
2026.8.14,Minimum wage,Nominal minimum wage,month,1988,NA,10,national,United States,0,,Overall,3.35
2026.8.14,Minimum wage,Nominal minimum wage,month,1988,NA,11,national,United States,0,,Overall,3.35
2026.8.14,Minimum wage,Nominal minimum wage,month,1988,NA,12,national,United States,0,,Overall,3.35
2026.8.14,Minimum wage,Nominal minimum wage,month,1989,NA,1,national,United States,0,,Overall,3.35
2026.8.14,Minimum wage,Nominal minimum wage,month,1989,NA,2,national,United States,0,,Overall,3.35
2026.8.14,Minimum wage,Nominal minimum wage,month,1989,NA,3,national,United States,0,,Overall,3.35
2026.8.14,Minimum wage,Nominal minimum wage,month,1989,NA,4,national,United States,0,,Overall,3.35
2026.8.14,Minimum wage,Nominal minimum wage,month,1989,NA,5,national,United States,0,,Overall,3.35
2026.8.14,Minimum wage,Nominal minimum wage,month,1989,NA,6,national,United States,0,,Overall,3.35
2026.8.14,Minimum wage,Nominal minimum wage,month,1989,NA,7,national,United States,0,,Overall,3.35
2026.8.14,Minimum wage,Nominal minimum wage,month,1989,NA,8,national,United States,0,,Overall,3.35
2026.8.14,Minimum wage,Nominal minimum wage,month,1989,NA,9,national,United States,0,,Overall,3.35
2026.8.14,Minimum wage,Nominal minimum wage,month,1989,NA,10,national,United States,0,,Overall,3.35
2026.8.14,Minimum wage,Nominal minimum wage,month,1989,NA,11,national,United States,0,,Overall,3.35
2026.8.14,Minimum wage,Nominal minimum wage,month,1989,NA,12,national,United States,0,,Overall,3.35
2026.8.14,Minimum wage,Nominal minimum wage,month,1990,NA,1,national,United States,0,,Overall,3.35
2026.8.14,Minimum wage,Nominal minimum wage,month,1990,NA,2,national,United States,0,,Overall,3.35
2026.8.14,Minimum wage,Nominal minimum wage,month,1990,NA,3,national,United States,0,,Overall,3.35
2026.8.14,Minimum wage,Nominal minimum wage,month,1990,NA,4,national,United States,0,,Overall,3.8
2026.8.14,Minimum wage,Nominal minimum wage,month,1990,NA,5,national,United States,0,,Overall,3.8
2026.8.14,Minimum wage,Nominal minimum wage,month,1990,NA,6,national,United States,0,,Overall,3.8
2026.8.14,Minimum wage,Nominal minimum wage,month,1990,NA,7,national,United States,0,,Overall,3.8
2026.8.14,Minimum wage,Nominal minimum wage,month,1990,NA,8,national,United States,0,,Overall,3.8
2026.8.14,Minimum wage,Nominal minimum wage,month,1990,NA,9,national,United States,0,,Overall,3.8
2026.8.14,Minimum wage,Nominal minimum wage,month,1990,NA,10,national,United States,0,,Overall,3.8
2026.8.14,Minimum wage,Nominal minimum wage,month,1990,NA,11,national,United States,0,,Overall,3.8
2026.8.14,Minimum wage,Nominal minimum wage,month,1990,NA,12,national,United States,0,,Overall,3.8
2026.8.14,Minimum wage,Nominal minimum wage,month,1991,NA,1,national,United States,0,,Overall,3.8
2026.8.14,Minimum wage,Nominal minimum wage,month,1991,NA,2,national,United States,0,,Overall,3.8
2026.8.14,Minimum wage,Nominal minimum wage,month,1991,NA,3,national,United States,0,,Overall,3.8
2026.8.14,Minimum wage,Nominal minimum wage,month,1991,NA,4,national,United States,0,,Overall,4.25
2026.8.14,Minimum wage,Nominal minimum wage,month,1991,NA,5,national,United States,0,,Overall,4.25
2026.8.14,Minimum wage,Nominal minimum wage,month,1991,NA,6,national,United States,0,,Overall,4.25
2026.8.14,Minimum wage,Nominal minimum wage,month,1991,NA,7,national,United States,0,,Overall,4.25
2026.8.14,Minimum wage,Nominal minimum wage,month,1991,NA,8,national,United States,0,,Overall,4.25
2026.8.14,Minimum wage,Nominal minimum wage,month,1991,NA,9,national,United States,0,,Overall,4.25
2026.8.14,Minimum wage,Nominal minimum wage,month,1991,NA,10,national,United States,0,,Overall,4.25
2026.8.14,Minimum wage,Nominal minimum wage,month,1991,NA,11,national,United States,0,,Overall,4.25
2026.8.14,Minimum wage,Nominal minimum wage,month,1991,NA,12,national,United States,0,,Overall,4.25
2026.8.14,Minimum wage,Nominal minimum wage,month,1992,NA,1,national,United States,0,,Overall,4.25
2026.8.14,Minimum wage,Nominal minimum wage,month,1992,NA,2,national,United States,0,,Overall,4.25
2026.8.14,Minimum wage,Nominal minimum wage,month,1992,NA,3,national,United States,0,,Overall,4.25
2026.8.14,Minimum wage,Nominal minimum wage,month,1992,NA,4,national,United States,0,,Overall,4.25
2026.8.14,Minimum wage,Nominal minimum wage,month,1992,NA,5,national,United States,0,,Overall,4.25
2026.8.14,Minimum wage,Nominal minimum wage,month,1992,NA,6,national,United States,0,,Overall,4.25
2026.8.14,Minimum wage,Nominal minimum wage,month,1992,NA,7,national,United States,0,,Overall,4.25
2026.8.14,Minimum wage,Nominal minimum wage,month,1992,NA,8,national,United States,0,,Overall,4.25
2026.8.14,Minimum wage,Nominal minimum wage,month,1992,NA,9,national,United States,0,,Overall,4.25
2026.8.14,Minimum wage,Nominal minimum wage,month,1992,NA,10,national,United States,0,,Overall,4.25
2026.8.14,Minimum wage,Nominal minimum wage,month,1992,NA,11,national,United States,0,,Overall,4.25
2026.8.14,Minimum wage,Nominal minimum wage,month,1992,NA,12,national,United States,0,,Overall,4.25
2026.8.14,Minimum wage,Nominal minimum wage,month,1993,NA,1,national,United States,0,,Overall,4.25
2026.8.14,Minimum wage,Nominal minimum wage,month,1993,NA,2,national,United States,0,,Overall,4.25
2026.8.14,Minimum wage,Nominal minimum wage,month,1993,NA,3,national,United States,0,,Overall,4.25
2026.8.14,Minimum wage,Nominal minimum wage,month,1993,NA,4,national,United States,0,,Overall,4.25
2026.8.14,Minimum wage,Nominal minimum wage,month,1993,NA,5,national,United States,0,,Overall,4.25
2026.8.14,Minimum wage,Nominal minimum wage,month,1993,NA,6,national,United States,0,,Overall,4.25
2026.8.14,Minimum wage,Nominal minimum wage,month,1993,NA,7,national,United States,0,,Overall,4.25
2026.8.14,Minimum wage,Nominal minimum wage,month,1993,NA,8,national,United States,0,,Overall,4.25
2026.8.14,Minimum wage,Nominal minimum wage,month,1993,NA,9,national,United States,0,,Overall,4.25
2026.8.14,Minimum wage,Nominal minimum wage,month,1993,NA,10,national,United States,0,,Overall,4.25
2026.8.14,Minimum wage,Nominal minimum wage,month,1993,NA,11,national,United States,0,,Overall,4.25
2026.8.14,Minimum wage,Nominal minimum wage,month,1993,NA,12,national,United States,0,,Overall,4.25
2026.8.14,Minimum wage,Nominal minimum wage,month,1994,NA,1,national,United States,0,,Overall,4.25
2026.8.14,Minimum wage,Nominal minimum wage,month,1994,NA,2,national,United States,0,,Overall,4.25
2026.8.14,Minimum wage,Nominal minimum wage,month,1994,NA,3,national,United States,0,,Overall,4.25
2026.8.14,Minimum wage,Nominal minimum wage,month,1994,NA,4,national,United States,0,,Overall,4.25
2026.8.14,Minimum wage,Nominal minimum wage,month,1994,NA,5,national,United States,0,,Overall,4.25
2026.8.14,Minimum wage,Nominal minimum wage,month,1994,NA,6,national,United States,0,,Overall,4.25
2026.8.14,Minimum wage,Nominal minimum wage,month,1994,NA,7,national,United States,0,,Overall,4.25
2026.8.14,Minimum wage,Nominal minimum wage,month,1994,NA,8,national,United States,0,,Overall,4.25
2026.8.14,Minimum wage,Nominal minimum wage,month,1994,NA,9,national,United States,0,,Overall,4.25
2026.8.14,Minimum wage,Nominal minimum wage,month,1994,NA,10,national,United States,0,,Overall,4.25
2026.8.14,Minimum wage,Nominal minimum wage,month,1994,NA,11,national,United States,0,,Overall,4.25
2026.8.14,Minimum wage,Nominal minimum wage,month,1994,NA,12,national,United States,0,,Overall,4.25
2026.8.14,Minimum wage,Nominal minimum wage,month,1995,NA,1,national,United States,0,,Overall,4.25
2026.8.14,Minimum wage,Nominal minimum wage,month,1995,NA,2,national,United States,0,,Overall,4.25
2026.8.14,Minimum wage,Nominal minimum wage,month,1995,NA,3,national,United States,0,,Overall,4.25
2026.8.14,Minimum wage,Nominal minimum wage,month,1995,NA,4,national,United States,0,,Overall,4.25
2026.8.14,Minimum wage,Nominal minimum wage,month,1995,NA,5,national,United States,0,,Overall,4.25
2026.8.14,Minimum wage,Nominal minimum wage,month,1995,NA,6,national,United States,0,,Overall,4.25
2026.8.14,Minimum wage,Nominal minimum wage,month,1995,NA,7,national,United States,0,,Overall,4.25
2026.8.14,Minimum wage,Nominal minimum wage,month,1995,NA,8,national,United States,0,,Overall,4.25
2026.8.14,Minimum wage,Nominal minimum wage,month,1995,NA,9,national,United States,0,,Overall,4.25
2026.8.14,Minimum wage,Nominal minimum wage,month,1995,NA,10,national,United States,0,,Overall,4.25
2026.8.14,Minimum wage,Nominal minimum wage,month,1995,NA,11,national,United States,0,,Overall,4.25
2026.8.14,Minimum wage,Nominal minimum wage,month,1995,NA,12,national,United States,0,,Overall,4.25
2026.8.14,Minimum wage,Nominal minimum wage,month,1996,NA,1,national,United States,0,,Overall,4.25
2026.8.14,Minimum wage,Nominal minimum wage,month,1996,NA,2,national,United States,0,,Overall,4.25
2026.8.14,Minimum wage,Nominal minimum wage,month,1996,NA,3,national,United States,0,,Overall,4.25
2026.8.14,Minimum wage,Nominal minimum wage,month,1996,NA,4,national,United States,0,,Overall,4.25
2026.8.14,Minimum wage,Nominal minimum wage,month,1996,NA,5,national,United States,0,,Overall,4.25
2026.8.14,Minimum wage,Nominal minimum wage,month,1996,NA,6,national,United States,0,,Overall,4.25
2026.8.14,Minimum wage,Nominal minimum wage,month,1996,NA,7,national,United States,0,,Overall,4.25
2026.8.14,Minimum wage,Nominal minimum wage,month,1996,NA,8,national,United States,0,,Overall,4.25
2026.8.14,Minimum wage,Nominal minimum wage,month,1996,NA,9,national,United States,0,,Overall,4.25
2026.8.14,Minimum wage,Nominal minimum wage,month,1996,NA,10,national,United States,0,,Overall,4.75
2026.8.14,Minimum wage,Nominal minimum wage,month,1996,NA,11,national,United States,0,,Overall,4.75
2026.8.14,Minimum wage,Nominal minimum wage,month,1996,NA,12,national,United States,0,,Overall,4.75
2026.8.14,Minimum wage,Nominal minimum wage,month,1997,NA,1,national,United States,0,,Overall,4.75
2026.8.14,Minimum wage,Nominal minimum wage,month,1997,NA,2,national,United States,0,,Overall,4.75
2026.8.14,Minimum wage,Nominal minimum wage,month,1997,NA,3,national,United States,0,,Overall,4.75
2026.8.14,Minimum wage,Nominal minimum wage,month,1997,NA,4,national,United States,0,,Overall,4.75
2026.8.14,Minimum wage,Nominal minimum wage,month,1997,NA,5,national,United States,0,,Overall,4.75
2026.8.14,Minimum wage,Nominal minimum wage,month,1997,NA,6,national,United States,0,,Overall,4.75
2026.8.14,Minimum wage,Nominal minimum wage,month,1997,NA,7,national,United States,0,,Overall,4.75
2026.8.14,Minimum wage,Nominal minimum wage,month,1997,NA,8,national,United States,0,,Overall,4.75
2026.8.14,Minimum wage,Nominal minimum wage,month,1997,NA,9,national,United States,0,,Overall,5.15
2026.8.14,Minimum wage,Nominal minimum wage,month,1997,NA,10,national,United States,0,,Overall,5.15
2026.8.14,Minimum wage,Nominal minimum wage,month,1997,NA,11,national,United States,0,,Overall,5.15
2026.8.14,Minimum wage,Nominal minimum wage,month,1997,NA,12,national,United States,0,,Overall,5.15
2026.8.14,Minimum wage,Nominal minimum wage,month,1998,NA,1,national,United States,0,,Overall,5.15
2026.8.14,Minimum wage,Nominal minimum wage,month,1998,NA,2,national,United States,0,,Overall,5.15
2026.8.14,Minimum wage,Nominal minimum wage,month,1998,NA,3,national,United States,0,,Overall,5.15
2026.8.14,Minimum wage,Nominal minimum wage,month,1998,NA,4,national,United States,0,,Overall,5.15
2026.8.14,Minimum wage,Nominal minimum wage,month,1998,NA,5,national,United States,0,,Overall,5.15
2026.8.14,Minimum wage,Nominal minimum wage,month,1998,NA,6,national,United States,0,,Overall,5.15
2026.8.14,Minimum wage,Nominal minimum wage,month,1998,NA,7,national,United States,0,,Overall,5.15
2026.8.14,Minimum wage,Nominal minimum wage,month,1998,NA,8,national,United States,0,,Overall,5.15
2026.8.14,Minimum wage,Nominal minimum wage,month,1998,NA,9,national,United States,0,,Overall,5.15
2026.8.14,Minimum wage,Nominal minimum wage,month,1998,NA,10,national,United States,0,,Overall,5.15
2026.8.14,Minimum wage,Nominal minimum wage,month,1998,NA,11,national,United States,0,,Overall,5.15
2026.8.14,Minimum wage,Nominal minimum wage,month,1998,NA,12,national,United States,0,,Overall,5.15
2026.8.14,Minimum wage,Nominal minimum wage,month,1999,NA,1,national,United States,0,,Overall,5.15
2026.8.14,Minimum wage,Nominal minimum wage,month,1999,NA,2,national,United States,0,,Overall,5.15
2026.8.14,Minimum wage,Nominal minimum wage,month,1999,NA,3,national,United States,0,,Overall,5.15
2026.8.14,Minimum wage,Nominal minimum wage,month,1999,NA,4,national,United States,0,,Overall,5.15
2026.8.14,Minimum wage,Nominal minimum wage,month,1999,NA,5,national,United States,0,,Overall,5.15
2026.8.14,Minimum wage,Nominal minimum wage,month,1999,NA,6,national,United States,0,,Overall,5.15
2026.8.14,Minimum wage,Nominal minimum wage,month,1999,NA,7,national,United States,0,,Overall,5.15
2026.8.14,Minimum wage,Nominal minimum wage,month,1999,NA,8,national,United States,0,,Overall,5.15
2026.8.14,Minimum wage,Nominal minimum wage,month,1999,NA,9,national,United States,0,,Overall,5.15
2026.8.14,Minimum wage,Nominal minimum wage,month,1999,NA,10,national,United States,0,,Overall,5.15
2026.8.14,Minimum wage,Nominal minimum wage,month,1999,NA,11,national,United States,0,,Overall,5.15
2026.8.14,Minimum wage,Nominal minimum wage,month,1999,NA,12,national,United States,0,,Overall,5.15
2026.8.14,Minimum wage,Nominal minimum wage,month,2000,NA,1,national,United States,0,,Overall,5.15
2026.8.14,Minimum wage,Nominal minimum wage,month,2000,NA,2,national,United States,0,,Overall,5.15
2026.8.14,Minimum wage,Nominal minimum wage,month,2000,NA,3,national,United States,0,,Overall,5.15
2026.8.14,Minimum wage,Nominal minimum wage,month,2000,NA,4,national,United States,0,,Overall,5.15
2026.8.14,Minimum wage,Nominal minimum wage,month,2000,NA,5,national,United States,0,,Overall,5.15
2026.8.14,Minimum wage,Nominal minimum wage,month,2000,NA,6,national,United States,0,,Overall,5.15
2026.8.14,Minimum wage,Nominal minimum wage,month,2000,NA,7,national,United States,0,,Overall,5.15
2026.8.14,Minimum wage,Nominal minimum wage,month,2000,NA,8,national,United States,0,,Overall,5.15
2026.8.14,Minimum wage,Nominal minimum wage,month,2000,NA,9,national,United States,0,,Overall,5.15
2026.8.14,Minimum wage,Nominal minimum wage,month,2000,NA,10,national,United States,0,,Overall,5.15
2026.8.14,Minimum wage,Nominal minimum wage,month,2000,NA,11,national,United States,0,,Overall,5.15
2026.8.14,Minimum wage,Nominal minimum wage,month,2000,NA,12,national,United States,0,,Overall,5.15
2026.8.14,Minimum wage,Nominal minimum wage,month,2001,NA,1,national,United States,0,,Overall,5.15
2026.8.14,Minimum wage,Nominal minimum wage,month,2001,NA,2,national,United States,0,,Overall,5.15
2026.8.14,Minimum wage,Nominal minimum wage,month,2001,NA,3,national,United States,0,,Overall,5.15
2026.8.14,Minimum wage,Nominal minimum wage,month,2001,NA,4,national,United States,0,,Overall,5.15
2026.8.14,Minimum wage,Nominal minimum wage,month,2001,NA,5,national,United States,0,,Overall,5.15
2026.8.14,Minimum wage,Nominal minimum wage,month,2001,NA,6,national,United States,0,,Overall,5.15
2026.8.14,Minimum wage,Nominal minimum wage,month,2001,NA,7,national,United States,0,,Overall,5.15
2026.8.14,Minimum wage,Nominal minimum wage,month,2001,NA,8,national,United States,0,,Overall,5.15
2026.8.14,Minimum wage,Nominal minimum wage,month,2001,NA,9,national,United States,0,,Overall,5.15
2026.8.14,Minimum wage,Nominal minimum wage,month,2001,NA,10,national,United States,0,,Overall,5.15
2026.8.14,Minimum wage,Nominal minimum wage,month,2001,NA,11,national,United States,0,,Overall,5.15
2026.8.14,Minimum wage,Nominal minimum wage,month,2001,NA,12,national,United States,0,,Overall,5.15
2026.8.14,Minimum wage,Nominal minimum wage,month,2002,NA,1,national,United States,0,,Overall,5.15
2026.8.14,Minimum wage,Nominal minimum wage,month,2002,NA,2,national,United States,0,,Overall,5.15
2026.8.14,Minimum wage,Nominal minimum wage,month,2002,NA,3,national,United States,0,,Overall,5.15
2026.8.14,Minimum wage,Nominal minimum wage,month,2002,NA,4,national,United States,0,,Overall,5.15
2026.8.14,Minimum wage,Nominal minimum wage,month,2002,NA,5,national,United States,0,,Overall,5.15
2026.8.14,Minimum wage,Nominal minimum wage,month,2002,NA,6,national,United States,0,,Overall,5.15
2026.8.14,Minimum wage,Nominal minimum wage,month,2002,NA,7,national,United States,0,,Overall,5.15
2026.8.14,Minimum wage,Nominal minimum wage,month,2002,NA,8,national,United States,0,,Overall,5.15
2026.8.14,Minimum wage,Nominal minimum wage,month,2002,NA,9,national,United States,0,,Overall,5.15
2026.8.14,Minimum wage,Nominal minimum wage,month,2002,NA,10,national,United States,0,,Overall,5.15
2026.8.14,Minimum wage,Nominal minimum wage,month,2002,NA,11,national,United States,0,,Overall,5.15
2026.8.14,Minimum wage,Nominal minimum wage,month,2002,NA,12,national,United States,0,,Overall,5.15
2026.8.14,Minimum wage,Nominal minimum wage,month,2003,NA,1,national,United States,0,,Overall,5.15
2026.8.14,Minimum wage,Nominal minimum wage,month,2003,NA,2,national,United States,0,,Overall,5.15
2026.8.14,Minimum wage,Nominal minimum wage,month,2003,NA,3,national,United States,0,,Overall,5.15
2026.8.14,Minimum wage,Nominal minimum wage,month,2003,NA,4,national,United States,0,,Overall,5.15
2026.8.14,Minimum wage,Nominal minimum wage,month,2003,NA,5,national,United States,0,,Overall,5.15
2026.8.14,Minimum wage,Nominal minimum wage,month,2003,NA,6,national,United States,0,,Overall,5.15
2026.8.14,Minimum wage,Nominal minimum wage,month,2003,NA,7,national,United States,0,,Overall,5.15
2026.8.14,Minimum wage,Nominal minimum wage,month,2003,NA,8,national,United States,0,,Overall,5.15
2026.8.14,Minimum wage,Nominal minimum wage,month,2003,NA,9,national,United States,0,,Overall,5.15
2026.8.14,Minimum wage,Nominal minimum wage,month,2003,NA,10,national,United States,0,,Overall,5.15
2026.8.14,Minimum wage,Nominal minimum wage,month,2003,NA,11,national,United States,0,,Overall,5.15
2026.8.14,Minimum wage,Nominal minimum wage,month,2003,NA,12,national,United States,0,,Overall,5.15
2026.8.14,Minimum wage,Nominal minimum wage,month,2004,NA,1,national,United States,0,,Overall,5.15
2026.8.14,Minimum wage,Nominal minimum wage,month,2004,NA,2,national,United States,0,,Overall,5.15
2026.8.14,Minimum wage,Nominal minimum wage,month,2004,NA,3,national,United States,0,,Overall,5.15
2026.8.14,Minimum wage,Nominal minimum wage,month,2004,NA,4,national,United States,0,,Overall,5.15
2026.8.14,Minimum wage,Nominal minimum wage,month,2004,NA,5,national,United States,0,,Overall,5.15
2026.8.14,Minimum wage,Nominal minimum wage,month,2004,NA,6,national,United States,0,,Overall,5.15
2026.8.14,Minimum wage,Nominal minimum wage,month,2004,NA,7,national,United States,0,,Overall,5.15
2026.8.14,Minimum wage,Nominal minimum wage,month,2004,NA,8,national,United States,0,,Overall,5.15
2026.8.14,Minimum wage,Nominal minimum wage,month,2004,NA,9,national,United States,0,,Overall,5.15
2026.8.14,Minimum wage,Nominal minimum wage,month,2004,NA,10,national,United States,0,,Overall,5.15
2026.8.14,Minimum wage,Nominal minimum wage,month,2004,NA,11,national,United States,0,,Overall,5.15
2026.8.14,Minimum wage,Nominal minimum wage,month,2004,NA,12,national,United States,0,,Overall,5.15
2026.8.14,Minimum wage,Nominal minimum wage,month,2005,NA,1,national,United States,0,,Overall,5.15
2026.8.14,Minimum wage,Nominal minimum wage,month,2005,NA,2,national,United States,0,,Overall,5.15
2026.8.14,Minimum wage,Nominal minimum wage,month,2005,NA,3,national,United States,0,,Overall,5.15
2026.8.14,Minimum wage,Nominal minimum wage,month,2005,NA,4,national,United States,0,,Overall,5.15
2026.8.14,Minimum wage,Nominal minimum wage,month,2005,NA,5,national,United States,0,,Overall,5.15
2026.8.14,Minimum wage,Nominal minimum wage,month,2005,NA,6,national,United States,0,,Overall,5.15
2026.8.14,Minimum wage,Nominal minimum wage,month,2005,NA,7,national,United States,0,,Overall,5.15
2026.8.14,Minimum wage,Nominal minimum wage,month,2005,NA,8,national,United States,0,,Overall,5.15
2026.8.14,Minimum wage,Nominal minimum wage,month,2005,NA,9,national,United States,0,,Overall,5.15
2026.8.14,Minimum wage,Nominal minimum wage,month,2005,NA,10,national,United States,0,,Overall,5.15
2026.8.14,Minimum wage,Nominal minimum wage,month,2005,NA,11,national,United States,0,,Overall,5.15
2026.8.14,Minimum wage,Nominal minimum wage,month,2005,NA,12,national,United States,0,,Overall,5.15
2026.8.14,Minimum wage,Nominal minimum wage,month,2006,NA,1,national,United States,0,,Overall,5.15
2026.8.14,Minimum wage,Nominal minimum wage,month,2006,NA,2,national,United States,0,,Overall,5.15
2026.8.14,Minimum wage,Nominal minimum wage,month,2006,NA,3,national,United States,0,,Overall,5.15
2026.8.14,Minimum wage,Nominal minimum wage,month,2006,NA,4,national,United States,0,,Overall,5.15
2026.8.14,Minimum wage,Nominal minimum wage,month,2006,NA,5,national,United States,0,,Overall,5.15
2026.8.14,Minimum wage,Nominal minimum wage,month,2006,NA,6,national,United States,0,,Overall,5.15
2026.8.14,Minimum wage,Nominal minimum wage,month,2006,NA,7,national,United States,0,,Overall,5.15
2026.8.14,Minimum wage,Nominal minimum wage,month,2006,NA,8,national,United States,0,,Overall,5.15
2026.8.14,Minimum wage,Nominal minimum wage,month,2006,NA,9,national,United States,0,,Overall,5.15
2026.8.14,Minimum wage,Nominal minimum wage,month,2006,NA,10,national,United States,0,,Overall,5.15
2026.8.14,Minimum wage,Nominal minimum wage,month,2006,NA,11,national,United States,0,,Overall,5.15
2026.8.14,Minimum wage,Nominal minimum wage,month,2006,NA,12,national,United States,0,,Overall,5.15
2026.8.14,Minimum wage,Nominal minimum wage,month,2007,NA,1,national,United States,0,,Overall,5.15
2026.8.14,Minimum wage,Nominal minimum wage,month,2007,NA,2,national,United States,0,,Overall,5.15
2026.8.14,Minimum wage,Nominal minimum wage,month,2007,NA,3,national,United States,0,,Overall,5.15
2026.8.14,Minimum wage,Nominal minimum wage,month,2007,NA,4,national,United States,0,,Overall,5.15
2026.8.14,Minimum wage,Nominal minimum wage,month,2007,NA,5,national,United States,0,,Overall,5.15
2026.8.14,Minimum wage,Nominal minimum wage,month,2007,NA,6,national,United States,0,,Overall,5.15
2026.8.14,Minimum wage,Nominal minimum wage,month,2007,NA,7,national,United States,0,,Overall,5.85
2026.8.14,Minimum wage,Nominal minimum wage,month,2007,NA,8,national,United States,0,,Overall,5.85
2026.8.14,Minimum wage,Nominal minimum wage,month,2007,NA,9,national,United States,0,,Overall,5.85
2026.8.14,Minimum wage,Nominal minimum wage,month,2007,NA,10,national,United States,0,,Overall,5.85
2026.8.14,Minimum wage,Nominal minimum wage,month,2007,NA,11,national,United States,0,,Overall,5.85
2026.8.14,Minimum wage,Nominal minimum wage,month,2007,NA,12,national,United States,0,,Overall,5.85
2026.8.14,Minimum wage,Nominal minimum wage,month,2008,NA,1,national,United States,0,,Overall,5.85
2026.8.14,Minimum wage,Nominal minimum wage,month,2008,NA,2,national,United States,0,,Overall,5.85
2026.8.14,Minimum wage,Nominal minimum wage,month,2008,NA,3,national,United States,0,,Overall,5.85
2026.8.14,Minimum wage,Nominal minimum wage,month,2008,NA,4,national,United States,0,,Overall,5.85
2026.8.14,Minimum wage,Nominal minimum wage,month,2008,NA,5,national,United States,0,,Overall,5.85
2026.8.14,Minimum wage,Nominal minimum wage,month,2008,NA,6,national,United States,0,,Overall,5.85
2026.8.14,Minimum wage,Nominal minimum wage,month,2008,NA,7,national,United States,0,,Overall,6.55
2026.8.14,Minimum wage,Nominal minimum wage,month,2008,NA,8,national,United States,0,,Overall,6.55
2026.8.14,Minimum wage,Nominal minimum wage,month,2008,NA,9,national,United States,0,,Overall,6.55
2026.8.14,Minimum wage,Nominal minimum wage,month,2008,NA,10,national,United States,0,,Overall,6.55
2026.8.14,Minimum wage,Nominal minimum wage,month,2008,NA,11,national,United States,0,,Overall,6.55
2026.8.14,Minimum wage,Nominal minimum wage,month,2008,NA,12,national,United States,0,,Overall,6.55
2026.8.14,Minimum wage,Nominal minimum wage,month,2009,NA,1,national,United States,0,,Overall,6.55
2026.8.14,Minimum wage,Nominal minimum wage,month,2009,NA,2,national,United States,0,,Overall,6.55
2026.8.14,Minimum wage,Nominal minimum wage,month,2009,NA,3,national,United States,0,,Overall,6.55
2026.8.14,Minimum wage,Nominal minimum wage,month,2009,NA,4,national,United States,0,,Overall,6.55
2026.8.14,Minimum wage,Nominal minimum wage,month,2009,NA,5,national,United States,0,,Overall,6.55
2026.8.14,Minimum wage,Nominal minimum wage,month,2009,NA,6,national,United States,0,,Overall,6.55
2026.8.14,Minimum wage,Nominal minimum wage,month,2009,NA,7,national,United States,0,,Overall,7.25
2026.8.14,Minimum wage,Nominal minimum wage,month,2009,NA,8,national,United States,0,,Overall,7.25
2026.8.14,Minimum wage,Nominal minimum wage,month,2009,NA,9,national,United States,0,,Overall,7.25
2026.8.14,Minimum wage,Nominal minimum wage,month,2009,NA,10,national,United States,0,,Overall,7.25
2026.8.14,Minimum wage,Nominal minimum wage,month,2009,NA,11,national,United States,0,,Overall,7.25
2026.8.14,Minimum wage,Nominal minimum wage,month,2009,NA,12,national,United States,0,,Overall,7.25
2026.8.14,Minimum wage,Nominal minimum wage,month,2010,NA,1,national,United States,0,,Overall,7.25
2026.8.14,Minimum wage,Nominal minimum wage,month,2010,NA,2,national,United States,0,,Overall,7.25
2026.8.14,Minimum wage,Nominal minimum wage,month,2010,NA,3,national,United States,0,,Overall,7.25
2026.8.14,Minimum wage,Nominal minimum wage,month,2010,NA,4,national,United States,0,,Overall,7.25
2026.8.14,Minimum wage,Nominal minimum wage,month,2010,NA,5,national,United States,0,,Overall,7.25
2026.8.14,Minimum wage,Nominal minimum wage,month,2010,NA,6,national,United States,0,,Overall,7.25
2026.8.14,Minimum wage,Nominal minimum wage,month,2010,NA,7,national,United States,0,,Overall,7.25
2026.8.14,Minimum wage,Nominal minimum wage,month,2010,NA,8,national,United States,0,,Overall,7.25
2026.8.14,Minimum wage,Nominal minimum wage,month,2010,NA,9,national,United States,0,,Overall,7.25
2026.8.14,Minimum wage,Nominal minimum wage,month,2010,NA,10,national,United States,0,,Overall,7.25
2026.8.14,Minimum wage,Nominal minimum wage,month,2010,NA,11,national,United States,0,,Overall,7.25
2026.8.14,Minimum wage,Nominal minimum wage,month,2010,NA,12,national,United States,0,,Overall,7.25
2026.8.14,Minimum wage,Nominal minimum wage,month,2011,NA,1,national,United States,0,,Overall,7.25
2026.8.14,Minimum wage,Nominal minimum wage,month,2011,NA,2,national,United States,0,,Overall,7.25
2026.8.14,Minimum wage,Nominal minimum wage,month,2011,NA,3,national,United States,0,,Overall,7.25
2026.8.14,Minimum wage,Nominal minimum wage,month,2011,NA,4,national,United States,0,,Overall,7.25
2026.8.14,Minimum wage,Nominal minimum wage,month,2011,NA,5,national,United States,0,,Overall,7.25
2026.8.14,Minimum wage,Nominal minimum wage,month,2011,NA,6,national,United States,0,,Overall,7.25
2026.8.14,Minimum wage,Nominal minimum wage,month,2011,NA,7,national,United States,0,,Overall,7.25
2026.8.14,Minimum wage,Nominal minimum wage,month,2011,NA,8,national,United States,0,,Overall,7.25
2026.8.14,Minimum wage,Nominal minimum wage,month,2011,NA,9,national,United States,0,,Overall,7.25
2026.8.14,Minimum wage,Nominal minimum wage,month,2011,NA,10,national,United States,0,,Overall,7.25
2026.8.14,Minimum wage,Nominal minimum wage,month,2011,NA,11,national,United States,0,,Overall,7.25
2026.8.14,Minimum wage,Nominal minimum wage,month,2011,NA,12,national,United States,0,,Overall,7.25
2026.8.14,Minimum wage,Nominal minimum wage,month,2012,NA,1,national,United States,0,,Overall,7.25
2026.8.14,Minimum wage,Nominal minimum wage,month,2012,NA,2,national,United States,0,,Overall,7.25
2026.8.14,Minimum wage,Nominal minimum wage,month,2012,NA,3,national,United States,0,,Overall,7.25
2026.8.14,Minimum wage,Nominal minimum wage,month,2012,NA,4,national,United States,0,,Overall,7.25
2026.8.14,Minimum wage,Nominal minimum wage,month,2012,NA,5,national,United States,0,,Overall,7.25
2026.8.14,Minimum wage,Nominal minimum wage,month,2012,NA,6,national,United States,0,,Overall,7.25
2026.8.14,Minimum wage,Nominal minimum wage,month,2012,NA,7,national,United States,0,,Overall,7.25
2026.8.14,Minimum wage,Nominal minimum wage,month,2012,NA,8,national,United States,0,,Overall,7.25
2026.8.14,Minimum wage,Nominal minimum wage,month,2012,NA,9,national,United States,0,,Overall,7.25
2026.8.14,Minimum wage,Nominal minimum wage,month,2012,NA,10,national,United States,0,,Overall,7.25
2026.8.14,Minimum wage,Nominal minimum wage,month,2012,NA,11,national,United States,0,,Overall,7.25
2026.8.14,Minimum wage,Nominal minimum wage,month,2012,NA,12,national,United States,0,,Overall,7.25
2026.8.14,Minimum wage,Nominal minimum wage,month,2013,NA,1,national,United States,0,,Overall,7.25
2026.8.14,Minimum wage,Nominal minimum wage,month,2013,NA,2,national,United States,0,,Overall,7.25
2026.8.14,Minimum wage,Nominal minimum wage,month,2013,NA,3,national,United States,0,,Overall,7.25
2026.8.14,Minimum wage,Nominal minimum wage,month,2013,NA,4,national,United States,0,,Overall,7.25
2026.8.14,Minimum wage,Nominal minimum wage,month,2013,NA,5,national,United States,0,,Overall,7.25
2026.8.14,Minimum wage,Nominal minimum wage,month,2013,NA,6,national,United States,0,,Overall,7.25
2026.8.14,Minimum wage,Nominal minimum wage,month,2013,NA,7,national,United States,0,,Overall,7.25
2026.8.14,Minimum wage,Nominal minimum wage,month,2013,NA,8,national,United States,0,,Overall,7.25
2026.8.14,Minimum wage,Nominal minimum wage,month,2013,NA,9,national,United States,0,,Overall,7.25
2026.8.14,Minimum wage,Nominal minimum wage,month,2013,NA,10,national,United States,0,,Overall,7.25
2026.8.14,Minimum wage,Nominal minimum wage,month,2013,NA,11,national,United States,0,,Overall,7.25
2026.8.14,Minimum wage,Nominal minimum wage,month,2013,NA,12,national,United States,0,,Overall,7.25
2026.8.14,Minimum wage,Nominal minimum wage,month,2014,NA,1,national,United States,0,,Overall,7.25
2026.8.14,Minimum wage,Nominal minimum wage,month,2014,NA,2,national,United States,0,,Overall,7.25
2026.8.14,Minimum wage,Nominal minimum wage,month,2014,NA,3,national,United States,0,,Overall,7.25
2026.8.14,Minimum wage,Nominal minimum wage,month,2014,NA,4,national,United States,0,,Overall,7.25
2026.8.14,Minimum wage,Nominal minimum wage,month,2014,NA,5,national,United States,0,,Overall,7.25
2026.8.14,Minimum wage,Nominal minimum wage,month,2014,NA,6,national,United States,0,,Overall,7.25
2026.8.14,Minimum wage,Nominal minimum wage,month,2014,NA,7,national,United States,0,,Overall,7.25
2026.8.14,Minimum wage,Nominal minimum wage,month,2014,NA,8,national,United States,0,,Overall,7.25
2026.8.14,Minimum wage,Nominal minimum wage,month,2014,NA,9,national,United States,0,,Overall,7.25
2026.8.14,Minimum wage,Nominal minimum wage,month,2014,NA,10,national,United States,0,,Overall,7.25
2026.8.14,Minimum wage,Nominal minimum wage,month,2014,NA,11,national,United States,0,,Overall,7.25
2026.8.14,Minimum wage,Nominal minimum wage,month,2014,NA,12,national,United States,0,,Overall,7.25
2026.8.14,Minimum wage,Nominal minimum wage,month,2015,NA,1,national,United States,0,,Overall,7.25
2026.8.14,Minimum wage,Nominal minimum wage,month,2015,NA,2,national,United States,0,,Overall,7.25
2026.8.14,Minimum wage,Nominal minimum wage,month,2015,NA,3,national,United States,0,,Overall,7.25
2026.8.14,Minimum wage,Nominal minimum wage,month,2015,NA,4,national,United States,0,,Overall,7.25
2026.8.14,Minimum wage,Nominal minimum wage,month,2015,NA,5,national,United States,0,,Overall,7.25
2026.8.14,Minimum wage,Nominal minimum wage,month,2015,NA,6,national,United States,0,,Overall,7.25
2026.8.14,Minimum wage,Nominal minimum wage,month,2015,NA,7,national,United States,0,,Overall,7.25
2026.8.14,Minimum wage,Nominal minimum wage,month,2015,NA,8,national,United States,0,,Overall,7.25
2026.8.14,Minimum wage,Nominal minimum wage,month,2015,NA,9,national,United States,0,,Overall,7.25
2026.8.14,Minimum wage,Nominal minimum wage,month,2015,NA,10,national,United States,0,,Overall,7.25
2026.8.14,Minimum wage,Nominal minimum wage,month,2015,NA,11,national,United States,0,,Overall,7.25
2026.8.14,Minimum wage,Nominal minimum wage,month,2015,NA,12,national,United States,0,,Overall,7.25
2026.8.14,Minimum wage,Nominal minimum wage,month,2016,NA,1,national,United States,0,,Overall,7.25
2026.8.14,Minimum wage,Nominal minimum wage,month,2016,NA,2,national,United States,0,,Overall,7.25
2026.8.14,Minimum wage,Nominal minimum wage,month,2016,NA,3,national,United States,0,,Overall,7.25
2026.8.14,Minimum wage,Nominal minimum wage,month,2016,NA,4,national,United States,0,,Overall,7.25
2026.8.14,Minimum wage,Nominal minimum wage,month,2016,NA,5,national,United States,0,,Overall,7.25
2026.8.14,Minimum wage,Nominal minimum wage,month,2016,NA,6,national,United States,0,,Overall,7.25
2026.8.14,Minimum wage,Nominal minimum wage,month,2016,NA,7,national,United States,0,,Overall,7.25
2026.8.14,Minimum wage,Nominal minimum wage,month,2016,NA,8,national,United States,0,,Overall,7.25
2026.8.14,Minimum wage,Nominal minimum wage,month,2016,NA,9,national,United States,0,,Overall,7.25
2026.8.14,Minimum wage,Nominal minimum wage,month,2016,NA,10,national,United States,0,,Overall,7.25
2026.8.14,Minimum wage,Nominal minimum wage,month,2016,NA,11,national,United States,0,,Overall,7.25
2026.8.14,Minimum wage,Nominal minimum wage,month,2016,NA,12,national,United States,0,,Overall,7.25
2026.8.14,Minimum wage,Nominal minimum wage,month,2017,NA,1,national,United States,0,,Overall,7.25
2026.8.14,Minimum wage,Nominal minimum wage,month,2017,NA,2,national,United States,0,,Overall,7.25
2026.8.14,Minimum wage,Nominal minimum wage,month,2017,NA,3,national,United States,0,,Overall,7.25
2026.8.14,Minimum wage,Nominal minimum wage,month,2017,NA,4,national,United States,0,,Overall,7.25
2026.8.14,Minimum wage,Nominal minimum wage,month,2017,NA,5,national,United States,0,,Overall,7.25
2026.8.14,Minimum wage,Nominal minimum wage,month,2017,NA,6,national,United States,0,,Overall,7.25
2026.8.14,Minimum wage,Nominal minimum wage,month,2017,NA,7,national,United States,0,,Overall,7.25
2026.8.14,Minimum wage,Nominal minimum wage,month,2017,NA,8,national,United States,0,,Overall,7.25
2026.8.14,Minimum wage,Nominal minimum wage,month,2017,NA,9,national,United States,0,,Overall,7.25
2026.8.14,Minimum wage,Nominal minimum wage,month,2017,NA,10,national,United States,0,,Overall,7.25
2026.8.14,Minimum wage,Nominal minimum wage,month,2017,NA,11,national,United States,0,,Overall,7.25
2026.8.14,Minimum wage,Nominal minimum wage,month,2017,NA,12,national,United States,0,,Overall,7.25
2026.8.14,Minimum wage,Nominal minimum wage,month,2018,NA,1,national,United States,0,,Overall,7.25
2026.8.14,Minimum wage,Nominal minimum wage,month,2018,NA,2,national,United States,0,,Overall,7.25
2026.8.14,Minimum wage,Nominal minimum wage,month,2018,NA,3,national,United States,0,,Overall,7.25
2026.8.14,Minimum wage,Nominal minimum wage,month,2018,NA,4,national,United States,0,,Overall,7.25
2026.8.14,Minimum wage,Nominal minimum wage,month,2018,NA,5,national,United States,0,,Overall,7.25
2026.8.14,Minimum wage,Nominal minimum wage,month,2018,NA,6,national,United States,0,,Overall,7.25
2026.8.14,Minimum wage,Nominal minimum wage,month,2018,NA,7,national,United States,0,,Overall,7.25
2026.8.14,Minimum wage,Nominal minimum wage,month,2018,NA,8,national,United States,0,,Overall,7.25
2026.8.14,Minimum wage,Nominal minimum wage,month,2018,NA,9,national,United States,0,,Overall,7.25
2026.8.14,Minimum wage,Nominal minimum wage,month,2018,NA,10,national,United States,0,,Overall,7.25
2026.8.14,Minimum wage,Nominal minimum wage,month,2018,NA,11,national,United States,0,,Overall,7.25
2026.8.14,Minimum wage,Nominal minimum wage,month,2018,NA,12,national,United States,0,,Overall,7.25
2026.8.14,Minimum wage,Nominal minimum wage,month,2019,NA,1,national,United States,0,,Overall,7.25
2026.8.14,Minimum wage,Nominal minimum wage,month,2019,NA,2,national,United States,0,,Overall,7.25
2026.8.14,Minimum wage,Nominal minimum wage,month,2019,NA,3,national,United States,0,,Overall,7.25
2026.8.14,Minimum wage,Nominal minimum wage,month,2019,NA,4,national,United States,0,,Overall,7.25
2026.8.14,Minimum wage,Nominal minimum wage,month,2019,NA,5,national,United States,0,,Overall,7.25
2026.8.14,Minimum wage,Nominal minimum wage,month,2019,NA,6,national,United States,0,,Overall,7.25
2026.8.14,Minimum wage,Nominal minimum wage,month,2019,NA,7,national,United States,0,,Overall,7.25
2026.8.14,Minimum wage,Nominal minimum wage,month,2019,NA,8,national,United States,0,,Overall,7.25
2026.8.14,Minimum wage,Nominal minimum wage,month,2019,NA,9,national,United States,0,,Overall,7.25
2026.8.14,Minimum wage,Nominal minimum wage,month,2019,NA,10,national,United States,0,,Overall,7.25
2026.8.14,Minimum wage,Nominal minimum wage,month,2019,NA,11,national,United States,0,,Overall,7.25
2026.8.14,Minimum wage,Nominal minimum wage,month,2019,NA,12,national,United States,0,,Overall,7.25
2026.8.14,Minimum wage,Nominal minimum wage,month,2020,NA,1,national,United States,0,,Overall,7.25
2026.8.14,Minimum wage,Nominal minimum wage,month,2020,NA,2,national,United States,0,,Overall,7.25
2026.8.14,Minimum wage,Nominal minimum wage,month,2020,NA,3,national,United States,0,,Overall,7.25
2026.8.14,Minimum wage,Nominal minimum wage,month,2020,NA,4,national,United States,0,,Overall,7.25
2026.8.14,Minimum wage,Nominal minimum wage,month,2020,NA,5,national,United States,0,,Overall,7.25
2026.8.14,Minimum wage,Nominal minimum wage,month,2020,NA,6,national,United States,0,,Overall,7.25
2026.8.14,Minimum wage,Nominal minimum wage,month,2020,NA,7,national,United States,0,,Overall,7.25
2026.8.14,Minimum wage,Nominal minimum wage,month,2020,NA,8,national,United States,0,,Overall,7.25
2026.8.14,Minimum wage,Nominal minimum wage,month,2020,NA,9,national,United States,0,,Overall,7.25
2026.8.14,Minimum wage,Nominal minimum wage,month,2020,NA,10,national,United States,0,,Overall,7.25
2026.8.14,Minimum wage,Nominal minimum wage,month,2020,NA,11,national,United States,0,,Overall,7.25
2026.8.14,Minimum wage,Nominal minimum wage,month,2020,NA,12,national,United States,0,,Overall,7.25
2026.8.14,Minimum wage,Nominal minimum wage,month,2021,NA,1,national,United States,0,,Overall,7.25
2026.8.14,Minimum wage,Nominal minimum wage,month,2021,NA,2,national,United States,0,,Overall,7.25
2026.8.14,Minimum wage,Nominal minimum wage,month,2021,NA,3,national,United States,0,,Overall,7.25
2026.8.14,Minimum wage,Nominal minimum wage,month,2021,NA,4,national,United States,0,,Overall,7.25
2026.8.14,Minimum wage,Nominal minimum wage,month,2021,NA,5,national,United States,0,,Overall,7.25
2026.8.14,Minimum wage,Nominal minimum wage,month,2021,NA,6,national,United States,0,,Overall,7.25
2026.8.14,Minimum wage,Nominal minimum wage,month,2021,NA,7,national,United States,0,,Overall,7.25
2026.8.14,Minimum wage,Nominal minimum wage,month,2021,NA,8,national,United States,0,,Overall,7.25
2026.8.14,Minimum wage,Nominal minimum wage,month,2021,NA,9,national,United States,0,,Overall,7.25
2026.8.14,Minimum wage,Nominal minimum wage,month,2021,NA,10,national,United States,0,,Overall,7.25
2026.8.14,Minimum wage,Nominal minimum wage,month,2021,NA,11,national,United States,0,,Overall,7.25
2026.8.14,Minimum wage,Nominal minimum wage,month,2021,NA,12,national,United States,0,,Overall,7.25
2026.8.14,Minimum wage,Nominal minimum wage,month,2022,NA,1,national,United States,0,,Overall,7.25
2026.8.14,Minimum wage,Nominal minimum wage,month,2022,NA,2,national,United States,0,,Overall,7.25
2026.8.14,Minimum wage,Nominal minimum wage,month,2022,NA,3,national,United States,0,,Overall,7.25
2026.8.14,Minimum wage,Nominal minimum wage,month,2022,NA,4,national,United States,0,,Overall,7.25
2026.8.14,Minimum wage,Nominal minimum wage,month,2022,NA,5,national,United States,0,,Overall,7.25
2026.8.14,Minimum wage,Nominal minimum wage,month,2022,NA,6,national,United States,0,,Overall,7.25
2026.8.14,Minimum wage,Nominal minimum wage,month,2022,NA,7,national,United States,0,,Overall,7.25
2026.8.14,Minimum wage,Nominal minimum wage,month,2022,NA,8,national,United States,0,,Overall,7.25
2026.8.14,Minimum wage,Nominal minimum wage,month,2022,NA,9,national,United States,0,,Overall,7.25
2026.8.14,Minimum wage,Nominal minimum wage,month,2022,NA,10,national,United States,0,,Overall,7.25
2026.8.14,Minimum wage,Nominal minimum wage,month,2022,NA,11,national,United States,0,,Overall,7.25
2026.8.14,Minimum wage,Nominal minimum wage,month,2022,NA,12,national,United States,0,,Overall,7.25
2026.8.14,Minimum wage,Nominal minimum wage,month,2023,NA,1,national,United States,0,,Overall,7.25
2026.8.14,Minimum wage,Nominal minimum wage,month,2023,NA,2,national,United States,0,,Overall,7.25
2026.8.14,Minimum wage,Nominal minimum wage,month,2023,NA,3,national,United States,0,,Overall,7.25
2026.8.14,Minimum wage,Nominal minimum wage,month,2023,NA,4,national,United States,0,,Overall,7.25
2026.8.14,Minimum wage,Nominal minimum wage,month,2023,NA,5,national,United States,0,,Overall,7.25
2026.8.14,Minimum wage,Nominal minimum wage,month,2023,NA,6,national,United States,0,,Overall,7.25
2026.8.14,Minimum wage,Nominal minimum wage,month,2023,NA,7,national,United States,0,,Overall,7.25
2026.8.14,Minimum wage,Nominal minimum wage,month,2023,NA,8,national,United States,0,,Overall,7.25
2026.8.14,Minimum wage,Nominal minimum wage,month,2023,NA,9,national,United States,0,,Overall,7.25
2026.8.14,Minimum wage,Nominal minimum wage,month,2023,NA,10,national,United States,0,,Overall,7.25
2026.8.14,Minimum wage,Nominal minimum wage,month,2023,NA,11,national,United States,0,,Overall,7.25
2026.8.14,Minimum wage,Nominal minimum wage,month,2023,NA,12,national,United States,0,,Overall,7.25
2026.8.14,Minimum wage,Nominal minimum wage,month,2024,NA,1,national,United States,0,,Overall,7.25
2026.8.14,Minimum wage,Nominal minimum wage,month,2024,NA,2,national,United States,0,,Overall,7.25
2026.8.14,Minimum wage,Nominal minimum wage,month,2024,NA,3,national,United States,0,,Overall,7.25
2026.8.14,Minimum wage,Nominal minimum wage,month,2024,NA,4,national,United States,0,,Overall,7.25
2026.8.14,Minimum wage,Nominal minimum wage,month,2024,NA,5,national,United States,0,,Overall,7.25
2026.8.14,Minimum wage,Nominal minimum wage,month,2024,NA,6,national,United States,0,,Overall,7.25
2026.8.14,Minimum wage,Nominal minimum wage,month,2024,NA,7,national,United States,0,,Overall,7.25
2026.8.14,Minimum wage,Nominal minimum wage,month,2024,NA,8,national,United States,0,,Overall,7.25
2026.8.14,Minimum wage,Nominal minimum wage,month,2024,NA,9,national,United States,0,,Overall,7.25
2026.8.14,Minimum wage,Nominal minimum wage,month,2024,NA,10,national,United States,0,,Overall,7.25
2026.8.14,Minimum wage,Nominal minimum wage,month,2024,NA,11,national,United States,0,,Overall,7.25
2026.8.14,Minimum wage,Nominal minimum wage,month,2024,NA,12,national,United States,0,,Overall,7.25
2026.8.14,Minimum wage,Nominal minimum wage,month,2025,NA,1,national,United States,0,,Overall,7.25
2026.8.14,Minimum wage,Nominal minimum wage,month,2025,NA,2,national,United States,0,,Overall,7.25
2026.8.14,Minimum wage,Nominal minimum wage,month,2025,NA,3,national,United States,0,,Overall,7.25
2026.8.14,Minimum wage,Nominal minimum wage,month,2025,NA,4,national,United States,0,,Overall,7.25
2026.8.14,Minimum wage,Nominal minimum wage,month,2025,NA,5,national,United States,0,,Overall,7.25
2026.8.14,Minimum wage,Nominal minimum wage,month,2025,NA,6,national,United States,0,,Overall,7.25
2026.8.14,Minimum wage,Nominal minimum wage,month,2025,NA,7,national,United States,0,,Overall,7.25
2026.8.14,Minimum wage,Nominal minimum wage,month,2025,NA,8,national,United States,0,,Overall,7.25
2026.8.14,Minimum wage,Nominal minimum wage,month,2025,NA,9,national,United States,0,,Overall,7.25
2026.8.14,Minimum wage,Nominal minimum wage,month,2025,NA,10,national,United States,0,,Overall,7.25
2026.8.14,Minimum wage,Nominal minimum wage,month,2025,NA,11,national,United States,0,,Overall,7.25
2026.8.14,Minimum wage,Nominal minimum wage,month,2025,NA,12,national,United States,0,,Overall,7.25
2026.8.14,Minimum wage,Nominal minimum wage,month,2026,NA,1,national,United States,0,,Overall,7.25
2026.8.14,Minimum wage,Nominal minimum wage,month,2026,NA,2,national,United States,0,,Overall,7.25
2026.8.14,Minimum wage,Nominal minimum wage,month,2026,NA,3,national,United States,0,,Overall,7.25
2026.8.14,Minimum wage,Nominal minimum wage,month,2026,NA,4,national,United States,0,,Overall,7.25
2026.8.14,Minimum wage,Nominal minimum wage,month,2026,NA,5,national,United States,0,,Overall,7.25
2026.8.14,Minimum wage,Nominal minimum wage,month,2026,NA,6,national,United States,0,,Overall,7.25
2026.8.14,Minimum wage,Nominal minimum wage,month,2026,NA,7,national,United States,0,,Overall,7.25
2026.8.14,Minimum wage,Nominal minimum wage,month,2026,NA,8,national,United States,0,,Overall,7.25
2026.8.14,Minimum wage,Nominal minimum wage,month,2026,NA,9,national,United States,0,,Overall,7.25
2026.8.14,Minimum wage,Nominal minimum wage,month,2026,NA,10,national,United States,0,,Overall,7.25
2026.8.14,Minimum wage,Nominal minimum wage,month,2026,NA,11,national,United States,0,,Overall,7.25
2026.8.14,Minimum wage,Nominal minimum wage,month,2026,NA,12,national,United States,0,,Overall,7.25
2026.8.14,Minimum wage,Nominal minimum wage,year,1938,NA,NA,national,United States,0,,Overall,0.25
2026.8.14,Minimum wage,Nominal minimum wage,year,1939,NA,NA,national,United States,0,,Overall,0.3
2026.8.14,Minimum wage,Nominal minimum wage,year,1940,NA,NA,national,United States,0,,Overall,0.3
2026.8.14,Minimum wage,Nominal minimum wage,year,1941,NA,NA,national,United States,0,,Overall,0.3
2026.8.14,Minimum wage,Nominal minimum wage,year,1942,NA,NA,national,United States,0,,Overall,0.3
2026.8.14,Minimum wage,Nominal minimum wage,year,1943,NA,NA,national,United States,0,,Overall,0.3
2026.8.14,Minimum wage,Nominal minimum wage,year,1944,NA,NA,national,United States,0,,Overall,0.3
2026.8.14,Minimum wage,Nominal minimum wage,year,1945,NA,NA,national,United States,0,,Overall,0.4
2026.8.14,Minimum wage,Nominal minimum wage,year,1946,NA,NA,national,United States,0,,Overall,0.4
2026.8.14,Minimum wage,Nominal minimum wage,year,1947,NA,NA,national,United States,0,,Overall,0.4
2026.8.14,Minimum wage,Nominal minimum wage,year,1948,NA,NA,national,United States,0,,Overall,0.4
2026.8.14,Minimum wage,Nominal minimum wage,year,1949,NA,NA,national,United States,0,,Overall,0.4
2026.8.14,Minimum wage,Nominal minimum wage,year,1950,NA,NA,national,United States,0,,Overall,0.75
2026.8.14,Minimum wage,Nominal minimum wage,year,1951,NA,NA,national,United States,0,,Overall,0.75
2026.8.14,Minimum wage,Nominal minimum wage,year,1952,NA,NA,national,United States,0,,Overall,0.75
2026.8.14,Minimum wage,Nominal minimum wage,year,1953,NA,NA,national,United States,0,,Overall,0.75
2026.8.14,Minimum wage,Nominal minimum wage,year,1954,NA,NA,national,United States,0,,Overall,0.75
2026.8.14,Minimum wage,Nominal minimum wage,year,1955,NA,NA,national,United States,0,,Overall,0.75
2026.8.14,Minimum wage,Nominal minimum wage,year,1956,NA,NA,national,United States,0,,Overall,1
2026.8.14,Minimum wage,Nominal minimum wage,year,1957,NA,NA,national,United States,0,,Overall,1
2026.8.14,Minimum wage,Nominal minimum wage,year,1958,NA,NA,national,United States,0,,Overall,1
2026.8.14,Minimum wage,Nominal minimum wage,year,1959,NA,NA,national,United States,0,,Overall,1
2026.8.14,Minimum wage,Nominal minimum wage,year,1960,NA,NA,national,United States,0,,Overall,1
2026.8.14,Minimum wage,Nominal minimum wage,year,1961,NA,NA,national,United States,0,,Overall,1.15
2026.8.14,Minimum wage,Nominal minimum wage,year,1962,NA,NA,national,United States,0,,Overall,1.15
2026.8.14,Minimum wage,Nominal minimum wage,year,1963,NA,NA,national,United States,0,,Overall,1.25
2026.8.14,Minimum wage,Nominal minimum wage,year,1964,NA,NA,national,United States,0,,Overall,1.25
2026.8.14,Minimum wage,Nominal minimum wage,year,1965,NA,NA,national,United States,0,,Overall,1.25
2026.8.14,Minimum wage,Nominal minimum wage,year,1966,NA,NA,national,United States,0,,Overall,1.25
2026.8.14,Minimum wage,Nominal minimum wage,year,1967,NA,NA,national,United States,0,,Overall,1.4
2026.8.14,Minimum wage,Nominal minimum wage,year,1968,NA,NA,national,United States,0,,Overall,1.6
2026.8.14,Minimum wage,Nominal minimum wage,year,1969,NA,NA,national,United States,0,,Overall,1.6
2026.8.14,Minimum wage,Nominal minimum wage,year,1970,NA,NA,national,United States,0,,Overall,1.6
2026.8.14,Minimum wage,Nominal minimum wage,year,1971,NA,NA,national,United States,0,,Overall,1.6
2026.8.14,Minimum wage,Nominal minimum wage,year,1972,NA,NA,national,United States,0,,Overall,1.6
2026.8.14,Minimum wage,Nominal minimum wage,year,1973,NA,NA,national,United States,0,,Overall,1.6
2026.8.14,Minimum wage,Nominal minimum wage,year,1974,NA,NA,national,United States,0,,Overall,2
2026.8.14,Minimum wage,Nominal minimum wage,year,1975,NA,NA,national,United States,0,,Overall,2.1
2026.8.14,Minimum wage,Nominal minimum wage,year,1976,NA,NA,national,United States,0,,Overall,2.3
2026.8.14,Minimum wage,Nominal minimum wage,year,1977,NA,NA,national,United States,0,,Overall,2.3
2026.8.14,Minimum wage,Nominal minimum wage,year,1978,NA,NA,national,United States,0,,Overall,2.65
2026.8.14,Minimum wage,Nominal minimum wage,year,1979,NA,NA,national,United States,0,,Overall,2.9
2026.8.14,Minimum wage,Nominal minimum wage,year,1980,NA,NA,national,United States,0,,Overall,3.1
2026.8.14,Minimum wage,Nominal minimum wage,year,1981,NA,NA,national,United States,0,,Overall,3.35
2026.8.14,Minimum wage,Nominal minimum wage,year,1982,NA,NA,national,United States,0,,Overall,3.35
2026.8.14,Minimum wage,Nominal minimum wage,year,1983,NA,NA,national,United States,0,,Overall,3.35
2026.8.14,Minimum wage,Nominal minimum wage,year,1984,NA,NA,national,United States,0,,Overall,3.35
2026.8.14,Minimum wage,Nominal minimum wage,year,1985,NA,NA,national,United States,0,,Overall,3.35
2026.8.14,Minimum wage,Nominal minimum wage,year,1986,NA,NA,national,United States,0,,Overall,3.35
2026.8.14,Minimum wage,Nominal minimum wage,year,1987,NA,NA,national,United States,0,,Overall,3.35
2026.8.14,Minimum wage,Nominal minimum wage,year,1988,NA,NA,national,United States,0,,Overall,3.35
2026.8.14,Minimum wage,Nominal minimum wage,year,1989,NA,NA,national,United States,0,,Overall,3.35
2026.8.14,Minimum wage,Nominal minimum wage,year,1990,NA,NA,national,United States,0,,Overall,3.8
2026.8.14,Minimum wage,Nominal minimum wage,year,1991,NA,NA,national,United States,0,,Overall,4.25
2026.8.14,Minimum wage,Nominal minimum wage,year,1992,NA,NA,national,United States,0,,Overall,4.25
2026.8.14,Minimum wage,Nominal minimum wage,year,1993,NA,NA,national,United States,0,,Overall,4.25
2026.8.14,Minimum wage,Nominal minimum wage,year,1994,NA,NA,national,United States,0,,Overall,4.25
2026.8.14,Minimum wage,Nominal minimum wage,year,1995,NA,NA,national,United States,0,,Overall,4.25
2026.8.14,Minimum wage,Nominal minimum wage,year,1996,NA,NA,national,United States,0,,Overall,4.75
2026.8.14,Minimum wage,Nominal minimum wage,year,1997,NA,NA,national,United States,0,,Overall,5.15
2026.8.14,Minimum wage,Nominal minimum wage,year,1998,NA,NA,national,United States,0,,Overall,5.15
2026.8.14,Minimum wage,Nominal minimum wage,year,1999,NA,NA,national,United States,0,,Overall,5.15
2026.8.14,Minimum wage,Nominal minimum wage,year,2000,NA,NA,national,United States,0,,Overall,5.15
2026.8.14,Minimum wage,Nominal minimum wage,year,2001,NA,NA,national,United States,0,,Overall,5.15
2026.8.14,Minimum wage,Nominal minimum wage,year,2002,NA,NA,national,United States,0,,Overall,5.15
2026.8.14,Minimum wage,Nominal minimum wage,year,2003,NA,NA,national,United States,0,,Overall,5.15
2026.8.14,Minimum wage,Nominal minimum wage,year,2004,NA,NA,national,United States,0,,Overall,5.15
2026.8.14,Minimum wage,Nominal minimum wage,year,2005,NA,NA,national,United States,0,,Overall,5.15
2026.8.14,Minimum wage,Nominal minimum wage,year,2006,NA,NA,national,United States,0,,Overall,5.15
2026.8.14,Minimum wage,Nominal minimum wage,year,2007,NA,NA,national,United States,0,,Overall,5.85
2026.8.14,Minimum wage,Nominal minimum wage,year,2008,NA,NA,national,United States,0,,Overall,6.55
2026.8.14,Minimum wage,Nominal minimum wage,year,2009,NA,NA,national,United States,0,,Overall,7.25
2026.8.14,Minimum wage,Nominal minimum wage,year,2010,NA,NA,national,United States,0,,Overall,7.25
2026.8.14,Minimum wage,Nominal minimum wage,year,2011,NA,NA,national,United States,0,,Overall,7.25
2026.8.14,Minimum wage,Nominal minimum wage,year,2012,NA,NA,national,United States,0,,Overall,7.25
2026.8.14,Minimum wage,Nominal minimum wage,year,2013,NA,NA,national,United States,0,,Overall,7.25
2026.8.14,Minimum wage,Nominal minimum wage,year,2014,NA,NA,national,United States,0,,Overall,7.25
2026.8.14,Minimum wage,Nominal minimum wage,year,2015,NA,NA,national,United States,0,,Overall,7.25
2026.8.14,Minimum wage,Nominal minimum wage,year,2016,NA,NA,national,United States,0,,Overall,7.25
2026.8.14,Minimum wage,Nominal minimum wage,year,2017,NA,NA,national,United States,0,,Overall,7.25
2026.8.14,Minimum wage,Nominal minimum wage,year,2018,NA,NA,national,United States,0,,Overall,7.25
2026.8.14,Minimum wage,Nominal minimum wage,year,2019,NA,NA,national,United States,0,,Overall,7.25
2026.8.14,Minimum wage,Nominal minimum wage,year,2020,NA,NA,national,United States,0,,Overall,7.25
2026.8.14,Minimum wage,Nominal minimum wage,year,2021,NA,NA,national,United States,0,,Overall,7.25
2026.8.14,Minimum wage,Nominal minimum wage,year,2022,NA,NA,national,United States,0,,Overall,7.25
2026.8.14,Minimum wage,Nominal minimum wage,year,2023,NA,NA,national,United States,0,,Overall,7.25
2026.8.14,Minimum wage,Nominal minimum wage,year,2024,NA,NA,national,United States,0,,Overall,7.25
2026.8.14,Minimum wage,Nominal minimum wage,year,2025,NA,NA,national,United States,0,,Overall,7.25
2026.8.14,Minimum wage,Nominal minimum wage,year,2026,NA,NA,national,United States,0,,Overall,7.25
2026.8.14,Minimum wage,Real minimum wage (July 2026$),month,1938,NA,10,national,United States,0,,Overall,4.8578947368421055
2026.8.14,Minimum wage,Real minimum wage (July 2026$),month,1938,NA,11,national,United States,0,,Overall,4.8578947368421055
2026.8.14,Minimum wage,Real minimum wage (July 2026$),month,1938,NA,12,national,United States,0,,Overall,4.8578947368421055
2026.8.14,Minimum wage,Real minimum wage (July 2026$),month,1939,NA,1,national,United States,0,,Overall,4.807291666666667
2026.8.14,Minimum wage,Real minimum wage (July 2026$),month,1939,NA,2,national,United States,0,,Overall,4.8578947368421055
2026.8.14,Minimum wage,Real minimum wage (July 2026$),month,1939,NA,3,national,United States,0,,Overall,4.8578947368421055
2026.8.14,Minimum wage,Real minimum wage (July 2026$),month,1939,NA,4,national,United States,0,,Overall,4.909574468085106
2026.8.14,Minimum wage,Real minimum wage (July 2026$),month,1939,NA,5,national,United States,0,,Overall,4.909574468085106
2026.8.14,Minimum wage,Real minimum wage (July 2026$),month,1939,NA,6,national,United States,0,,Overall,4.909574468085106
2026.8.14,Minimum wage,Real minimum wage (July 2026$),month,1939,NA,7,national,United States,0,,Overall,4.909574468085106
2026.8.14,Minimum wage,Real minimum wage (July 2026$),month,1939,NA,8,national,United States,0,,Overall,4.909574468085106
2026.8.14,Minimum wage,Real minimum wage (July 2026$),month,1939,NA,9,national,United States,0,,Overall,4.807291666666667
2026.8.14,Minimum wage,Real minimum wage (July 2026$),month,1939,NA,10,national,United States,0,,Overall,5.76875
2026.8.14,Minimum wage,Real minimum wage (July 2026$),month,1939,NA,11,national,United States,0,,Overall,5.76875
2026.8.14,Minimum wage,Real minimum wage (July 2026$),month,1939,NA,12,national,United States,0,,Overall,5.76875
2026.8.14,Minimum wage,Real minimum wage (July 2026$),month,1940,NA,1,national,United States,0,,Overall,5.891489361702127
2026.8.14,Minimum wage,Real minimum wage (July 2026$),month,1940,NA,2,national,United States,0,,Overall,5.829473684210526
2026.8.14,Minimum wage,Real minimum wage (July 2026$),month,1940,NA,3,national,United States,0,,Overall,5.829473684210526
2026.8.14,Minimum wage,Real minimum wage (July 2026$),month,1940,NA,4,national,United States,0,,Overall,5.829473684210526
2026.8.14,Minimum wage,Real minimum wage (July 2026$),month,1940,NA,5,national,United States,0,,Overall,5.829473684210526
2026.8.14,Minimum wage,Real minimum wage (July 2026$),month,1940,NA,6,national,United States,0,,Overall,5.76875
2026.8.14,Minimum wage,Real minimum wage (July 2026$),month,1940,NA,7,national,United States,0,,Overall,5.829473684210526
2026.8.14,Minimum wage,Real minimum wage (July 2026$),month,1940,NA,8,national,United States,0,,Overall,5.829473684210526
2026.8.14,Minimum wage,Real minimum wage (July 2026$),month,1940,NA,9,national,United States,0,,Overall,5.829473684210526
2026.8.14,Minimum wage,Real minimum wage (July 2026$),month,1940,NA,10,national,United States,0,,Overall,5.829473684210526
2026.8.14,Minimum wage,Real minimum wage (July 2026$),month,1940,NA,11,national,United States,0,,Overall,5.829473684210526
2026.8.14,Minimum wage,Real minimum wage (July 2026$),month,1940,NA,12,national,United States,0,,Overall,5.76875
2026.8.14,Minimum wage,Real minimum wage (July 2026$),month,1941,NA,1,national,United States,0,,Overall,5.76875
2026.8.14,Minimum wage,Real minimum wage (July 2026$),month,1941,NA,2,national,United States,0,,Overall,5.76875
2026.8.14,Minimum wage,Real minimum wage (July 2026$),month,1941,NA,3,national,United States,0,,Overall,5.709278350515464
2026.8.14,Minimum wage,Real minimum wage (July 2026$),month,1941,NA,4,national,United States,0,,Overall,5.709278350515464
2026.8.14,Minimum wage,Real minimum wage (July 2026$),month,1941,NA,5,national,United States,0,,Overall,5.651020408163264
2026.8.14,Minimum wage,Real minimum wage (July 2026$),month,1941,NA,6,national,United States,0,,Overall,5.537999999999999
2026.8.14,Minimum wage,Real minimum wage (July 2026$),month,1941,NA,7,national,United States,0,,Overall,5.537999999999999
2026.8.14,Minimum wage,Real minimum wage (July 2026$),month,1941,NA,8,national,United States,0,,Overall,5.483168316831683
2026.8.14,Minimum wage,Real minimum wage (July 2026$),month,1941,NA,9,national,United States,0,,Overall,5.376699029126213
2026.8.14,Minimum wage,Real minimum wage (July 2026$),month,1941,NA,10,national,United States,0,,Overall,5.324999999999999
2026.8.14,Minimum wage,Real minimum wage (July 2026$),month,1941,NA,11,national,United States,0,,Overall,5.274285714285714
2026.8.14,Minimum wage,Real minimum wage (July 2026$),month,1941,NA,12,national,United States,0,,Overall,5.274285714285714
2026.8.14,Minimum wage,Real minimum wage (July 2026$),month,1942,NA,1,national,United States,0,,Overall,5.17570093457944
2026.8.14,Minimum wage,Real minimum wage (July 2026$),month,1942,NA,2,national,United States,0,,Overall,5.127777777777777
2026.8.14,Minimum wage,Real minimum wage (July 2026$),month,1942,NA,3,national,United States,0,,Overall,5.080733944954128
2026.8.14,Minimum wage,Real minimum wage (July 2026$),month,1942,NA,4,national,United States,0,,Overall,5.034545454545454
2026.8.14,Minimum wage,Real minimum wage (July 2026$),month,1942,NA,5,national,United States,0,,Overall,4.989189189189189
2026.8.14,Minimum wage,Real minimum wage (July 2026$),month,1942,NA,6,national,United States,0,,Overall,4.989189189189189
2026.8.14,Minimum wage,Real minimum wage (July 2026$),month,1942,NA,7,national,United States,0,,Overall,4.944642857142857
2026.8.14,Minimum wage,Real minimum wage (July 2026$),month,1942,NA,8,national,United States,0,,Overall,4.944642857142857
2026.8.14,Minimum wage,Real minimum wage (July 2026$),month,1942,NA,9,national,United States,0,,Overall,4.944642857142857
2026.8.14,Minimum wage,Real minimum wage (July 2026$),month,1942,NA,10,national,United States,0,,Overall,4.857894736842105
2026.8.14,Minimum wage,Real minimum wage (July 2026$),month,1942,NA,11,national,United States,0,,Overall,4.857894736842105
2026.8.14,Minimum wage,Real minimum wage (July 2026$),month,1942,NA,12,national,United States,0,,Overall,4.815652173913043
2026.8.14,Minimum wage,Real minimum wage (July 2026$),month,1943,NA,1,national,United States,0,,Overall,4.815652173913043
2026.8.14,Minimum wage,Real minimum wage (July 2026$),month,1943,NA,2,national,United States,0,,Overall,4.815652173913043
2026.8.14,Minimum wage,Real minimum wage (July 2026$),month,1943,NA,3,national,United States,0,,Overall,4.733333333333333
2026.8.14,Minimum wage,Real minimum wage (July 2026$),month,1943,NA,4,national,United States,0,,Overall,4.6537815126050415
2026.8.14,Minimum wage,Real minimum wage (July 2026$),month,1943,NA,5,national,United States,0,,Overall,4.6537815126050415
2026.8.14,Minimum wage,Real minimum wage (July 2026$),month,1943,NA,6,national,United States,0,,Overall,4.6537815126050415
2026.8.14,Minimum wage,Real minimum wage (July 2026$),month,1943,NA,7,national,United States,0,,Overall,4.6537815126050415
2026.8.14,Minimum wage,Real minimum wage (July 2026$),month,1943,NA,8,national,United States,0,,Overall,4.69322033898305
2026.8.14,Minimum wage,Real minimum wage (July 2026$),month,1943,NA,9,national,United States,0,,Overall,4.6537815126050415
2026.8.14,Minimum wage,Real minimum wage (July 2026$),month,1943,NA,10,national,United States,0,,Overall,4.6537815126050415
2026.8.14,Minimum wage,Real minimum wage (July 2026$),month,1943,NA,11,national,United States,0,,Overall,4.6537815126050415
2026.8.14,Minimum wage,Real minimum wage (July 2026$),month,1943,NA,12,national,United States,0,,Overall,4.6537815126050415
2026.8.14,Minimum wage,Real minimum wage (July 2026$),month,1944,NA,1,national,United States,0,,Overall,4.6537815126050415
2026.8.14,Minimum wage,Real minimum wage (July 2026$),month,1944,NA,2,national,United States,0,,Overall,4.6537815126050415
2026.8.14,Minimum wage,Real minimum wage (July 2026$),month,1944,NA,3,national,United States,0,,Overall,4.6537815126050415
2026.8.14,Minimum wage,Real minimum wage (July 2026$),month,1944,NA,4,national,United States,0,,Overall,4.6537815126050415
2026.8.14,Minimum wage,Real minimum wage (July 2026$),month,1944,NA,5,national,United States,0,,Overall,4.6537815126050415
2026.8.14,Minimum wage,Real minimum wage (July 2026$),month,1944,NA,6,national,United States,0,,Overall,4.614999999999999
2026.8.14,Minimum wage,Real minimum wage (July 2026$),month,1944,NA,7,national,United States,0,,Overall,4.576859504132231
2026.8.14,Minimum wage,Real minimum wage (July 2026$),month,1944,NA,8,national,United States,0,,Overall,4.576859504132231
2026.8.14,Minimum wage,Real minimum wage (July 2026$),month,1944,NA,9,national,United States,0,,Overall,4.576859504132231
2026.8.14,Minimum wage,Real minimum wage (July 2026$),month,1944,NA,10,national,United States,0,,Overall,4.576859504132231
2026.8.14,Minimum wage,Real minimum wage (July 2026$),month,1944,NA,11,national,United States,0,,Overall,4.576859504132231
2026.8.14,Minimum wage,Real minimum wage (July 2026$),month,1944,NA,12,national,United States,0,,Overall,4.576859504132231
2026.8.14,Minimum wage,Real minimum wage (July 2026$),month,1945,NA,1,national,United States,0,,Overall,4.5393442622950815
2026.8.14,Minimum wage,Real minimum wage (July 2026$),month,1945,NA,2,national,United States,0,,Overall,4.5393442622950815
2026.8.14,Minimum wage,Real minimum wage (July 2026$),month,1945,NA,3,national,United States,0,,Overall,4.5393442622950815
2026.8.14,Minimum wage,Real minimum wage (July 2026$),month,1945,NA,4,national,United States,0,,Overall,4.5393442622950815
2026.8.14,Minimum wage,Real minimum wage (July 2026$),month,1945,NA,5,national,United States,0,,Overall,4.5393442622950815
2026.8.14,Minimum wage,Real minimum wage (July 2026$),month,1945,NA,6,national,United States,0,,Overall,4.466129032258064
2026.8.14,Minimum wage,Real minimum wage (July 2026$),month,1945,NA,7,national,United States,0,,Overall,4.466129032258064
2026.8.14,Minimum wage,Real minimum wage (July 2026$),month,1945,NA,8,national,United States,0,,Overall,4.466129032258064
2026.8.14,Minimum wage,Real minimum wage (July 2026$),month,1945,NA,9,national,United States,0,,Overall,4.466129032258064
2026.8.14,Minimum wage,Real minimum wage (July 2026$),month,1945,NA,10,national,United States,0,,Overall,5.95483870967742
2026.8.14,Minimum wage,Real minimum wage (July 2026$),month,1945,NA,11,national,United States,0,,Overall,5.95483870967742
2026.8.14,Minimum wage,Real minimum wage (July 2026$),month,1945,NA,12,national,United States,0,,Overall,5.95483870967742
2026.8.14,Minimum wage,Real minimum wage (July 2026$),month,1946,NA,1,national,United States,0,,Overall,5.95483870967742
2026.8.14,Minimum wage,Real minimum wage (July 2026$),month,1946,NA,2,national,United States,0,,Overall,6.003252032520325
2026.8.14,Minimum wage,Real minimum wage (July 2026$),month,1946,NA,3,national,United States,0,,Overall,5.9072000000000005
2026.8.14,Minimum wage,Real minimum wage (July 2026$),month,1946,NA,4,national,United States,0,,Overall,5.9072000000000005
2026.8.14,Minimum wage,Real minimum wage (July 2026$),month,1946,NA,5,national,United States,0,,Overall,5.860317460317461
2026.8.14,Minimum wage,Real minimum wage (July 2026$),month,1946,NA,6,national,United States,0,,Overall,5.76875
2026.8.14,Minimum wage,Real minimum wage (July 2026$),month,1946,NA,7,national,United States,0,,Overall,5.46962962962963
2026.8.14,Minimum wage,Real minimum wage (July 2026$),month,1946,NA,8,national,United States,0,,Overall,5.350724637681159
2026.8.14,Minimum wage,Real minimum wage (July 2026$),month,1946,NA,9,national,United States,0,,Overall,5.312230215827339
2026.8.14,Minimum wage,Real minimum wage (July 2026$),month,1946,NA,10,national,United States,0,,Overall,5.2
2026.8.14,Minimum wage,Real minimum wage (July 2026$),month,1946,NA,11,national,United States,0,,Overall,5.092413793103448
2026.8.14,Minimum wage,Real minimum wage (July 2026$),month,1946,NA,12,national,United States,0,,Overall,5.023129251700681
2026.8.14,Minimum wage,Real minimum wage (July 2026$),month,1947,NA,1,national,United States,0,,Overall,5.023129251700681
2026.8.14,Minimum wage,Real minimum wage (July 2026$),month,1947,NA,2,national,United States,0,,Overall,4.989189189189189
2026.8.14,Minimum wage,Real minimum wage (July 2026$),month,1947,NA,3,national,United States,0,,Overall,4.922666666666667
2026.8.14,Minimum wage,Real minimum wage (July 2026$),month,1947,NA,4,national,United States,0,,Overall,4.922666666666667
2026.8.14,Minimum wage,Real minimum wage (July 2026$),month,1947,NA,5,national,United States,0,,Overall,4.955704697986577
2026.8.14,Minimum wage,Real minimum wage (July 2026$),month,1947,NA,6,national,United States,0,,Overall,4.8900662251655636
2026.8.14,Minimum wage,Real minimum wage (July 2026$),month,1947,NA,7,national,United States,0,,Overall,4.8900662251655636
2026.8.14,Minimum wage,Real minimum wage (July 2026$),month,1947,NA,8,national,United States,0,,Overall,4.8578947368421055
2026.8.14,Minimum wage,Real minimum wage (July 2026$),month,1947,NA,9,national,United States,0,,Overall,4.733333333333333
2026.8.14,Minimum wage,Real minimum wage (July 2026$),month,1947,NA,10,national,United States,0,,Overall,4.733333333333333
2026.8.14,Minimum wage,Real minimum wage (July 2026$),month,1947,NA,11,national,United States,0,,Overall,4.703184713375797
2026.8.14,Minimum wage,Real minimum wage (July 2026$),month,1947,NA,12,national,United States,0,,Overall,4.644025157232704
2026.8.14,Minimum wage,Real minimum wage (July 2026$),month,1948,NA,1,national,United States,0,,Overall,4.586335403726708
2026.8.14,Minimum wage,Real minimum wage (July 2026$),month,1948,NA,2,national,United States,0,,Overall,4.586335403726708
2026.8.14,Minimum wage,Real minimum wage (July 2026$),month,1948,NA,3,national,United States,0,,Overall,4.615
2026.8.14,Minimum wage,Real minimum wage (July 2026$),month,1948,NA,4,national,United States,0,,Overall,4.558024691358025
2026.8.14,Minimum wage,Real minimum wage (July 2026$),month,1948,NA,5,national,United States,0,,Overall,4.530061349693251
2026.8.14,Minimum wage,Real minimum wage (July 2026$),month,1948,NA,6,national,United States,0,,Overall,4.502439024390244
2026.8.14,Minimum wage,Real minimum wage (July 2026$),month,1948,NA,7,national,United States,0,,Overall,4.448192771084337
2026.8.14,Minimum wage,Real minimum wage (July 2026$),month,1948,NA,8,national,United States,0,,Overall,4.448192771084337
2026.8.14,Minimum wage,Real minimum wage (July 2026$),month,1948,NA,9,national,United States,0,,Overall,4.4751515151515155
2026.8.14,Minimum wage,Real minimum wage (July 2026$),month,1948,NA,10,national,United States,0,,Overall,4.4751515151515155
2026.8.14,Minimum wage,Real minimum wage (July 2026$),month,1948,NA,11,national,United States,0,,Overall,4.502439024390244
2026.8.14,Minimum wage,Real minimum wage (July 2026$),month,1948,NA,12,national,United States,0,,Overall,4.502439024390244
2026.8.14,Minimum wage,Real minimum wage (July 2026$),month,1949,NA,1,national,United States,0,,Overall,4.530061349693251
2026.8.14,Minimum wage,Real minimum wage (July 2026$),month,1949,NA,2,national,United States,0,,Overall,4.530061349693251
2026.8.14,Minimum wage,Real minimum wage (July 2026$),month,1949,NA,3,national,United States,0,,Overall,4.530061349693251
2026.8.14,Minimum wage,Real minimum wage (July 2026$),month,1949,NA,4,national,United States,0,,Overall,4.530061349693251
2026.8.14,Minimum wage,Real minimum wage (July 2026$),month,1949,NA,5,national,United States,0,,Overall,4.530061349693251
2026.8.14,Minimum wage,Real minimum wage (July 2026$),month,1949,NA,6,national,United States,0,,Overall,4.530061349693251
2026.8.14,Minimum wage,Real minimum wage (July 2026$),month,1949,NA,7,national,United States,0,,Overall,4.586335403726708
2026.8.14,Minimum wage,Real minimum wage (July 2026$),month,1949,NA,8,national,United States,0,,Overall,4.586335403726708
2026.8.14,Minimum wage,Real minimum wage (July 2026$),month,1949,NA,9,national,United States,0,,Overall,4.558024691358025
2026.8.14,Minimum wage,Real minimum wage (July 2026$),month,1949,NA,10,national,United States,0,,Overall,4.586335403726708
2026.8.14,Minimum wage,Real minimum wage (July 2026$),month,1949,NA,11,national,United States,0,,Overall,4.586335403726708
2026.8.14,Minimum wage,Real minimum wage (July 2026$),month,1949,NA,12,national,United States,0,,Overall,4.586335403726708
2026.8.14,Minimum wage,Real minimum wage (July 2026$),month,1950,NA,1,national,United States,0,,Overall,8.653125
2026.8.14,Minimum wage,Real minimum wage (July 2026$),month,1950,NA,2,national,United States,0,,Overall,8.599378881987576
2026.8.14,Minimum wage,Real minimum wage (July 2026$),month,1950,NA,3,national,United States,0,,Overall,8.599378881987576
2026.8.14,Minimum wage,Real minimum wage (July 2026$),month,1950,NA,4,national,United States,0,,Overall,8.599378881987576
2026.8.14,Minimum wage,Real minimum wage (July 2026$),month,1950,NA,5,national,United States,0,,Overall,8.599378881987576
2026.8.14,Minimum wage,Real minimum wage (July 2026$),month,1950,NA,6,national,United States,0,,Overall,8.493865030674845
2026.8.14,Minimum wage,Real minimum wage (July 2026$),month,1950,NA,7,national,United States,0,,Overall,8.442073170731707
2026.8.14,Minimum wage,Real minimum wage (July 2026$),month,1950,NA,8,national,United States,0,,Overall,8.442073170731707
2026.8.14,Minimum wage,Real minimum wage (July 2026$),month,1950,NA,9,national,United States,0,,Overall,8.340361445783131
2026.8.14,Minimum wage,Real minimum wage (July 2026$),month,1950,NA,10,national,United States,0,,Overall,8.340361445783131
2026.8.14,Minimum wage,Real minimum wage (July 2026$),month,1950,NA,11,national,United States,0,,Overall,8.290419161676647
2026.8.14,Minimum wage,Real minimum wage (July 2026$),month,1950,NA,12,national,United States,0,,Overall,8.144117647058822
2026.8.14,Minimum wage,Real minimum wage (July 2026$),month,1951,NA,1,national,United States,0,,Overall,8.002890173410403
2026.8.14,Minimum wage,Real minimum wage (July 2026$),month,1951,NA,2,national,United States,0,,Overall,7.866477272727272
2026.8.14,Minimum wage,Real minimum wage (July 2026$),month,1951,NA,3,national,United States,0,,Overall,7.822033898305085
2026.8.14,Minimum wage,Real minimum wage (July 2026$),month,1951,NA,4,national,United States,0,,Overall,7.822033898305085
2026.8.14,Minimum wage,Real minimum wage (July 2026$),month,1951,NA,5,national,United States,0,,Overall,7.822033898305085
2026.8.14,Minimum wage,Real minimum wage (July 2026$),month,1951,NA,6,national,United States,0,,Overall,7.866477272727272
2026.8.14,Minimum wage,Real minimum wage (July 2026$),month,1951,NA,7,national,United States,0,,Overall,7.866477272727272
2026.8.14,Minimum wage,Real minimum wage (July 2026$),month,1951,NA,8,national,United States,0,,Overall,7.866477272727272
2026.8.14,Minimum wage,Real minimum wage (July 2026$),month,1951,NA,9,national,United States,0,,Overall,7.778089887640449
2026.8.14,Minimum wage,Real minimum wage (July 2026$),month,1951,NA,10,national,United States,0,,Overall,7.778089887640449
2026.8.14,Minimum wage,Real minimum wage (July 2026$),month,1951,NA,11,national,United States,0,,Overall,7.73463687150838
2026.8.14,Minimum wage,Real minimum wage (July 2026$),month,1951,NA,12,national,United States,0,,Overall,7.691666666666666
2026.8.14,Minimum wage,Real minimum wage (July 2026$),month,1952,NA,1,national,United States,0,,Overall,7.691666666666666
2026.8.14,Minimum wage,Real minimum wage (July 2026$),month,1952,NA,2,national,United States,0,,Overall,7.691666666666666
2026.8.14,Minimum wage,Real minimum wage (July 2026$),month,1952,NA,3,national,United States,0,,Overall,7.691666666666666
2026.8.14,Minimum wage,Real minimum wage (July 2026$),month,1952,NA,4,national,United States,0,,Overall,7.691666666666666
2026.8.14,Minimum wage,Real minimum wage (July 2026$),month,1952,NA,5,national,United States,0,,Overall,7.691666666666666
2026.8.14,Minimum wage,Real minimum wage (July 2026$),month,1952,NA,6,national,United States,0,,Overall,7.691666666666666
2026.8.14,Minimum wage,Real minimum wage (July 2026$),month,1952,NA,7,national,United States,0,,Overall,7.607142857142857
2026.8.14,Minimum wage,Real minimum wage (July 2026$),month,1952,NA,8,national,United States,0,,Overall,7.607142857142857
2026.8.14,Minimum wage,Real minimum wage (July 2026$),month,1952,NA,9,national,United States,0,,Overall,7.607142857142857
2026.8.14,Minimum wage,Real minimum wage (July 2026$),month,1952,NA,10,national,United States,0,,Overall,7.607142857142857
2026.8.14,Minimum wage,Real minimum wage (July 2026$),month,1952,NA,11,national,United States,0,,Overall,7.607142857142857
2026.8.14,Minimum wage,Real minimum wage (July 2026$),month,1952,NA,12,national,United States,0,,Overall,7.607142857142857
2026.8.14,Minimum wage,Real minimum wage (July 2026$),month,1953,NA,1,national,United States,0,,Overall,7.649171270718231
2026.8.14,Minimum wage,Real minimum wage (July 2026$),month,1953,NA,2,national,United States,0,,Overall,7.649171270718231
2026.8.14,Minimum wage,Real minimum wage (July 2026$),month,1953,NA,3,national,United States,0,,Overall,7.649171270718231
2026.8.14,Minimum wage,Real minimum wage (July 2026$),month,1953,NA,4,national,United States,0,,Overall,7.607142857142857
2026.8.14,Minimum wage,Real minimum wage (July 2026$),month,1953,NA,5,national,United States,0,,Overall,7.649171270718231
2026.8.14,Minimum wage,Real minimum wage (July 2026$),month,1953,NA,6,national,United States,0,,Overall,7.607142857142857
2026.8.14,Minimum wage,Real minimum wage (July 2026$),month,1953,NA,7,national,United States,0,,Overall,7.607142857142857
2026.8.14,Minimum wage,Real minimum wage (July 2026$),month,1953,NA,8,national,United States,0,,Overall,7.5655737704918025
2026.8.14,Minimum wage,Real minimum wage (July 2026$),month,1953,NA,9,national,United States,0,,Overall,7.5655737704918025
2026.8.14,Minimum wage,Real minimum wage (July 2026$),month,1953,NA,10,national,United States,0,,Overall,7.5655737704918025
2026.8.14,Minimum wage,Real minimum wage (July 2026$),month,1953,NA,11,national,United States,0,,Overall,7.5655737704918025
2026.8.14,Minimum wage,Real minimum wage (July 2026$),month,1953,NA,12,national,United States,0,,Overall,7.5655737704918025
2026.8.14,Minimum wage,Real minimum wage (July 2026$),month,1954,NA,1,national,United States,0,,Overall,7.5655737704918025
2026.8.14,Minimum wage,Real minimum wage (July 2026$),month,1954,NA,2,national,United States,0,,Overall,7.524456521739131
2026.8.14,Minimum wage,Real minimum wage (July 2026$),month,1954,NA,3,national,United States,0,,Overall,7.5655737704918025
2026.8.14,Minimum wage,Real minimum wage (July 2026$),month,1954,NA,4,national,United States,0,,Overall,7.607142857142857
2026.8.14,Minimum wage,Real minimum wage (July 2026$),month,1954,NA,5,national,United States,0,,Overall,7.5655737704918025
2026.8.14,Minimum wage,Real minimum wage (July 2026$),month,1954,NA,6,national,United States,0,,Overall,7.5655737704918025
2026.8.14,Minimum wage,Real minimum wage (July 2026$),month,1954,NA,7,national,United States,0,,Overall,7.5655737704918025
2026.8.14,Minimum wage,Real minimum wage (July 2026$),month,1954,NA,8,national,United States,0,,Overall,7.5655737704918025
2026.8.14,Minimum wage,Real minimum wage (July 2026$),month,1954,NA,9,national,United States,0,,Overall,7.607142857142857
2026.8.14,Minimum wage,Real minimum wage (July 2026$),month,1954,NA,10,national,United States,0,,Overall,7.649171270718231
2026.8.14,Minimum wage,Real minimum wage (July 2026$),month,1954,NA,11,national,United States,0,,Overall,7.607142857142857
2026.8.14,Minimum wage,Real minimum wage (July 2026$),month,1954,NA,12,national,United States,0,,Overall,7.649171270718231
2026.8.14,Minimum wage,Real minimum wage (July 2026$),month,1955,NA,1,national,United States,0,,Overall,7.649171270718231
2026.8.14,Minimum wage,Real minimum wage (July 2026$),month,1955,NA,2,national,United States,0,,Overall,7.607142857142857
2026.8.14,Minimum wage,Real minimum wage (July 2026$),month,1955,NA,3,national,United States,0,,Overall,7.607142857142857
2026.8.14,Minimum wage,Real minimum wage (July 2026$),month,1955,NA,4,national,United States,0,,Overall,7.607142857142857
2026.8.14,Minimum wage,Real minimum wage (July 2026$),month,1955,NA,5,national,United States,0,,Overall,7.649171270718231
2026.8.14,Minimum wage,Real minimum wage (July 2026$),month,1955,NA,6,national,United States,0,,Overall,7.649171270718231
2026.8.14,Minimum wage,Real minimum wage (July 2026$),month,1955,NA,7,national,United States,0,,Overall,7.607142857142857
2026.8.14,Minimum wage,Real minimum wage (July 2026$),month,1955,NA,8,national,United States,0,,Overall,7.649171270718231
2026.8.14,Minimum wage,Real minimum wage (July 2026$),month,1955,NA,9,national,United States,0,,Overall,7.5655737704918025
2026.8.14,Minimum wage,Real minimum wage (July 2026$),month,1955,NA,10,national,United States,0,,Overall,7.607142857142857
2026.8.14,Minimum wage,Real minimum wage (July 2026$),month,1955,NA,11,national,United States,0,,Overall,7.5655737704918025
2026.8.14,Minimum wage,Real minimum wage (July 2026$),month,1955,NA,12,national,United States,0,,Overall,7.607142857142857
2026.8.14,Minimum wage,Real minimum wage (July 2026$),month,1956,NA,1,national,United States,0,,Overall,7.607142857142857
2026.8.14,Minimum wage,Real minimum wage (July 2026$),month,1956,NA,2,national,United States,0,,Overall,7.607142857142857
2026.8.14,Minimum wage,Real minimum wage (July 2026$),month,1956,NA,3,national,United States,0,,Overall,10.087431693989071
2026.8.14,Minimum wage,Real minimum wage (July 2026$),month,1956,NA,4,national,United States,0,,Overall,10.087431693989071
2026.8.14,Minimum wage,Real minimum wage (July 2026$),month,1956,NA,5,national,United States,0,,Overall,10.032608695652174
2026.8.14,Minimum wage,Real minimum wage (July 2026$),month,1956,NA,6,national,United States,0,,Overall,9.978378378378379
2026.8.14,Minimum wage,Real minimum wage (July 2026$),month,1956,NA,7,national,United States,0,,Overall,9.978378378378379
2026.8.14,Minimum wage,Real minimum wage (July 2026$),month,1956,NA,8,national,United States,0,,Overall,9.924731182795698
2026.8.14,Minimum wage,Real minimum wage (July 2026$),month,1956,NA,9,national,United States,0,,Overall,9.924731182795698
2026.8.14,Minimum wage,Real minimum wage (July 2026$),month,1956,NA,10,national,United States,0,,Overall,9.871657754010695
2026.8.14,Minimum wage,Real minimum wage (July 2026$),month,1956,NA,11,national,United States,0,,Overall,9.871657754010695
2026.8.14,Minimum wage,Real minimum wage (July 2026$),month,1956,NA,12,national,United States,0,,Overall,9.819148936170212
2026.8.14,Minimum wage,Real minimum wage (July 2026$),month,1957,NA,1,national,United States,0,,Overall,9.819148936170212
2026.8.14,Minimum wage,Real minimum wage (July 2026$),month,1957,NA,2,national,United States,0,,Overall,9.767195767195767
2026.8.14,Minimum wage,Real minimum wage (July 2026$),month,1957,NA,3,national,United States,0,,Overall,9.767195767195767
2026.8.14,Minimum wage,Real minimum wage (July 2026$),month,1957,NA,4,national,United States,0,,Overall,9.715789473684211
2026.8.14,Minimum wage,Real minimum wage (July 2026$),month,1957,NA,5,national,United States,0,,Overall,9.715789473684211
2026.8.14,Minimum wage,Real minimum wage (July 2026$),month,1957,NA,6,national,United States,0,,Overall,9.664921465968586
2026.8.14,Minimum wage,Real minimum wage (July 2026$),month,1957,NA,7,national,United States,0,,Overall,9.664921465968586
2026.8.14,Minimum wage,Real minimum wage (July 2026$),month,1957,NA,8,national,United States,0,,Overall,9.614583333333334
2026.8.14,Minimum wage,Real minimum wage (July 2026$),month,1957,NA,9,national,United States,0,,Overall,9.614583333333334
2026.8.14,Minimum wage,Real minimum wage (July 2026$),month,1957,NA,10,national,United States,0,,Overall,9.614583333333334
2026.8.14,Minimum wage,Real minimum wage (July 2026$),month,1957,NA,11,national,United States,0,,Overall,9.564766839378239
2026.8.14,Minimum wage,Real minimum wage (July 2026$),month,1957,NA,12,national,United States,0,,Overall,9.564766839378239
2026.8.14,Minimum wage,Real minimum wage (July 2026$),month,1958,NA,1,national,United States,0,,Overall,9.466666666666667
2026.8.14,Minimum wage,Real minimum wage (July 2026$),month,1958,NA,2,national,United States,0,,Overall,9.418367346938775
2026.8.14,Minimum wage,Real minimum wage (July 2026$),month,1958,NA,3,national,United States,0,,Overall,9.418367346938775
2026.8.14,Minimum wage,Real minimum wage (July 2026$),month,1958,NA,4,national,United States,0,,Overall,9.370558375634518
2026.8.14,Minimum wage,Real minimum wage (July 2026$),month,1958,NA,5,national,United States,0,,Overall,9.370558375634518
2026.8.14,Minimum wage,Real minimum wage (July 2026$),month,1958,NA,6,national,United States,0,,Overall,9.370558375634518
2026.8.14,Minimum wage,Real minimum wage (July 2026$),month,1958,NA,7,national,United States,0,,Overall,9.370558375634518
2026.8.14,Minimum wage,Real minimum wage (July 2026$),month,1958,NA,8,national,United States,0,,Overall,9.370558375634518
2026.8.14,Minimum wage,Real minimum wage (July 2026$),month,1958,NA,9,national,United States,0,,Overall,9.370558375634518
2026.8.14,Minimum wage,Real minimum wage (July 2026$),month,1958,NA,10,national,United States,0,,Overall,9.370558375634518
2026.8.14,Minimum wage,Real minimum wage (July 2026$),month,1958,NA,11,national,United States,0,,Overall,9.323232323232322
2026.8.14,Minimum wage,Real minimum wage (July 2026$),month,1958,NA,12,national,United States,0,,Overall,9.370558375634518
2026.8.14,Minimum wage,Real minimum wage (July 2026$),month,1959,NA,1,national,United States,0,,Overall,9.370558375634518
2026.8.14,Minimum wage,Real minimum wage (July 2026$),month,1959,NA,2,national,United States,0,,Overall,9.323232323232322
2026.8.14,Minimum wage,Real minimum wage (July 2026$),month,1959,NA,3,national,United States,0,,Overall,9.370558375634518
2026.8.14,Minimum wage,Real minimum wage (July 2026$),month,1959,NA,4,national,United States,0,,Overall,9.370558375634518
2026.8.14,Minimum wage,Real minimum wage (July 2026$),month,1959,NA,5,national,United States,0,,Overall,9.370558375634518
2026.8.14,Minimum wage,Real minimum wage (July 2026$),month,1959,NA,6,national,United States,0,,Overall,9.323232323232322
2026.8.14,Minimum wage,Real minimum wage (July 2026$),month,1959,NA,7,national,United States,0,,Overall,9.2763819095477391
2026.8.14,Minimum wage,Real minimum wage (July 2026$),month,1959,NA,8,national,United States,0,,Overall,9.2763819095477391
2026.8.14,Minimum wage,Real minimum wage (July 2026$),month,1959,NA,9,national,United States,0,,Overall,9.2763819095477391
2026.8.14,Minimum wage,Real minimum wage (July 2026$),month,1959,NA,10,national,United States,0,,Overall,9.23
2026.8.14,Minimum wage,Real minimum wage (July 2026$),month,1959,NA,11,national,United States,0,,Overall,9.23
2026.8.14,Minimum wage,Real minimum wage (July 2026$),month,1959,NA,12,national,United States,0,,Overall,9.23
2026.8.14,Minimum wage,Real minimum wage (July 2026$),month,1960,NA,1,national,United States,0,,Overall,9.23
2026.8.14,Minimum wage,Real minimum wage (July 2026$),month,1960,NA,2,national,United States,0,,Overall,9.18407960199005
2026.8.14,Minimum wage,Real minimum wage (July 2026$),month,1960,NA,3,national,United States,0,,Overall,9.18407960199005
2026.8.14,Minimum wage,Real minimum wage (July 2026$),month,1960,NA,4,national,United States,0,,Overall,9.18407960199005
2026.8.14,Minimum wage,Real minimum wage (July 2026$),month,1960,NA,5,national,United States,0,,Overall,9.18407960199005
2026.8.14,Minimum wage,Real minimum wage (July 2026$),month,1960,NA,6,national,United States,0,,Overall,9.138613861386139
2026.8.14,Minimum wage,Real minimum wage (July 2026$),month,1960,NA,7,national,United States,0,,Overall,9.138613861386139
2026.8.14,Minimum wage,Real minimum wage (July 2026$),month,1960,NA,8,national,United States,0,,Overall,9.138613861386139
2026.8.14,Minimum wage,Real minimum wage (July 2026$),month,1960,NA,9,national,United States,0,,Overall,9.138613861386139
2026.8.14,Minimum wage,Real minimum wage (July 2026$),month,1960,NA,10,national,United States,0,,Overall,9.0935960591133
2026.8.14,Minimum wage,Real minimum wage (July 2026$),month,1960,NA,11,national,United States,0,,Overall,9.0935960591133
2026.8.14,Minimum wage,Real minimum wage (July 2026$),month,1960,NA,12,national,United States,0,,Overall,9.0935960591133
2026.8.14,Minimum wage,Real minimum wage (July 2026$),month,1961,NA,1,national,United States,0,,Overall,9.0935960591133
2026.8.14,Minimum wage,Real minimum wage (July 2026$),month,1961,NA,2,national,United States,0,,Overall,9.0935960591133
2026.8.14,Minimum wage,Real minimum wage (July 2026$),month,1961,NA,3,national,United States,0,,Overall,9.0935960591133
2026.8.14,Minimum wage,Real minimum wage (July 2026$),month,1961,NA,4,national,United States,0,,Overall,9.0935960591133
2026.8.14,Minimum wage,Real minimum wage (July 2026$),month,1961,NA,5,national,United States,0,,Overall,9.0935960591133
2026.8.14,Minimum wage,Real minimum wage (July 2026$),month,1961,NA,6,national,United States,0,,Overall,9.0935960591133
2026.8.14,Minimum wage,Real minimum wage (July 2026$),month,1961,NA,7,national,United States,0,,Overall,9.049019607843137
2026.8.14,Minimum wage,Real minimum wage (July 2026$),month,1961,NA,8,national,United States,0,,Overall,9.049019607843137
2026.8.14,Minimum wage,Real minimum wage (July 2026$),month,1961,NA,9,national,United States,0,,Overall,10.355609756097559
2026.8.14,Minimum wage,Real minimum wage (July 2026$),month,1961,NA,10,national,United States,0,,Overall,10.355609756097559
2026.8.14,Minimum wage,Real minimum wage (July 2026$),month,1961,NA,11,national,United States,0,,Overall,10.355609756097559
2026.8.14,Minimum wage,Real minimum wage (July 2026$),month,1961,NA,12,national,United States,0,,Overall,10.355609756097559
2026.8.14,Minimum wage,Real minimum wage (July 2026$),month,1962,NA,1,national,United States,0,,Overall,10.355609756097559
2026.8.14,Minimum wage,Real minimum wage (July 2026$),month,1962,NA,2,national,United States,0,,Overall,10.355609756097559
2026.8.14,Minimum wage,Real minimum wage (July 2026$),month,1962,NA,3,national,United States,0,,Overall,10.355609756097559
2026.8.14,Minimum wage,Real minimum wage (July 2026$),month,1962,NA,4,national,United States,0,,Overall,10.30533980582524
2026.8.14,Minimum wage,Real minimum wage (July 2026$),month,1962,NA,5,national,United States,0,,Overall,10.30533980582524
2026.8.14,Minimum wage,Real minimum wage (July 2026$),month,1962,NA,6,national,United States,0,,Overall,10.30533980582524
2026.8.14,Minimum wage,Real minimum wage (July 2026$),month,1962,NA,7,national,United States,0,,Overall,10.30533980582524
2026.8.14,Minimum wage,Real minimum wage (July 2026$),month,1962,NA,8,national,United States,0,,Overall,10.255555555555555
2026.8.14,Minimum wage,Real minimum wage (July 2026$),month,1962,NA,9,national,United States,0,,Overall,10.255555555555555
2026.8.14,Minimum wage,Real minimum wage (July 2026$),month,1962,NA,10,national,United States,0,,Overall,10.255555555555555
2026.8.14,Minimum wage,Real minimum wage (July 2026$),month,1962,NA,11,national,United States,0,,Overall,10.255555555555555
2026.8.14,Minimum wage,Real minimum wage (July 2026$),month,1962,NA,12,national,United States,0,,Overall,10.255555555555555
2026.8.14,Minimum wage,Real minimum wage (July 2026$),month,1963,NA,1,national,United States,0,,Overall,10.255555555555555
2026.8.14,Minimum wage,Real minimum wage (July 2026$),month,1963,NA,2,national,United States,0,,Overall,10.206249999999997
2026.8.14,Minimum wage,Real minimum wage (July 2026$),month,1963,NA,3,national,United States,0,,Overall,10.255555555555555
2026.8.14,Minimum wage,Real minimum wage (July 2026$),month,1963,NA,4,national,United States,0,,Overall,10.255555555555555
2026.8.14,Minimum wage,Real minimum wage (July 2026$),month,1963,NA,5,national,United States,0,,Overall,10.255555555555555
2026.8.14,Minimum wage,Real minimum wage (July 2026$),month,1963,NA,6,national,United States,0,,Overall,10.206249999999997
2026.8.14,Minimum wage,Real minimum wage (July 2026$),month,1963,NA,7,national,United States,0,,Overall,10.157416267942583
2026.8.14,Minimum wage,Real minimum wage (July 2026$),month,1963,NA,8,national,United States,0,,Overall,10.157416267942583
2026.8.14,Minimum wage,Real minimum wage (July 2026$),month,1963,NA,9,national,United States,0,,Overall,11.040669856459331
2026.8.14,Minimum wage,Real minimum wage (July 2026$),month,1963,NA,10,national,United States,0,,Overall,11.040669856459331
2026.8.14,Minimum wage,Real minimum wage (July 2026$),month,1963,NA,11,national,United States,0,,Overall,11.040669856459331
2026.8.14,Minimum wage,Real minimum wage (July 2026$),month,1963,NA,12,national,United States,0,,Overall,10.988095238095237
2026.8.14,Minimum wage,Real minimum wage (July 2026$),month,1964,NA,1,national,United States,0,,Overall,10.988095238095237
2026.8.14,Minimum wage,Real minimum wage (July 2026$),month,1964,NA,2,national,United States,0,,Overall,10.988095238095237
2026.8.14,Minimum wage,Real minimum wage (July 2026$),month,1964,NA,3,national,United States,0,,Overall,10.988095238095237
2026.8.14,Minimum wage,Real minimum wage (July 2026$),month,1964,NA,4,national,United States,0,,Overall,10.988095238095237
2026.8.14,Minimum wage,Real minimum wage (July 2026$),month,1964,NA,5,national,United States,0,,Overall,10.93601895734597
2026.8.14,Minimum wage,Real minimum wage (July 2026$),month,1964,NA,6,national,United States,0,,Overall,10.93601895734597
2026.8.14,Minimum wage,Real minimum wage (July 2026$),month,1964,NA,7,national,United States,0,,Overall,10.93601895734597
2026.8.14,Minimum wage,Real minimum wage (July 2026$),month,1964,NA,8,national,United States,0,,Overall,10.93601895734597
2026.8.14,Minimum wage,Real minimum wage (July 2026$),month,1964,NA,9,national,United States,0,,Overall,10.88443396226415
2026.8.14,Minimum wage,Real minimum wage (July 2026$),month,1964,NA,10,national,United States,0,,Overall,10.88443396226415
2026.8.14,Minimum wage,Real minimum wage (July 2026$),month,1964,NA,11,national,United States,0,,Overall,10.88443396226415
2026.8.14,Minimum wage,Real minimum wage (July 2026$),month,1964,NA,12,national,United States,0,,Overall,10.88443396226415
2026.8.14,Minimum wage,Real minimum wage (July 2026$),month,1965,NA,1,national,United States,0,,Overall,10.833333333333332
2026.8.14,Minimum wage,Real minimum wage (July 2026$),month,1965,NA,2,national,United States,0,,Overall,10.833333333333332
2026.8.14,Minimum wage,Real minimum wage (July 2026$),month,1965,NA,3,national,United States,0,,Overall,10.833333333333332
2026.8.14,Minimum wage,Real minimum wage (July 2026$),month,1965,NA,4,national,United States,0,,Overall,10.833333333333332
2026.8.14,Minimum wage,Real minimum wage (July 2026$),month,1965,NA,5,national,United States,0,,Overall,10.782710280373832
2026.8.14,Minimum wage,Real minimum wage (July 2026$),month,1965,NA,6,national,United States,0,,Overall,10.732558139534884
2026.8.14,Minimum wage,Real minimum wage (July 2026$),month,1965,NA,7,national,United States,0,,Overall,10.732558139534884
2026.8.14,Minimum wage,Real minimum wage (July 2026$),month,1965,NA,8,national,United States,0,,Overall,10.732558139534884
2026.8.14,Minimum wage,Real minimum wage (July 2026$),month,1965,NA,9,national,United States,0,,Overall,10.732558139534884
2026.8.14,Minimum wage,Real minimum wage (July 2026$),month,1965,NA,10,national,United States,0,,Overall,10.732558139534884
2026.8.14,Minimum wage,Real minimum wage (July 2026$),month,1965,NA,11,national,United States,0,,Overall,10.732558139534884
2026.8.14,Minimum wage,Real minimum wage (July 2026$),month,1965,NA,12,national,United States,0,,Overall,10.68287037037037
2026.8.14,Minimum wage,Real minimum wage (July 2026$),month,1966,NA,1,national,United States,0,,Overall,10.633640552995391
2026.8.14,Minimum wage,Real minimum wage (July 2026$),month,1966,NA,2,national,United States,0,,Overall,10.536529680365298
2026.8.14,Minimum wage,Real minimum wage (July 2026$),month,1966,NA,3,national,United States,0,,Overall,10.536529680365298
2026.8.14,Minimum wage,Real minimum wage (July 2026$),month,1966,NA,4,national,United States,0,,Overall,10.488636363636363
2026.8.14,Minimum wage,Real minimum wage (July 2026$),month,1966,NA,5,national,United States,0,,Overall,10.488636363636363
2026.8.14,Minimum wage,Real minimum wage (July 2026$),month,1966,NA,6,national,United States,0,,Overall,10.488636363636363
2026.8.14,Minimum wage,Real minimum wage (July 2026$),month,1966,NA,7,national,United States,0,,Overall,10.441176470588236
2026.8.14,Minimum wage,Real minimum wage (July 2026$),month,1966,NA,8,national,United States,0,,Overall,10.394144144144144
2026.8.14,Minimum wage,Real minimum wage (July 2026$),month,1966,NA,9,national,United States,0,,Overall,10.394144144144144
2026.8.14,Minimum wage,Real minimum wage (July 2026$),month,1966,NA,10,national,United States,0,,Overall,10.301339285714286
2026.8.14,Minimum wage,Real minimum wage (July 2026$),month,1966,NA,11,national,United States,0,,Overall,10.301339285714286
2026.8.14,Minimum wage,Real minimum wage (July 2026$),month,1966,NA,12,national,United States,0,,Overall,10.301339285714286
2026.8.14,Minimum wage,Real minimum wage (July 2026$),month,1967,NA,1,national,United States,0,,Overall,10.301339285714286
2026.8.14,Minimum wage,Real minimum wage (July 2026$),month,1967,NA,2,national,United States,0,,Overall,11.486222222222223
2026.8.14,Minimum wage,Real minimum wage (July 2026$),month,1967,NA,3,national,United States,0,,Overall,11.486222222222223
2026.8.14,Minimum wage,Real minimum wage (July 2026$),month,1967,NA,4,national,United States,0,,Overall,11.486222222222223
2026.8.14,Minimum wage,Real minimum wage (July 2026$),month,1967,NA,5,national,United States,0,,Overall,11.486222222222223
2026.8.14,Minimum wage,Real minimum wage (July 2026$),month,1967,NA,6,national,United States,0,,Overall,11.435398230088495
2026.8.14,Minimum wage,Real minimum wage (July 2026$),month,1967,NA,7,national,United States,0,,Overall,11.385022026431718
2026.8.14,Minimum wage,Real minimum wage (July 2026$),month,1967,NA,8,national,United States,0,,Overall,11.335087719298246
2026.8.14,Minimum wage,Real minimum wage (July 2026$),month,1967,NA,9,national,United States,0,,Overall,11.335087719298246
2026.8.14,Minimum wage,Real minimum wage (July 2026$),month,1967,NA,10,national,United States,0,,Overall,11.285589519650655
2026.8.14,Minimum wage,Real minimum wage (July 2026$),month,1967,NA,11,national,United States,0,,Overall,11.236521739130435
2026.8.14,Minimum wage,Real minimum wage (July 2026$),month,1967,NA,12,national,United States,0,,Overall,11.187878787878788
2026.8.14,Minimum wage,Real minimum wage (July 2026$),month,1968,NA,1,national,United States,0,,Overall,11.139655172413793
2026.8.14,Minimum wage,Real minimum wage (July 2026$),month,1968,NA,2,national,United States,0,,Overall,12.731034482758622
2026.8.14,Minimum wage,Real minimum wage (July 2026$),month,1968,NA,3,national,United States,0,,Overall,12.676394849785408
2026.8.14,Minimum wage,Real minimum wage (July 2026$),month,1968,NA,4,national,United States,0,,Overall,12.622222222222224
2026.8.14,Minimum wage,Real minimum wage (July 2026$),month,1968,NA,5,national,United States,0,,Overall,12.568510638297873
2026.8.14,Minimum wage,Real minimum wage (July 2026$),month,1968,NA,6,national,United States,0,,Overall,12.568510638297873
2026.8.14,Minimum wage,Real minimum wage (July 2026$),month,1968,NA,7,national,United States,0,,Overall,12.462447257383968
2026.8.14,Minimum wage,Real minimum wage (July 2026$),month,1968,NA,8,national,United States,0,,Overall,12.462447257383968
2026.8.14,Minimum wage,Real minimum wage (July 2026$),month,1968,NA,9,national,United States,0,,Overall,12.410084033613446
2026.8.14,Minimum wage,Real minimum wage (July 2026$),month,1968,NA,10,national,United States,0,,Overall,12.3581589958159
2026.8.14,Minimum wage,Real minimum wage (July 2026$),month,1968,NA,11,national,United States,0,,Overall,12.306666666666667
2026.8.14,Minimum wage,Real minimum wage (July 2026$),month,1968,NA,12,national,United States,0,,Overall,12.255601659751036
2026.8.14,Minimum wage,Real minimum wage (July 2026$),month,1969,NA,1,national,United States,0,,Overall,12.255601659751036
2026.8.14,Minimum wage,Real minimum wage (July 2026$),month,1969,NA,2,national,United States,0,,Overall,12.255601659751036
2026.8.14,Minimum wage,Real minimum wage (July 2026$),month,1969,NA,3,national,United States,0,,Overall,12.204958677685951
2026.8.14,Minimum wage,Real minimum wage (July 2026$),month,1969,NA,4,national,United States,0,,Overall,12.104918032786886
2026.8.14,Minimum wage,Real minimum wage (July 2026$),month,1969,NA,5,national,United States,0,,Overall,12.104918032786886
2026.8.14,Minimum wage,Real minimum wage (July 2026$),month,1969,NA,6,national,United States,0,,Overall,12.00650406504065
2026.8.14,Minimum wage,Real minimum wage (July 2026$),month,1969,NA,7,national,United States,0,,Overall,11.957894736842107
2026.8.14,Minimum wage,Real minimum wage (July 2026$),month,1969,NA,8,national,United States,0,,Overall,12.00650406504065
2026.8.14,Minimum wage,Real minimum wage (July 2026$),month,1969,NA,9,national,United States,0,,Overall,11.90967741935484
2026.8.14,Minimum wage,Real minimum wage (July 2026$),month,1969,NA,10,national,United States,0,,Overall,11.861847389558234
2026.8.14,Minimum wage,Real minimum wage (July 2026$),month,1969,NA,11,national,United States,0,,Overall,11.814400000000001
2026.8.14,Minimum wage,Real minimum wage (July 2026$),month,1969,NA,12,national,United States,0,,Overall,11.720634920634922
2026.8.14,Minimum wage,Real minimum wage (July 2026$),month,1970,NA,1,national,United States,0,,Overall,11.674308300395257
2026.8.14,Minimum wage,Real minimum wage (July 2026$),month,1970,NA,2,national,United States,0,,Overall,11.582745098039217
2026.8.14,Minimum wage,Real minimum wage (July 2026$),month,1970,NA,3,national,United States,0,,Overall,11.582745098039217
2026.8.14,Minimum wage,Real minimum wage (July 2026$),month,1970,NA,4,national,United States,0,,Overall,11.5375
2026.8.14,Minimum wage,Real minimum wage (July 2026$),month,1970,NA,5,national,United States,0,,Overall,11.49260700389105
2026.8.14,Minimum wage,Real minimum wage (July 2026$),month,1970,NA,6,national,United States,0,,Overall,11.49260700389105
2026.8.14,Minimum wage,Real minimum wage (July 2026$),month,1970,NA,7,national,United States,0,,Overall,11.448062015503876
2026.8.14,Minimum wage,Real minimum wage (July 2026$),month,1970,NA,8,national,United States,0,,Overall,11.403861003861005
2026.8.14,Minimum wage,Real minimum wage (July 2026$),month,1970,NA,9,national,United States,0,,Overall,11.360000000000001
2026.8.14,Minimum wage,Real minimum wage (July 2026$),month,1970,NA,10,national,United States,0,,Overall,11.31647509578544
2026.8.14,Minimum wage,Real minimum wage (July 2026$),month,1970,NA,11,national,United States,0,,Overall,11.273282442748092
2026.8.14,Minimum wage,Real minimum wage (July 2026$),month,1970,NA,12,national,United States,0,,Overall,11.18787878787879
2026.8.14,Minimum wage,Real minimum wage (July 2026$),month,1971,NA,1,national,United States,0,,Overall,11.18787878787879
2026.8.14,Minimum wage,Real minimum wage (July 2026$),month,1971,NA,2,national,United States,0,,Overall,11.14566037735849
2026.8.14,Minimum wage,Real minimum wage (July 2026$),month,1971,NA,3,national,United States,0,,Overall,11.10375939849624
2026.8.14,Minimum wage,Real minimum wage (July 2026$),month,1971,NA,4,national,United States,0,,Overall,11.062172284644195
2026.8.14,Minimum wage,Real minimum wage (July 2026$),month,1971,NA,5,national,United States,0,,Overall,11.02089552238806
2026.8.14,Minimum wage,Real minimum wage (July 2026$),month,1971,NA,6,national,United States,0,,Overall,10.979925650557622
2026.8.14,Minimum wage,Real minimum wage (July 2026$),month,1971,NA,7,national,United States,0,,Overall,10.979925650557622
2026.8.14,Minimum wage,Real minimum wage (July 2026$),month,1971,NA,8,national,United States,0,,Overall,10.979925650557622
2026.8.14,Minimum wage,Real minimum wage (July 2026$),month,1971,NA,9,national,United States,0,,Overall,10.89889298892989
2026.8.14,Minimum wage,Real minimum wage (July 2026$),month,1971,NA,10,national,United States,0,,Overall,10.89889298892989
2026.8.14,Minimum wage,Real minimum wage (July 2026$),month,1971,NA,11,national,United States,0,,Overall,10.858823529411765
2026.8.14,Minimum wage,Real minimum wage (July 2026$),month,1971,NA,12,national,United States,0,,Overall,10.858823529411765
2026.8.14,Minimum wage,Real minimum wage (July 2026$),month,1972,NA,1,national,United States,0,,Overall,10.779562043795622
2026.8.14,Minimum wage,Real minimum wage (July 2026$),month,1972,NA,2,national,United States,0,,Overall,10.740363636363638
2026.8.14,Minimum wage,Real minimum wage (July 2026$),month,1972,NA,3,national,United States,0,,Overall,10.740363636363638
2026.8.14,Minimum wage,Real minimum wage (July 2026$),month,1972,NA,4,national,United States,0,,Overall,10.740363636363638
2026.8.14,Minimum wage,Real minimum wage (July 2026$),month,1972,NA,5,national,United States,0,,Overall,10.701449275362318
2026.8.14,Minimum wage,Real minimum wage (July 2026$),month,1972,NA,6,national,United States,0,,Overall,10.662815884476535
2026.8.14,Minimum wage,Real minimum wage (July 2026$),month,1972,NA,7,national,United States,0,,Overall,10.701449275362318
2026.8.14,Minimum wage,Real minimum wage (July 2026$),month,1972,NA,8,national,United States,0,,Overall,10.662815884476535
2026.8.14,Minimum wage,Real minimum wage (July 2026$),month,1972,NA,9,national,United States,0,,Overall,10.586379928315413
2026.8.14,Minimum wage,Real minimum wage (July 2026$),month,1972,NA,10,national,United States,0,,Overall,10.624460431654677
2026.8.14,Minimum wage,Real minimum wage (July 2026$),month,1972,NA,11,national,United States,0,,Overall,10.511032028469751
2026.8.14,Minimum wage,Real minimum wage (July 2026$),month,1972,NA,12,national,United States,0,,Overall,10.511032028469751
2026.8.14,Minimum wage,Real minimum wage (July 2026$),month,1973,NA,1,national,United States,0,,Overall,10.4
2026.8.14,Minimum wage,Real minimum wage (July 2026$),month,1973,NA,2,national,United States,0,,Overall,10.327272727272728
2026.8.14,Minimum wage,Real minimum wage (July 2026$),month,1973,NA,3,national,United States,0,,Overall,10.22006920415225
2026.8.14,Minimum wage,Real minimum wage (July 2026$),month,1973,NA,4,national,United States,0,,Overall,10.149828178694158
2026.8.14,Minimum wage,Real minimum wage (July 2026$),month,1973,NA,5,national,United States,0,,Overall,10.115068493150686
2026.8.14,Minimum wage,Real minimum wage (July 2026$),month,1973,NA,6,national,United States,0,,Overall,10.046258503401361
2026.8.14,Minimum wage,Real minimum wage (July 2026$),month,1973,NA,7,national,United States,0,,Overall,10.080546075085325
2026.8.14,Minimum wage,Real minimum wage (July 2026$),month,1973,NA,8,national,United States,0,,Overall,9.911409395973154
2026.8.14,Minimum wage,Real minimum wage (July 2026$),month,1973,NA,9,national,United States,0,,Overall,9.845333333333334
2026.8.14,Minimum wage,Real minimum wage (July 2026$),month,1973,NA,10,national,United States,0,,Overall,9.780132450331127
2026.8.14,Minimum wage,Real minimum wage (July 2026$),month,1973,NA,11,national,United States,0,,Overall,9.715789473684211
2026.8.14,Minimum wage,Real minimum wage (July 2026$),month,1973,NA,12,national,United States,0,,Overall,9.62084690553746
2026.8.14,Minimum wage,Real minimum wage (July 2026$),month,1974,NA,1,national,United States,0,,Overall,9.558576051779935
2026.8.14,Minimum wage,Real minimum wage (July 2026$),month,1974,NA,2,national,United States,0,,Overall,9.436421725239617
2026.8.14,Minimum wage,Real minimum wage (July 2026$),month,1974,NA,3,national,United States,0,,Overall,9.376507936507936
2026.8.14,Minimum wage,Real minimum wage (July 2026$),month,1974,NA,4,national,United States,0,,Overall,9.288050314465409
2026.8.14,Minimum wage,Real minimum wage (July 2026$),month,1974,NA,5,national,United States,0,,Overall,11.5375
2026.8.14,Minimum wage,Real minimum wage (July 2026$),month,1974,NA,6,national,United States,0,,Overall,11.430340557275542
2026.8.14,Minimum wage,Real minimum wage (July 2026$),month,1974,NA,7,national,United States,0,,Overall,11.395061728395062
2026.8.14,Minimum wage,Real minimum wage (July 2026$),month,1974,NA,8,national,United States,0,,Overall,11.29051987767584
2026.8.14,Minimum wage,Real minimum wage (July 2026$),month,1974,NA,9,national,United States,0,,Overall,11.120481927710841
2026.8.14,Minimum wage,Real minimum wage (July 2026$),month,1974,NA,10,national,United States,0,,Overall,11.053892215568862
2026.8.14,Minimum wage,Real minimum wage (July 2026$),month,1974,NA,11,national,United States,0,,Overall,10.955489614243323
2026.8.14,Minimum wage,Real minimum wage (July 2026$),month,1974,NA,12,national,United States,0,,Overall,10.890855457227138
2026.8.14,Minimum wage,Real minimum wage (July 2026$),month,1975,NA,1,national,United States,0,,Overall,11.368328445747801
2026.8.14,Minimum wage,Real minimum wage (July 2026$),month,1975,NA,2,national,United States,0,,Overall,11.302040816326532
2026.8.14,Minimum wage,Real minimum wage (July 2026$),month,1975,NA,3,national,United States,0,,Overall,11.236521739130435
2026.8.14,Minimum wage,Real minimum wage (July 2026$),month,1975,NA,4,national,United States,0,,Overall,11.204046242774567
2026.8.14,Minimum wage,Real minimum wage (July 2026$),month,1975,NA,5,national,United States,0,,Overall,11.204046242774567
2026.8.14,Minimum wage,Real minimum wage (July 2026$),month,1975,NA,6,national,United States,0,,Overall,11.107736389684815
2026.8.14,Minimum wage,Real minimum wage (July 2026$),month,1975,NA,7,national,United States,0,,Overall,11.013068181818182
2026.8.14,Minimum wage,Real minimum wage (July 2026$),month,1975,NA,8,national,United States,0,,Overall,10.95084745762712
2026.8.14,Minimum wage,Real minimum wage (July 2026$),month,1975,NA,9,national,United States,0,,Overall,10.88932584269663
2026.8.14,Minimum wage,Real minimum wage (July 2026$),month,1975,NA,10,national,United States,0,,Overall,10.828491620111734
2026.8.14,Minimum wage,Real minimum wage (July 2026$),month,1975,NA,11,national,United States,0,,Overall,10.768333333333334
2026.8.14,Minimum wage,Real minimum wage (July 2026$),month,1975,NA,12,national,United States,0,,Overall,10.679338842975207
2026.8.14,Minimum wage,Real minimum wage (July 2026$),month,1976,NA,1,national,United States,0,,Overall,11.696418732782368
2026.8.14,Minimum wage,Real minimum wage (July 2026$),month,1976,NA,2,national,United States,0,,Overall,11.632328767123285
2026.8.14,Minimum wage,Real minimum wage (July 2026$),month,1976,NA,3,national,United States,0,,Overall,11.60054644808743
2026.8.14,Minimum wage,Real minimum wage (July 2026$),month,1976,NA,4,national,United States,0,,Overall,11.60054644808743
2026.8.14,Minimum wage,Real minimum wage (July 2026$),month,1976,NA,5,national,United States,0,,Overall,11.5375
2026.8.14,Minimum wage,Real minimum wage (July 2026$),month,1976,NA,6,national,United States,0,,Overall,11.506233062330622
2026.8.14,Minimum wage,Real minimum wage (July 2026$),month,1976,NA,7,national,United States,0,,Overall,11.44420485175202
2026.8.14,Minimum wage,Real minimum wage (July 2026$),month,1976,NA,8,national,United States,0,,Overall,11.3828418230563
2026.8.14,Minimum wage,Real minimum wage (July 2026$),month,1976,NA,9,national,United States,0,,Overall,11.322133333333332
2026.8.14,Minimum wage,Real minimum wage (July 2026$),month,1976,NA,10,national,United States,0,,Overall,11.262068965517239
2026.8.14,Minimum wage,Real minimum wage (July 2026$),month,1976,NA,11,national,United States,0,,Overall,11.202638522427439
2026.8.14,Minimum wage,Real minimum wage (July 2026$),month,1976,NA,12,national,United States,0,,Overall,11.143832020997372
2026.8.14,Minimum wage,Real minimum wage (July 2026$),month,1977,NA,1,national,United States,0,,Overall,11.085639686684072
2026.8.14,Minimum wage,Real minimum wage (July 2026$),month,1977,NA,2,national,United States,0,,Overall,10.971059431524544
2026.8.14,Minimum wage,Real minimum wage (July 2026$),month,1977,NA,3,national,United States,0,,Overall,10.914652956298198
2026.8.14,Minimum wage,Real minimum wage (July 2026$),month,1977,NA,4,national,United States,0,,Overall,10.858823529411762
2026.8.14,Minimum wage,Real minimum wage (July 2026$),month,1977,NA,5,national,United States,0,,Overall,10.831122448979588
2026.8.14,Minimum wage,Real minimum wage (July 2026$),month,1977,NA,6,national,United States,0,,Overall,10.748860759493668
2026.8.14,Minimum wage,Real minimum wage (July 2026$),month,1977,NA,7,national,United States,0,,Overall,10.72171717171717
2026.8.14,Minimum wage,Real minimum wage (July 2026$),month,1977,NA,8,national,United States,0,,Overall,10.667839195979898
2026.8.14,Minimum wage,Real minimum wage (July 2026$),month,1977,NA,9,national,United States,0,,Overall,10.667839195979898
2026.8.14,Minimum wage,Real minimum wage (July 2026$),month,1977,NA,10,national,United States,0,,Overall,10.58802992518703
2026.8.14,Minimum wage,Real minimum wage (July 2026$),month,1977,NA,11,national,United States,0,,Overall,10.509405940594059
2026.8.14,Minimum wage,Real minimum wage (July 2026$),month,1977,NA,12,national,United States,0,,Overall,10.483456790123455
2026.8.14,Minimum wage,Real minimum wage (July 2026$),month,1978,NA,1,national,United States,0,,Overall,12.019410319410317
2026.8.14,Minimum wage,Real minimum wage (July 2026$),month,1978,NA,2,national,United States,0,,Overall,11.931463414634145
2026.8.14,Minimum wage,Real minimum wage (July 2026$),month,1978,NA,3,national,United States,0,,Overall,11.90243309002433
2026.8.14,Minimum wage,Real minimum wage (July 2026$),month,1978,NA,4,national,United States,0,,Overall,11.787710843373493
2026.8.14,Minimum wage,Real minimum wage (July 2026$),month,1978,NA,5,national,United States,0,,Overall,11.675178997613363
2026.8.14,Minimum wage,Real minimum wage (July 2026$),month,1978,NA,6,national,United States,0,,Overall,11.619714964370544
2026.8.14,Minimum wage,Real minimum wage (July 2026$),month,1978,NA,7,national,United States,0,,Overall,11.564775413711583
2026.8.14,Minimum wage,Real minimum wage (July 2026$),month,1978,NA,8,national,United States,0,,Overall,11.51035294117647
2026.8.14,Minimum wage,Real minimum wage (July 2026$),month,1978,NA,9,national,United States,0,,Overall,11.403030303030302
2026.8.14,Minimum wage,Real minimum wage (July 2026$),month,1978,NA,10,national,United States,0,,Overall,11.350116009280741
2026.8.14,Minimum wage,Real minimum wage (July 2026$),month,1978,NA,11,national,United States,0,,Overall,11.24574712643678
2026.8.14,Minimum wage,Real minimum wage (July 2026$),month,1978,NA,12,national,United States,0,,Overall,11.194279176201372
2026.8.14,Minimum wage,Real minimum wage (July 2026$),month,1979,NA,1,national,United States,0,,Overall,12.16681818181818
2026.8.14,Minimum wage,Real minimum wage (July 2026$),month,1979,NA,2,national,United States,0,,Overall,12.057207207207206
2026.8.14,Minimum wage,Real minimum wage (July 2026$),month,1979,NA,3,national,United States,0,,Overall,11.94955357142857
2026.8.14,Minimum wage,Real minimum wage (July 2026$),month,1979,NA,4,national,United States,0,,Overall,11.843805309734512
2026.8.14,Minimum wage,Real minimum wage (July 2026$),month,1979,NA,5,national,United States,0,,Overall,11.739912280701752
2026.8.14,Minimum wage,Real minimum wage (July 2026$),month,1979,NA,6,national,United States,0,,Overall,11.63782608695652
2026.8.14,Minimum wage,Real minimum wage (July 2026$),month,1979,NA,7,national,United States,0,,Overall,11.537499999999998
2026.8.14,Minimum wage,Real minimum wage (July 2026$),month,1979,NA,8,national,United States,0,,Overall,11.438888888888888
2026.8.14,Minimum wage,Real minimum wage (July 2026$),month,1979,NA,9,national,United States,0,,Overall,11.341949152542371
2026.8.14,Minimum wage,Real minimum wage (July 2026$),month,1979,NA,10,national,United States,0,,Overall,11.2230607966457
2026.8.14,Minimum wage,Real minimum wage (July 2026$),month,1979,NA,11,national,United States,0,,Overall,11.152916666666664
2026.8.14,Minimum wage,Real minimum wage (July 2026$),month,1979,NA,12,national,United States,0,,Overall,11.060743801652892
2026.8.14,Minimum wage,Real minimum wage (July 2026$),month,1980,NA,1,national,United States,0,,Overall,11.702658486707566
2026.8.14,Minimum wage,Real minimum wage (July 2026$),month,1980,NA,2,national,United States,0,,Overall,11.56080808080808
2026.8.14,Minimum wage,Real minimum wage (July 2026$),month,1980,NA,3,national,United States,0,,Overall,11.4452
2026.8.14,Minimum wage,Real minimum wage (July 2026$),month,1980,NA,4,national,United States,0,,Overall,11.399601593625498
2026.8.14,Minimum wage,Real minimum wage (July 2026$),month,1980,NA,5,national,United States,0,,Overall,11.309486166007904
2026.8.14,Minimum wage,Real minimum wage (July 2026$),month,1980,NA,6,national,United States,0,,Overall,11.22078431372549
2026.8.14,Minimum wage,Real minimum wage (July 2026$),month,1980,NA,7,national,United States,0,,Overall,11.133463035019455
2026.8.14,Minimum wage,Real minimum wage (July 2026$),month,1980,NA,8,national,United States,0,,Overall,11.047490347490347
2026.8.14,Minimum wage,Real minimum wage (July 2026$),month,1980,NA,9,national,United States,0,,Overall,10.94187380497132
2026.8.14,Minimum wage,Real minimum wage (July 2026$),month,1980,NA,10,national,United States,0,,Overall,10.858823529411763
2026.8.14,Minimum wage,Real minimum wage (July 2026$),month,1980,NA,11,national,United States,0,,Overall,10.756766917293232
2026.8.14,Minimum wage,Real minimum wage (July 2026$),month,1980,NA,12,national,United States,0,,Overall,10.696448598130841
2026.8.14,Minimum wage,Real minimum wage (July 2026$),month,1981,NA,1,national,United States,0,,Overall,11.430868761552679
2026.8.14,Minimum wage,Real minimum wage (July 2026$),month,1981,NA,2,national,United States,0,,Overall,11.305484460694696
2026.8.14,Minimum wage,Real minimum wage (July 2026$),month,1981,NA,3,national,United States,0,,Overall,11.203079710144927
2026.8.14,Minimum wage,Real minimum wage (July 2026$),month,1981,NA,4,national,United States,0,,Overall,11.162635379061372
2026.8.14,Minimum wage,Real minimum wage (July 2026$),month,1981,NA,5,national,United States,0,,Overall,11.122482014388488
2026.8.14,Minimum wage,Real minimum wage (July 2026$),month,1981,NA,6,national,United States,0,,Overall,11.062790697674417
2026.8.14,Minimum wage,Real minimum wage (July 2026$),month,1981,NA,7,national,United States,0,,Overall,10.984191829484903
2026.8.14,Minimum wage,Real minimum wage (July 2026$),month,1981,NA,8,national,United States,0,,Overall,10.906701940035273
2026.8.14,Minimum wage,Real minimum wage (July 2026$),month,1981,NA,9,national,United States,0,,Overall,10.811363636363636
2026.8.14,Minimum wage,Real minimum wage (July 2026$),month,1981,NA,10,national,United States,0,,Overall,10.75495652173913
2026.8.14,Minimum wage,Real minimum wage (July 2026$),month,1981,NA,11,national,United States,0,,Overall,10.699134948096885
2026.8.14,Minimum wage,Real minimum wage (July 2026$),month,1981,NA,12,national,United States,0,,Overall,10.662241379310345
2026.8.14,Minimum wage,Real minimum wage (July 2026$),month,1982,NA,1,national,United States,0,,Overall,10.589212328767124
2026.8.14,Minimum wage,Real minimum wage (July 2026$),month,1982,NA,2,national,United States,0,,Overall,10.553071672354948
2026.8.14,Minimum wage,Real minimum wage (July 2026$),month,1982,NA,3,national,United States,0,,Overall,10.553071672354948
2026.8.14,Minimum wage,Real minimum wage (July 2026$),month,1982,NA,4,national,United States,0,,Overall,10.535093696763202
2026.8.14,Minimum wage,Real minimum wage (July 2026$),month,1982,NA,5,national,United States,0,,Overall,10.46379018612521
2026.8.14,Minimum wage,Real minimum wage (July 2026$),month,1982,NA,6,national,United States,0,,Overall,10.376006711409396
2026.8.14,Minimum wage,Real minimum wage (July 2026$),month,1982,NA,7,national,United States,0,,Overall,10.306833333333334
2026.8.14,Minimum wage,Real minimum wage (July 2026$),month,1982,NA,8,national,United States,0,,Overall,10.289683860232945
2026.8.14,Minimum wage,Real minimum wage (July 2026$),month,1982,NA,9,national,United States,0,,Overall,10.255555555555555
2026.8.14,Minimum wage,Real minimum wage (July 2026$),month,1982,NA,10,national,United States,0,,Overall,10.204785478547855
2026.8.14,Minimum wage,Real minimum wage (July 2026$),month,1982,NA,11,national,United States,0,,Overall,10.171217105263159
2026.8.14,Minimum wage,Real minimum wage (July 2026$),month,1982,NA,12,national,United States,0,,Overall,10.137868852459016
2026.8.14,Minimum wage,Real minimum wage (July 2026$),month,1983,NA,1,national,United States,0,,Overall,10.12127659574468
2026.8.14,Minimum wage,Real minimum wage (July 2026$),month,1983,NA,2,national,United States,0,,Overall,10.12127659574468
2026.8.14,Minimum wage,Real minimum wage (July 2026$),month,1983,NA,3,national,United States,0,,Overall,10.104738562091502
2026.8.14,Minimum wage,Real minimum wage (July 2026$),month,1983,NA,4,national,United States,0,,Overall,10.039123376623376
2026.8.14,Minimum wage,Real minimum wage (July 2026$),month,1983,NA,5,national,United States,0,,Overall,9.990468497576737
2026.8.14,Minimum wage,Real minimum wage (July 2026$),month,1983,NA,6,national,United States,0,,Overall,9.974354838709678
2026.8.14,Minimum wage,Real minimum wage (July 2026$),month,1983,NA,7,national,United States,0,,Overall,9.942282958199357
2026.8.14,Minimum wage,Real minimum wage (July 2026$),month,1983,NA,8,national,United States,0,,Overall,9.910416666666666
2026.8.14,Minimum wage,Real minimum wage (July 2026$),month,1983,NA,9,national,United States,0,,Overall,9.878753993610223
2026.8.14,Minimum wage,Real minimum wage (July 2026$),month,1983,NA,10,national,United States,0,,Overall,9.831637519872814
2026.8.14,Minimum wage,Real minimum wage (July 2026$),month,1983,NA,11,national,United States,0,,Overall,9.831637519872814
2026.8.14,Minimum wage,Real minimum wage (July 2026$),month,1983,NA,12,national,United States,0,,Overall,9.78496835443038
2026.8.14,Minimum wage,Real minimum wage (July 2026$),month,1984,NA,1,national,United States,0,,Overall,9.723427672955975
2026.8.14,Minimum wage,Real minimum wage (July 2026$),month,1984,NA,2,national,United States,0,,Overall,9.677777777777777
2026.8.14,Minimum wage,Real minimum wage (July 2026$),month,1984,NA,3,national,United States,0,,Overall,9.647581903276132
2026.8.14,Minimum wage,Real minimum wage (July 2026$),month,1984,NA,4,national,United States,0,,Overall,9.617573872472784
2026.8.14,Minimum wage,Real minimum wage (July 2026$),month,1984,NA,5,national,United States,0,,Overall,9.587751937984496
2026.8.14,Minimum wage,Real minimum wage (July 2026$),month,1984,NA,6,national,United States,0,,Overall,9.572910216718267
2026.8.14,Minimum wage,Real minimum wage (July 2026$),month,1984,NA,7,national,United States,0,,Overall,9.543364197530865
2026.8.14,Minimum wage,Real minimum wage (July 2026$),month,1984,NA,8,national,United States,0,,Overall,9.514
2026.8.14,Minimum wage,Real minimum wage (July 2026$),month,1984,NA,9,national,United States,0,,Overall,9.499385560675883
2026.8.14,Minimum wage,Real minimum wage (July 2026$),month,1984,NA,10,national,United States,0,,Overall,9.455810397553515
2026.8.14,Minimum wage,Real minimum wage (July 2026$),month,1984,NA,11,national,United States,0,,Overall,9.441374045801526
2026.8.14,Minimum wage,Real minimum wage (July 2026$),month,1984,NA,12,national,United States,0,,Overall,9.426981707317074
2026.8.14,Minimum wage,Real minimum wage (July 2026$),month,1985,NA,1,national,United States,0,,Overall,9.412633181126331
2026.8.14,Minimum wage,Real minimum wage (July 2026$),month,1985,NA,2,national,United States,0,,Overall,9.355673222390317
2026.8.14,Minimum wage,Real minimum wage (July 2026$),month,1985,NA,3,national,United States,0,,Overall,9.31340361445783
2026.8.14,Minimum wage,Real minimum wage (July 2026$),month,1985,NA,4,national,United States,0,,Overall,9.285435435435435
2026.8.14,Minimum wage,Real minimum wage (July 2026$),month,1985,NA,5,national,United States,0,,Overall,9.285435435435435
2026.8.14,Minimum wage,Real minimum wage (July 2026$),month,1985,NA,6,national,United States,0,,Overall,9.257634730538921
2026.8.14,Minimum wage,Real minimum wage (July 2026$),month,1985,NA,7,national,United States,0,,Overall,9.243796711509715
2026.8.14,Minimum wage,Real minimum wage (July 2026$),month,1985,NA,8,national,United States,0,,Overall,9.229999999999999
2026.8.14,Minimum wage,Real minimum wage (July 2026$),month,1985,NA,9,national,United States,0,,Overall,9.188855869242198
2026.8.14,Minimum wage,Real minimum wage (July 2026$),month,1985,NA,10,national,United States,0,,Overall,9.175222551928782
2026.8.14,Minimum wage,Real minimum wage (July 2026$),month,1985,NA,11,national,United States,0,,Overall,9.134564254062038
2026.8.14,Minimum wage,Real minimum wage (July 2026$),month,1985,NA,12,national,United States,0,,Overall,9.094264705882352
2026.8.14,Minimum wage,Real minimum wage (July 2026$),month,1986,NA,1,national,United States,0,,Overall,9.054319180087848
2026.8.14,Minimum wage,Real minimum wage (July 2026$),month,1986,NA,2,national,United States,0,,Overall,9.080910425844348
2026.8.14,Minimum wage,Real minimum wage (July 2026$),month,1986,NA,3,national,United States,0,,Overall,9.121091445427728
2026.8.14,Minimum wage,Real minimum wage (July 2026$),month,1986,NA,4,national,United States,0,,Overall,9.16162962962963
2026.8.14,Minimum wage,Real minimum wage (July 2026$),month,1986,NA,5,national,United States,0,,Overall,9.134564254062038
2026.8.14,Minimum wage,Real minimum wage (July 2026$),month,1986,NA,6,national,United States,0,,Overall,9.121091445427728
2026.8.14,Minimum wage,Real minimum wage (July 2026$),month,1986,NA,7,national,United States,0,,Overall,9.107658321060383
2026.8.14,Minimum wage,Real minimum wage (July 2026$),month,1986,NA,8,national,United States,0,,Overall,9.107658321060383
2026.8.14,Minimum wage,Real minimum wage (July 2026$),month,1986,NA,9,national,United States,0,,Overall,9.054319180087848
2026.8.14,Minimum wage,Real minimum wage (July 2026$),month,1986,NA,10,national,United States,0,,Overall,9.054319180087848
2026.8.14,Minimum wage,Real minimum wage (July 2026$),month,1986,NA,11,national,United States,0,,Overall,9.041081871345028
2026.8.14,Minimum wage,Real minimum wage (July 2026$),month,1986,NA,12,national,United States,0,,Overall,9.00160116448326
2026.8.14,Minimum wage,Real minimum wage (July 2026$),month,1987,NA,1,national,United States,0,,Overall,8.962463768115942
2026.8.14,Minimum wage,Real minimum wage (July 2026$),month,1987,NA,2,national,United States,0,,Overall,8.923665223665223
2026.8.14,Minimum wage,Real minimum wage (July 2026$),month,1987,NA,3,national,United States,0,,Overall,8.885201149425288
2026.8.14,Minimum wage,Real minimum wage (July 2026$),month,1987,NA,4,national,United States,0,,Overall,8.859742120343839
2026.8.14,Minimum wage,Real minimum wage (July 2026$),month,1987,NA,5,national,United States,0,,Overall,8.84706723891273
2026.8.14,Minimum wage,Real minimum wage (July 2026$),month,1987,NA,6,national,United States,0,,Overall,8.796728307254623
2026.8.14,Minimum wage,Real minimum wage (July 2026$),month,1987,NA,7,national,United States,0,,Overall,8.784232954545454
2026.8.14,Minimum wage,Real minimum wage (July 2026$),month,1987,NA,8,national,United States,0,,Overall,8.746958981612446
2026.8.14,Minimum wage,Real minimum wage (July 2026$),month,1987,NA,9,national,United States,0,,Overall,8.722284908321578
2026.8.14,Minimum wage,Real minimum wage (July 2026$),month,1987,NA,10,national,United States,0,,Overall,8.69774964838256
2026.8.14,Minimum wage,Real minimum wage (July 2026$),month,1987,NA,11,national,United States,0,,Overall,8.673352033660588
2026.8.14,Minimum wage,Real minimum wage (July 2026$),month,1987,NA,12,national,United States,0,,Overall,8.661204481792716
2026.8.14,Minimum wage,Real minimum wage (July 2026$),month,1988,NA,1,national,United States,0,,Overall,8.624965132496513
2026.8.14,Minimum wage,Real minimum wage (July 2026$),month,1988,NA,2,national,United States,0,,Overall,8.624965132496513
2026.8.14,Minimum wage,Real minimum wage (July 2026$),month,1988,NA,3,national,United States,0,,Overall,8.6009735744089
2026.8.14,Minimum wage,Real minimum wage (July 2026$),month,1988,NA,4,national,United States,0,,Overall,8.541574585635358
2026.8.14,Minimum wage,Real minimum wage (July 2026$),month,1988,NA,5,national,United States,0,,Overall,8.529793103448275
2026.8.14,Minimum wage,Real minimum wage (July 2026$),month,1988,NA,6,national,United States,0,,Overall,8.506327372764787
2026.8.14,Minimum wage,Real minimum wage (July 2026$),month,1988,NA,7,national,United States,0,,Overall,8.471369863013699
2026.8.14,Minimum wage,Real minimum wage (July 2026$),month,1988,NA,8,national,United States,0,,Overall,8.436698499317872
2026.8.14,Minimum wage,Real minimum wage (July 2026$),month,1988,NA,9,national,United States,0,,Overall,8.402309782608695
2026.8.14,Minimum wage,Real minimum wage (July 2026$),month,1988,NA,10,national,United States,0,,Overall,8.379539295392954
2026.8.14,Minimum wage,Real minimum wage (July 2026$),month,1988,NA,11,national,United States,0,,Overall,8.356891891891891
2026.8.14,Minimum wage,Real minimum wage (July 2026$),month,1988,NA,12,national,United States,0,,Overall,8.334366576819406
2026.8.14,Minimum wage,Real minimum wage (July 2026$),month,1989,NA,1,national,United States,0,,Overall,8.289678284182306
2026.8.14,Minimum wage,Real minimum wage (July 2026$),month,1989,NA,2,national,United States,0,,Overall,8.278580990629182
2026.8.14,Minimum wage,Real minimum wage (July 2026$),month,1989,NA,3,national,United States,0,,Overall,8.245466666666665
2026.8.14,Minimum wage,Real minimum wage (July 2026$),month,1989,NA,4,national,United States,0,,Overall,8.169220607661822
2026.8.14,Minimum wage,Real minimum wage (July 2026$),month,1989,NA,5,national,United States,0,,Overall,8.147694334650856
2026.8.14,Minimum wage,Real minimum wage (July 2026$),month,1989,NA,6,national,United States,0,,Overall,8.115616797900262
2026.8.14,Minimum wage,Real minimum wage (July 2026$),month,1989,NA,7,national,United States,0,,Overall,8.083790849673202
2026.8.14,Minimum wage,Real minimum wage (July 2026$),month,1989,NA,8,national,United States,0,,Overall,8.09437172774869
2026.8.14,Minimum wage,Real minimum wage (July 2026$),month,1989,NA,9,national,United States,0,,Overall,8.073237597911227
2026.8.14,Minimum wage,Real minimum wage (July 2026$),month,1989,NA,10,national,United States,0,,Overall,8.041742522756826
2026.8.14,Minimum wage,Real minimum wage (July 2026$),month,1989,NA,11,national,United States,0,,Overall,8.010492227979274
2026.8.14,Minimum wage,Real minimum wage (July 2026$),month,1989,NA,12,national,United States,0,,Overall,8.00012936610608
2026.8.14,Minimum wage,Real minimum wage (July 2026$),month,1990,NA,1,national,United States,0,,Overall,7.928333333333333
2026.8.14,Minimum wage,Real minimum wage (July 2026$),month,1990,NA,2,national,United States,0,,Overall,7.897956577266922
2026.8.14,Minimum wage,Real minimum wage (July 2026$),month,1990,NA,3,national,United States,0,,Overall,7.8678117048346055
2026.8.14,Minimum wage,Real minimum wage (July 2026$),month,1990,NA,4,national,United States,0,,Overall,8.90203045685279
2026.8.14,Minimum wage,Real minimum wage (July 2026$),month,1990,NA,5,national,United States,0,,Overall,8.890747782002533
2026.8.14,Minimum wage,Real minimum wage (July 2026$),month,1990,NA,6,national,United States,0,,Overall,8.834760705289671
2026.8.14,Minimum wage,Real minimum wage (July 2026$),month,1990,NA,7,national,United States,0,,Overall,8.79047619047619
2026.8.14,Minimum wage,Real minimum wage (July 2026$),month,1990,NA,8,national,United States,0,,Overall,8.724875621890545
2026.8.14,Minimum wage,Real minimum wage (July 2026$),month,1990,NA,9,national,United States,0,,Overall,8.670951792336215
2026.8.14,Minimum wage,Real minimum wage (July 2026$),month,1990,NA,10,national,United States,0,,Overall,8.617690417690415
2026.8.14,Minimum wage,Real minimum wage (July 2026$),month,1990,NA,11,national,United States,0,,Overall,8.607116564417177
2026.8.14,Minimum wage,Real minimum wage (July 2026$),month,1990,NA,12,national,United States,0,,Overall,8.575550122249387
2026.8.14,Minimum wage,Real minimum wage (July 2026$),month,1991,NA,1,national,United States,0,,Overall,8.554634146341462
2026.8.14,Minimum wage,Real minimum wage (July 2026$),month,1991,NA,2,national,United States,0,,Overall,8.554634146341462
2026.8.14,Minimum wage,Real minimum wage (July 2026$),month,1991,NA,3,national,United States,0,,Overall,8.554634146341462
2026.8.14,Minimum wage,Real minimum wage (July 2026$),month,1991,NA,4,national,United States,0,,Overall,9.556029232643118
2026.8.14,Minimum wage,Real minimum wage (July 2026$),month,1991,NA,5,national,United States,0,,Overall,9.52123786407767
2026.8.14,Minimum wage,Real minimum wage (July 2026$),month,1991,NA,6,national,United States,0,,Overall,9.498184019370461
2026.8.14,Minimum wage,Real minimum wage (July 2026$),month,1991,NA,7,national,United States,0,,Overall,9.48669891172914
2026.8.14,Minimum wage,Real minimum wage (July 2026$),month,1991,NA,8,national,United States,0,,Overall,9.463811821471651
2026.8.14,Minimum wage,Real minimum wage (July 2026$),month,1991,NA,9,national,United States,0,,Overall,9.441034897713598
2026.8.14,Minimum wage,Real minimum wage (July 2026$),month,1991,NA,10,national,United States,0,,Overall,9.4296875
2026.8.14,Minimum wage,Real minimum wage (July 2026$),month,1991,NA,11,national,United States,0,,Overall,9.395808383233533
2026.8.14,Minimum wage,Real minimum wage (July 2026$),month,1991,NA,12,national,United States,0,,Overall,9.373357228195937
2026.8.14,Minimum wage,Real minimum wage (July 2026$),month,1992,NA,1,national,United States,0,,Overall,9.36217183770883
2026.8.14,Minimum wage,Real minimum wage (July 2026$),month,1992,NA,2,national,United States,0,,Overall,9.351013110846244
2026.8.14,Minimum wage,Real minimum wage (July 2026$),month,1992,NA,3,national,United States,0,,Overall,9.317695961995248
2026.8.14,Minimum wage,Real minimum wage (July 2026$),month,1992,NA,4,national,United States,0,,Overall,9.306642941874259
2026.8.14,Minimum wage,Real minimum wage (July 2026$),month,1992,NA,5,national,United States,0,,Overall,9.273640661938535
2026.8.14,Minimum wage,Real minimum wage (July 2026$),month,1992,NA,6,national,United States,0,,Overall,9.273640661938535
2026.8.14,Minimum wage,Real minimum wage (July 2026$),month,1992,NA,7,national,United States,0,,Overall,9.240871613663131
2026.8.14,Minimum wage,Real minimum wage (July 2026$),month,1992,NA,8,national,United States,0,,Overall,9.229999999999999
2026.8.14,Minimum wage,Real minimum wage (July 2026$),month,1992,NA,9,national,United States,0,,Overall,9.208333333333332
2026.8.14,Minimum wage,Real minimum wage (July 2026$),month,1992,NA,10,national,United States,0,,Overall,9.176023391812866
2026.8.14,Minimum wage,Real minimum wage (July 2026$),month,1992,NA,11,national,United States,0,,Overall,9.143939393939394
2026.8.14,Minimum wage,Real minimum wage (July 2026$),month,1992,NA,12,national,United States,0,,Overall,9.143939393939394
2026.8.14,Minimum wage,Real minimum wage (July 2026$),month,1993,NA,1,national,United States,0,,Overall,9.122674418604651
2026.8.14,Minimum wage,Real minimum wage (July 2026$),month,1993,NA,2,national,United States,0,,Overall,9.112078977932637
2026.8.14,Minimum wage,Real minimum wage (July 2026$),month,1993,NA,3,national,United States,0,,Overall,9.101508120649651
2026.8.14,Minimum wage,Real minimum wage (July 2026$),month,1993,NA,4,national,United States,0,,Overall,9.069942196531791
2026.8.14,Minimum wage,Real minimum wage (July 2026$),month,1993,NA,5,national,United States,0,,Overall,9.038594470046082
2026.8.14,Minimum wage,Real minimum wage (July 2026$),month,1993,NA,6,national,United States,0,,Overall,9.038594470046082
2026.8.14,Minimum wage,Real minimum wage (July 2026$),month,1993,NA,7,national,United States,0,,Overall,9.017816091954023
2026.8.14,Minimum wage,Real minimum wage (July 2026$),month,1993,NA,8,national,United States,0,,Overall,9.007462686567164
2026.8.14,Minimum wage,Real minimum wage (July 2026$),month,1993,NA,9,national,United States,0,,Overall,9.007462686567164
2026.8.14,Minimum wage,Real minimum wage (July 2026$),month,1993,NA,10,national,United States,0,,Overall,8.976544622425628
2026.8.14,Minimum wage,Real minimum wage (July 2026$),month,1993,NA,11,national,United States,0,,Overall,8.945838084378563
2026.8.14,Minimum wage,Real minimum wage (July 2026$),month,1993,NA,12,national,United States,0,,Overall,8.935649202733485
2026.8.14,Minimum wage,Real minimum wage (July 2026$),month,1994,NA,1,national,United States,0,,Overall,8.935649202733485
2026.8.14,Minimum wage,Real minimum wage (July 2026$),month,1994,NA,2,national,United States,0,,Overall,8.915340909090908
2026.8.14,Minimum wage,Real minimum wage (July 2026$),month,1994,NA,3,national,United States,0,,Overall,8.895124716553287
2026.8.14,Minimum wage,Real minimum wage (July 2026$),month,1994,NA,4,national,United States,0,,Overall,8.885050962627407
2026.8.14,Minimum wage,Real minimum wage (July 2026$),month,1994,NA,5,national,United States,0,,Overall,8.864971751412428
2026.8.14,Minimum wage,Real minimum wage (July 2026$),month,1994,NA,6,national,United States,0,,Overall,8.854966139954854
2026.8.14,Minimum wage,Real minimum wage (July 2026$),month,1994,NA,7,national,United States,0,,Overall,8.825084364454442
2026.8.14,Minimum wage,Real minimum wage (July 2026$),month,1994,NA,8,national,United States,0,,Overall,8.795403587443946
2026.8.14,Minimum wage,Real minimum wage (July 2026$),month,1994,NA,9,national,United States,0,,Overall,8.78555431131019
2026.8.14,Minimum wage,Real minimum wage (July 2026$),month,1994,NA,10,national,United States,0,,Overall,8.78555431131019
2026.8.14,Minimum wage,Real minimum wage (July 2026$),month,1994,NA,11,national,United States,0,,Overall,8.756138392857142
2026.8.14,Minimum wage,Real minimum wage (July 2026$),month,1994,NA,12,national,United States,0,,Overall,8.746376811594201
2026.8.14,Minimum wage,Real minimum wage (July 2026$),month,1995,NA,1,national,United States,0,,Overall,8.726918798665183
2026.8.14,Minimum wage,Real minimum wage (July 2026$),month,1995,NA,2,national,United States,0,,Overall,8.70754716981132
2026.8.14,Minimum wage,Real minimum wage (July 2026$),month,1995,NA,3,national,United States,0,,Overall,8.697893569844789
2026.8.14,Minimum wage,Real minimum wage (July 2026$),month,1995,NA,4,national,United States,0,,Overall,8.669060773480663
2026.8.14,Minimum wage,Real minimum wage (July 2026$),month,1995,NA,5,national,United States,0,,Overall,8.649944873208378
2026.8.14,Minimum wage,Real minimum wage (July 2026$),month,1995,NA,6,national,United States,0,,Overall,8.63091309130913
2026.8.14,Minimum wage,Real minimum wage (July 2026$),month,1995,NA,7,national,United States,0,,Overall,8.611964873765093
2026.8.14,Minimum wage,Real minimum wage (July 2026$),month,1995,NA,8,national,United States,0,,Overall,8.60252192982456
2026.8.14,Minimum wage,Real minimum wage (July 2026$),month,1995,NA,9,national,United States,0,,Overall,8.60252192982456
2026.8.14,Minimum wage,Real minimum wage (July 2026$),month,1995,NA,10,national,United States,0,,Overall,8.57431693989071
2026.8.14,Minimum wage,Real minimum wage (July 2026$),month,1995,NA,11,national,United States,0,,Overall,8.56495633187773
2026.8.14,Minimum wage,Real minimum wage (July 2026$),month,1995,NA,12,national,United States,0,,Overall,8.555616139585604
2026.8.14,Minimum wage,Real minimum wage (July 2026$),month,1996,NA,1,national,United States,0,,Overall,8.518458197611292
2026.8.14,Minimum wage,Real minimum wage (July 2026$),month,1996,NA,2,national,United States,0,,Overall,8.5
2026.8.14,Minimum wage,Real minimum wage (July 2026$),month,1996,NA,3,national,United States,0,,Overall,8.472462203023758
2026.8.14,Minimum wage,Real minimum wage (July 2026$),month,1996,NA,4,national,United States,0,,Overall,8.445102260495155
2026.8.14,Minimum wage,Real minimum wage (July 2026$),month,1996,NA,5,national,United States,0,,Overall,8.426960257787325
2026.8.14,Minimum wage,Real minimum wage (July 2026$),month,1996,NA,6,national,United States,0,,Overall,8.408896034297964
2026.8.14,Minimum wage,Real minimum wage (July 2026$),month,1996,NA,7,national,United States,0,,Overall,8.399892933618842
2026.8.14,Minimum wage,Real minimum wage (July 2026$),month,1996,NA,8,national,United States,0,,Overall,8.399892933618842
2026.8.14,Minimum wage,Real minimum wage (July 2026$),month,1996,NA,9,national,United States,0,,Overall,8.37299893276414
2026.8.14,Minimum wage,Real minimum wage (July 2026$),month,1996,NA,10,national,United States,0,,Overall,9.328191489361702
2026.8.14,Minimum wage,Real minimum wage (July 2026$),month,1996,NA,11,national,United States,0,,Overall,9.288665254237287
2026.8.14,Minimum wage,Real minimum wage (July 2026$),month,1996,NA,12,national,United States,0,,Overall,9.269027484143765
2026.8.14,Minimum wage,Real minimum wage (July 2026$),month,1997,NA,1,national,United States,0,,Overall,9.259239704329461
2026.8.14,Minimum wage,Real minimum wage (July 2026$),month,1997,NA,2,national,United States,0,,Overall,9.23972602739726
2026.8.14,Minimum wage,Real minimum wage (July 2026$),month,1997,NA,3,national,United States,0,,Overall,9.23972602739726
2026.8.14,Minimum wage,Real minimum wage (July 2026$),month,1997,NA,4,national,United States,0,,Overall,9.23972602739726
2026.8.14,Minimum wage,Real minimum wage (July 2026$),month,1997,NA,5,national,United States,0,,Overall,9.23
2026.8.14,Minimum wage,Real minimum wage (July 2026$),month,1997,NA,6,national,United States,0,,Overall,9.220294426919033
2026.8.14,Minimum wage,Real minimum wage (July 2026$),month,1997,NA,7,national,United States,0,,Overall,9.21060924369748
2026.8.14,Minimum wage,Real minimum wage (July 2026$),month,1997,NA,8,national,United States,0,,Overall,9.191299790356394
2026.8.14,Minimum wage,Real minimum wage (July 2026$),month,1997,NA,9,national,United States,0,,Overall,9.934064785788925
2026.8.14,Minimum wage,Real minimum wage (July 2026$),month,1997,NA,10,national,United States,0,,Overall,9.923695198329854
2026.8.14,Minimum wage,Real minimum wage (July 2026$),month,1997,NA,11,national,United States,0,,Overall,9.903020833333334
2026.8.14,Minimum wage,Real minimum wage (July 2026$),month,1997,NA,12,national,United States,0,,Overall,9.903020833333334
2026.8.14,Minimum wage,Real minimum wage (July 2026$),month,1998,NA,1,national,United States,0,,Overall,9.892715920915714
2026.8.14,Minimum wage,Real minimum wage (July 2026$),month,1998,NA,2,national,United States,0,,Overall,9.892715920915714
2026.8.14,Minimum wage,Real minimum wage (July 2026$),month,1998,NA,3,national,United States,0,,Overall,9.892715920915714
2026.8.14,Minimum wage,Real minimum wage (July 2026$),month,1998,NA,4,national,United States,0,,Overall,9.882432432432433
2026.8.14,Minimum wage,Real minimum wage (July 2026$),month,1998,NA,5,national,United States,0,,Overall,9.861929460580912
2026.8.14,Minimum wage,Real minimum wage (July 2026$),month,1998,NA,6,national,United States,0,,Overall,9.851709844559586
2026.8.14,Minimum wage,Real minimum wage (July 2026$),month,1998,NA,7,national,United States,0,,Overall,9.831334022750776
2026.8.14,Minimum wage,Real minimum wage (July 2026$),month,1998,NA,8,national,United States,0,,Overall,9.821177685950413
2026.8.14,Minimum wage,Real minimum wage (July 2026$),month,1998,NA,9,national,United States,0,,Overall,9.821177685950413
2026.8.14,Minimum wage,Real minimum wage (July 2026$),month,1998,NA,10,national,United States,0,,Overall,9.800927835051548
2026.8.14,Minimum wage,Real minimum wage (July 2026$),month,1998,NA,11,national,United States,0,,Overall,9.780761316872429
2026.8.14,Minimum wage,Real minimum wage (July 2026$),month,1998,NA,12,national,United States,0,,Overall,9.77070914696814
2026.8.14,Minimum wage,Real minimum wage (July 2026$),month,1999,NA,1,national,United States,0,,Overall,9.750666666666667
2026.8.14,Minimum wage,Real minimum wage (July 2026$),month,1999,NA,2,national,United States,0,,Overall,9.750666666666667
2026.8.14,Minimum wage,Real minimum wage (July 2026$),month,1999,NA,3,national,United States,0,,Overall,9.740676229508198
2026.8.14,Minimum wage,Real minimum wage (July 2026$),month,1999,NA,4,national,United States,0,,Overall,9.681160896130347
2026.8.14,Minimum wage,Real minimum wage (July 2026$),month,1999,NA,5,national,United States,0,,Overall,9.671312309257376
2026.8.14,Minimum wage,Real minimum wage (July 2026$),month,1999,NA,6,national,United States,0,,Overall,9.671312309257376
2026.8.14,Minimum wage,Real minimum wage (July 2026$),month,1999,NA,7,national,United States,0,,Overall,9.632117527862208
2026.8.14,Minimum wage,Real minimum wage (July 2026$),month,1999,NA,8,national,United States,0,,Overall,9.602929292929293
2026.8.14,Minimum wage,Real minimum wage (July 2026$),month,1999,NA,9,national,United States,0,,Overall,9.573917421953677
2026.8.14,Minimum wage,Real minimum wage (July 2026$),month,1999,NA,10,national,United States,0,,Overall,9.554673366834171
2026.8.14,Minimum wage,Real minimum wage (July 2026$),month,1999,NA,11,national,United States,0,,Overall,9.535506519558677
2026.8.14,Minimum wage,Real minimum wage (July 2026$),month,1999,NA,12,national,United States,0,,Overall,9.516416416416416
2026.8.14,Minimum wage,Real minimum wage (July 2026$),month,2000,NA,1,national,United States,0,,Overall,9.450198807157058
2026.8.14,Minimum wage,Real minimum wage (July 2026$),month,2000,NA,2,national,United States,0,,Overall,9.412772277227724
2026.8.14,Minimum wage,Real minimum wage (July 2026$),month,2000,NA,3,national,United States,0,,Overall,9.3664039408867
2026.8.14,Minimum wage,Real minimum wage (July 2026$),month,2000,NA,4,national,United States,0,,Overall,9.375641025641025
2026.8.14,Minimum wage,Real minimum wage (July 2026$),month,2000,NA,5,national,United States,0,,Overall,9.3664039408867
2026.8.14,Minimum wage,Real minimum wage (July 2026$),month,2000,NA,6,national,United States,0,,Overall,9.320490196078431
2026.8.14,Minimum wage,Real minimum wage (July 2026$),month,2000,NA,7,national,United States,0,,Overall,9.30225048923679
2026.8.14,Minimum wage,Real minimum wage (July 2026$),month,2000,NA,8,national,United States,0,,Overall,9.30225048923679
2026.8.14,Minimum wage,Real minimum wage (July 2026$),month,2000,NA,9,national,United States,0,,Overall,9.256962025316456
2026.8.14,Minimum wage,Real minimum wage (July 2026$),month,2000,NA,10,national,United States,0,,Overall,9.247957198443581
2026.8.14,Minimum wage,Real minimum wage (July 2026$),month,2000,NA,11,national,United States,0,,Overall,9.238969873663752
2026.8.14,Minimum wage,Real minimum wage (July 2026$),month,2000,NA,12,national,United States,0,,Overall,9.23
2026.8.14,Minimum wage,Real minimum wage (July 2026$),month,2001,NA,1,national,United States,0,,Overall,9.176544401544403
2026.8.14,Minimum wage,Real minimum wage (July 2026$),month,2001,NA,2,national,United States,0,,Overall,9.158863198458574
2026.8.14,Minimum wage,Real minimum wage (July 2026$),month,2001,NA,3,national,United States,0,,Overall,9.158863198458574
2026.8.14,Minimum wage,Real minimum wage (July 2026$),month,2001,NA,4,national,United States,0,,Overall,9.150048123195381
2026.8.14,Minimum wage,Real minimum wage (July 2026$),month,2001,NA,5,national,United States,0,,Overall,9.106226053639848
2026.8.14,Minimum wage,Real minimum wage (July 2026$),month,2001,NA,6,national,United States,0,,Overall,9.088814531548758
2026.8.14,Minimum wage,Real minimum wage (July 2026$),month,2001,NA,7,national,United States,0,,Overall,9.106226053639848
2026.8.14,Minimum wage,Real minimum wage (July 2026$),month,2001,NA,8,national,United States,0,,Overall,9.097511961722489
2026.8.14,Minimum wage,Real minimum wage (July 2026$),month,2001,NA,9,national,United States,0,,Overall,9.071469465648855
2026.8.14,Minimum wage,Real minimum wage (July 2026$),month,2001,NA,10,national,United States,0,,Overall,9.088814531548758
2026.8.14,Minimum wage,Real minimum wage (July 2026$),month,2001,NA,11,national,United States,0,,Overall,9.097511961722489
2026.8.14,Minimum wage,Real minimum wage (July 2026$),month,2001,NA,12,national,United States,0,,Overall,9.114956855225312
2026.8.14,Minimum wage,Real minimum wage (July 2026$),month,2002,NA,1,national,United States,0,,Overall,9.088814531548758
2026.8.14,Minimum wage,Real minimum wage (July 2026$),month,2002,NA,2,national,United States,0,,Overall,9.088814531548758
2026.8.14,Minimum wage,Real minimum wage (July 2026$),month,2002,NA,3,national,United States,0,,Overall,9.0628217349857
2026.8.14,Minimum wage,Real minimum wage (July 2026$),month,2002,NA,4,national,United States,0,,Overall,9.028395061728396
2026.8.14,Minimum wage,Real minimum wage (July 2026$),month,2002,NA,5,national,United States,0,,Overall,9.019829222011385
2026.8.14,Minimum wage,Real minimum wage (July 2026$),month,2002,NA,6,national,United States,0,,Overall,9.019829222011385
2026.8.14,Minimum wage,Real minimum wage (July 2026$),month,2002,NA,7,national,United States,0,,Overall,9.002746212121213
2026.8.14,Minimum wage,Real minimum wage (July 2026$),month,2002,NA,8,national,United States,0,,Overall,8.977242681775259
2026.8.14,Minimum wage,Real minimum wage (July 2026$),month,2002,NA,9,national,United States,0,,Overall,8.951883239171375
2026.8.14,Minimum wage,Real minimum wage (July 2026$),month,2002,NA,10,national,United States,0,,Overall,8.943461900282221
2026.8.14,Minimum wage,Real minimum wage (July 2026$),month,2002,NA,11,national,United States,0,,Overall,8.935056390977444
2026.8.14,Minimum wage,Real minimum wage (July 2026$),month,2002,NA,12,national,United States,0,,Overall,8.926666666666668
2026.8.14,Minimum wage,Real minimum wage (July 2026$),month,2003,NA,1,national,United States,0,,Overall,8.884953271028039
2026.8.14,Minimum wage,Real minimum wage (July 2026$),month,2003,NA,2,national,United States,0,,Overall,8.835408921933087
2026.8.14,Minimum wage,Real minimum wage (July 2026$),month,2003,NA,3,national,United States,0,,Overall,8.827205199628597
2026.8.14,Minimum wage,Real minimum wage (July 2026$),month,2003,NA,4,national,United States,0,,Overall,8.860111835973905
2026.8.14,Minimum wage,Real minimum wage (July 2026$),month,2003,NA,5,national,United States,0,,Overall,8.876657329598507
2026.8.14,Minimum wage,Real minimum wage (July 2026$),month,2003,NA,6,national,United States,0,,Overall,8.868376865671642
2026.8.14,Minimum wage,Real minimum wage (July 2026$),month,2003,NA,7,national,United States,0,,Overall,8.835408921933087
2026.8.14,Minimum wage,Real minimum wage (July 2026$),month,2003,NA,8,national,United States,0,,Overall,8.794542090656801
2026.8.14,Minimum wage,Real minimum wage (July 2026$),month,2003,NA,9,national,United States,0,,Overall,8.77020295202952
2026.8.14,Minimum wage,Real minimum wage (July 2026$),month,2003,NA,10,national,United States,0,,Overall,8.778301015697139
2026.8.14,Minimum wage,Real minimum wage (July 2026$),month,2003,NA,11,national,United States,0,,Overall,8.778301015697139
2026.8.14,Minimum wage,Real minimum wage (July 2026$),month,2003,NA,12,national,United States,0,,Overall,8.762119815668203
2026.8.14,Minimum wage,Real minimum wage (July 2026$),month,2004,NA,1,national,United States,0,,Overall,8.713932172318975
2026.8.14,Minimum wage,Real minimum wage (July 2026$),month,2004,NA,2,national,United States,0,,Overall,8.690036563071297
2026.8.14,Minimum wage,Real minimum wage (July 2026$),month,2004,NA,3,national,United States,0,,Overall,8.682100456621004
2026.8.14,Minimum wage,Real minimum wage (July 2026$),month,2004,NA,4,national,United States,0,,Overall,8.67417883211679
2026.8.14,Minimum wage,Real minimum wage (July 2026$),month,2004,NA,5,national,United States,0,,Overall,8.634786557674841
2026.8.14,Minimum wage,Real minimum wage (July 2026$),month,2004,NA,6,national,United States,0,,Overall,8.619129646418859
2026.8.14,Minimum wage,Real minimum wage (July 2026$),month,2004,NA,7,national,United States,0,,Overall,8.603529411764706
2026.8.14,Minimum wage,Real minimum wage (July 2026$),month,2004,NA,8,national,United States,0,,Overall,8.603529411764706
2026.8.14,Minimum wage,Real minimum wage (July 2026$),month,2004,NA,9,national,United States,0,,Overall,8.572497745716863
2026.8.14,Minimum wage,Real minimum wage (July 2026$),month,2004,NA,10,national,United States,0,,Overall,8.526367713004484
2026.8.14,Minimum wage,Real minimum wage (July 2026$),month,2004,NA,11,national,United States,0,,Overall,8.488303571428572
2026.8.14,Minimum wage,Real minimum wage (July 2026$),month,2004,NA,12,national,United States,0,,Overall,8.488303571428572
2026.8.14,Minimum wage,Real minimum wage (July 2026$),month,2005,NA,1,national,United States,0,,Overall,8.503488372093024
2026.8.14,Minimum wage,Real minimum wage (July 2026$),month,2005,NA,2,national,United States,0,,Overall,8.465627782724845
2026.8.14,Minimum wage,Real minimum wage (July 2026$),month,2005,NA,3,national,United States,0,,Overall,8.450577777777779
2026.8.14,Minimum wage,Real minimum wage (July 2026$),month,2005,NA,4,national,United States,0,,Overall,8.420637732506643
2026.8.14,Minimum wage,Real minimum wage (July 2026$),month,2005,NA,5,national,United States,0,,Overall,8.428102836879434
2026.8.14,Minimum wage,Real minimum wage (July 2026$),month,2005,NA,6,national,United States,0,,Overall,8.435581188997338
2026.8.14,Minimum wage,Real minimum wage (July 2026$),month,2005,NA,7,national,United States,0,,Overall,8.383509700176367
2026.8.14,Minimum wage,Real minimum wage (July 2026$),month,2005,NA,8,national,United States,0,,Overall,8.33207712532866
2026.8.14,Minimum wage,Real minimum wage (July 2026$),month,2005,NA,9,national,United States,0,,Overall,8.223961937716265
2026.8.14,Minimum wage,Real minimum wage (July 2026$),month,2005,NA,10,national,United States,0,,Overall,8.223961937716265
2026.8.14,Minimum wage,Real minimum wage (July 2026$),month,2005,NA,11,national,United States,0,,Overall,8.252517361111112
2026.8.14,Minimum wage,Real minimum wage (July 2026$),month,2005,NA,12,national,United States,0,,Overall,8.252517361111112
2026.8.14,Minimum wage,Real minimum wage (July 2026$),month,2006,NA,1,national,United States,0,,Overall,8.209758203799655
2026.8.14,Minimum wage,Real minimum wage (July 2026$),month,2006,NA,2,national,United States,0,,Overall,8.209758203799655
2026.8.14,Minimum wage,Real minimum wage (July 2026$),month,2006,NA,3,national,United States,0,,Overall,8.20267471958585
2026.8.14,Minimum wage,Real minimum wage (July 2026$),month,2006,NA,4,national,United States,0,,Overall,8.167439862542956
2026.8.14,Minimum wage,Real minimum wage (July 2026$),month,2006,NA,5,national,United States,0,,Overall,8.139469178082193
2026.8.14,Minimum wage,Real minimum wage (July 2026$),month,2006,NA,6,national,United States,0,,Overall,8.118616567036721
2026.8.14,Minimum wage,Real minimum wage (July 2026$),month,2006,NA,7,national,United States,0,,Overall,8.07037351443124
2026.8.14,Minimum wage,Real minimum wage (July 2026$),month,2006,NA,8,national,United States,0,,Overall,8.043062605752962
2026.8.14,Minimum wage,Real minimum wage (July 2026$),month,2006,NA,9,national,United States,0,,Overall,8.077230246389124
2026.8.14,Minimum wage,Real minimum wage (July 2026$),month,2006,NA,10,national,United States,0,,Overall,8.111689419795223
2026.8.14,Minimum wage,Real minimum wage (July 2026$),month,2006,NA,11,national,United States,0,,Overall,8.111689419795223
2026.8.14,Minimum wage,Real minimum wage (July 2026$),month,2006,NA,12,national,United States,0,,Overall,8.07037351443124
2026.8.14,Minimum wage,Real minimum wage (July 2026$),month,2007,NA,1,national,United States,0,,Overall,8.063528413910094
2026.8.14,Minimum wage,Real minimum wage (July 2026$),month,2007,NA,2,national,United States,0,,Overall,8.036263736263736
2026.8.14,Minimum wage,Real minimum wage (July 2026$),month,2007,NA,3,national,United States,0,,Overall,7.995710681244743
2026.8.14,Minimum wage,Real minimum wage (July 2026$),month,2007,NA,4,national,United States,0,,Overall,7.975587248322148
2026.8.14,Minimum wage,Real minimum wage (July 2026$),month,2007,NA,5,national,United States,0,,Overall,7.948913043478262
2026.8.14,Minimum wage,Real minimum wage (July 2026$),month,2007,NA,6,national,United States,0,,Overall,7.935642737896495
2026.8.14,Minimum wage,Real minimum wage (July 2026$),month,2007,NA,7,national,United States,0,,Overall,8.999249999999998
2026.8.14,Minimum wage,Real minimum wage (July 2026$),month,2007,NA,8,national,United States,0,,Overall,8.984276206322795
2026.8.14,Minimum wage,Real minimum wage (July 2026$),month,2007,NA,9,national,United States,0,,Overall,8.954477611940298
2026.8.14,Minimum wage,Real minimum wage (July 2026$),month,2007,NA,10,national,United States,0,,Overall,8.92487603305785
2026.8.14,Minimum wage,Real minimum wage (July 2026$),month,2007,NA,11,national,United States,0,,Overall,8.85898277276456
2026.8.14,Minimum wage,Real minimum wage (July 2026$),month,2007,NA,12,national,United States,0,,Overall,8.844471744471743
2026.8.14,Minimum wage,Real minimum wage (July 2026$),month,2008,NA,1,national,United States,0,,Overall,8.815591836734693
2026.8.14,Minimum wage,Real minimum wage (July 2026$),month,2008,NA,2,national,United States,0,,Overall,8.794055374592833
2026.8.14,Minimum wage,Real minimum wage (July 2026$),month,2008,NA,3,national,United States,0,,Overall,8.75839416058394
2026.8.14,Minimum wage,Real minimum wage (July 2026$),month,2008,NA,4,national,United States,0,,Overall,8.737135922330097
2026.8.14,Minimum wage,Real minimum wage (July 2026$),month,2008,NA,5,national,United States,0,,Overall,8.68094855305466
2026.8.14,Minimum wage,Real minimum wage (July 2026$),month,2008,NA,6,national,United States,0,,Overall,8.604860557768923
2026.8.14,Minimum wage,Real minimum wage (July 2026$),month,2008,NA,7,national,United States,0,,Overall,9.565901898734175
2026.8.14,Minimum wage,Real minimum wage (July 2026$),month,2008,NA,8,national,United States,0,,Overall,9.565901898734175
2026.8.14,Minimum wage,Real minimum wage (July 2026$),month,2008,NA,9,national,United States,0,,Overall,9.543251775848459
2026.8.14,Minimum wage,Real minimum wage (July 2026$),month,2008,NA,10,national,United States,0,,Overall,9.619172633253777
2026.8.14,Minimum wage,Real minimum wage (July 2026$),month,2008,NA,11,national,United States,0,,Overall,9.798460291734196
2026.8.14,Minimum wage,Real minimum wage (July 2026$),month,2008,NA,12,national,United States,0,,Overall,9.886590351594439
2026.8.14,Minimum wage,Real minimum wage (July 2026$),month,2009,NA,1,national,United States,0,,Overall,9.862398042414355
2026.8.14,Minimum wage,Real minimum wage (July 2026$),month,2009,NA,2,national,United States,0,,Overall,9.838323840520747
2026.8.14,Minimum wage,Real minimum wage (July 2026$),month,2009,NA,3,national,United States,0,,Overall,9.854360228198857
2026.8.14,Minimum wage,Real minimum wage (July 2026$),month,2009,NA,4,national,United States,0,,Overall,9.846335504885992
2026.8.14,Minimum wage,Real minimum wage (July 2026$),month,2009,NA,5,national,United States,0,,Overall,9.838323840520747
2026.8.14,Minimum wage,Real minimum wage (July 2026$),month,2009,NA,6,national,United States,0,,Overall,9.751048387096773
2026.8.14,Minimum wage,Real minimum wage (July 2026$),month,2009,NA,7,national,United States,0,,Overall,10.801856335754639
2026.8.14,Minimum wage,Real minimum wage (July 2026$),month,2009,NA,8,national,United States,0,,Overall,10.758440514469452
2026.8.14,Minimum wage,Real minimum wage (July 2026$),month,2009,NA,9,national,United States,0,,Overall,10.741171749598715
2026.8.14,Minimum wage,Real minimum wage (July 2026$),month,2009,NA,10,national,United States,0,,Overall,10.7068
2026.8.14,Minimum wage,Real minimum wage (July 2026$),month,2009,NA,11,national,United States,0,,Overall,10.681165203511572
2026.8.14,Minimum wage,Real minimum wage (July 2026$),month,2009,NA,12,national,United States,0,,Overall,10.681165203511572
2026.8.14,Minimum wage,Real minimum wage (July 2026$),month,2010,NA,1,national,United States,0,,Overall,10.66414342629482
2026.8.14,Minimum wage,Real minimum wage (July 2026$),month,2010,NA,2,national,United States,0,,Overall,10.681165203511572
2026.8.14,Minimum wage,Real minimum wage (July 2026$),month,2010,NA,3,national,United States,0,,Overall,10.689696485623003
2026.8.14,Minimum wage,Real minimum wage (July 2026$),month,2010,NA,4,national,United States,0,,Overall,10.681165203511572
2026.8.14,Minimum wage,Real minimum wage (July 2026$),month,2010,NA,5,national,United States,0,,Overall,10.689696485623003
2026.8.14,Minimum wage,Real minimum wage (July 2026$),month,2010,NA,6,national,United States,0,,Overall,10.6982414068745
2026.8.14,Minimum wage,Real minimum wage (July 2026$),month,2010,NA,7,national,United States,0,,Overall,10.681165203511572
2026.8.14,Minimum wage,Real minimum wage (July 2026$),month,2010,NA,8,national,United States,0,,Overall,10.655652866242038
2026.8.14,Minimum wage,Real minimum wage (July 2026$),month,2010,NA,9,national,United States,0,,Overall,10.64717581543357
2026.8.14,Minimum wage,Real minimum wage (July 2026$),month,2010,NA,10,national,United States,0,,Overall,10.60499207606973
2026.8.14,Minimum wage,Real minimum wage (July 2026$),month,2010,NA,11,national,United States,0,,Overall,10.588212025316455
2026.8.14,Minimum wage,Real minimum wage (July 2026$),month,2010,NA,12,national,United States,0,,Overall,10.55481072555205
2026.8.14,Minimum wage,Real minimum wage (July 2026$),month,2011,NA,1,national,United States,0,,Overall,10.505102040816325
2026.8.14,Minimum wage,Real minimum wage (July 2026$),month,2011,NA,2,national,United States,0,,Overall,10.480422866092404
2026.8.14,Minimum wage,Real minimum wage (July 2026$),month,2011,NA,3,national,United States,0,,Overall,10.423286604361369
2026.8.14,Minimum wage,Real minimum wage (July 2026$),month,2011,NA,4,national,United States,0,,Overall,10.374806201550387
2026.8.14,Minimum wage,Real minimum wage (July 2026$),month,2011,NA,5,national,United States,0,,Overall,10.3507347254447
2026.8.14,Minimum wage,Real minimum wage (July 2026$),month,2011,NA,6,national,United States,0,,Overall,10.3507347254447
2026.8.14,Minimum wage,Real minimum wage (July 2026$),month,2011,NA,7,national,United States,0,,Overall,10.31881264456438
2026.8.14,Minimum wage,Real minimum wage (July 2026$),month,2011,NA,8,national,United States,0,,Overall,10.28708685626441
2026.8.14,Minimum wage,Real minimum wage (July 2026$),month,2011,NA,9,national,United States,0,,Overall,10.263420245398772
2026.8.14,Minimum wage,Real minimum wage (July 2026$),month,2011,NA,10,national,United States,0,,Overall,10.24770290964778
2026.8.14,Minimum wage,Real minimum wage (July 2026$),month,2011,NA,11,national,United States,0,,Overall,10.239862280030605
2026.8.14,Minimum wage,Real minimum wage (July 2026$),month,2011,NA,12,national,United States,0,,Overall,10.239862280030605
2026.8.14,Minimum wage,Real minimum wage (July 2026$),month,2012,NA,1,national,United States,0,,Overall,10.208619374523265
2026.8.14,Minimum wage,Real minimum wage (July 2026$),month,2012,NA,2,national,United States,0,,Overall,10.185312024353118
2026.8.14,Minimum wage,Real minimum wage (July 2026$),month,2012,NA,3,national,United States,0,,Overall,10.16983282674772
2026.8.14,Minimum wage,Real minimum wage (July 2026$),month,2012,NA,4,national,United States,0,,Overall,10.154400606980271
2026.8.14,Minimum wage,Real minimum wage (July 2026$),month,2012,NA,5,national,United States,0,,Overall,10.16983282674772
2026.8.14,Minimum wage,Real minimum wage (July 2026$),month,2012,NA,6,national,United States,0,,Overall,10.177566539923953
2026.8.14,Minimum wage,Real minimum wage (July 2026$),month,2012,NA,7,national,United States,0,,Overall,10.185312024353118
2026.8.14,Minimum wage,Real minimum wage (July 2026$),month,2012,NA,8,national,United States,0,,Overall,10.131339894019682
2026.8.14,Minimum wage,Real minimum wage (July 2026$),month,2012,NA,9,national,United States,0,,Overall,10.07793674698795
2026.8.14,Minimum wage,Real minimum wage (July 2026$),month,2012,NA,10,national,United States,0,,Overall,10.055221637866266
2026.8.14,Minimum wage,Real minimum wage (July 2026$),month,2012,NA,11,national,United States,0,,Overall,10.07793674698795
2026.8.14,Minimum wage,Real minimum wage (July 2026$),month,2012,NA,12,national,United States,0,,Overall,10.08553127354936
2026.8.14,Minimum wage,Real minimum wage (July 2026$),month,2013,NA,1,national,United States,0,,Overall,10.07035364936042
2026.8.14,Minimum wage,Real minimum wage (July 2026$),month,2013,NA,2,national,United States,0,,Overall,10.017589820359282
2026.8.14,Minimum wage,Real minimum wage (July 2026$),month,2013,NA,3,national,United States,0,,Overall,10.040135033758437
2026.8.14,Minimum wage,Real minimum wage (July 2026$),month,2013,NA,4,national,United States,0,,Overall,10.062781954887217
2026.8.14,Minimum wage,Real minimum wage (July 2026$),month,2013,NA,5,national,United States,0,,Overall,10.062781954887217
2026.8.14,Minimum wage,Real minimum wage (July 2026$),month,2013,NA,6,national,United States,0,,Overall,10.040135033758437
2026.8.14,Minimum wage,Real minimum wage (July 2026$),month,2013,NA,7,national,United States,0,,Overall,10.0250936329588
2026.8.14,Minimum wage,Real minimum wage (July 2026$),month,2013,NA,8,national,United States,0,,Overall,9.99514563106796
2026.8.14,Minimum wage,Real minimum wage (July 2026$),month,2013,NA,9,national,United States,0,,Overall,9.987686567164179
2026.8.14,Minimum wage,Real minimum wage (July 2026$),month,2013,NA,10,national,United States,0,,Overall,9.987686567164179
2026.8.14,Minimum wage,Real minimum wage (July 2026$),month,2013,NA,11,national,United States,0,,Overall,9.972801788375559
2026.8.14,Minimum wage,Real minimum wage (July 2026$),month,2013,NA,12,national,United States,0,,Overall,9.950557620817843
2026.8.14,Minimum wage,Real minimum wage (July 2026$),month,2014,NA,1,national,United States,0,,Overall,9.92841246290801
2026.8.14,Minimum wage,Real minimum wage (July 2026$),month,2014,NA,2,national,United States,0,,Overall,9.921052631578947
2026.8.14,Minimum wage,Real minimum wage (July 2026$),month,2014,NA,3,national,United States,0,,Overall,9.899038461538462
2026.8.14,Minimum wage,Real minimum wage (July 2026$),month,2014,NA,4,national,United States,0,,Overall,9.87712177121771
2026.8.14,Minimum wage,Real minimum wage (July 2026$),month,2014,NA,5,national,United States,0,,Overall,9.869837758112094
2026.8.14,Minimum wage,Real minimum wage (July 2026$),month,2014,NA,6,national,United States,0,,Overall,9.855301914580263
2026.8.14,Minimum wage,Real minimum wage (July 2026$),month,2014,NA,7,national,United States,0,,Overall,9.8408088235294109
2026.8.14,Minimum wage,Real minimum wage (July 2026$),month,2014,NA,8,national,United States,0,,Overall,9.848050036791758
2026.8.14,Minimum wage,Real minimum wage (July 2026$),month,2014,NA,9,national,United States,0,,Overall,9.848050036791758
2026.8.14,Minimum wage,Real minimum wage (July 2026$),month,2014,NA,10,national,United States,0,,Overall,9.848050036791758
2026.8.14,Minimum wage,Real minimum wage (July 2026$),month,2014,NA,11,national,United States,0,,Overall,9.869837758112094
2026.8.14,Minimum wage,Real minimum wage (July 2026$),month,2014,NA,12,national,United States,0,,Overall,9.913703703703703
2026.8.14,Minimum wage,Real minimum wage (July 2026$),month,2015,NA,1,national,United States,0,,Overall,9.980238627889634
2026.8.14,Minimum wage,Real minimum wage (July 2026$),month,2015,NA,2,national,United States,0,,Overall,9.950557620817843
2026.8.14,Minimum wage,Real minimum wage (July 2026$),month,2015,NA,3,national,United States,0,,Overall,9.921052631578947
2026.8.14,Minimum wage,Real minimum wage (July 2026$),month,2015,NA,4,national,United States,0,,Overall,9.913703703703703
2026.8.14,Minimum wage,Real minimum wage (July 2026$),month,2015,NA,5,national,United States,0,,Overall,9.87712177121771
2026.8.14,Minimum wage,Real minimum wage (July 2026$),month,2015,NA,6,national,United States,0,,Overall,9.855301914580263
2026.8.14,Minimum wage,Real minimum wage (July 2026$),month,2015,NA,7,national,United States,0,,Overall,9.8408088235294109
2026.8.14,Minimum wage,Real minimum wage (July 2026$),month,2015,NA,8,national,United States,0,,Overall,9.848050036791758
2026.8.14,Minimum wage,Real minimum wage (July 2026$),month,2015,NA,9,national,United States,0,,Overall,9.87712177121771
2026.8.14,Minimum wage,Real minimum wage (July 2026$),month,2015,NA,10,national,United States,0,,Overall,9.869837758112094
2026.8.14,Minimum wage,Real minimum wage (July 2026$),month,2015,NA,11,national,United States,0,,Overall,9.855301914580263
2026.8.14,Minimum wage,Real minimum wage (July 2026$),month,2015,NA,12,national,United States,0,,Overall,9.87712177121771
2026.8.14,Minimum wage,Real minimum wage (July 2026$),month,2016,NA,1,national,United States,0,,Overall,9.884416543574593
2026.8.14,Minimum wage,Real minimum wage (July 2026$),month,2016,NA,2,national,United States,0,,Overall,9.906365655070317
2026.8.14,Minimum wage,Real minimum wage (July 2026$),month,2016,NA,3,national,United States,0,,Overall,9.86256448047163
2026.8.14,Minimum wage,Real minimum wage (July 2026$),month,2016,NA,4,national,United States,0,,Overall,9.83357825128582
2026.8.14,Minimum wage,Real minimum wage (July 2026$),month,2016,NA,5,national,United States,0,,Overall,9.804761904761904
2026.8.14,Minimum wage,Real minimum wage (July 2026$),month,2016,NA,6,national,United States,0,,Overall,9.783260233918128
2026.8.14,Minimum wage,Real minimum wage (July 2026$),month,2016,NA,7,national,United States,0,,Overall,9.790416971470373
2026.8.14,Minimum wage,Real minimum wage (July 2026$),month,2016,NA,8,national,United States,0,,Overall,9.783260233918128
2026.8.14,Minimum wage,Real minimum wage (July 2026$),month,2016,NA,9,national,United States,0,,Overall,9.754737609329446
2026.8.14,Minimum wage,Real minimum wage (July 2026$),month,2016,NA,10,national,United States,0,,Overall,9.733454545454546
2026.8.14,Minimum wage,Real minimum wage (July 2026$),month,2016,NA,11,national,United States,0,,Overall,9.719317356572258
2026.8.14,Minimum wage,Real minimum wage (July 2026$),month,2016,NA,12,national,United States,0,,Overall,9.70522117476432
2026.8.14,Minimum wage,Real minimum wage (July 2026$),month,2017,NA,1,national,United States,0,,Overall,9.670158959537572
2026.8.14,Minimum wage,Real minimum wage (July 2026$),month,2017,NA,2,national,United States,0,,Overall,9.656204906204906
2026.8.14,Minimum wage,Real minimum wage (July 2026$),month,2017,NA,3,national,United States,0,,Overall,9.656204906204906
2026.8.14,Minimum wage,Real minimum wage (July 2026$),month,2017,NA,4,national,United States,0,,Overall,9.656204906204906
2026.8.14,Minimum wage,Real minimum wage (July 2026$),month,2017,NA,5,national,United States,0,,Overall,9.663176895306858
2026.8.14,Minimum wage,Real minimum wage (July 2026$),month,2017,NA,6,national,United States,0,,Overall,9.656204906204906
2026.8.14,Minimum wage,Real minimum wage (July 2026$),month,2017,NA,7,national,United States,0,,Overall,9.663176895306858
2026.8.14,Minimum wage,Real minimum wage (July 2026$),month,2017,NA,8,national,United States,0,,Overall,9.635349172066233
2026.8.14,Minimum wage,Real minimum wage (July 2026$),month,2017,NA,9,national,United States,0,,Overall,9.58017179670723
2026.8.14,Minimum wage,Real minimum wage (July 2026$),month,2017,NA,10,national,United States,0,,Overall,9.573319027181686
2026.8.14,Minimum wage,Real minimum wage (July 2026$),month,2017,NA,11,national,United States,0,,Overall,9.559642857142856
2026.8.14,Minimum wage,Real minimum wage (July 2026$),month,2017,NA,12,national,United States,0,,Overall,9.546005706134094
2026.8.14,Minimum wage,Real minimum wage (July 2026$),month,2018,NA,1,national,United States,0,,Overall,9.505326704545453
2026.8.14,Minimum wage,Real minimum wage (July 2026$),month,2018,NA,2,national,United States,0,,Overall,9.485116938341601
2026.8.14,Minimum wage,Real minimum wage (July 2026$),month,2018,NA,3,national,United States,0,,Overall,9.485116938341601
2026.8.14,Minimum wage,Real minimum wage (July 2026$),month,2018,NA,4,national,United States,0,,Overall,9.458303886925794
2026.8.14,Minimum wage,Real minimum wage (July 2026$),month,2018,NA,5,national,United States,0,,Overall,9.444954128440367
2026.8.14,Minimum wage,Real minimum wage (July 2026$),month,2018,NA,6,national,United States,0,,Overall,9.438293370944992
2026.8.14,Minimum wage,Real minimum wage (July 2026$),month,2018,NA,7,national,United States,0,,Overall,9.431642001409442
2026.8.14,Minimum wage,Real minimum wage (July 2026$),month,2018,NA,8,national,United States,0,,Overall,9.424999999999999
2026.8.14,Minimum wage,Real minimum wage (July 2026$),month,2018,NA,9,national,United States,0,,Overall,9.398525280898875
2026.8.14,Minimum wage,Real minimum wage (July 2026$),month,2018,NA,10,national,United States,0,,Overall,9.385343618513323
2026.8.14,Minimum wage,Real minimum wage (July 2026$),month,2018,NA,11,national,United States,0,,Overall,9.391929824561403
2026.8.14,Minimum wage,Real minimum wage (July 2026$),month,2018,NA,12,national,United States,0,,Overall,9.385343618513323
2026.8.14,Minimum wage,Real minimum wage (July 2026$),month,2019,NA,1,national,United States,0,,Overall,9.391929824561403
2026.8.14,Minimum wage,Real minimum wage (July 2026$),month,2019,NA,2,national,United States,0,,Overall,9.365640307907627
2026.8.14,Minimum wage,Real minimum wage (July 2026$),month,2019,NA,3,national,United States,0,,Overall,9.339497557571526
2026.8.14,Minimum wage,Real minimum wage (July 2026$),month,2019,NA,4,national,United States,0,,Overall,9.313500347947112
2026.8.14,Minimum wage,Real minimum wage (July 2026$),month,2019,NA,5,national,United States,0,,Overall,9.307023643949929
2026.8.14,Minimum wage,Real minimum wage (July 2026$),month,2019,NA,6,national,United States,0,,Overall,9.313500347947112
2026.8.14,Minimum wage,Real minimum wage (July 2026$),month,2019,NA,7,national,United States,0,,Overall,9.294097222222222
2026.8.14,Minimum wage,Real minimum wage (July 2026$),month,2019,NA,8,national,United States,0,,Overall,9.28764746703678
2026.8.14,Minimum wage,Real minimum wage (July 2026$),month,2019,NA,9,national,United States,0,,Overall,9.281206657420249
2026.8.14,Minimum wage,Real minimum wage (July 2026$),month,2019,NA,10,national,United States,0,,Overall,9.261937716262976
2026.8.14,Minimum wage,Real minimum wage (July 2026$),month,2019,NA,11,national,United States,0,,Overall,9.236369910282953
2026.8.14,Minimum wage,Real minimum wage (July 2026$),month,2019,NA,12,national,United States,0,,Overall,9.21728650137741
2026.8.14,Minimum wage,Real minimum wage (July 2026$),month,2020,NA,1,national,United States,0,,Overall,9.204607977991746
2026.8.14,Minimum wage,Real minimum wage (July 2026$),month,2020,NA,2,national,United States,0,,Overall,9.19828178694158
2026.8.14,Minimum wage,Real minimum wage (July 2026$),month,2020,NA,3,national,United States,0,,Overall,9.236369910282953
2026.8.14,Minimum wage,Real minimum wage (July 2026$),month,2020,NA,4,national,United States,0,,Overall,9.300555941626127
2026.8.14,Minimum wage,Real minimum wage (July 2026$),month,2020,NA,5,national,United States,0,,Overall,9.313500347947112
2026.8.14,Minimum wage,Real minimum wage (July 2026$),month,2020,NA,6,national,United States,0,,Overall,9.268351800554015
2026.8.14,Minimum wage,Real minimum wage (July 2026$),month,2020,NA,7,national,United States,0,,Overall,9.210942876806605
2026.8.14,Minimum wage,Real minimum wage (July 2026$),month,2020,NA,8,national,United States,0,,Overall,9.166780821917808
2026.8.14,Minimum wage,Real minimum wage (July 2026$),month,2020,NA,9,national,United States,0,,Overall,9.15424076607387
2026.8.14,Minimum wage,Real minimum wage (July 2026$),month,2020,NA,10,national,United States,0,,Overall,9.141734972677595
2026.8.14,Minimum wage,Real minimum wage (July 2026$),month,2020,NA,11,national,United States,0,,Overall,9.129263301500682
2026.8.14,Minimum wage,Real minimum wage (July 2026$),month,2020,NA,12,national,United States,0,,Overall,9.085879158180582
2026.8.14,Minimum wage,Real minimum wage (July 2026$),month,2021,NA,1,national,United States,0,,Overall,9.061272850372376
2026.8.14,Minimum wage,Real minimum wage (July 2026$),month,2021,NA,2,national,United States,0,,Overall,9.036799459824442
2026.8.14,Minimum wage,Real minimum wage (July 2026$),month,2021,NA,3,national,United States,0,,Overall,9.000336247478144
2026.8.14,Minimum wage,Real minimum wage (July 2026$),month,2021,NA,4,national,United States,0,,Overall,8.940213760855043
2026.8.14,Minimum wage,Real minimum wage (July 2026$),month,2021,NA,5,national,United States,0,,Overall,8.892691029900332
2026.8.14,Minimum wage,Real minimum wage (July 2026$),month,2021,NA,6,national,United States,0,,Overall,8.822346736980883
2026.8.14,Minimum wage,Real minimum wage (July 2026$),month,2021,NA,7,national,United States,0,,Overall,8.776065573770492
2026.8.14,Minimum wage,Real minimum wage (July 2026$),month,2021,NA,8,national,United States,0,,Overall,8.75883507853403
2026.8.14,Minimum wage,Real minimum wage (July 2026$),month,2021,NA,9,national,United States,0,,Overall,8.718892508143322
2026.8.14,Minimum wage,Real minimum wage (July 2026$),month,2021,NA,10,national,United States,0,,Overall,8.640090380890896
2026.8.14,Minimum wage,Real minimum wage (July 2026$),month,2021,NA,11,national,United States,0,,Overall,8.579166666666666
2026.8.14,Minimum wage,Real minimum wage (July 2026$),month,2021,NA,12,national,United States,0,,Overall,8.52452229299363
2026.8.14,Minimum wage,Real minimum wage (July 2026$),month,2022,NA,1,national,United States,0,,Overall,8.470569620253164
2026.8.14,Minimum wage,Real minimum wage (July 2026$),month,2022,NA,2,national,United States,0,,Overall,8.417295597484276
2026.8.14,Minimum wage,Real minimum wage (July 2026$),month,2022,NA,3,national,United States,0,,Overall,8.317899316345555
2026.8.14,Minimum wage,Real minimum wage (July 2026$),month,2022,NA,4,national,United States,0,,Overall,8.286996904024766
2026.8.14,Minimum wage,Real minimum wage (July 2026$),month,2022,NA,5,national,United States,0,,Overall,8.210736196319019
2026.8.14,Minimum wage,Real minimum wage (July 2026$),month,2022,NA,6,national,United States,0,,Overall,8.121055825242717
2026.8.14,Minimum wage,Real minimum wage (July 2026$),month,2022,NA,7,national,United States,0,,Overall,8.125986642380084
2026.8.14,Minimum wage,Real minimum wage (July 2026$),month,2022,NA,8,national,United States,0,,Overall,8.121055825242717
2026.8.14,Minimum wage,Real minimum wage (July 2026$),month,2022,NA,9,national,United States,0,,Overall,8.086706948640483
2026.8.14,Minimum wage,Real minimum wage (July 2026$),month,2022,NA,10,national,United States,0,,Overall,8.033313325330132
2026.8.14,Minimum wage,Real minimum wage (July 2026$),month,2022,NA,11,national,United States,0,,Overall,8.009275882704967
2026.8.14,Minimum wage,Real minimum wage (July 2026$),month,2022,NA,12,national,United States,0,,Overall,8.009275882704967
2026.8.14,Minimum wage,Real minimum wage (July 2026$),month,2023,NA,1,national,United States,0,,Overall,7.966369047619047
2026.8.14,Minimum wage,Real minimum wage (July 2026$),month,2023,NA,2,national,United States,0,,Overall,7.947446555819477
2026.8.14,Minimum wage,Real minimum wage (July 2026$),month,2023,NA,3,national,United States,0,,Overall,7.942729970326409
2026.8.14,Minimum wage,Real minimum wage (July 2026$),month,2023,NA,4,national,United States,0,,Overall,7.914547604967475
2026.8.14,Minimum wage,Real minimum wage (July 2026$),month,2023,NA,5,national,United States,0,,Overall,7.900531286894923
2026.8.14,Minimum wage,Real minimum wage (July 2026$),month,2023,NA,6,national,United States,0,,Overall,7.886564525633471
2026.8.14,Minimum wage,Real minimum wage (July 2026$),month,2023,NA,7,national,United States,0,,Overall,7.877280753384343
2026.8.14,Minimum wage,Real minimum wage (July 2026$),month,2023,NA,8,national,United States,0,,Overall,7.844958968347011
2026.8.14,Minimum wage,Real minimum wage (July 2026$),month,2023,NA,9,national,United States,0,,Overall,7.817464953271028
2026.8.14,Minimum wage,Real minimum wage (July 2026$),month,2023,NA,10,national,United States,0,,Overall,7.808343057176195
2026.8.14,Minimum wage,Real minimum wage (July 2026$),month,2023,NA,11,national,United States,0,,Overall,7.803790087463557
2026.8.14,Minimum wage,Real minimum wage (July 2026$),month,2023,NA,12,national,United States,0,,Overall,7.790162980209545
2026.8.14,Minimum wage,Real minimum wage (July 2026$),month,2024,NA,1,national,United States,0,,Overall,7.767556587347649
2026.8.14,Minimum wage,Real minimum wage (July 2026$),month,2024,NA,2,national,United States,0,,Overall,7.7316580011554015
2026.8.14,Minimum wage,Real minimum wage (July 2026$),month,2024,NA,3,national,United States,0,,Overall,7.700517836593785
2026.8.14,Minimum wage,Real minimum wage (July 2026$),month,2024,NA,4,national,United States,0,,Overall,7.687248707639288
2026.8.14,Minimum wage,Real minimum wage (July 2026$),month,2024,NA,5,national,United States,0,,Overall,7.682835820895522
2026.8.14,Minimum wage,Real minimum wage (July 2026$),month,2024,NA,6,national,United States,0,,Overall,7.687248707639288
2026.8.14,Minimum wage,Real minimum wage (July 2026$),month,2024,NA,7,national,United States,0,,Overall,7.678427997705105
2026.8.14,Minimum wage,Real minimum wage (July 2026$),month,2024,NA,8,national,United States,0,,Overall,7.674025229357797
2026.8.14,Minimum wage,Real minimum wage (July 2026$),month,2024,NA,9,national,United States,0,,Overall,7.656464530892447
2026.8.14,Minimum wage,Real minimum wage (July 2026$),month,2024,NA,10,national,United States,0,,Overall,7.634626354820307
2026.8.14,Minimum wage,Real minimum wage (July 2026$),month,2024,NA,11,national,United States,0,,Overall,7.612912400455062
2026.8.14,Minimum wage,Real minimum wage (July 2026$),month,2024,NA,12,national,United States,0,,Overall,7.591321610890526
2026.8.14,Minimum wage,Real minimum wage (July 2026$),month,2025,NA,1,national,United States,0,,Overall,7.557029926595144
2026.8.14,Minimum wage,Real minimum wage (July 2026$),month,2025,NA,2,national,United States,0,,Overall,7.544250281848928
2026.8.14,Minimum wage,Real minimum wage (July 2026$),month,2025,NA,3,national,United States,0,,Overall,7.539999999999999
2026.8.14,Minimum wage,Real minimum wage (July 2026$),month,2025,NA,4,national,United States,0,,Overall,7.527277840269965
2026.8.14,Minimum wage,Real minimum wage (July 2026$),month,2025,NA,5,national,United States,0,,Overall,7.523046655424395
2026.8.14,Minimum wage,Real minimum wage (July 2026$),month,2025,NA,6,national,United States,0,,Overall,7.501961883408071
2026.8.14,Minimum wage,Real minimum wage (July 2026$),month,2025,NA,7,national,United States,0,,Overall,7.485178970917225
2026.8.14,Minimum wage,Real minimum wage (July 2026$),month,2025,NA,8,national,United States,0,,Overall,7.4601449275362315
2026.8.14,Minimum wage,Real minimum wage (July 2026$),month,2025,NA,9,national,United States,0,,Overall,7.431149361465852
2026.8.14,Minimum wage,Real minimum wage (July 2026$),month,2025,NA,10,national,United States,0,,Overall,7.422906267332223
2026.8.14,Minimum wage,Real minimum wage (July 2026$),month,2025,NA,11,national,United States,0,,Overall,7.418791574279378
2026.8.14,Minimum wage,Real minimum wage (July 2026$),month,2025,NA,12,national,United States,0,,Overall,7.39828634604754
2026.8.14,Minimum wage,Real minimum wage (July 2026$),month,2026,NA,1,national,United States,0,,Overall,7.390115958034235
2026.8.14,Minimum wage,Real minimum wage (July 2026$),month,2026,NA,2,national,United States,0,,Overall,7.365712713263622
2026.8.14,Minimum wage,Real minimum wage (July 2026$),month,2026,NA,3,national,United States,0,,Overall,7.305403930131004
2026.8.14,Minimum wage,Real minimum wage (July 2026$),month,2026,NA,4,national,United States,0,,Overall,7.257863340563991
2026.8.14,Minimum wage,Real minimum wage (July 2026$),month,2026,NA,5,national,United States,0,,Overall,7.226511879049676
2026.8.14,Minimum wage,Real minimum wage (July 2026$),month,2026,NA,6,national,United States,0,,Overall,7.257863340563991
2026.8.14,Minimum wage,Real minimum wage (July 2026$),month,2026,NA,7,national,United States,0,,Overall,7.25
2026.8.14,Minimum wage,Real minimum wage (2025$),year,1938,NA,NA,national,United States,0,,Overall,4.653645833333333
2026.8.14,Minimum wage,Real minimum wage (2025$),year,1939,NA,NA,national,United States,0,,Overall,5.6431578947368415
2026.8.14,Minimum wage,Real minimum wage (2025$),year,1940,NA,NA,national,United States,0,,Overall,5.6431578947368415
2026.8.14,Minimum wage,Real minimum wage (2025$),year,1941,NA,NA,national,United States,0,,Overall,5.360999999999999
2026.8.14,Minimum wage,Real minimum wage (2025$),year,1942,NA,NA,national,United States,0,,Overall,4.8297297297297295
2026.8.14,Minimum wage,Real minimum wage (2025$),year,1943,NA,NA,national,United States,0,,Overall,4.54322033898305
2026.8.14,Minimum wage,Real minimum wage (2025$),year,1944,NA,NA,national,United States,0,,Overall,4.467499999999999
2026.8.14,Minimum wage,Real minimum wage (2025$),year,1945,NA,NA,national,United States,0,,Overall,5.811382113821138
2026.8.14,Minimum wage,Real minimum wage (2025$),year,1946,NA,NA,national,United States,0,,Overall,5.374436090225564
2026.8.14,Minimum wage,Real minimum wage (2025$),year,1947,NA,NA,national,United States,0,,Overall,4.7026315789473685
2026.8.14,Minimum wage,Real minimum wage (2025$),year,1948,NA,NA,national,United States,0,,Overall,4.385276073619632
2026.8.14,Minimum wage,Real minimum wage (2025$),year,1949,NA,NA,national,United States,0,,Overall,4.412345679012346
2026.8.14,Minimum wage,Real minimum wage (2025$),year,1950,NA,NA,national,United States,0,,Overall,8.172256097560975
2026.8.14,Minimum wage,Real minimum wage (2025$),year,1951,NA,NA,national,United States,0,,Overall,7.572033898305084
2026.8.14,Minimum wage,Real minimum wage (2025$),year,1952,NA,NA,national,United States,0,,Overall,7.404696132596683
2026.8.14,Minimum wage,Real minimum wage (2025$),year,1953,NA,NA,national,United States,0,,Overall,7.364010989010988
2026.8.14,Minimum wage,Real minimum wage (2025$),year,1954,NA,NA,national,United States,0,,Overall,7.364010989010988
2026.8.14,Minimum wage,Real minimum wage (2025$),year,1955,NA,NA,national,United States,0,,Overall,7.364010989010988
2026.8.14,Minimum wage,Real minimum wage (2025$),year,1956,NA,NA,national,United States,0,,Overall,9.659459459459459
2026.8.14,Minimum wage,Real minimum wage (2025$),year,1957,NA,NA,national,United States,0,,Overall,9.356020942408376
2026.8.14,Minimum wage,Real minimum wage (2025$),year,1958,NA,NA,national,United States,0,,Overall,9.071065989847716
2026.8.14,Minimum wage,Real minimum wage (2025$),year,1959,NA,NA,national,United States,0,,Overall,9.025252525252524
2026.8.14,Minimum wage,Real minimum wage (2025$),year,1960,NA,NA,national,United States,0,,Overall,8.846534653465346
2026.8.14,Minimum wage,Real minimum wage (2025$),year,1961,NA,NA,national,United States,0,,Overall,10.07377450980392
2026.8.14,Minimum wage,Real minimum wage (2025$),year,1962,NA,NA,national,United States,0,,Overall,9.975970873786405
2026.8.14,Minimum wage,Real minimum wage (2025$),year,1963,NA,NA,national,United States,0,,Overall,10.739182692307692
2026.8.14,Minimum wage,Real minimum wage (2025$),year,1964,NA,NA,national,United States,0,,Overall,10.58649289099526
2026.8.14,Minimum wage,Real minimum wage (2025$),year,1965,NA,NA,national,United States,0,,Overall,10.438084112149534
2026.8.14,Minimum wage,Real minimum wage (2025$),year,1966,NA,NA,national,United States,0,,Overall,10.107466063348415
2026.8.14,Minimum wage,Real minimum wage (2025$),year,1967,NA,NA,national,United States,0,,Overall,11.021145374449338
2026.8.14,Minimum wage,Real minimum wage (2025$),year,1968,NA,NA,national,United States,0,,Overall,12.115254237288136
2026.8.14,Minimum wage,Real minimum wage (2025$),year,1969,NA,NA,national,United States,0,,Overall,11.622764227642277
2026.8.14,Minimum wage,Real minimum wage (2025$),year,1970,NA,NA,national,United States,0,,Overall,11.082170542635659
2026.8.14,Minimum wage,Real minimum wage (2025$),year,1971,NA,NA,national,United States,0,,Overall,10.628996282527883
2026.8.14,Minimum wage,Real minimum wage (2025$),year,1972,NA,NA,national,United States,0,,Overall,10.32202166064982
2026.8.14,Minimum wage,Real minimum wage (2025$),year,1973,NA,NA,national,United States,0,,Overall,9.692203389830508
2026.8.14,Minimum wage,Real minimum wage (2025$),year,1974,NA,NA,national,United States,0,,Overall,11.030864197530864
2026.8.14,Minimum wage,Real minimum wage (2025$),year,1975,NA,NA,national,United States,0,,Overall,10.69145299145299
2026.8.14,Minimum wage,Real minimum wage (2025$),year,1976,NA,NA,national,United States,0,,Overall,11.078436657681939
2026.8.14,Minimum wage,Real minimum wage (2025$),year,1977,NA,NA,national,United States,0,,Overall,10.405316455696202
2026.8.14,Minimum wage,Real minimum wage (2025$),year,1978,NA,NA,national,United States,0,,Overall,11.221682464454974
2026.8.14,Minimum wage,Real minimum wage (2025$),year,1979,NA,NA,national,United States,0,,Overall,11.217099567099565
2026.8.14,Minimum wage,Real minimum wage (2025$),year,1980,NA,NA,national,United States,0,,Overall,10.798635477582847
2026.8.14,Minimum wage,Real minimum wage (2025$),year,1981,NA,NA,national,United States,0,,Overall,10.652046263345195
2026.8.14,Minimum wage,Real minimum wage (2025$),year,1982,NA,NA,national,United States,0,,Overall,10.044379194630872
2026.8.14,Minimum wage,Real minimum wage (2025$),year,1983,NA,NA,national,United States,0,,Overall,9.640016103059581
2026.8.14,Minimum wage,Real minimum wage (2025$),year,1984,NA,NA,national,United States,0,,Overall,9.252627511591962
2026.8.14,Minimum wage,Real minimum wage (2025$),year,1985,NA,NA,national,United States,0,,Overall,8.948355754857996
2026.8.14,Minimum wage,Real minimum wage (2025$),year,1986,NA,NA,national,United States,0,,Overall,8.80360294117647
2026.8.14,Minimum wage,Real minimum wage (2025$),year,1987,NA,NA,national,United States,0,,Overall,8.515576102418208
2026.8.14,Minimum wage,Real minimum wage (2025$),year,1988,NA,NA,national,United States,0,,Overall,8.211865569272975
2026.8.14,Minimum wage,Real minimum wage (2025$),year,1989,NA,NA,national,United States,0,,Overall,7.866557161629435
2026.8.14,Minimum wage,Real minimum wage (2025$),year,1990,NA,NA,national,United States,0,,Overall,8.50952380952381
2026.8.14,Minimum wage,Real minimum wage (2025$),year,1991,NA,NA,national,United States,0,,Overall,9.183494558645705
2026.8.14,Minimum wage,Real minimum wage (2025$),year,1992,NA,NA,national,United States,0,,Overall,8.956073113207546
2026.8.14,Minimum wage,Real minimum wage (2025$),year,1993,NA,NA,national,United States,0,,Overall,8.73964326812428
2026.8.14,Minimum wage,Real minimum wage (2025$),year,1994,NA,NA,national,United States,0,,Overall,8.552646396396396
2026.8.14,Minimum wage,Real minimum wage (2025$),year,1995,NA,NA,national,United States,0,,Overall,8.355060506050604
2026.8.14,Minimum wage,Real minimum wage (2025$),year,1996,NA,NA,national,United States,0,,Overall,9.097802786709538
2026.8.14,Minimum wage,Real minimum wage (2025$),year,1997,NA,NA,national,United States,0,,Overall,9.656925498426023
2026.8.14,Minimum wage,Real minimum wage (2025$),year,1998,NA,NA,national,United States,0,,Overall,9.526966873706003
2026.8.14,Minimum wage,Real minimum wage (2025$),year,1999,NA,NA,national,United States,0,,Overall,9.333722109533468
2026.8.14,Minimum wage,Real minimum wage (2025$),year,2000,NA,NA,national,United States,0,,Overall,9.022598039215685
2026.8.14,Minimum wage,Real minimum wage (2025$),year,2001,NA,NA,national,United States,0,,Overall,8.823633748801534
2026.8.14,Minimum wage,Real minimum wage (2025$),year,2002,NA,NA,national,United States,0,,Overall,8.71500946969697
2026.8.14,Minimum wage,Real minimum wage (2025$),year,2003,NA,NA,national,United States,0,,Overall,8.537152133580705
2026.8.14,Minimum wage,Real minimum wage (2025$),year,2004,NA,NA,national,United States,0,,Overall,8.328552036199095
2026.8.14,Minimum wage,Real minimum wage (2025$),year,2005,NA,NA,national,United States,0,,Overall,8.094151275285839
2026.8.14,Minimum wage,Real minimum wage (2025$),year,2006,NA,NA,national,United States,0,,Overall,7.8658547008547
2026.8.14,Minimum wage,Real minimum wage (2025$),year,2007,NA,NA,national,United States,0,,Overall,8.711625
2026.8.14,Minimum wage,Real minimum wage (2025$),year,2008,NA,NA,national,United States,0,,Overall,9.409043408360127
2026.8.14,Minimum wage,Real minimum wage (2025$),year,2009,NA,NA,national,United States,0,,Overall,10.456618240516544
2026.8.14,Minimum wage,Real minimum wage (2025$),year,2010,NA,NA,national,United States,0,,Overall,10.315087579617833
2026.8.14,Minimum wage,Real minimum wage (2025$),year,2011,NA,NA,national,United States,0,,Overall,10.004440154440154
2026.8.14,Minimum wage,Real minimum wage (2025$),year,2012,NA,NA,national,United States,0,,Overall,9.814962121212119
2026.8.14,Minimum wage,Real minimum wage (2025$),year,2013,NA,NA,national,United States,0,,Overall,9.697417664670658
2026.8.14,Minimum wage,Real minimum wage (2025$),year,2014,NA,NA,national,United States,0,,Overall,9.561439114391142
2026.8.14,Minimum wage,Real minimum wage (2025$),year,2015,NA,NA,national,United States,0,,Overall,9.568500738552435
2026.8.14,Minimum wage,Real minimum wage (2025$),year,2016,NA,NA,national,United States,0,,Overall,9.48444363103953
2026.8.14,Minimum wage,Real minimum wage (2025$),year,2017,NA,NA,national,United States,0,,Overall,9.32068345323741
2026.8.14,Minimum wage,Real minimum wage (2025$),year,2018,NA,NA,national,United States,0,,Overall,9.136636107193228
2026.8.14,Minimum wage,Real minimum wage (2025$),year,2019,NA,NA,national,United States,0,,Overall,9.00330090340514
2026.8.14,Minimum wage,Real minimum wage (2025$),year,2020,NA,NA,national,United States,0,,Overall,8.910419532324621
2026.8.14,Minimum wage,Real minimum wage (2025$),year,2021,NA,NA,national,United States,0,,Overall,8.529131007241604
2026.8.14,Minimum wage,Real minimum wage (2025$),year,2022,NA,NA,national,United States,0,,Overall,7.919162591687041
2026.8.14,Minimum wage,Real minimum wage (2025$),year,2023,NA,NA,national,United States,0,,Overall,7.621029411764705
2026.8.14,Minimum wage,Real minimum wage (2025$),year,2024,NA,NA,national,United States,0,,Overall,7.428755733944953
2026.8.14,Minimum wage,Real minimum wage (2025$),year,2025,NA,NA,national,United States,0,,Overall,7.249999999999999
