data_version,indicator,measure,date_interval,year,quarter,month,geo_type,geo_name,geo_code,group,group_value,value
2026.8.14,Productivity and pay indexes,"Productivity and pay real index, base = 1948",year,1948,NA,NA,national,United States,0,Outcome,Total compensation per hour,100
2026.8.14,Productivity and pay indexes,"Productivity and pay real index, base = 1948",year,1948,NA,NA,national,United States,0,Outcome,Net productivity (output per hour),100
2026.8.14,Productivity and pay indexes,"Productivity and pay real index, base = 1948",year,1949,NA,NA,national,United States,0,Outcome,Total compensation per hour,105.35767607830428
2026.8.14,Productivity and pay indexes,"Productivity and pay real index, base = 1948",year,1949,NA,NA,national,United States,0,Outcome,Net productivity (output per hour),101.7100897239574
2026.8.14,Productivity and pay indexes,"Productivity and pay real index, base = 1948",year,1950,NA,NA,national,United States,0,Outcome,Total compensation per hour,109.31234653331528
2026.8.14,Productivity and pay indexes,"Productivity and pay real index, base = 1948",year,1950,NA,NA,national,United States,0,Outcome,Net productivity (output per hour),109.46295752052966
2026.8.14,Productivity and pay indexes,"Productivity and pay real index, base = 1948",year,1951,NA,NA,national,United States,0,Outcome,Total compensation per hour,110.3468381956502
2026.8.14,Productivity and pay indexes,"Productivity and pay real index, base = 1948",year,1951,NA,NA,national,United States,0,Outcome,Net productivity (output per hour),111.27843758358158
2026.8.14,Productivity and pay indexes,"Productivity and pay real index, base = 1948",year,1952,NA,NA,national,United States,0,Outcome,Total compensation per hour,113.23104771549306
2026.8.14,Productivity and pay indexes,"Productivity and pay real index, base = 1948",year,1952,NA,NA,national,United States,0,Outcome,Net productivity (output per hour),113.81579251407766
2026.8.14,Productivity and pay indexes,"Productivity and pay real index, base = 1948",year,1953,NA,NA,national,United States,0,Outcome,Total compensation per hour,119.10638685169796
2026.8.14,Productivity and pay indexes,"Productivity and pay real index, base = 1948",year,1953,NA,NA,national,United States,0,Outcome,Net productivity (output per hour),118.44987539669188
2026.8.14,Productivity and pay indexes,"Productivity and pay real index, base = 1948",year,1954,NA,NA,national,United States,0,Outcome,Total compensation per hour,122.50089247779373
2026.8.14,Productivity and pay indexes,"Productivity and pay real index, base = 1948",year,1954,NA,NA,national,United States,0,Outcome,Net productivity (output per hour),121.6273381665334
2026.8.14,Productivity and pay indexes,"Productivity and pay real index, base = 1948",year,1955,NA,NA,national,United States,0,Outcome,Total compensation per hour,127.10448703191892
2026.8.14,Productivity and pay indexes,"Productivity and pay real index, base = 1948",year,1955,NA,NA,national,United States,0,Outcome,Net productivity (output per hour),128.69659526212732
2026.8.14,Productivity and pay indexes,"Productivity and pay real index, base = 1948",year,1956,NA,NA,national,United States,0,Outcome,Total compensation per hour,131.81695449621205
2026.8.14,Productivity and pay indexes,"Productivity and pay real index, base = 1948",year,1956,NA,NA,national,United States,0,Outcome,Net productivity (output per hour),130.7059512727195
2026.8.14,Productivity and pay indexes,"Productivity and pay real index, base = 1948",year,1957,NA,NA,national,United States,0,Outcome,Total compensation per hour,134.78372687444
2026.8.14,Productivity and pay indexes,"Productivity and pay real index, base = 1948",year,1957,NA,NA,national,United States,0,Outcome,Net productivity (output per hour),134.18052020053298
2026.8.14,Productivity and pay indexes,"Productivity and pay real index, base = 1948",year,1958,NA,NA,national,United States,0,Outcome,Total compensation per hour,135.13310159607542
2026.8.14,Productivity and pay indexes,"Productivity and pay real index, base = 1948",year,1958,NA,NA,national,United States,0,Outcome,Net productivity (output per hour),135.99256556351065
2026.8.14,Productivity and pay indexes,"Productivity and pay real index, base = 1948",year,1959,NA,NA,national,United States,0,Outcome,Total compensation per hour,139.6881863384814
2026.8.14,Productivity and pay indexes,"Productivity and pay real index, base = 1948",year,1959,NA,NA,national,United States,0,Outcome,Net productivity (output per hour),142.21264499353637
2026.8.14,Productivity and pay indexes,"Productivity and pay real index, base = 1948",year,1960,NA,NA,national,United States,0,Outcome,Total compensation per hour,142.2047775127945
2026.8.14,Productivity and pay indexes,"Productivity and pay real index, base = 1948",year,1960,NA,NA,national,United States,0,Outcome,Net productivity (output per hour),143.91988141733933
2026.8.14,Productivity and pay indexes,"Productivity and pay real index, base = 1948",year,1961,NA,NA,national,United States,0,Outcome,Total compensation per hour,144.49418723047873
2026.8.14,Productivity and pay indexes,"Productivity and pay real index, base = 1948",year,1961,NA,NA,national,United States,0,Outcome,Net productivity (output per hour),148.66588129995185
2026.8.14,Productivity and pay indexes,"Productivity and pay real index, base = 1948",year,1962,NA,NA,national,United States,0,Outcome,Total compensation per hour,148.85851702722377
2026.8.14,Productivity and pay indexes,"Productivity and pay real index, base = 1948",year,1962,NA,NA,national,United States,0,Outcome,Net productivity (output per hour),154.76473777859795
2026.8.14,Productivity and pay indexes,"Productivity and pay real index, base = 1948",year,1963,NA,NA,national,United States,0,Outcome,Total compensation per hour,151.85077324083872
2026.8.14,Productivity and pay indexes,"Productivity and pay real index, base = 1948",year,1963,NA,NA,national,United States,0,Outcome,Net productivity (output per hour),160.54431045852735
2026.8.14,Productivity and pay indexes,"Productivity and pay real index, base = 1948",year,1964,NA,NA,national,United States,0,Outcome,Total compensation per hour,154.960446294666
2026.8.14,Productivity and pay indexes,"Productivity and pay real index, base = 1948",year,1964,NA,NA,national,United States,0,Outcome,Net productivity (output per hour),165.71793150307423
2026.8.14,Productivity and pay indexes,"Productivity and pay real index, base = 1948",year,1965,NA,NA,national,United States,0,Outcome,Total compensation per hour,158.67500186472515
2026.8.14,Productivity and pay indexes,"Productivity and pay real index, base = 1948",year,1965,NA,NA,national,United States,0,Outcome,Net productivity (output per hour),171.67313766930204
2026.8.14,Productivity and pay indexes,"Productivity and pay real index, base = 1948",year,1966,NA,NA,national,United States,0,Outcome,Total compensation per hour,160.94031449005962
2026.8.14,Productivity and pay indexes,"Productivity and pay real index, base = 1948",year,1966,NA,NA,national,United States,0,Outcome,Net productivity (output per hour),176.26306260054722
2026.8.14,Productivity and pay indexes,"Productivity and pay real index, base = 1948",year,1967,NA,NA,national,United States,0,Outcome,Total compensation per hour,163.68098873676507
2026.8.14,Productivity and pay indexes,"Productivity and pay real index, base = 1948",year,1967,NA,NA,national,United States,0,Outcome,Net productivity (output per hour),178.7498590175697
2026.8.14,Productivity and pay indexes,"Productivity and pay real index, base = 1948",year,1968,NA,NA,national,United States,0,Outcome,Total compensation per hour,167.0864959332587
2026.8.14,Productivity and pay indexes,"Productivity and pay real index, base = 1948",year,1968,NA,NA,national,United States,0,Outcome,Net productivity (output per hour),184.7055840991696
2026.8.14,Productivity and pay indexes,"Productivity and pay real index, base = 1948",year,1969,NA,NA,national,United States,0,Outcome,Total compensation per hour,170.91051725205614
2026.8.14,Productivity and pay indexes,"Productivity and pay real index, base = 1948",year,1969,NA,NA,national,United States,0,Outcome,Net productivity (output per hour),186.64346070552148
2026.8.14,Productivity and pay indexes,"Productivity and pay real index, base = 1948",year,1970,NA,NA,national,United States,0,Outcome,Total compensation per hour,172.93949451683469
2026.8.14,Productivity and pay indexes,"Productivity and pay real index, base = 1948",year,1970,NA,NA,national,United States,0,Outcome,Net productivity (output per hour),189.95260905636312
2026.8.14,Productivity and pay indexes,"Productivity and pay real index, base = 1948",year,1971,NA,NA,national,United States,0,Outcome,Total compensation per hour,177.8303928615941
2026.8.14,Productivity and pay indexes,"Productivity and pay real index, base = 1948",year,1971,NA,NA,national,United States,0,Outcome,Net productivity (output per hour),198.51060535485055
2026.8.14,Productivity and pay indexes,"Productivity and pay real index, base = 1948",year,1972,NA,NA,national,United States,0,Outcome,Total compensation per hour,187.01210610241532
2026.8.14,Productivity and pay indexes,"Productivity and pay real index, base = 1948",year,1972,NA,NA,national,United States,0,Outcome,Net productivity (output per hour),206.5982398436448
2026.8.14,Productivity and pay indexes,"Productivity and pay real index, base = 1948",year,1973,NA,NA,national,United States,0,Outcome,Total compensation per hour,186.53162088134857
2026.8.14,Productivity and pay indexes,"Productivity and pay real index, base = 1948",year,1973,NA,NA,national,United States,0,Outcome,Net productivity (output per hour),209.60790635784753
2026.8.14,Productivity and pay indexes,"Productivity and pay real index, base = 1948",year,1974,NA,NA,national,United States,0,Outcome,Total compensation per hour,182.49223513686005
2026.8.14,Productivity and pay indexes,"Productivity and pay real index, base = 1948",year,1974,NA,NA,national,United States,0,Outcome,Net productivity (output per hour),204.08562467918352
2026.8.14,Productivity and pay indexes,"Productivity and pay real index, base = 1948",year,1975,NA,NA,national,United States,0,Outcome,Total compensation per hour,181.78181101220855
2026.8.14,Productivity and pay indexes,"Productivity and pay real index, base = 1948",year,1975,NA,NA,national,United States,0,Outcome,Net productivity (output per hour),209.54844198002883
2026.8.14,Productivity and pay indexes,"Productivity and pay real index, base = 1948",year,1976,NA,NA,national,United States,0,Outcome,Total compensation per hour,184.1503459373832
2026.8.14,Productivity and pay indexes,"Productivity and pay real index, base = 1948",year,1976,NA,NA,national,United States,0,Outcome,Net productivity (output per hour),214.79411318764664
2026.8.14,Productivity and pay indexes,"Productivity and pay real index, base = 1948",year,1977,NA,NA,national,United States,0,Outcome,Total compensation per hour,187.01102036128609
2026.8.14,Productivity and pay indexes,"Productivity and pay real index, base = 1948",year,1977,NA,NA,national,United States,0,Outcome,Net productivity (output per hour),216.52367359492575
2026.8.14,Productivity and pay indexes,"Productivity and pay real index, base = 1948",year,1978,NA,NA,national,United States,0,Outcome,Total compensation per hour,189.58102639662505
2026.8.14,Productivity and pay indexes,"Productivity and pay real index, base = 1948",year,1978,NA,NA,national,United States,0,Outcome,Net productivity (output per hour),218.89858654132044
2026.8.14,Productivity and pay indexes,"Productivity and pay real index, base = 1948",year,1979,NA,NA,national,United States,0,Outcome,Total compensation per hour,187.37156300609655
2026.8.14,Productivity and pay indexes,"Productivity and pay real index, base = 1948",year,1979,NA,NA,national,United States,0,Outcome,Net productivity (output per hour),216.26130772574487
2026.8.14,Productivity and pay indexes,"Productivity and pay real index, base = 1948",year,1980,NA,NA,national,United States,0,Outcome,Total compensation per hour,182.60426404028857
2026.8.14,Productivity and pay indexes,"Productivity and pay real index, base = 1948",year,1980,NA,NA,national,United States,0,Outcome,Net productivity (output per hour),210.65257833497947
2026.8.14,Productivity and pay indexes,"Productivity and pay real index, base = 1948",year,1981,NA,NA,national,United States,0,Outcome,Total compensation per hour,181.7604749695434
2026.8.14,Productivity and pay indexes,"Productivity and pay real index, base = 1948",year,1981,NA,NA,national,United States,0,Outcome,Net productivity (output per hour),214.23951044110328
2026.8.14,Productivity and pay indexes,"Productivity and pay real index, base = 1948",year,1982,NA,NA,national,United States,0,Outcome,Total compensation per hour,182.345947814033
2026.8.14,Productivity and pay indexes,"Productivity and pay real index, base = 1948",year,1982,NA,NA,national,United States,0,Outcome,Net productivity (output per hour),212.2411606689456
2026.8.14,Productivity and pay indexes,"Productivity and pay real index, base = 1948",year,1983,NA,NA,national,United States,0,Outcome,Total compensation per hour,183.57385782577904
2026.8.14,Productivity and pay indexes,"Productivity and pay real index, base = 1948",year,1983,NA,NA,national,United States,0,Outcome,Net productivity (output per hour),218.89106467053935
2026.8.14,Productivity and pay indexes,"Productivity and pay real index, base = 1948",year,1984,NA,NA,national,United States,0,Outcome,Total compensation per hour,182.6046841018766
2026.8.14,Productivity and pay indexes,"Productivity and pay real index, base = 1948",year,1984,NA,NA,national,United States,0,Outcome,Net productivity (output per hour),224.08797283407128
2026.8.14,Productivity and pay indexes,"Productivity and pay real index, base = 1948",year,1985,NA,NA,national,United States,0,Outcome,Total compensation per hour,182.1845876990021
2026.8.14,Productivity and pay indexes,"Productivity and pay real index, base = 1948",year,1985,NA,NA,national,United States,0,Outcome,Net productivity (output per hour),227.78277272130632
2026.8.14,Productivity and pay indexes,"Productivity and pay real index, base = 1948",year,1986,NA,NA,national,United States,0,Outcome,Total compensation per hour,183.8970904286192
2026.8.14,Productivity and pay indexes,"Productivity and pay real index, base = 1948",year,1986,NA,NA,national,United States,0,Outcome,Net productivity (output per hour),233.23645543586892
2026.8.14,Productivity and pay indexes,"Productivity and pay real index, base = 1948",year,1987,NA,NA,national,United States,0,Outcome,Total compensation per hour,181.8139915817114
2026.8.14,Productivity and pay indexes,"Productivity and pay real index, base = 1948",year,1987,NA,NA,national,United States,0,Outcome,Net productivity (output per hour),232.0588260276224
2026.8.14,Productivity and pay indexes,"Productivity and pay real index, base = 1948",year,1988,NA,NA,national,United States,0,Outcome,Total compensation per hour,181.2448113242519
2026.8.14,Productivity and pay indexes,"Productivity and pay real index, base = 1948",year,1988,NA,NA,national,United States,0,Outcome,Net productivity (output per hour),235.06139186076592
2026.8.14,Productivity and pay indexes,"Productivity and pay real index, base = 1948",year,1989,NA,NA,national,United States,0,Outcome,Total compensation per hour,181.53392917661745
2026.8.14,Productivity and pay indexes,"Productivity and pay real index, base = 1948",year,1989,NA,NA,national,United States,0,Outcome,Net productivity (output per hour),236.5609713677644
2026.8.14,Productivity and pay indexes,"Productivity and pay real index, base = 1948",year,1990,NA,NA,national,United States,0,Outcome,Total compensation per hour,180.53839869674695
2026.8.14,Productivity and pay indexes,"Productivity and pay real index, base = 1948",year,1990,NA,NA,national,United States,0,Outcome,Net productivity (output per hour),237.61635721615204
2026.8.14,Productivity and pay indexes,"Productivity and pay real index, base = 1948",year,1991,NA,NA,national,United States,0,Outcome,Total compensation per hour,180.65087745717824
2026.8.14,Productivity and pay indexes,"Productivity and pay real index, base = 1948",year,1991,NA,NA,national,United States,0,Outcome,Net productivity (output per hour),239.1801057544564
2026.8.14,Productivity and pay indexes,"Productivity and pay real index, base = 1948",year,1992,NA,NA,national,United States,0,Outcome,Total compensation per hour,182.12156019689417
2026.8.14,Productivity and pay indexes,"Productivity and pay real index, base = 1948",year,1992,NA,NA,national,United States,0,Outcome,Net productivity (output per hour),248.30345134986197
2026.8.14,Productivity and pay indexes,"Productivity and pay real index, base = 1948",year,1993,NA,NA,national,United States,0,Outcome,Total compensation per hour,182.6128374800286
2026.8.14,Productivity and pay indexes,"Productivity and pay real index, base = 1948",year,1993,NA,NA,national,United States,0,Outcome,Net productivity (output per hour),249.37444090272135
2026.8.14,Productivity and pay indexes,"Productivity and pay real index, base = 1948",year,1994,NA,NA,national,United States,0,Outcome,Total compensation per hour,183.12274548879304
2026.8.14,Productivity and pay indexes,"Productivity and pay real index, base = 1948",year,1994,NA,NA,national,United States,0,Outcome,Net productivity (output per hour),251.3824950880473
2026.8.14,Productivity and pay indexes,"Productivity and pay real index, base = 1948",year,1995,NA,NA,national,United States,0,Outcome,Total compensation per hour,182.4572179871973
2026.8.14,Productivity and pay indexes,"Productivity and pay real index, base = 1948",year,1995,NA,NA,national,United States,0,Outcome,Net productivity (output per hour),251.66745658398207
2026.8.14,Productivity and pay indexes,"Productivity and pay real index, base = 1948",year,1996,NA,NA,national,United States,0,Outcome,Total compensation per hour,182.66064838745748
2026.8.14,Productivity and pay indexes,"Productivity and pay real index, base = 1948",year,1996,NA,NA,national,United States,0,Outcome,Net productivity (output per hour),255.0315042650988
2026.8.14,Productivity and pay indexes,"Productivity and pay real index, base = 1948",year,1997,NA,NA,national,United States,0,Outcome,Total compensation per hour,184.74715673117208
2026.8.14,Productivity and pay indexes,"Productivity and pay real index, base = 1948",year,1997,NA,NA,national,United States,0,Outcome,Net productivity (output per hour),258.79677566410857
2026.8.14,Productivity and pay indexes,"Productivity and pay real index, base = 1948",year,1998,NA,NA,national,United States,0,Outcome,Total compensation per hour,189.26736112078095
2026.8.14,Productivity and pay indexes,"Productivity and pay real index, base = 1948",year,1998,NA,NA,national,United States,0,Outcome,Net productivity (output per hour),264.22719153378756
2026.8.14,Productivity and pay indexes,"Productivity and pay real index, base = 1948",year,1999,NA,NA,national,United States,0,Outcome,Total compensation per hour,192.07452333987823
2026.8.14,Productivity and pay indexes,"Productivity and pay real index, base = 1948",year,1999,NA,NA,national,United States,0,Outcome,Net productivity (output per hour),270.10755833441607
2026.8.14,Productivity and pay indexes,"Productivity and pay real index, base = 1948",year,2000,NA,NA,national,United States,0,Outcome,Total compensation per hour,192.97208753091832
2026.8.14,Productivity and pay indexes,"Productivity and pay real index, base = 1948",year,2000,NA,NA,national,United States,0,Outcome,Net productivity (output per hour),273.2501960790773
2026.8.14,Productivity and pay indexes,"Productivity and pay real index, base = 1948",year,2001,NA,NA,national,United States,0,Outcome,Total compensation per hour,196.9937793599377
2026.8.14,Productivity and pay indexes,"Productivity and pay real index, base = 1948",year,2001,NA,NA,national,United States,0,Outcome,Net productivity (output per hour),277.7841326806914
2026.8.14,Productivity and pay indexes,"Productivity and pay real index, base = 1948",year,2002,NA,NA,national,United States,0,Outcome,Total compensation per hour,201.68953814428664
2026.8.14,Productivity and pay indexes,"Productivity and pay real index, base = 1948",year,2002,NA,NA,national,United States,0,Outcome,Net productivity (output per hour),287.10172524903163
2026.8.14,Productivity and pay indexes,"Productivity and pay real index, base = 1948",year,2003,NA,NA,national,United States,0,Outcome,Total compensation per hour,204.28998691051677
2026.8.14,Productivity and pay indexes,"Productivity and pay real index, base = 1948",year,2003,NA,NA,national,United States,0,Outcome,Net productivity (output per hour),296.78073836041796
2026.8.14,Productivity and pay indexes,"Productivity and pay real index, base = 1948",year,2004,NA,NA,national,United States,0,Outcome,Total compensation per hour,203.89937917595228
2026.8.14,Productivity and pay indexes,"Productivity and pay real index, base = 1948",year,2004,NA,NA,national,United States,0,Outcome,Net productivity (output per hour),305.6224677313315
2026.8.14,Productivity and pay indexes,"Productivity and pay real index, base = 1948",year,2005,NA,NA,national,United States,0,Outcome,Total compensation per hour,203.94758023063704
2026.8.14,Productivity and pay indexes,"Productivity and pay real index, base = 1948",year,2005,NA,NA,national,United States,0,Outcome,Net productivity (output per hour),311.6499301469831
2026.8.14,Productivity and pay indexes,"Productivity and pay real index, base = 1948",year,2006,NA,NA,national,United States,0,Outcome,Total compensation per hour,204.84801558782988
2026.8.14,Productivity and pay indexes,"Productivity and pay real index, base = 1948",year,2006,NA,NA,national,United States,0,Outcome,Net productivity (output per hour),313.7173780920699
2026.8.14,Productivity and pay indexes,"Productivity and pay real index, base = 1948",year,2007,NA,NA,national,United States,0,Outcome,Total compensation per hour,207.16652290656324
2026.8.14,Productivity and pay indexes,"Productivity and pay real index, base = 1948",year,2007,NA,NA,national,United States,0,Outcome,Net productivity (output per hour),317.33939157568904
2026.8.14,Productivity and pay indexes,"Productivity and pay real index, base = 1948",year,2008,NA,NA,national,United States,0,Outcome,Total compensation per hour,207.49577330417975
2026.8.14,Productivity and pay indexes,"Productivity and pay real index, base = 1948",year,2008,NA,NA,national,United States,0,Outcome,Net productivity (output per hour),314.6417444218912
2026.8.14,Productivity and pay indexes,"Productivity and pay real index, base = 1948",year,2009,NA,NA,national,United States,0,Outcome,Total compensation per hour,216.14206969842695
2026.8.14,Productivity and pay indexes,"Productivity and pay real index, base = 1948",year,2009,NA,NA,national,United States,0,Outcome,Net productivity (output per hour),327.2247683297334
2026.8.14,Productivity and pay indexes,"Productivity and pay real index, base = 1948",year,2010,NA,NA,national,United States,0,Outcome,Total compensation per hour,218.54438844870825
2026.8.14,Productivity and pay indexes,"Productivity and pay real index, base = 1948",year,2010,NA,NA,national,United States,0,Outcome,Net productivity (output per hour),337.175163499397
2026.8.14,Productivity and pay indexes,"Productivity and pay real index, base = 1948",year,2011,NA,NA,national,United States,0,Outcome,Total compensation per hour,215.97463524955535
2026.8.14,Productivity and pay indexes,"Productivity and pay real index, base = 1948",year,2011,NA,NA,national,United States,0,Outcome,Net productivity (output per hour),334.06530434678695
2026.8.14,Productivity and pay indexes,"Productivity and pay real index, base = 1948",year,2012,NA,NA,national,United States,0,Outcome,Total compensation per hour,214.30374753382057
2026.8.14,Productivity and pay indexes,"Productivity and pay real index, base = 1948",year,2012,NA,NA,national,United States,0,Outcome,Net productivity (output per hour),335.3383394994125
2026.8.14,Productivity and pay indexes,"Productivity and pay real index, base = 1948",year,2013,NA,NA,national,United States,0,Outcome,Total compensation per hour,216.90407078860235
2026.8.14,Productivity and pay indexes,"Productivity and pay real index, base = 1948",year,2013,NA,NA,national,United States,0,Outcome,Net productivity (output per hour),339.3517823177637
2026.8.14,Productivity and pay indexes,"Productivity and pay real index, base = 1948",year,2014,NA,NA,national,United States,0,Outcome,Total compensation per hour,218.07050837242645
2026.8.14,Productivity and pay indexes,"Productivity and pay real index, base = 1948",year,2014,NA,NA,national,United States,0,Outcome,Net productivity (output per hour),341.8104143338856
2026.8.14,Productivity and pay indexes,"Productivity and pay real index, base = 1948",year,2015,NA,NA,national,United States,0,Outcome,Total compensation per hour,222.17304845468811
2026.8.14,Productivity and pay indexes,"Productivity and pay real index, base = 1948",year,2015,NA,NA,national,United States,0,Outcome,Net productivity (output per hour),348.1439772296571
2026.8.14,Productivity and pay indexes,"Productivity and pay real index, base = 1948",year,2016,NA,NA,national,United States,0,Outcome,Total compensation per hour,225.0648663382794
2026.8.14,Productivity and pay indexes,"Productivity and pay real index, base = 1948",year,2016,NA,NA,national,United States,0,Outcome,Net productivity (output per hour),350.3700686169726
2026.8.14,Productivity and pay indexes,"Productivity and pay real index, base = 1948",year,2017,NA,NA,national,United States,0,Outcome,Total compensation per hour,226.1974015432669
2026.8.14,Productivity and pay indexes,"Productivity and pay real index, base = 1948",year,2017,NA,NA,national,United States,0,Outcome,Net productivity (output per hour),354.70303270886484
2026.8.14,Productivity and pay indexes,"Productivity and pay real index, base = 1948",year,2018,NA,NA,national,United States,0,Outcome,Total compensation per hour,228.56230742604336
2026.8.14,Productivity and pay indexes,"Productivity and pay real index, base = 1948",year,2018,NA,NA,national,United States,0,Outcome,Net productivity (output per hour),359.55289245680507
2026.8.14,Productivity and pay indexes,"Productivity and pay real index, base = 1948",year,2019,NA,NA,national,United States,0,Outcome,Total compensation per hour,232.46159153744793
2026.8.14,Productivity and pay indexes,"Productivity and pay real index, base = 1948",year,2019,NA,NA,national,United States,0,Outcome,Net productivity (output per hour),365.14951964488097
2026.8.14,Productivity and pay indexes,"Productivity and pay real index, base = 1948",year,2020,NA,NA,national,United States,0,Outcome,Total compensation per hour,241.2159160445373
2026.8.14,Productivity and pay indexes,"Productivity and pay real index, base = 1948",year,2020,NA,NA,national,United States,0,Outcome,Net productivity (output per hour),379.9330744241865
2026.8.14,Productivity and pay indexes,"Productivity and pay real index, base = 1948",year,2021,NA,NA,national,United States,0,Outcome,Total compensation per hour,240.54312033072895
2026.8.14,Productivity and pay indexes,"Productivity and pay real index, base = 1948",year,2021,NA,NA,national,United States,0,Outcome,Net productivity (output per hour),389.69910887867354
2026.8.14,Productivity and pay indexes,"Productivity and pay real index, base = 1948",year,2022,NA,NA,national,United States,0,Outcome,Total compensation per hour,236.01066624198972
2026.8.14,Productivity and pay indexes,"Productivity and pay real index, base = 1948",year,2022,NA,NA,national,United States,0,Outcome,Net productivity (output per hour),384.2451291659924
2026.8.14,Productivity and pay indexes,"Productivity and pay real index, base = 1948",year,2023,NA,NA,national,United States,0,Outcome,Total compensation per hour,238.8732692985045
2026.8.14,Productivity and pay indexes,"Productivity and pay real index, base = 1948",year,2023,NA,NA,national,United States,0,Outcome,Net productivity (output per hour),390.1032772737939
2026.8.14,Productivity and pay indexes,"Productivity and pay real index, base = 1948",year,2024,NA,NA,national,United States,0,Outcome,Total compensation per hour,242.8696266658579
2026.8.14,Productivity and pay indexes,"Productivity and pay real index, base = 1948",year,2024,NA,NA,national,United States,0,Outcome,Net productivity (output per hour),398.7581742000917
2026.8.14,Productivity and pay indexes,"Productivity and pay real index, base = 1948",year,2025,NA,NA,national,United States,0,Outcome,Total compensation per hour,246.9211468983136
2026.8.14,Productivity and pay indexes,"Productivity and pay real index, base = 1948",year,2025,NA,NA,national,United States,0,Outcome,Net productivity (output per hour),406.8133700379115
2026.8.14,Productivity and pay indexes,"Productivity and pay real index, base = 1948q1",quarter,1948,1,NA,national,United States,0,Outcome,Total compensation per hour,100
2026.8.14,Productivity and pay indexes,"Productivity and pay real index, base = 1948q1",quarter,1948,1,NA,national,United States,0,Outcome,Net productivity (output per hour),100
2026.8.14,Productivity and pay indexes,"Productivity and pay real index, base = 1948q1",quarter,1948,2,NA,national,United States,0,Outcome,Total compensation per hour,100.75097564555551
2026.8.14,Productivity and pay indexes,"Productivity and pay real index, base = 1948q1",quarter,1948,2,NA,national,United States,0,Outcome,Net productivity (output per hour),101.21395710790094
2026.8.14,Productivity and pay indexes,"Productivity and pay real index, base = 1948q1",quarter,1948,3,NA,national,United States,0,Outcome,Total compensation per hour,100.84057385234036
2026.8.14,Productivity and pay indexes,"Productivity and pay real index, base = 1948q1",quarter,1948,3,NA,national,United States,0,Outcome,Net productivity (output per hour),100.76385894365724
2026.8.14,Productivity and pay indexes,"Productivity and pay real index, base = 1948q1",quarter,1948,4,NA,national,United States,0,Outcome,Total compensation per hour,103.08779657109147
2026.8.14,Productivity and pay indexes,"Productivity and pay real index, base = 1948q1",quarter,1948,4,NA,national,United States,0,Outcome,Net productivity (output per hour),102.72504384429068
2026.8.14,Productivity and pay indexes,"Productivity and pay real index, base = 1948q1",quarter,1949,1,NA,national,United States,0,Outcome,Total compensation per hour,105.37368939372726
2026.8.14,Productivity and pay indexes,"Productivity and pay real index, base = 1948q1",quarter,1949,1,NA,national,United States,0,Outcome,Net productivity (output per hour),102.19413811944489
2026.8.14,Productivity and pay indexes,"Productivity and pay real index, base = 1948q1",quarter,1949,2,NA,national,United States,0,Outcome,Total compensation per hour,106.62293886118448
2026.8.14,Productivity and pay indexes,"Productivity and pay real index, base = 1948q1",quarter,1949,2,NA,national,United States,0,Outcome,Net productivity (output per hour),101.33196800516546
2026.8.14,Productivity and pay indexes,"Productivity and pay real index, base = 1948q1",quarter,1949,3,NA,national,United States,0,Outcome,Total compensation per hour,109.0296625846418
2026.8.14,Productivity and pay indexes,"Productivity and pay real index, base = 1948q1",quarter,1949,3,NA,national,United States,0,Outcome,Net productivity (output per hour),104.74789457887704
2026.8.14,Productivity and pay indexes,"Productivity and pay real index, base = 1948q1",quarter,1949,4,NA,national,United States,0,Outcome,Total compensation per hour,110.31438868000772
2026.8.14,Productivity and pay indexes,"Productivity and pay real index, base = 1948q1",quarter,1949,4,NA,national,United States,0,Outcome,Net productivity (output per hour),104.73628547086216
2026.8.14,Productivity and pay indexes,"Productivity and pay real index, base = 1948q1",quarter,1950,1,NA,national,United States,0,Outcome,Total compensation per hour,111.81445281746603
2026.8.14,Productivity and pay indexes,"Productivity and pay real index, base = 1948q1",quarter,1950,1,NA,national,United States,0,Outcome,Net productivity (output per hour),108.872155308683
2026.8.14,Productivity and pay indexes,"Productivity and pay real index, base = 1948q1",quarter,1950,2,NA,national,United States,0,Outcome,Total compensation per hour,112.3842316332071
2026.8.14,Productivity and pay indexes,"Productivity and pay real index, base = 1948q1",quarter,1950,2,NA,national,United States,0,Outcome,Net productivity (output per hour),110.12928091380006
2026.8.14,Productivity and pay indexes,"Productivity and pay real index, base = 1948q1",quarter,1950,3,NA,national,United States,0,Outcome,Total compensation per hour,111.66837478279623
2026.8.14,Productivity and pay indexes,"Productivity and pay real index, base = 1948q1",quarter,1950,3,NA,national,United States,0,Outcome,Net productivity (output per hour),112.14188512840197
2026.8.14,Productivity and pay indexes,"Productivity and pay real index, base = 1948q1",quarter,1950,4,NA,national,United States,0,Outcome,Total compensation per hour,112.1040240017954
2026.8.14,Productivity and pay indexes,"Productivity and pay real index, base = 1948q1",quarter,1950,4,NA,national,United States,0,Outcome,Net productivity (output per hour),112.86237052383947
2026.8.14,Productivity and pay indexes,"Productivity and pay real index, base = 1948q1",quarter,1951,1,NA,national,United States,0,Outcome,Total compensation per hour,110.15571185313368
2026.8.14,Productivity and pay indexes,"Productivity and pay real index, base = 1948q1",quarter,1951,1,NA,national,United States,0,Outcome,Net productivity (output per hour),111.52776174120966
2026.8.14,Productivity and pay indexes,"Productivity and pay real index, base = 1948q1",quarter,1951,2,NA,national,United States,0,Outcome,Total compensation per hour,111.19149644636384
2026.8.14,Productivity and pay indexes,"Productivity and pay real index, base = 1948q1",quarter,1951,2,NA,national,United States,0,Outcome,Net productivity (output per hour),111.58379358508954
2026.8.14,Productivity and pay indexes,"Productivity and pay real index, base = 1948q1",quarter,1951,3,NA,national,United States,0,Outcome,Total compensation per hour,113.49124524120012
2026.8.14,Productivity and pay indexes,"Productivity and pay real index, base = 1948q1",quarter,1951,3,NA,national,United States,0,Outcome,Net productivity (output per hour),114.36509511900024
2026.8.14,Productivity and pay indexes,"Productivity and pay real index, base = 1948q1",quarter,1951,4,NA,national,United States,0,Outcome,Total compensation per hour,113.7394597598202
2026.8.14,Productivity and pay indexes,"Productivity and pay real index, base = 1948q1",quarter,1951,4,NA,national,United States,0,Outcome,Net productivity (output per hour),114.25757568348678
2026.8.14,Productivity and pay indexes,"Productivity and pay real index, base = 1948q1",quarter,1952,1,NA,national,United States,0,Outcome,Total compensation per hour,114.35721373460514
2026.8.14,Productivity and pay indexes,"Productivity and pay real index, base = 1948q1",quarter,1952,1,NA,national,United States,0,Outcome,Net productivity (output per hour),114.30733808295564
2026.8.14,Productivity and pay indexes,"Productivity and pay real index, base = 1948q1",quarter,1952,2,NA,national,United States,0,Outcome,Total compensation per hour,115.7764739659024
2026.8.14,Productivity and pay indexes,"Productivity and pay real index, base = 1948q1",quarter,1952,2,NA,national,United States,0,Outcome,Net productivity (output per hour),114.9463842947767
2026.8.14,Productivity and pay indexes,"Productivity and pay real index, base = 1948q1",quarter,1952,3,NA,national,United States,0,Outcome,Total compensation per hour,115.79358523866124
2026.8.14,Productivity and pay indexes,"Productivity and pay real index, base = 1948q1",quarter,1952,3,NA,national,United States,0,Outcome,Net productivity (output per hour),115.27207557473074
2026.8.14,Productivity and pay indexes,"Productivity and pay real index, base = 1948q1",quarter,1952,4,NA,national,United States,0,Outcome,Total compensation per hour,117.32861529295884
2026.8.14,Productivity and pay indexes,"Productivity and pay real index, base = 1948q1",quarter,1952,4,NA,national,United States,0,Outcome,Net productivity (output per hour),117.49156013569488
2026.8.14,Productivity and pay indexes,"Productivity and pay real index, base = 1948q1",quarter,1953,1,NA,national,United States,0,Outcome,Total compensation per hour,119.64082892865208
2026.8.14,Productivity and pay indexes,"Productivity and pay real index, base = 1948q1",quarter,1953,1,NA,national,United States,0,Outcome,Net productivity (output per hour),119.93675184642252
2026.8.14,Productivity and pay indexes,"Productivity and pay real index, base = 1948q1",quarter,1953,2,NA,national,United States,0,Outcome,Total compensation per hour,120.6310563714118
2026.8.14,Productivity and pay indexes,"Productivity and pay real index, base = 1948q1",quarter,1953,2,NA,national,United States,0,Outcome,Net productivity (output per hour),120.45025920888381
2026.8.14,Productivity and pay indexes,"Productivity and pay real index, base = 1948q1",quarter,1953,3,NA,national,United States,0,Outcome,Total compensation per hour,121.77651617239933
2026.8.14,Productivity and pay indexes,"Productivity and pay real index, base = 1948q1",quarter,1953,3,NA,national,United States,0,Outcome,Net productivity (output per hour),120.19731625680652
2026.8.14,Productivity and pay indexes,"Productivity and pay real index, base = 1948q1",quarter,1953,4,NA,national,United States,0,Outcome,Total compensation per hour,122.62072245425234
2026.8.14,Productivity and pay indexes,"Productivity and pay real index, base = 1948q1",quarter,1953,4,NA,national,United States,0,Outcome,Net productivity (output per hour),119.66331995145345
2026.8.14,Productivity and pay indexes,"Productivity and pay real index, base = 1948q1",quarter,1954,1,NA,national,United States,0,Outcome,Total compensation per hour,123.66088866432598
2026.8.14,Productivity and pay indexes,"Productivity and pay real index, base = 1948q1",quarter,1954,1,NA,national,United States,0,Outcome,Net productivity (output per hour),120.27650778721708
2026.8.14,Productivity and pay indexes,"Productivity and pay real index, base = 1948q1",quarter,1954,2,NA,national,United States,0,Outcome,Total compensation per hour,124.4510124993322
2026.8.14,Productivity and pay indexes,"Productivity and pay real index, base = 1948q1",quarter,1954,2,NA,national,United States,0,Outcome,Net productivity (output per hour),121.75086150990296
2026.8.14,Productivity and pay indexes,"Productivity and pay real index, base = 1948q1",quarter,1954,3,NA,national,United States,0,Outcome,Total compensation per hour,125.28672715341578
2026.8.14,Productivity and pay indexes,"Productivity and pay real index, base = 1948q1",quarter,1954,3,NA,national,United States,0,Outcome,Net productivity (output per hour),123.69363325139182
2026.8.14,Productivity and pay indexes,"Productivity and pay real index, base = 1948q1",quarter,1954,4,NA,national,United States,0,Outcome,Total compensation per hour,127.78721843262998
2026.8.14,Productivity and pay indexes,"Productivity and pay real index, base = 1948q1",quarter,1954,4,NA,national,United States,0,Outcome,Net productivity (output per hour),126.78710417484332
2026.8.14,Productivity and pay indexes,"Productivity and pay real index, base = 1948q1",quarter,1955,1,NA,national,United States,0,Outcome,Total compensation per hour,128.4303538861827
2026.8.14,Productivity and pay indexes,"Productivity and pay real index, base = 1948q1",quarter,1955,1,NA,national,United States,0,Outcome,Net productivity (output per hour),128.81504455287325
2026.8.14,Productivity and pay indexes,"Productivity and pay real index, base = 1948q1",quarter,1955,2,NA,national,United States,0,Outcome,Total compensation per hour,130.22808058470835
2026.8.14,Productivity and pay indexes,"Productivity and pay real index, base = 1948q1",quarter,1955,2,NA,national,United States,0,Outcome,Net productivity (output per hour),131.2288584298956
2026.8.14,Productivity and pay indexes,"Productivity and pay real index, base = 1948q1",quarter,1955,3,NA,national,United States,0,Outcome,Total compensation per hour,130.6381615945732
2026.8.14,Productivity and pay indexes,"Productivity and pay real index, base = 1948q1",quarter,1955,3,NA,national,United States,0,Outcome,Net productivity (output per hour),131.33823468512634
2026.8.14,Productivity and pay indexes,"Productivity and pay real index, base = 1948q1",quarter,1955,4,NA,national,United States,0,Outcome,Total compensation per hour,132.30790259984744
2026.8.14,Productivity and pay indexes,"Productivity and pay real index, base = 1948q1",quarter,1955,4,NA,national,United States,0,Outcome,Net productivity (output per hour),131.79618645136608
2026.8.14,Productivity and pay indexes,"Productivity and pay real index, base = 1948q1",quarter,1956,1,NA,national,United States,0,Outcome,Total compensation per hour,134.17834179644663
2026.8.14,Productivity and pay indexes,"Productivity and pay real index, base = 1948q1",quarter,1956,1,NA,national,United States,0,Outcome,Net productivity (output per hour),132.4245252538091
2026.8.14,Productivity and pay indexes,"Productivity and pay real index, base = 1948q1",quarter,1956,2,NA,national,United States,0,Outcome,Total compensation per hour,134.46198715837227
2026.8.14,Productivity and pay indexes,"Productivity and pay real index, base = 1948q1",quarter,1956,2,NA,national,United States,0,Outcome,Net productivity (output per hour),132.27598409292088
2026.8.14,Productivity and pay indexes,"Productivity and pay real index, base = 1948q1",quarter,1956,3,NA,national,United States,0,Outcome,Total compensation per hour,134.84074105239534
2026.8.14,Productivity and pay indexes,"Productivity and pay real index, base = 1948q1",quarter,1956,3,NA,national,United States,0,Outcome,Net productivity (output per hour),132.3239629618849
2026.8.14,Productivity and pay indexes,"Productivity and pay real index, base = 1948q1",quarter,1956,4,NA,national,United States,0,Outcome,Total compensation per hour,135.82113085089432
2026.8.14,Productivity and pay indexes,"Productivity and pay real index, base = 1948q1",quarter,1956,4,NA,national,United States,0,Outcome,Net productivity (output per hour),134.3339079215298
2026.8.14,Productivity and pay indexes,"Productivity and pay real index, base = 1948q1",quarter,1957,1,NA,national,United States,0,Outcome,Total compensation per hour,136.41060689993708
2026.8.14,Productivity and pay indexes,"Productivity and pay real index, base = 1948q1",quarter,1957,1,NA,national,United States,0,Outcome,Net productivity (output per hour),135.8577405850478
2026.8.14,Productivity and pay indexes,"Productivity and pay real index, base = 1948q1",quarter,1957,2,NA,national,United States,0,Outcome,Total compensation per hour,137.53612568205693
2026.8.14,Productivity and pay indexes,"Productivity and pay real index, base = 1948q1",quarter,1957,2,NA,national,United States,0,Outcome,Net productivity (output per hour),136.03420237365444
2026.8.14,Productivity and pay indexes,"Productivity and pay real index, base = 1948q1",quarter,1957,3,NA,national,United States,0,Outcome,Total compensation per hour,137.8723411590036
2026.8.14,Productivity and pay indexes,"Productivity and pay real index, base = 1948q1",quarter,1957,3,NA,national,United States,0,Outcome,Net productivity (output per hour),136.36243498783998
2026.8.14,Productivity and pay indexes,"Productivity and pay real index, base = 1948q1",quarter,1957,4,NA,national,United States,0,Outcome,Total compensation per hour,138.49819981577443
2026.8.14,Productivity and pay indexes,"Productivity and pay real index, base = 1948q1",quarter,1957,4,NA,national,United States,0,Outcome,Net productivity (output per hour),136.54462729098037
2026.8.14,Productivity and pay indexes,"Productivity and pay real index, base = 1948q1",quarter,1958,1,NA,national,United States,0,Outcome,Total compensation per hour,137.5366632757907
2026.8.14,Productivity and pay indexes,"Productivity and pay real index, base = 1948q1",quarter,1958,1,NA,national,United States,0,Outcome,Net productivity (output per hour),135.00195579238252
2026.8.14,Productivity and pay indexes,"Productivity and pay real index, base = 1948q1",quarter,1958,2,NA,national,United States,0,Outcome,Total compensation per hour,137.987666724892
2026.8.14,Productivity and pay indexes,"Productivity and pay real index, base = 1948q1",quarter,1958,2,NA,national,United States,0,Outcome,Net productivity (output per hour),136.2693552195122
2026.8.14,Productivity and pay indexes,"Productivity and pay real index, base = 1948q1",quarter,1958,3,NA,national,United States,0,Outcome,Total compensation per hour,138.79773480391495
2026.8.14,Productivity and pay indexes,"Productivity and pay real index, base = 1948q1",quarter,1958,3,NA,national,United States,0,Outcome,Net productivity (output per hour),139.6113565118473
2026.8.14,Productivity and pay indexes,"Productivity and pay real index, base = 1948q1",quarter,1958,4,NA,national,United States,0,Outcome,Total compensation per hour,140.0429476035281
2026.8.14,Productivity and pay indexes,"Productivity and pay real index, base = 1948q1",quarter,1958,4,NA,national,United States,0,Outcome,Net productivity (output per hour),141.85666629348216
2026.8.14,Productivity and pay indexes,"Productivity and pay real index, base = 1948q1",quarter,1959,1,NA,national,United States,0,Outcome,Total compensation per hour,141.9833060652722
2026.8.14,Productivity and pay indexes,"Productivity and pay real index, base = 1948q1",quarter,1959,1,NA,national,United States,0,Outcome,Net productivity (output per hour),143.4327254112597
2026.8.14,Productivity and pay indexes,"Productivity and pay real index, base = 1948q1",quarter,1959,2,NA,national,United States,0,Outcome,Total compensation per hour,142.9874147147829
2026.8.14,Productivity and pay indexes,"Productivity and pay real index, base = 1948q1",quarter,1959,2,NA,national,United States,0,Outcome,Net productivity (output per hour),144.2149268342315
2026.8.14,Productivity and pay indexes,"Productivity and pay real index, base = 1948q1",quarter,1959,3,NA,national,United States,0,Outcome,Total compensation per hour,142.83262599421326
2026.8.14,Productivity and pay indexes,"Productivity and pay real index, base = 1948q1",quarter,1959,3,NA,national,United States,0,Outcome,Net productivity (output per hour),144.51529558228756
2026.8.14,Productivity and pay indexes,"Productivity and pay real index, base = 1948q1",quarter,1959,4,NA,national,United States,0,Outcome,Total compensation per hour,143.32915195078365
2026.8.14,Productivity and pay indexes,"Productivity and pay real index, base = 1948q1",quarter,1959,4,NA,national,United States,0,Outcome,Net productivity (output per hour),144.4680624270442
2026.8.14,Productivity and pay indexes,"Productivity and pay real index, base = 1948q1",quarter,1960,1,NA,national,United States,0,Outcome,Total compensation per hour,144.3333373503598
2026.8.14,Productivity and pay indexes,"Productivity and pay real index, base = 1948q1",quarter,1960,1,NA,national,United States,0,Outcome,Net productivity (output per hour),148.03672331768917
2026.8.14,Productivity and pay indexes,"Productivity and pay real index, base = 1948q1",quarter,1960,2,NA,national,United States,0,Outcome,Total compensation per hour,145.59053044481865
2026.8.14,Productivity and pay indexes,"Productivity and pay real index, base = 1948q1",quarter,1960,2,NA,national,United States,0,Outcome,Net productivity (output per hour),145.9028177429347
2026.8.14,Productivity and pay indexes,"Productivity and pay real index, base = 1948q1",quarter,1960,3,NA,national,United States,0,Outcome,Total compensation per hour,146.20533756166668
2026.8.14,Productivity and pay indexes,"Productivity and pay real index, base = 1948q1",quarter,1960,3,NA,national,United States,0,Outcome,Net productivity (output per hour),146.1923960169742
2026.8.14,Productivity and pay indexes,"Productivity and pay real index, base = 1948q1",quarter,1960,4,NA,national,United States,0,Outcome,Total compensation per hour,146.47912478014274
2026.8.14,Productivity and pay indexes,"Productivity and pay real index, base = 1948q1",quarter,1960,4,NA,national,United States,0,Outcome,Net productivity (output per hour),144.92611412808802
2026.8.14,Productivity and pay indexes,"Productivity and pay real index, base = 1948q1",quarter,1961,1,NA,national,United States,0,Outcome,Total compensation per hour,147.58190323204406
2026.8.14,Productivity and pay indexes,"Productivity and pay real index, base = 1948q1",quarter,1961,1,NA,national,United States,0,Outcome,Net productivity (output per hour),146.55280773573708
2026.8.14,Productivity and pay indexes,"Productivity and pay real index, base = 1948q1",quarter,1961,2,NA,national,United States,0,Outcome,Total compensation per hour,148.42771972375868
2026.8.14,Productivity and pay indexes,"Productivity and pay real index, base = 1948q1",quarter,1961,2,NA,national,United States,0,Outcome,Net productivity (output per hour),151.10268131389418
2026.8.14,Productivity and pay indexes,"Productivity and pay real index, base = 1948q1",quarter,1961,3,NA,national,United States,0,Outcome,Total compensation per hour,148.51763069579508
2026.8.14,Productivity and pay indexes,"Productivity and pay real index, base = 1948q1",quarter,1961,3,NA,national,United States,0,Outcome,Net productivity (output per hour),152.7619526038104
2026.8.14,Productivity and pay indexes,"Productivity and pay real index, base = 1948q1",quarter,1961,4,NA,national,United States,0,Outcome,Total compensation per hour,149.0868651767592
2026.8.14,Productivity and pay indexes,"Productivity and pay real index, base = 1948q1",quarter,1961,4,NA,national,United States,0,Outcome,Net productivity (output per hour),153.8316024607524
2026.8.14,Productivity and pay indexes,"Productivity and pay real index, base = 1948q1",quarter,1962,1,NA,national,United States,0,Outcome,Total compensation per hour,151.00270340738479
2026.8.14,Productivity and pay indexes,"Productivity and pay real index, base = 1948q1",quarter,1962,1,NA,national,United States,0,Outcome,Net productivity (output per hour),155.66286675573176
2026.8.14,Productivity and pay indexes,"Productivity and pay real index, base = 1948q1",quarter,1962,2,NA,national,United States,0,Outcome,Total compensation per hour,151.59030672596623
2026.8.14,Productivity and pay indexes,"Productivity and pay real index, base = 1948q1",quarter,1962,2,NA,national,United States,0,Outcome,Net productivity (output per hour),155.55467252236878
2026.8.14,Productivity and pay indexes,"Productivity and pay real index, base = 1948q1",quarter,1962,3,NA,national,United States,0,Outcome,Total compensation per hour,152.28427860187855
2026.8.14,Productivity and pay indexes,"Productivity and pay real index, base = 1948q1",quarter,1962,3,NA,national,United States,0,Outcome,Net productivity (output per hour),157.4279671246205
2026.8.14,Productivity and pay indexes,"Productivity and pay real index, base = 1948q1",quarter,1962,4,NA,national,United States,0,Outcome,Total compensation per hour,153.32328537237916
2026.8.14,Productivity and pay indexes,"Productivity and pay real index, base = 1948q1",quarter,1962,4,NA,national,United States,0,Outcome,Net productivity (output per hour),158.9267692908294
2026.8.14,Productivity and pay indexes,"Productivity and pay real index, base = 1948q1",quarter,1963,1,NA,national,United States,0,Outcome,Total compensation per hour,154.73996188770158
2026.8.14,Productivity and pay indexes,"Productivity and pay real index, base = 1948q1",quarter,1963,1,NA,national,United States,0,Outcome,Net productivity (output per hour),160.67739669231275
2026.8.14,Productivity and pay indexes,"Productivity and pay real index, base = 1948q1",quarter,1963,2,NA,national,United States,0,Outcome,Total compensation per hour,155.77918778079697
2026.8.14,Productivity and pay indexes,"Productivity and pay real index, base = 1948q1",quarter,1963,2,NA,national,United States,0,Outcome,Net productivity (output per hour),161.79341031063365
2026.8.14,Productivity and pay indexes,"Productivity and pay real index, base = 1948q1",quarter,1963,3,NA,national,United States,0,Outcome,Total compensation per hour,155.3494929780185
2026.8.14,Productivity and pay indexes,"Productivity and pay real index, base = 1948q1",quarter,1963,3,NA,national,United States,0,Outcome,Net productivity (output per hour),163.8101206874909
2026.8.14,Productivity and pay indexes,"Productivity and pay real index, base = 1948q1",quarter,1963,4,NA,national,United States,0,Outcome,Total compensation per hour,157.15163602469508
2026.8.14,Productivity and pay indexes,"Productivity and pay real index, base = 1948q1",quarter,1963,4,NA,national,United States,0,Outcome,Net productivity (output per hour),165.4470349558031
2026.8.14,Productivity and pay indexes,"Productivity and pay real index, base = 1948q1",quarter,1964,1,NA,national,United States,0,Outcome,Total compensation per hour,158.03060589807163
2026.8.14,Productivity and pay indexes,"Productivity and pay real index, base = 1948q1",quarter,1964,1,NA,national,United States,0,Outcome,Net productivity (output per hour),167.44873015463276
2026.8.14,Productivity and pay indexes,"Productivity and pay real index, base = 1948q1",quarter,1964,2,NA,national,United States,0,Outcome,Total compensation per hour,158.57724746107124
2026.8.14,Productivity and pay indexes,"Productivity and pay real index, base = 1948q1",quarter,1964,2,NA,national,United States,0,Outcome,Net productivity (output per hour),167.0138522066419
2026.8.14,Productivity and pay indexes,"Productivity and pay real index, base = 1948q1",quarter,1964,3,NA,national,United States,0,Outcome,Total compensation per hour,160.28297508209974
2026.8.14,Productivity and pay indexes,"Productivity and pay real index, base = 1948q1",quarter,1964,3,NA,national,United States,0,Outcome,Net productivity (output per hour),169.59135493107928
2026.8.14,Productivity and pay indexes,"Productivity and pay real index, base = 1948q1",quarter,1964,4,NA,national,United States,0,Outcome,Total compensation per hour,160.44717035746322
2026.8.14,Productivity and pay indexes,"Productivity and pay real index, base = 1948q1",quarter,1964,4,NA,national,United States,0,Outcome,Net productivity (output per hour),168.7136536136847
2026.8.14,Productivity and pay indexes,"Productivity and pay real index, base = 1948q1",quarter,1965,1,NA,national,United States,0,Outcome,Total compensation per hour,161.56845954375376
2026.8.14,Productivity and pay indexes,"Productivity and pay real index, base = 1948q1",quarter,1965,1,NA,national,United States,0,Outcome,Net productivity (output per hour),171.08879203827036
2026.8.14,Productivity and pay indexes,"Productivity and pay real index, base = 1948q1",quarter,1965,2,NA,national,United States,0,Outcome,Total compensation per hour,162.3588713303909
2026.8.14,Productivity and pay indexes,"Productivity and pay real index, base = 1948q1",quarter,1965,2,NA,national,United States,0,Outcome,Net productivity (output per hour),171.37986612541636
2026.8.14,Productivity and pay indexes,"Productivity and pay real index, base = 1948q1",quarter,1965,3,NA,national,United States,0,Outcome,Total compensation per hour,163.13972646410048
2026.8.14,Productivity and pay indexes,"Productivity and pay real index, base = 1948q1",quarter,1965,3,NA,national,United States,0,Outcome,Net productivity (output per hour),175.0493055497681
2026.8.14,Productivity and pay indexes,"Productivity and pay real index, base = 1948q1",quarter,1965,4,NA,national,United States,0,Outcome,Total compensation per hour,164.77290839275534
2026.8.14,Productivity and pay indexes,"Productivity and pay real index, base = 1948q1",quarter,1965,4,NA,national,United States,0,Outcome,Net productivity (output per hour),178.51266030996027
2026.8.14,Productivity and pay indexes,"Productivity and pay real index, base = 1948q1",quarter,1966,1,NA,national,United States,0,Outcome,Total compensation per hour,165.07484251411532
2026.8.14,Productivity and pay indexes,"Productivity and pay real index, base = 1948q1",quarter,1966,1,NA,national,United States,0,Outcome,Net productivity (output per hour),179.33982356602183
2026.8.14,Productivity and pay indexes,"Productivity and pay real index, base = 1948q1",quarter,1966,2,NA,national,United States,0,Outcome,Total compensation per hour,165.36807654363062
2026.8.14,Productivity and pay indexes,"Productivity and pay real index, base = 1948q1",quarter,1966,2,NA,national,United States,0,Outcome,Net productivity (output per hour),178.15189453251125
2026.8.14,Productivity and pay indexes,"Productivity and pay real index, base = 1948q1",quarter,1966,3,NA,national,United States,0,Outcome,Total compensation per hour,165.6038619611884
2026.8.14,Productivity and pay indexes,"Productivity and pay real index, base = 1948q1",quarter,1966,3,NA,national,United States,0,Outcome,Net productivity (output per hour),178.6848197385164
2026.8.14,Productivity and pay indexes,"Productivity and pay real index, base = 1948q1",quarter,1966,4,NA,national,United States,0,Outcome,Total compensation per hour,165.67574269373046
2026.8.14,Productivity and pay indexes,"Productivity and pay real index, base = 1948q1",quarter,1966,4,NA,national,United States,0,Outcome,Net productivity (output per hour),179.40045427047224
2026.8.14,Productivity and pay indexes,"Productivity and pay real index, base = 1948q1",quarter,1967,1,NA,national,United States,0,Outcome,Total compensation per hour,166.7907356460858
2026.8.14,Productivity and pay indexes,"Productivity and pay real index, base = 1948q1",quarter,1967,1,NA,national,United States,0,Outcome,Net productivity (output per hour),180.0813301796213
2026.8.14,Productivity and pay indexes,"Productivity and pay real index, base = 1948q1",quarter,1967,2,NA,national,United States,0,Outcome,Total compensation per hour,168.48069902697267
2026.8.14,Productivity and pay indexes,"Productivity and pay real index, base = 1948q1",quarter,1967,2,NA,national,United States,0,Outcome,Net productivity (output per hour),181.6981780041239
2026.8.14,Productivity and pay indexes,"Productivity and pay real index, base = 1948q1",quarter,1967,3,NA,national,United States,0,Outcome,Total compensation per hour,168.67552486993813
2026.8.14,Productivity and pay indexes,"Productivity and pay real index, base = 1948q1",quarter,1967,3,NA,national,United States,0,Outcome,Net productivity (output per hour),181.54949289303616
2026.8.14,Productivity and pay indexes,"Productivity and pay real index, base = 1948q1",quarter,1967,4,NA,national,United States,0,Outcome,Total compensation per hour,169.2200360553312
2026.8.14,Productivity and pay indexes,"Productivity and pay real index, base = 1948q1",quarter,1967,4,NA,national,United States,0,Outcome,Net productivity (output per hour),182.3399852571803
2026.8.14,Productivity and pay indexes,"Productivity and pay real index, base = 1948q1",quarter,1968,1,NA,national,United States,0,Outcome,Total compensation per hour,170.6036656730439
2026.8.14,Productivity and pay indexes,"Productivity and pay real index, base = 1948q1",quarter,1968,1,NA,national,United States,0,Outcome,Net productivity (output per hour),186.3407972809476
2026.8.14,Productivity and pay indexes,"Productivity and pay real index, base = 1948q1",quarter,1968,2,NA,national,United States,0,Outcome,Total compensation per hour,171.06941352695475
2026.8.14,Productivity and pay indexes,"Productivity and pay real index, base = 1948q1",quarter,1968,2,NA,national,United States,0,Outcome,Net productivity (output per hour),187.5855355506197
2026.8.14,Productivity and pay indexes,"Productivity and pay real index, base = 1948q1",quarter,1968,3,NA,national,United States,0,Outcome,Total compensation per hour,172.22460533516056
2026.8.14,Productivity and pay indexes,"Productivity and pay real index, base = 1948q1",quarter,1968,3,NA,national,United States,0,Outcome,Net productivity (output per hour),187.88803167326776
2026.8.14,Productivity and pay indexes,"Productivity and pay real index, base = 1948q1",quarter,1968,4,NA,national,United States,0,Outcome,Total compensation per hour,172.8702415940948
2026.8.14,Productivity and pay indexes,"Productivity and pay real index, base = 1948q1",quarter,1968,4,NA,national,United States,0,Outcome,Net productivity (output per hour),187.9700174464744
2026.8.14,Productivity and pay indexes,"Productivity and pay real index, base = 1948q1",quarter,1969,1,NA,national,United States,0,Outcome,Total compensation per hour,175.06091738099465
2026.8.14,Productivity and pay indexes,"Productivity and pay real index, base = 1948q1",quarter,1969,1,NA,national,United States,0,Outcome,Net productivity (output per hour),189.7391410439316
2026.8.14,Productivity and pay indexes,"Productivity and pay real index, base = 1948q1",quarter,1969,2,NA,national,United States,0,Outcome,Total compensation per hour,175.14811164798098
2026.8.14,Productivity and pay indexes,"Productivity and pay real index, base = 1948q1",quarter,1969,2,NA,national,United States,0,Outcome,Net productivity (output per hour),188.786129880054
2026.8.14,Productivity and pay indexes,"Productivity and pay real index, base = 1948q1",quarter,1969,3,NA,national,United States,0,Outcome,Total compensation per hour,176.1928275966871
2026.8.14,Productivity and pay indexes,"Productivity and pay real index, base = 1948q1",quarter,1969,3,NA,national,United States,0,Outcome,Net productivity (output per hour),190.36467513172175
2026.8.14,Productivity and pay indexes,"Productivity and pay real index, base = 1948q1",quarter,1969,4,NA,national,United States,0,Outcome,Total compensation per hour,177.17776781760242
2026.8.14,Productivity and pay indexes,"Productivity and pay real index, base = 1948q1",quarter,1969,4,NA,national,United States,0,Outcome,Net productivity (output per hour),189.62204066895796
2026.8.14,Productivity and pay indexes,"Productivity and pay real index, base = 1948q1",quarter,1970,1,NA,national,United States,0,Outcome,Total compensation per hour,176.40903806925556
2026.8.14,Productivity and pay indexes,"Productivity and pay real index, base = 1948q1",quarter,1970,1,NA,national,United States,0,Outcome,Net productivity (output per hour),190.12335091216423
2026.8.14,Productivity and pay indexes,"Productivity and pay real index, base = 1948q1",quarter,1970,2,NA,national,United States,0,Outcome,Total compensation per hour,176.8454345239021
2026.8.14,Productivity and pay indexes,"Productivity and pay real index, base = 1948q1",quarter,1970,2,NA,national,United States,0,Outcome,Net productivity (output per hour),191.9399905234027
2026.8.14,Productivity and pay indexes,"Productivity and pay real index, base = 1948q1",quarter,1970,3,NA,national,United States,0,Outcome,Total compensation per hour,178.55041631520126
2026.8.14,Productivity and pay indexes,"Productivity and pay real index, base = 1948q1",quarter,1970,3,NA,national,United States,0,Outcome,Net productivity (output per hour),195.3011105823355
2026.8.14,Productivity and pay indexes,"Productivity and pay real index, base = 1948q1",quarter,1970,4,NA,national,United States,0,Outcome,Total compensation per hour,178.87423946462283
2026.8.14,Productivity and pay indexes,"Productivity and pay real index, base = 1948q1",quarter,1970,4,NA,national,United States,0,Outcome,Net productivity (output per hour),193.8959281950345
2026.8.14,Productivity and pay indexes,"Productivity and pay real index, base = 1948q1",quarter,1971,1,NA,national,United States,0,Outcome,Total compensation per hour,181.10317819963643
2026.8.14,Productivity and pay indexes,"Productivity and pay real index, base = 1948q1",quarter,1971,1,NA,national,United States,0,Outcome,Net productivity (output per hour),200.01734023484343
2026.8.14,Productivity and pay indexes,"Productivity and pay real index, base = 1948q1",quarter,1971,2,NA,national,United States,0,Outcome,Total compensation per hour,182.10522505364435
2026.8.14,Productivity and pay indexes,"Productivity and pay real index, base = 1948q1",quarter,1971,2,NA,national,United States,0,Outcome,Net productivity (output per hour),200.8123793468046
2026.8.14,Productivity and pay indexes,"Productivity and pay real index, base = 1948q1",quarter,1971,3,NA,national,United States,0,Outcome,Total compensation per hour,183.4928000723327
2026.8.14,Productivity and pay indexes,"Productivity and pay real index, base = 1948q1",quarter,1971,3,NA,national,United States,0,Outcome,Net productivity (output per hour),203.21770811801952
2026.8.14,Productivity and pay indexes,"Productivity and pay real index, base = 1948q1",quarter,1971,4,NA,national,United States,0,Outcome,Total compensation per hour,184.92945990512376
2026.8.14,Productivity and pay indexes,"Productivity and pay real index, base = 1948q1",quarter,1971,4,NA,national,United States,0,Outcome,Net productivity (output per hour),202.581009164812
2026.8.14,Productivity and pay indexes,"Productivity and pay real index, base = 1948q1",quarter,1972,1,NA,national,United States,0,Outcome,Total compensation per hour,189.56996653529472
2026.8.14,Productivity and pay indexes,"Productivity and pay real index, base = 1948q1",quarter,1972,1,NA,national,United States,0,Outcome,Net productivity (output per hour),204.66025749907465
2026.8.14,Productivity and pay indexes,"Productivity and pay real index, base = 1948q1",quarter,1972,2,NA,national,United States,0,Outcome,Total compensation per hour,191.64949337545875
2026.8.14,Productivity and pay indexes,"Productivity and pay real index, base = 1948q1",quarter,1972,2,NA,national,United States,0,Outcome,Net productivity (output per hour),209.24365657487152
2026.8.14,Productivity and pay indexes,"Productivity and pay real index, base = 1948q1",quarter,1972,3,NA,national,United States,0,Outcome,Total compensation per hour,193.1461601011996
2026.8.14,Productivity and pay indexes,"Productivity and pay real index, base = 1948q1",quarter,1972,3,NA,national,United States,0,Outcome,Net productivity (output per hour),211.0232819392856
2026.8.14,Productivity and pay indexes,"Productivity and pay real index, base = 1948q1",quarter,1972,4,NA,national,United States,0,Outcome,Total compensation per hour,193.87383152944616
2026.8.14,Productivity and pay indexes,"Productivity and pay real index, base = 1948q1",quarter,1972,4,NA,national,United States,0,Outcome,Net productivity (output per hour),213.65867891654335
2026.8.14,Productivity and pay indexes,"Productivity and pay real index, base = 1948q1",quarter,1973,1,NA,national,United States,0,Outcome,Total compensation per hour,193.77264093525483
2026.8.14,Productivity and pay indexes,"Productivity and pay real index, base = 1948q1",quarter,1973,1,NA,national,United States,0,Outcome,Net productivity (output per hour),214.76447521157107
2026.8.14,Productivity and pay indexes,"Productivity and pay real index, base = 1948q1",quarter,1973,2,NA,national,United States,0,Outcome,Total compensation per hour,192.0786170407634
2026.8.14,Productivity and pay indexes,"Productivity and pay real index, base = 1948q1",quarter,1973,2,NA,national,United States,0,Outcome,Net productivity (output per hour),213.82283009731157
2026.8.14,Productivity and pay indexes,"Productivity and pay real index, base = 1948q1",quarter,1973,3,NA,national,United States,0,Outcome,Total compensation per hour,191.64828796323565
2026.8.14,Productivity and pay indexes,"Productivity and pay real index, base = 1948q1",quarter,1973,3,NA,national,United States,0,Outcome,Net productivity (output per hour),211.3774737283335
2026.8.14,Productivity and pay indexes,"Productivity and pay real index, base = 1948q1",quarter,1973,4,NA,national,United States,0,Outcome,Total compensation per hour,189.9254510791364
2026.8.14,Productivity and pay indexes,"Productivity and pay real index, base = 1948q1",quarter,1973,4,NA,national,United States,0,Outcome,Net productivity (output per hour),211.77879879622213
2026.8.14,Productivity and pay indexes,"Productivity and pay real index, base = 1948q1",quarter,1974,1,NA,national,United States,0,Outcome,Total compensation per hour,188.10403963592975
2026.8.14,Productivity and pay indexes,"Productivity and pay real index, base = 1948q1",quarter,1974,1,NA,national,United States,0,Outcome,Net productivity (output per hour),207.31254984878785
2026.8.14,Productivity and pay indexes,"Productivity and pay real index, base = 1948q1",quarter,1974,2,NA,national,United States,0,Outcome,Total compensation per hour,187.6416858262864
2026.8.14,Productivity and pay indexes,"Productivity and pay real index, base = 1948q1",quarter,1974,2,NA,national,United States,0,Outcome,Net productivity (output per hour),207.7754718063076
2026.8.14,Productivity and pay indexes,"Productivity and pay real index, base = 1948q1",quarter,1974,3,NA,national,United States,0,Outcome,Total compensation per hour,187.49238243876604
2026.8.14,Productivity and pay indexes,"Productivity and pay real index, base = 1948q1",quarter,1974,3,NA,national,United States,0,Outcome,Net productivity (output per hour),205.96942958318016
2026.8.14,Productivity and pay indexes,"Productivity and pay real index, base = 1948q1",quarter,1974,4,NA,national,United States,0,Outcome,Total compensation per hour,186.58957663565025
2026.8.14,Productivity and pay indexes,"Productivity and pay real index, base = 1948q1",quarter,1974,4,NA,national,United States,0,Outcome,Net productivity (output per hour),207.0288212516816
2026.8.14,Productivity and pay indexes,"Productivity and pay real index, base = 1948q1",quarter,1975,1,NA,national,United States,0,Outcome,Total compensation per hour,186.92760163323584
2026.8.14,Productivity and pay indexes,"Productivity and pay real index, base = 1948q1",quarter,1975,1,NA,national,United States,0,Outcome,Net productivity (output per hour),209.25746705082577
2026.8.14,Productivity and pay indexes,"Productivity and pay real index, base = 1948q1",quarter,1975,2,NA,national,United States,0,Outcome,Total compensation per hour,187.50054146908585
2026.8.14,Productivity and pay indexes,"Productivity and pay real index, base = 1948q1",quarter,1975,2,NA,national,United States,0,Outcome,Net productivity (output per hour),212.2094119255145
2026.8.14,Productivity and pay indexes,"Productivity and pay real index, base = 1948q1",quarter,1975,3,NA,national,United States,0,Outcome,Total compensation per hour,186.8868794221157
2026.8.14,Productivity and pay indexes,"Productivity and pay real index, base = 1948q1",quarter,1975,3,NA,national,United States,0,Outcome,Net productivity (output per hour),214.29584496637665
2026.8.14,Productivity and pay indexes,"Productivity and pay real index, base = 1948q1",quarter,1975,4,NA,national,United States,0,Outcome,Total compensation per hour,186.64455787481455
2026.8.14,Productivity and pay indexes,"Productivity and pay real index, base = 1948q1",quarter,1975,4,NA,national,United States,0,Outcome,Net productivity (output per hour),214.7279034158125
2026.8.14,Productivity and pay indexes,"Productivity and pay real index, base = 1948q1",quarter,1976,1,NA,national,United States,0,Outcome,Total compensation per hour,187.32080816110357
2026.8.14,Productivity and pay indexes,"Productivity and pay real index, base = 1948q1",quarter,1976,1,NA,national,United States,0,Outcome,Net productivity (output per hour),216.55658926953217
2026.8.14,Productivity and pay indexes,"Productivity and pay real index, base = 1948q1",quarter,1976,2,NA,national,United States,0,Outcome,Total compensation per hour,188.7438335665768
2026.8.14,Productivity and pay indexes,"Productivity and pay real index, base = 1948q1",quarter,1976,2,NA,national,United States,0,Outcome,Net productivity (output per hour),218.0937992616932
2026.8.14,Productivity and pay indexes,"Productivity and pay real index, base = 1948q1",quarter,1976,3,NA,national,United States,0,Outcome,Total compensation per hour,189.92894628285092
2026.8.14,Productivity and pay indexes,"Productivity and pay real index, base = 1948q1",quarter,1976,3,NA,national,United States,0,Outcome,Net productivity (output per hour),218.1013118792231
2026.8.14,Productivity and pay indexes,"Productivity and pay real index, base = 1948q1",quarter,1976,4,NA,national,United States,0,Outcome,Total compensation per hour,190.70871983549128
2026.8.14,Productivity and pay indexes,"Productivity and pay real index, base = 1948q1",quarter,1976,4,NA,national,United States,0,Outcome,Net productivity (output per hour),218.61159441911505
2026.8.14,Productivity and pay indexes,"Productivity and pay real index, base = 1948q1",quarter,1977,1,NA,national,United States,0,Outcome,Total compensation per hour,191.47459540262213
2026.8.14,Productivity and pay indexes,"Productivity and pay real index, base = 1948q1",quarter,1977,1,NA,national,United States,0,Outcome,Net productivity (output per hour),219.37090572161023
2026.8.14,Productivity and pay indexes,"Productivity and pay real index, base = 1948q1",quarter,1977,2,NA,national,United States,0,Outcome,Total compensation per hour,191.7576173091772
2026.8.14,Productivity and pay indexes,"Productivity and pay real index, base = 1948q1",quarter,1977,2,NA,national,United States,0,Outcome,Net productivity (output per hour),218.62780509437997
2026.8.14,Productivity and pay indexes,"Productivity and pay real index, base = 1948q1",quarter,1977,3,NA,national,United States,0,Outcome,Total compensation per hour,193.09565020945644
2026.8.14,Productivity and pay indexes,"Productivity and pay real index, base = 1948q1",quarter,1977,3,NA,national,United States,0,Outcome,Net productivity (output per hour),221.08987602162807
2026.8.14,Productivity and pay indexes,"Productivity and pay real index, base = 1948q1",quarter,1977,4,NA,national,United States,0,Outcome,Total compensation per hour,193.49936306688969
2026.8.14,Productivity and pay indexes,"Productivity and pay real index, base = 1948q1",quarter,1977,4,NA,national,United States,0,Outcome,Net productivity (output per hour),220.30105282072589
2026.8.14,Productivity and pay indexes,"Productivity and pay real index, base = 1948q1",quarter,1978,1,NA,national,United States,0,Outcome,Total compensation per hour,195.02928367186405
2026.8.14,Productivity and pay indexes,"Productivity and pay real index, base = 1948q1",quarter,1978,1,NA,national,United States,0,Outcome,Net productivity (output per hour),219.5406311651872
2026.8.14,Productivity and pay indexes,"Productivity and pay real index, base = 1948q1",quarter,1978,2,NA,national,United States,0,Outcome,Total compensation per hour,194.977198386702
2026.8.14,Productivity and pay indexes,"Productivity and pay real index, base = 1948q1",quarter,1978,2,NA,national,United States,0,Outcome,Net productivity (output per hour),222.66833230302504
2026.8.14,Productivity and pay indexes,"Productivity and pay real index, base = 1948q1",quarter,1978,3,NA,national,United States,0,Outcome,Total compensation per hour,194.84911164825817
2026.8.14,Productivity and pay indexes,"Productivity and pay real index, base = 1948q1",quarter,1978,3,NA,national,United States,0,Outcome,Net productivity (output per hour),222.51115926252825
2026.8.14,Productivity and pay indexes,"Productivity and pay real index, base = 1948q1",quarter,1978,4,NA,national,United States,0,Outcome,Total compensation per hour,195.41894037263123
2026.8.14,Productivity and pay indexes,"Productivity and pay real index, base = 1948q1",quarter,1978,4,NA,national,United States,0,Outcome,Net productivity (output per hour),224.01127622959208
2026.8.14,Productivity and pay indexes,"Productivity and pay real index, base = 1948q1",quarter,1979,1,NA,national,United States,0,Outcome,Total compensation per hour,195.10428541650657
2026.8.14,Productivity and pay indexes,"Productivity and pay real index, base = 1948q1",quarter,1979,1,NA,national,United States,0,Outcome,Net productivity (output per hour),221.6777704103864
2026.8.14,Productivity and pay indexes,"Productivity and pay real index, base = 1948q1",quarter,1979,2,NA,national,United States,0,Outcome,Total compensation per hour,192.9830021013356
2026.8.14,Productivity and pay indexes,"Productivity and pay real index, base = 1948q1",quarter,1979,2,NA,national,United States,0,Outcome,Net productivity (output per hour),220.6687592351934
2026.8.14,Productivity and pay indexes,"Productivity and pay real index, base = 1948q1",quarter,1979,3,NA,national,United States,0,Outcome,Total compensation per hour,192.22752845540535
2026.8.14,Productivity and pay indexes,"Productivity and pay real index, base = 1948q1",quarter,1979,3,NA,national,United States,0,Outcome,Net productivity (output per hour),218.92764331807064
2026.8.14,Productivity and pay indexes,"Productivity and pay real index, base = 1948q1",quarter,1979,4,NA,national,United States,0,Outcome,Total compensation per hour,190.6720692069789
2026.8.14,Productivity and pay indexes,"Productivity and pay real index, base = 1948q1",quarter,1979,4,NA,national,United States,0,Outcome,Net productivity (output per hour),216.84015731925336
2026.8.14,Productivity and pay indexes,"Productivity and pay real index, base = 1948q1",quarter,1980,1,NA,national,United States,0,Outcome,Total compensation per hour,188.28956999384496
2026.8.14,Productivity and pay indexes,"Productivity and pay real index, base = 1948q1",quarter,1980,1,NA,national,United States,0,Outcome,Net productivity (output per hour),215.7088588818712
2026.8.14,Productivity and pay indexes,"Productivity and pay real index, base = 1948q1",quarter,1980,2,NA,national,United States,0,Outcome,Total compensation per hour,188.21208922715033
2026.8.14,Productivity and pay indexes,"Productivity and pay real index, base = 1948q1",quarter,1980,2,NA,national,United States,0,Outcome,Net productivity (output per hour),212.90641668472
2026.8.14,Productivity and pay indexes,"Productivity and pay real index, base = 1948q1",quarter,1980,3,NA,national,United States,0,Outcome,Total compensation per hour,187.85907928728713
2026.8.14,Productivity and pay indexes,"Productivity and pay real index, base = 1948q1",quarter,1980,3,NA,national,United States,0,Outcome,Net productivity (output per hour),212.77097297690295
2026.8.14,Productivity and pay indexes,"Productivity and pay real index, base = 1948q1",quarter,1980,4,NA,national,United States,0,Outcome,Total compensation per hour,187.6609060247958
2026.8.14,Productivity and pay indexes,"Productivity and pay real index, base = 1948q1",quarter,1980,4,NA,national,United States,0,Outcome,Net productivity (output per hour),214.72856753213256
2026.8.14,Productivity and pay indexes,"Productivity and pay real index, base = 1948q1",quarter,1981,1,NA,national,United States,0,Outcome,Total compensation per hour,186.76090295344488
2026.8.14,Productivity and pay indexes,"Productivity and pay real index, base = 1948q1",quarter,1981,1,NA,national,United States,0,Outcome,Net productivity (output per hour),217.90607101070245
2026.8.14,Productivity and pay indexes,"Productivity and pay real index, base = 1948q1",quarter,1981,2,NA,national,United States,0,Outcome,Total compensation per hour,187.2873835849363
2026.8.14,Productivity and pay indexes,"Productivity and pay real index, base = 1948q1",quarter,1981,2,NA,national,United States,0,Outcome,Net productivity (output per hour),216.7967519183407
2026.8.14,Productivity and pay indexes,"Productivity and pay real index, base = 1948q1",quarter,1981,3,NA,national,United States,0,Outcome,Total compensation per hour,187.15843291518368
2026.8.14,Productivity and pay indexes,"Productivity and pay real index, base = 1948q1",quarter,1981,3,NA,national,United States,0,Outcome,Net productivity (output per hour),219.18453295699467
2026.8.14,Productivity and pay indexes,"Productivity and pay real index, base = 1948q1",quarter,1981,4,NA,national,United States,0,Outcome,Total compensation per hour,186.47213766872216
2026.8.14,Productivity and pay indexes,"Productivity and pay real index, base = 1948q1",quarter,1981,4,NA,national,United States,0,Outcome,Net productivity (output per hour),215.97209887805357
2026.8.14,Productivity and pay indexes,"Productivity and pay real index, base = 1948q1",quarter,1982,1,NA,national,United States,0,Outcome,Total compensation per hour,187.2899055591533
2026.8.14,Productivity and pay indexes,"Productivity and pay real index, base = 1948q1",quarter,1982,1,NA,national,United States,0,Outcome,Net productivity (output per hour),215.423991954277
2026.8.14,Productivity and pay indexes,"Productivity and pay real index, base = 1948q1",quarter,1982,2,NA,national,United States,0,Outcome,Total compensation per hour,187.82676763220263
2026.8.14,Productivity and pay indexes,"Productivity and pay real index, base = 1948q1",quarter,1982,2,NA,national,United States,0,Outcome,Net productivity (output per hour),215.13366011967983
2026.8.14,Productivity and pay indexes,"Productivity and pay real index, base = 1948q1",quarter,1982,3,NA,national,United States,0,Outcome,Total compensation per hour,187.50458173669304
2026.8.14,Productivity and pay indexes,"Productivity and pay real index, base = 1948q1",quarter,1982,3,NA,national,United States,0,Outcome,Net productivity (output per hour),214.88395982132224
2026.8.14,Productivity and pay indexes,"Productivity and pay real index, base = 1948q1",quarter,1982,4,NA,national,United States,0,Outcome,Total compensation per hour,187.05565254997128
2026.8.14,Productivity and pay indexes,"Productivity and pay real index, base = 1948q1",quarter,1982,4,NA,national,United States,0,Outcome,Net productivity (output per hour),215.91991204398843
2026.8.14,Productivity and pay indexes,"Productivity and pay real index, base = 1948q1",quarter,1983,1,NA,national,United States,0,Outcome,Total compensation per hour,189.19027707471224
2026.8.14,Productivity and pay indexes,"Productivity and pay real index, base = 1948q1",quarter,1983,1,NA,national,United States,0,Outcome,Net productivity (output per hour),218.7328121419368
2026.8.14,Productivity and pay indexes,"Productivity and pay real index, base = 1948q1",quarter,1983,2,NA,national,United States,0,Outcome,Total compensation per hour,188.9380174733149
2026.8.14,Productivity and pay indexes,"Productivity and pay real index, base = 1948q1",quarter,1983,2,NA,national,United States,0,Outcome,Net productivity (output per hour),221.69224073153825
2026.8.14,Productivity and pay indexes,"Productivity and pay real index, base = 1948q1",quarter,1983,3,NA,national,United States,0,Outcome,Total compensation per hour,188.57931164352172
2026.8.14,Productivity and pay indexes,"Productivity and pay real index, base = 1948q1",quarter,1983,3,NA,national,United States,0,Outcome,Net productivity (output per hour),223.03100327409064
2026.8.14,Productivity and pay indexes,"Productivity and pay real index, base = 1948q1",quarter,1983,4,NA,national,United States,0,Outcome,Total compensation per hour,188.48257230819857
2026.8.14,Productivity and pay indexes,"Productivity and pay real index, base = 1948q1",quarter,1983,4,NA,national,United States,0,Outcome,Net productivity (output per hour),225.20384573761953
2026.8.14,Productivity and pay indexes,"Productivity and pay real index, base = 1948q1",quarter,1984,1,NA,national,United States,0,Outcome,Total compensation per hour,188.00384087366655
2026.8.14,Productivity and pay indexes,"Productivity and pay real index, base = 1948q1",quarter,1984,1,NA,national,United States,0,Outcome,Net productivity (output per hour),225.46312525736937
2026.8.14,Productivity and pay indexes,"Productivity and pay real index, base = 1948q1",quarter,1984,2,NA,national,United States,0,Outcome,Total compensation per hour,187.66149504526177
2026.8.14,Productivity and pay indexes,"Productivity and pay real index, base = 1948q1",quarter,1984,2,NA,national,United States,0,Outcome,Net productivity (output per hour),226.92609853001704
2026.8.14,Productivity and pay indexes,"Productivity and pay real index, base = 1948q1",quarter,1984,3,NA,national,United States,0,Outcome,Total compensation per hour,187.5895711918782
2026.8.14,Productivity and pay indexes,"Productivity and pay real index, base = 1948q1",quarter,1984,3,NA,national,United States,0,Outcome,Net productivity (output per hour),228.207897327458
2026.8.14,Productivity and pay indexes,"Productivity and pay real index, base = 1948q1",quarter,1984,4,NA,national,United States,0,Outcome,Total compensation per hour,187.41685325457385
2026.8.14,Productivity and pay indexes,"Productivity and pay real index, base = 1948q1",quarter,1984,4,NA,national,United States,0,Outcome,Net productivity (output per hour),228.6937224712449
2026.8.14,Productivity and pay indexes,"Productivity and pay real index, base = 1948q1",quarter,1985,1,NA,national,United States,0,Outcome,Total compensation per hour,187.22252914511824
2026.8.14,Productivity and pay indexes,"Productivity and pay real index, base = 1948q1",quarter,1985,1,NA,national,United States,0,Outcome,Net productivity (output per hour),229.90879028472847
2026.8.14,Productivity and pay indexes,"Productivity and pay real index, base = 1948q1",quarter,1985,2,NA,national,United States,0,Outcome,Total compensation per hour,187.2940136829749
2026.8.14,Productivity and pay indexes,"Productivity and pay real index, base = 1948q1",quarter,1985,2,NA,national,United States,0,Outcome,Net productivity (output per hour),229.94741869065413
2026.8.14,Productivity and pay indexes,"Productivity and pay real index, base = 1948q1",quarter,1985,3,NA,national,United States,0,Outcome,Total compensation per hour,187.55286632784168
2026.8.14,Productivity and pay indexes,"Productivity and pay real index, base = 1948q1",quarter,1985,3,NA,national,United States,0,Outcome,Net productivity (output per hour),232.5441222606721
2026.8.14,Productivity and pay indexes,"Productivity and pay real index, base = 1948q1",quarter,1985,4,NA,national,United States,0,Outcome,Total compensation per hour,187.2138429448367
2026.8.14,Productivity and pay indexes,"Productivity and pay real index, base = 1948q1",quarter,1985,4,NA,national,United States,0,Outcome,Net productivity (output per hour),232.28742221445327
2026.8.14,Productivity and pay indexes,"Productivity and pay real index, base = 1948q1",quarter,1986,1,NA,national,United States,0,Outcome,Total compensation per hour,187.4254758582616
2026.8.14,Productivity and pay indexes,"Productivity and pay real index, base = 1948q1",quarter,1986,1,NA,national,United States,0,Outcome,Net productivity (output per hour),234.16722638706244
2026.8.14,Productivity and pay indexes,"Productivity and pay real index, base = 1948q1",quarter,1986,2,NA,national,United States,0,Outcome,Total compensation per hour,189.402386419845
2026.8.14,Productivity and pay indexes,"Productivity and pay real index, base = 1948q1",quarter,1986,2,NA,national,United States,0,Outcome,Net productivity (output per hour),237.112265795969
2026.8.14,Productivity and pay indexes,"Productivity and pay real index, base = 1948q1",quarter,1986,3,NA,national,United States,0,Outcome,Total compensation per hour,189.36382485255265
2026.8.14,Productivity and pay indexes,"Productivity and pay real index, base = 1948q1",quarter,1986,3,NA,national,United States,0,Outcome,Net productivity (output per hour),237.8994680676077
2026.8.14,Productivity and pay indexes,"Productivity and pay real index, base = 1948q1",quarter,1986,4,NA,national,United States,0,Outcome,Total compensation per hour,189.3001173885567
2026.8.14,Productivity and pay indexes,"Productivity and pay real index, base = 1948q1",quarter,1986,4,NA,national,United States,0,Outcome,Net productivity (output per hour),236.68730469627923
2026.8.14,Productivity and pay indexes,"Productivity and pay real index, base = 1948q1",quarter,1987,1,NA,national,United States,0,Outcome,Total compensation per hour,187.83314778774317
2026.8.14,Productivity and pay indexes,"Productivity and pay real index, base = 1948q1",quarter,1987,1,NA,national,United States,0,Outcome,Net productivity (output per hour),234.47149545846025
2026.8.14,Productivity and pay indexes,"Productivity and pay real index, base = 1948q1",quarter,1987,2,NA,national,United States,0,Outcome,Total compensation per hour,187.0023850817094
2026.8.14,Productivity and pay indexes,"Productivity and pay real index, base = 1948q1",quarter,1987,2,NA,national,United States,0,Outcome,Net productivity (output per hour),235.1652073574567
2026.8.14,Productivity and pay indexes,"Productivity and pay real index, base = 1948q1",quarter,1987,3,NA,national,United States,0,Outcome,Total compensation per hour,186.36260332407355
2026.8.14,Productivity and pay indexes,"Productivity and pay real index, base = 1948q1",quarter,1987,3,NA,national,United States,0,Outcome,Net productivity (output per hour),235.05098951747425
2026.8.14,Productivity and pay indexes,"Productivity and pay real index, base = 1948q1",quarter,1987,4,NA,national,United States,0,Outcome,Total compensation per hour,186.39506516297348
2026.8.14,Productivity and pay indexes,"Productivity and pay real index, base = 1948q1",quarter,1987,4,NA,national,United States,0,Outcome,Net productivity (output per hour),236.9890666685186
2026.8.14,Productivity and pay indexes,"Productivity and pay real index, base = 1948q1",quarter,1988,1,NA,national,United States,0,Outcome,Total compensation per hour,186.3195002821196
2026.8.14,Productivity and pay indexes,"Productivity and pay real index, base = 1948q1",quarter,1988,1,NA,national,United States,0,Outcome,Net productivity (output per hour),237.6358183771784
2026.8.14,Productivity and pay indexes,"Productivity and pay real index, base = 1948q1",quarter,1988,2,NA,national,United States,0,Outcome,Total compensation per hour,186.3576348970204
2026.8.14,Productivity and pay indexes,"Productivity and pay real index, base = 1948q1",quarter,1988,2,NA,national,United States,0,Outcome,Net productivity (output per hour),237.98856688194587
2026.8.14,Productivity and pay indexes,"Productivity and pay real index, base = 1948q1",quarter,1988,3,NA,national,United States,0,Outcome,Total compensation per hour,186.07086098966775
2026.8.14,Productivity and pay indexes,"Productivity and pay real index, base = 1948q1",quarter,1988,3,NA,national,United States,0,Outcome,Net productivity (output per hour),239.00122703464297
2026.8.14,Productivity and pay indexes,"Productivity and pay real index, base = 1948q1",quarter,1988,4,NA,national,United States,0,Outcome,Total compensation per hour,186.65370503493975
2026.8.14,Productivity and pay indexes,"Productivity and pay real index, base = 1948q1",quarter,1988,4,NA,national,United States,0,Outcome,Net productivity (output per hour),239.55991074224156
2026.8.14,Productivity and pay indexes,"Productivity and pay real index, base = 1948q1",quarter,1989,1,NA,national,United States,0,Outcome,Total compensation per hour,186.8010426705035
2026.8.14,Productivity and pay indexes,"Productivity and pay real index, base = 1948q1",quarter,1989,1,NA,national,United States,0,Outcome,Net productivity (output per hour),239.70454297468584
2026.8.14,Productivity and pay indexes,"Productivity and pay real index, base = 1948q1",quarter,1989,2,NA,national,United States,0,Outcome,Total compensation per hour,186.0319821786984
2026.8.14,Productivity and pay indexes,"Productivity and pay real index, base = 1948q1",quarter,1989,2,NA,national,United States,0,Outcome,Net productivity (output per hour),239.8217236051621
2026.8.14,Productivity and pay indexes,"Productivity and pay real index, base = 1948q1",quarter,1989,3,NA,national,United States,0,Outcome,Total compensation per hour,186.60261757887776
2026.8.14,Productivity and pay indexes,"Productivity and pay real index, base = 1948q1",quarter,1989,3,NA,national,United States,0,Outcome,Net productivity (output per hour),240.79706047982904
2026.8.14,Productivity and pay indexes,"Productivity and pay real index, base = 1948q1",quarter,1989,4,NA,national,United States,0,Outcome,Total compensation per hour,187.1390751998669
2026.8.14,Productivity and pay indexes,"Productivity and pay real index, base = 1948q1",quarter,1989,4,NA,national,United States,0,Outcome,Net productivity (output per hour),240.3722443567117
2026.8.14,Productivity and pay indexes,"Productivity and pay real index, base = 1948q1",quarter,1990,1,NA,national,United States,0,Outcome,Total compensation per hour,186.76452216255197
2026.8.14,Productivity and pay indexes,"Productivity and pay real index, base = 1948q1",quarter,1990,1,NA,national,United States,0,Outcome,Net productivity (output per hour),241.5678619076153
2026.8.14,Productivity and pay indexes,"Productivity and pay real index, base = 1948q1",quarter,1990,2,NA,national,United States,0,Outcome,Total compensation per hour,186.581204567138
2026.8.14,Productivity and pay indexes,"Productivity and pay real index, base = 1948q1",quarter,1990,2,NA,national,United States,0,Outcome,Net productivity (output per hour),243.50010006578117
2026.8.14,Productivity and pay indexes,"Productivity and pay real index, base = 1948q1",quarter,1990,3,NA,national,United States,0,Outcome,Total compensation per hour,184.8744149725112
2026.8.14,Productivity and pay indexes,"Productivity and pay real index, base = 1948q1",quarter,1990,3,NA,national,United States,0,Outcome,Net productivity (output per hour),241.7435113403846
2026.8.14,Productivity and pay indexes,"Productivity and pay real index, base = 1948q1",quarter,1990,4,NA,national,United States,0,Outcome,Total compensation per hour,183.8143225885237
2026.8.14,Productivity and pay indexes,"Productivity and pay real index, base = 1948q1",quarter,1990,4,NA,national,United States,0,Outcome,Net productivity (output per hour),237.7273387185174
2026.8.14,Productivity and pay indexes,"Productivity and pay real index, base = 1948q1",quarter,1991,1,NA,national,United States,0,Outcome,Total compensation per hour,184.51972685177736
2026.8.14,Productivity and pay indexes,"Productivity and pay real index, base = 1948q1",quarter,1991,1,NA,national,United States,0,Outcome,Net productivity (output per hour),238.9115548251897
2026.8.14,Productivity and pay indexes,"Productivity and pay real index, base = 1948q1",quarter,1991,2,NA,national,United States,0,Outcome,Total compensation per hour,185.68122987187735
2026.8.14,Productivity and pay indexes,"Productivity and pay real index, base = 1948q1",quarter,1991,2,NA,national,United States,0,Outcome,Net productivity (output per hour),242.67576344176223
2026.8.14,Productivity and pay indexes,"Productivity and pay real index, base = 1948q1",quarter,1991,3,NA,national,United States,0,Outcome,Total compensation per hour,186.2282946991284
2026.8.14,Productivity and pay indexes,"Productivity and pay real index, base = 1948q1",quarter,1991,3,NA,national,United States,0,Outcome,Net productivity (output per hour),244.3080043102329
2026.8.14,Productivity and pay indexes,"Productivity and pay real index, base = 1948q1",quarter,1991,4,NA,national,United States,0,Outcome,Total compensation per hour,186.3757037188937
2026.8.14,Productivity and pay indexes,"Productivity and pay real index, base = 1948q1",quarter,1991,4,NA,national,United States,0,Outcome,Net productivity (output per hour),245.13534122053113
2026.8.14,Productivity and pay indexes,"Productivity and pay real index, base = 1948q1",quarter,1992,1,NA,national,United States,0,Outcome,Total compensation per hour,186.65825313387316
2026.8.14,Productivity and pay indexes,"Productivity and pay real index, base = 1948q1",quarter,1992,1,NA,national,United States,0,Outcome,Net productivity (output per hour),248.9792417718808
2026.8.14,Productivity and pay indexes,"Productivity and pay real index, base = 1948q1",quarter,1992,2,NA,national,United States,0,Outcome,Total compensation per hour,187.41138958178465
2026.8.14,Productivity and pay indexes,"Productivity and pay real index, base = 1948q1",quarter,1992,2,NA,national,United States,0,Outcome,Net productivity (output per hour),250.9356382160573
2026.8.14,Productivity and pay indexes,"Productivity and pay real index, base = 1948q1",quarter,1992,3,NA,national,United States,0,Outcome,Total compensation per hour,187.72364042314712
2026.8.14,Productivity and pay indexes,"Productivity and pay real index, base = 1948q1",quarter,1992,3,NA,national,United States,0,Outcome,Net productivity (output per hour),253.46075616636705
2026.8.14,Productivity and pay indexes,"Productivity and pay real index, base = 1948q1",quarter,1992,4,NA,national,United States,0,Outcome,Total compensation per hour,186.96118126747575
2026.8.14,Productivity and pay indexes,"Productivity and pay real index, base = 1948q1",quarter,1992,4,NA,national,United States,0,Outcome,Net productivity (output per hour),254.6127157892534
2026.8.14,Productivity and pay indexes,"Productivity and pay real index, base = 1948q1",quarter,1993,1,NA,national,United States,0,Outcome,Total compensation per hour,188.3125662412119
2026.8.14,Productivity and pay indexes,"Productivity and pay real index, base = 1948q1",quarter,1993,1,NA,national,United States,0,Outcome,Net productivity (output per hour),253.40887175540684
2026.8.14,Productivity and pay indexes,"Productivity and pay real index, base = 1948q1",quarter,1993,2,NA,national,United States,0,Outcome,Total compensation per hour,187.52084022365003
2026.8.14,Productivity and pay indexes,"Productivity and pay real index, base = 1948q1",quarter,1993,2,NA,national,United States,0,Outcome,Net productivity (output per hour),252.008926990239
2026.8.14,Productivity and pay indexes,"Productivity and pay real index, base = 1948q1",quarter,1993,3,NA,national,United States,0,Outcome,Total compensation per hour,187.68764077654907
2026.8.14,Productivity and pay indexes,"Productivity and pay real index, base = 1948q1",quarter,1993,3,NA,national,United States,0,Outcome,Net productivity (output per hour),252.77328383051193
2026.8.14,Productivity and pay indexes,"Productivity and pay real index, base = 1948q1",quarter,1993,4,NA,national,United States,0,Outcome,Total compensation per hour,187.8272674111783
2026.8.14,Productivity and pay indexes,"Productivity and pay real index, base = 1948q1",quarter,1993,4,NA,national,United States,0,Outcome,Net productivity (output per hour),254.484698949838
2026.8.14,Productivity and pay indexes,"Productivity and pay real index, base = 1948q1",quarter,1994,1,NA,national,United States,0,Outcome,Total compensation per hour,188.80025637948447
2026.8.14,Productivity and pay indexes,"Productivity and pay real index, base = 1948q1",quarter,1994,1,NA,national,United States,0,Outcome,Net productivity (output per hour),255.5756036624603
2026.8.14,Productivity and pay indexes,"Productivity and pay real index, base = 1948q1",quarter,1994,2,NA,national,United States,0,Outcome,Total compensation per hour,188.2327539126536
2026.8.14,Productivity and pay indexes,"Productivity and pay real index, base = 1948q1",quarter,1994,2,NA,national,United States,0,Outcome,Net productivity (output per hour),255.12233156740623
2026.8.14,Productivity and pay indexes,"Productivity and pay real index, base = 1948q1",quarter,1994,3,NA,national,United States,0,Outcome,Total compensation per hour,188.01192932831316
2026.8.14,Productivity and pay indexes,"Productivity and pay real index, base = 1948q1",quarter,1994,3,NA,national,United States,0,Outcome,Net productivity (output per hour),253.84111128837517
2026.8.14,Productivity and pay indexes,"Productivity and pay real index, base = 1948q1",quarter,1994,4,NA,national,United States,0,Outcome,Total compensation per hour,188.1791981992959
2026.8.14,Productivity and pay indexes,"Productivity and pay real index, base = 1948q1",quarter,1994,4,NA,national,United States,0,Outcome,Net productivity (output per hour),256.2905114361162
2026.8.14,Productivity and pay indexes,"Productivity and pay real index, base = 1948q1",quarter,1995,1,NA,national,United States,0,Outcome,Total compensation per hour,187.5681848969056
2026.8.14,Productivity and pay indexes,"Productivity and pay real index, base = 1948q1",quarter,1995,1,NA,national,United States,0,Outcome,Net productivity (output per hour),254.9618668822908
2026.8.14,Productivity and pay indexes,"Productivity and pay real index, base = 1948q1",quarter,1995,2,NA,national,United States,0,Outcome,Total compensation per hour,187.18877509539163
2026.8.14,Productivity and pay indexes,"Productivity and pay real index, base = 1948q1",quarter,1995,2,NA,national,United States,0,Outcome,Net productivity (output per hour),254.9945508461899
2026.8.14,Productivity and pay indexes,"Productivity and pay real index, base = 1948q1",quarter,1995,3,NA,national,United States,0,Outcome,Total compensation per hour,187.5166413214639
2026.8.14,Productivity and pay indexes,"Productivity and pay real index, base = 1948q1",quarter,1995,3,NA,national,United States,0,Outcome,Net productivity (output per hour),254.97631148921383
2026.8.14,Productivity and pay indexes,"Productivity and pay real index, base = 1948q1",quarter,1995,4,NA,national,United States,0,Outcome,Total compensation per hour,187.82072108751495
2026.8.14,Productivity and pay indexes,"Productivity and pay real index, base = 1948q1",quarter,1995,4,NA,national,United States,0,Outcome,Net productivity (output per hour),256.7861282198647
2026.8.14,Productivity and pay indexes,"Productivity and pay real index, base = 1948q1",quarter,1996,1,NA,national,United States,0,Outcome,Total compensation per hour,187.63931976888747
2026.8.14,Productivity and pay indexes,"Productivity and pay real index, base = 1948q1",quarter,1996,1,NA,national,United States,0,Outcome,Net productivity (output per hour),258.34721440303827
2026.8.14,Productivity and pay indexes,"Productivity and pay real index, base = 1948q1",quarter,1996,2,NA,national,United States,0,Outcome,Total compensation per hour,187.54560746225565
2026.8.14,Productivity and pay indexes,"Productivity and pay real index, base = 1948q1",quarter,1996,2,NA,national,United States,0,Outcome,Net productivity (output per hour),259.1221559401908
2026.8.14,Productivity and pay indexes,"Productivity and pay real index, base = 1948q1",quarter,1996,3,NA,national,United States,0,Outcome,Total compensation per hour,188.03522216940783
2026.8.14,Productivity and pay indexes,"Productivity and pay real index, base = 1948q1",quarter,1996,3,NA,national,United States,0,Outcome,Net productivity (output per hour),258.97050110204447
2026.8.14,Productivity and pay indexes,"Productivity and pay real index, base = 1948q1",quarter,1996,4,NA,national,United States,0,Outcome,Total compensation per hour,187.873550235401
2026.8.14,Productivity and pay indexes,"Productivity and pay real index, base = 1948q1",quarter,1996,4,NA,national,United States,0,Outcome,Net productivity (output per hour),258.8870686216978
2026.8.14,Productivity and pay indexes,"Productivity and pay real index, base = 1948q1",quarter,1997,1,NA,national,United States,0,Outcome,Total compensation per hour,188.26099972928583
2026.8.14,Productivity and pay indexes,"Productivity and pay real index, base = 1948q1",quarter,1997,1,NA,national,United States,0,Outcome,Net productivity (output per hour),259.32839785048935
2026.8.14,Productivity and pay indexes,"Productivity and pay real index, base = 1948q1",quarter,1997,2,NA,national,United States,0,Outcome,Total compensation per hour,189.3584917346751
2026.8.14,Productivity and pay indexes,"Productivity and pay real index, base = 1948q1",quarter,1997,2,NA,national,United States,0,Outcome,Net productivity (output per hour),262.2210490890009
2026.8.14,Productivity and pay indexes,"Productivity and pay real index, base = 1948q1",quarter,1997,3,NA,national,United States,0,Outcome,Total compensation per hour,190.42064559886677
2026.8.14,Productivity and pay indexes,"Productivity and pay real index, base = 1948q1",quarter,1997,3,NA,national,United States,0,Outcome,Net productivity (output per hour),264.44510406231683
2026.8.14,Productivity and pay indexes,"Productivity and pay real index, base = 1948q1",quarter,1997,4,NA,national,United States,0,Outcome,Total compensation per hour,191.5549980100672
2026.8.14,Productivity and pay indexes,"Productivity and pay real index, base = 1948q1",quarter,1997,4,NA,national,United States,0,Outcome,Net productivity (output per hour),264.8795050937507
2026.8.14,Productivity and pay indexes,"Productivity and pay real index, base = 1948q1",quarter,1998,1,NA,national,United States,0,Outcome,Total compensation per hour,192.92886665973455
2026.8.14,Productivity and pay indexes,"Productivity and pay real index, base = 1948q1",quarter,1998,1,NA,national,United States,0,Outcome,Net productivity (output per hour),265.67723924783525
2026.8.14,Productivity and pay indexes,"Productivity and pay real index, base = 1948q1",quarter,1998,2,NA,national,United States,0,Outcome,Total compensation per hour,194.25447298572325
2026.8.14,Productivity and pay indexes,"Productivity and pay real index, base = 1948q1",quarter,1998,2,NA,national,United States,0,Outcome,Net productivity (output per hour),266.3477731835686
2026.8.14,Productivity and pay indexes,"Productivity and pay real index, base = 1948q1",quarter,1998,3,NA,national,United States,0,Outcome,Total compensation per hour,194.96812478492393
2026.8.14,Productivity and pay indexes,"Productivity and pay real index, base = 1948q1",quarter,1998,3,NA,national,United States,0,Outcome,Net productivity (output per hour),269.4807731688319
2026.8.14,Productivity and pay indexes,"Productivity and pay real index, base = 1948q1",quarter,1998,4,NA,national,United States,0,Outcome,Total compensation per hour,195.78011977608233
2026.8.14,Productivity and pay indexes,"Productivity and pay real index, base = 1948q1",quarter,1998,4,NA,national,United States,0,Outcome,Net productivity (output per hour),270.8613220043057
2026.8.14,Productivity and pay indexes,"Productivity and pay real index, base = 1948q1",quarter,1999,1,NA,national,United States,0,Outcome,Total compensation per hour,196.93510403768352
2026.8.14,Productivity and pay indexes,"Productivity and pay real index, base = 1948q1",quarter,1999,1,NA,national,United States,0,Outcome,Net productivity (output per hour),273.8048873506533
2026.8.14,Productivity and pay indexes,"Productivity and pay real index, base = 1948q1",quarter,1999,2,NA,national,United States,0,Outcome,Total compensation per hour,197.19784142137652
2026.8.14,Productivity and pay indexes,"Productivity and pay real index, base = 1948q1",quarter,1999,2,NA,national,United States,0,Outcome,Net productivity (output per hour),272.3741005694174
2026.8.14,Productivity and pay indexes,"Productivity and pay real index, base = 1948q1",quarter,1999,3,NA,national,United States,0,Outcome,Total compensation per hour,197.72702068319643
2026.8.14,Productivity and pay indexes,"Productivity and pay real index, base = 1948q1",quarter,1999,3,NA,national,United States,0,Outcome,Net productivity (output per hour),273.7601076817224
2026.8.14,Productivity and pay indexes,"Productivity and pay real index, base = 1948q1",quarter,1999,4,NA,national,United States,0,Outcome,Total compensation per hour,197.9599466997486
2026.8.14,Productivity and pay indexes,"Productivity and pay real index, base = 1948q1",quarter,1999,4,NA,national,United States,0,Outcome,Net productivity (output per hour),276.2996910006736
2026.8.14,Productivity and pay indexes,"Productivity and pay real index, base = 1948q1",quarter,2000,1,NA,national,United States,0,Outcome,Total compensation per hour,196.94162399354013
2026.8.14,Productivity and pay indexes,"Productivity and pay real index, base = 1948q1",quarter,2000,1,NA,national,United States,0,Outcome,Net productivity (output per hour),273.2223155910137
2026.8.14,Productivity and pay indexes,"Productivity and pay real index, base = 1948q1",quarter,2000,2,NA,national,United States,0,Outcome,Total compensation per hour,198.03275991518785
2026.8.14,Productivity and pay indexes,"Productivity and pay real index, base = 1948q1",quarter,2000,2,NA,national,United States,0,Outcome,Net productivity (output per hour),277.8799600044001
2026.8.14,Productivity and pay indexes,"Productivity and pay real index, base = 1948q1",quarter,2000,3,NA,national,United States,0,Outcome,Total compensation per hour,198.4745642622924
2026.8.14,Productivity and pay indexes,"Productivity and pay real index, base = 1948q1",quarter,2000,3,NA,national,United States,0,Outcome,Net productivity (output per hour),277.79074710541727
2026.8.14,Productivity and pay indexes,"Productivity and pay real index, base = 1948q1",quarter,2000,4,NA,national,United States,0,Outcome,Total compensation per hour,199.95879969796573
2026.8.14,Productivity and pay indexes,"Productivity and pay real index, base = 1948q1",quarter,2000,4,NA,national,United States,0,Outcome,Net productivity (output per hour),280.7101217494939
2026.8.14,Productivity and pay indexes,"Productivity and pay real index, base = 1948q1",quarter,2001,1,NA,national,United States,0,Outcome,Total compensation per hour,200.43131989619795
2026.8.14,Productivity and pay indexes,"Productivity and pay real index, base = 1948q1",quarter,2001,1,NA,national,United States,0,Outcome,Net productivity (output per hour),278.412793957868
2026.8.14,Productivity and pay indexes,"Productivity and pay real index, base = 1948q1",quarter,2001,2,NA,national,United States,0,Outcome,Total compensation per hour,201.60068225029175
2026.8.14,Productivity and pay indexes,"Productivity and pay real index, base = 1948q1",quarter,2001,2,NA,national,United States,0,Outcome,Net productivity (output per hour),281.7280720707544
2026.8.14,Productivity and pay indexes,"Productivity and pay real index, base = 1948q1",quarter,2001,3,NA,national,United States,0,Outcome,Total compensation per hour,202.85645566595176
2026.8.14,Productivity and pay indexes,"Productivity and pay real index, base = 1948q1",quarter,2001,3,NA,national,United States,0,Outcome,Net productivity (output per hour),282.220067058474
2026.8.14,Productivity and pay indexes,"Productivity and pay real index, base = 1948q1",quarter,2001,4,NA,national,United States,0,Outcome,Total compensation per hour,205.04729142667563
2026.8.14,Productivity and pay indexes,"Productivity and pay real index, base = 1948q1",quarter,2001,4,NA,national,United States,0,Outcome,Net productivity (output per hour),285.7723537340674
2026.8.14,Productivity and pay indexes,"Productivity and pay real index, base = 1948q1",quarter,2002,1,NA,national,United States,0,Outcome,Total compensation per hour,206.2122039395387
2026.8.14,Productivity and pay indexes,"Productivity and pay real index, base = 1948q1",quarter,2002,1,NA,national,United States,0,Outcome,Net productivity (output per hour),290.6996229126247
2026.8.14,Productivity and pay indexes,"Productivity and pay real index, base = 1948q1",quarter,2002,2,NA,national,United States,0,Outcome,Total compensation per hour,206.3211373776916
2026.8.14,Productivity and pay indexes,"Productivity and pay real index, base = 1948q1",quarter,2002,2,NA,national,United States,0,Outcome,Net productivity (output per hour),290.4907207936379
2026.8.14,Productivity and pay indexes,"Productivity and pay real index, base = 1948q1",quarter,2002,3,NA,national,United States,0,Outcome,Total compensation per hour,207.50577465466495
2026.8.14,Productivity and pay indexes,"Productivity and pay real index, base = 1948q1",quarter,2002,3,NA,national,United States,0,Outcome,Net productivity (output per hour),291.99995903933143
2026.8.14,Productivity and pay indexes,"Productivity and pay real index, base = 1948q1",quarter,2002,4,NA,national,United States,0,Outcome,Total compensation per hour,209.1247152084674
2026.8.14,Productivity and pay indexes,"Productivity and pay real index, base = 1948q1",quarter,2002,4,NA,national,United States,0,Outcome,Net productivity (output per hour),292.40852231688126
2026.8.14,Productivity and pay indexes,"Productivity and pay real index, base = 1948q1",quarter,2003,1,NA,national,United States,0,Outcome,Total compensation per hour,209.15808998088204
2026.8.14,Productivity and pay indexes,"Productivity and pay real index, base = 1948q1",quarter,2003,1,NA,national,United States,0,Outcome,Net productivity (output per hour),294.1870279159567
2026.8.14,Productivity and pay indexes,"Productivity and pay real index, base = 1948q1",quarter,2003,2,NA,national,United States,0,Outcome,Total compensation per hour,210.58335157024595
2026.8.14,Productivity and pay indexes,"Productivity and pay real index, base = 1948q1",quarter,2003,2,NA,national,United States,0,Outcome,Net productivity (output per hour),299.92262558660036
2026.8.14,Productivity and pay indexes,"Productivity and pay real index, base = 1948q1",quarter,2003,3,NA,national,United States,0,Outcome,Total compensation per hour,210.3532602578916
2026.8.14,Productivity and pay indexes,"Productivity and pay real index, base = 1948q1",quarter,2003,3,NA,national,United States,0,Outcome,Net productivity (output per hour),303.98395240329774
2026.8.14,Productivity and pay indexes,"Productivity and pay real index, base = 1948q1",quarter,2003,4,NA,national,United States,0,Outcome,Total compensation per hour,210.0309066903164
2026.8.14,Productivity and pay indexes,"Productivity and pay real index, base = 1948q1",quarter,2003,4,NA,national,United States,0,Outcome,Net productivity (output per hour),307.2790891389642
2026.8.14,Productivity and pay indexes,"Productivity and pay real index, base = 1948q1",quarter,2004,1,NA,national,United States,0,Outcome,Total compensation per hour,210.00976082895608
2026.8.14,Productivity and pay indexes,"Productivity and pay real index, base = 1948q1",quarter,2004,1,NA,national,United States,0,Outcome,Net productivity (output per hour),307.2981471530247
2026.8.14,Productivity and pay indexes,"Productivity and pay real index, base = 1948q1",quarter,2004,2,NA,national,United States,0,Outcome,Total compensation per hour,209.82587484347985
2026.8.14,Productivity and pay indexes,"Productivity and pay real index, base = 1948q1",quarter,2004,2,NA,national,United States,0,Outcome,Net productivity (output per hour),309.8505631082419
2026.8.14,Productivity and pay indexes,"Productivity and pay real index, base = 1948q1",quarter,2004,3,NA,national,United States,0,Outcome,Total compensation per hour,209.95579164200512
2026.8.14,Productivity and pay indexes,"Productivity and pay real index, base = 1948q1",quarter,2004,3,NA,national,United States,0,Outcome,Net productivity (output per hour),311.5489147959385
2026.8.14,Productivity and pay indexes,"Productivity and pay real index, base = 1948q1",quarter,2004,4,NA,national,United States,0,Outcome,Total compensation per hour,209.2834707099067
2026.8.14,Productivity and pay indexes,"Productivity and pay real index, base = 1948q1",quarter,2004,4,NA,national,United States,0,Outcome,Net productivity (output per hour),312.8402117984656
2026.8.14,Productivity and pay indexes,"Productivity and pay real index, base = 1948q1",quarter,2005,1,NA,national,United States,0,Outcome,Total compensation per hour,210.23539655904625
2026.8.14,Productivity and pay indexes,"Productivity and pay real index, base = 1948q1",quarter,2005,1,NA,national,United States,0,Outcome,Net productivity (output per hour),316.17309734272516
2026.8.14,Productivity and pay indexes,"Productivity and pay real index, base = 1948q1",quarter,2005,2,NA,national,United States,0,Outcome,Total compensation per hour,210.58397042334065
2026.8.14,Productivity and pay indexes,"Productivity and pay real index, base = 1948q1",quarter,2005,2,NA,national,United States,0,Outcome,Net productivity (output per hour),316.7083340724711
2026.8.14,Productivity and pay indexes,"Productivity and pay real index, base = 1948q1",quarter,2005,3,NA,national,United States,0,Outcome,Total compensation per hour,209.0513954428526
2026.8.14,Productivity and pay indexes,"Productivity and pay real index, base = 1948q1",quarter,2005,3,NA,national,United States,0,Outcome,Net productivity (output per hour),315.9457266583537
2026.8.14,Productivity and pay indexes,"Productivity and pay real index, base = 1948q1",quarter,2005,4,NA,national,United States,0,Outcome,Total compensation per hour,209.03532940003183
2026.8.14,Productivity and pay indexes,"Productivity and pay real index, base = 1948q1",quarter,2005,4,NA,national,United States,0,Outcome,Net productivity (output per hour),316.68371653167367
2026.8.14,Productivity and pay indexes,"Productivity and pay real index, base = 1948q1",quarter,2006,1,NA,national,United States,0,Outcome,Total compensation per hour,209.56636831208297
2026.8.14,Productivity and pay indexes,"Productivity and pay real index, base = 1948q1",quarter,2006,1,NA,national,United States,0,Outcome,Net productivity (output per hour),319.14082401573995
2026.8.14,Productivity and pay indexes,"Productivity and pay real index, base = 1948q1",quarter,2006,2,NA,national,United States,0,Outcome,Total compensation per hour,210.0503999380634
2026.8.14,Productivity and pay indexes,"Productivity and pay real index, base = 1948q1",quarter,2006,2,NA,national,United States,0,Outcome,Net productivity (output per hour),318.3754430897946
2026.8.14,Productivity and pay indexes,"Productivity and pay real index, base = 1948q1",quarter,2006,3,NA,national,United States,0,Outcome,Total compensation per hour,210.0031139663814
2026.8.14,Productivity and pay indexes,"Productivity and pay real index, base = 1948q1",quarter,2006,3,NA,national,United States,0,Outcome,Net productivity (output per hour),316.5889879097447
2026.8.14,Productivity and pay indexes,"Productivity and pay real index, base = 1948q1",quarter,2006,4,NA,national,United States,0,Outcome,Total compensation per hour,212.64154679891715
2026.8.14,Productivity and pay indexes,"Productivity and pay real index, base = 1948q1",quarter,2006,4,NA,national,United States,0,Outcome,Net productivity (output per hour),319.8335013767473
2026.8.14,Productivity and pay indexes,"Productivity and pay real index, base = 1948q1",quarter,2007,1,NA,national,United States,0,Outcome,Total compensation per hour,212.4571610769719
2026.8.14,Productivity and pay indexes,"Productivity and pay real index, base = 1948q1",quarter,2007,1,NA,national,United States,0,Outcome,Net productivity (output per hour),321.4277998401553
2026.8.14,Productivity and pay indexes,"Productivity and pay real index, base = 1948q1",quarter,2007,2,NA,national,United States,0,Outcome,Total compensation per hour,212.92628792045025
2026.8.14,Productivity and pay indexes,"Productivity and pay real index, base = 1948q1",quarter,2007,2,NA,national,United States,0,Outcome,Net productivity (output per hour),321.2875299778981
2026.8.14,Productivity and pay indexes,"Productivity and pay real index, base = 1948q1",quarter,2007,3,NA,national,United States,0,Outcome,Total compensation per hour,213.67912109037715
2026.8.14,Productivity and pay indexes,"Productivity and pay real index, base = 1948q1",quarter,2007,3,NA,national,United States,0,Outcome,Net productivity (output per hour),323.1902838915099
2026.8.14,Productivity and pay indexes,"Productivity and pay real index, base = 1948q1",quarter,2007,4,NA,national,United States,0,Outcome,Total compensation per hour,212.70234905748885
2026.8.14,Productivity and pay indexes,"Productivity and pay real index, base = 1948q1",quarter,2007,4,NA,national,United States,0,Outcome,Net productivity (output per hour),322.71441605731235
2026.8.14,Productivity and pay indexes,"Productivity and pay real index, base = 1948q1",quarter,2008,1,NA,national,United States,0,Outcome,Total compensation per hour,212.60767523282345
2026.8.14,Productivity and pay indexes,"Productivity and pay real index, base = 1948q1",quarter,2008,1,NA,national,United States,0,Outcome,Net productivity (output per hour),319.227949786051
2026.8.14,Productivity and pay indexes,"Productivity and pay real index, base = 1948q1",quarter,2008,2,NA,national,United States,0,Outcome,Total compensation per hour,212.17695324785413
2026.8.14,Productivity and pay indexes,"Productivity and pay real index, base = 1948q1",quarter,2008,2,NA,national,United States,0,Outcome,Net productivity (output per hour),319.28628871413355
2026.8.14,Productivity and pay indexes,"Productivity and pay real index, base = 1948q1",quarter,2008,3,NA,national,United States,0,Outcome,Total compensation per hour,210.9554375751577
2026.8.14,Productivity and pay indexes,"Productivity and pay real index, base = 1948q1",quarter,2008,3,NA,national,United States,0,Outcome,Net productivity (output per hour),316.8735242117855
2026.8.14,Productivity and pay indexes,"Productivity and pay real index, base = 1948q1",quarter,2008,4,NA,national,United States,0,Outcome,Total compensation per hour,217.57129957721327
2026.8.14,Productivity and pay indexes,"Productivity and pay real index, base = 1948q1",quarter,2008,4,NA,national,United States,0,Outcome,Net productivity (output per hour),321.9043728920695
2026.8.14,Productivity and pay indexes,"Productivity and pay real index, base = 1948q1",quarter,2009,1,NA,national,United States,0,Outcome,Total compensation per hour,222.35435931020763
2026.8.14,Productivity and pay indexes,"Productivity and pay real index, base = 1948q1",quarter,2009,1,NA,national,United States,0,Outcome,Net productivity (output per hour),327.36436704750895
2026.8.14,Productivity and pay indexes,"Productivity and pay real index, base = 1948q1",quarter,2009,2,NA,national,United States,0,Outcome,Total compensation per hour,222.48926609539024
2026.8.14,Productivity and pay indexes,"Productivity and pay real index, base = 1948q1",quarter,2009,2,NA,national,United States,0,Outcome,Net productivity (output per hour),331.068774597306
2026.8.14,Productivity and pay indexes,"Productivity and pay real index, base = 1948q1",quarter,2009,3,NA,national,United States,0,Outcome,Total compensation per hour,222.080304533475
2026.8.14,Productivity and pay indexes,"Productivity and pay real index, base = 1948q1",quarter,2009,3,NA,national,United States,0,Outcome,Net productivity (output per hour),333.7169038599121
2026.8.14,Productivity and pay indexes,"Productivity and pay real index, base = 1948q1",quarter,2009,4,NA,national,United States,0,Outcome,Total compensation per hour,222.09877592584695
2026.8.14,Productivity and pay indexes,"Productivity and pay real index, base = 1948q1",quarter,2009,4,NA,national,United States,0,Outcome,Net productivity (output per hour),337.0711768119296
2026.8.14,Productivity and pay indexes,"Productivity and pay real index, base = 1948q1",quarter,2010,1,NA,national,United States,0,Outcome,Total compensation per hour,224.01127837012348
2026.8.14,Productivity and pay indexes,"Productivity and pay real index, base = 1948q1",quarter,2010,1,NA,national,United States,0,Outcome,Net productivity (output per hour),338.6671854392774
2026.8.14,Productivity and pay indexes,"Productivity and pay real index, base = 1948q1",quarter,2010,2,NA,national,United States,0,Outcome,Total compensation per hour,224.88702777217875
2026.8.14,Productivity and pay indexes,"Productivity and pay real index, base = 1948q1",quarter,2010,2,NA,national,United States,0,Outcome,Net productivity (output per hour),340.593905479446
2026.8.14,Productivity and pay indexes,"Productivity and pay real index, base = 1948q1",quarter,2010,3,NA,national,United States,0,Outcome,Total compensation per hour,225.2232099300865
2026.8.14,Productivity and pay indexes,"Productivity and pay real index, base = 1948q1",quarter,2010,3,NA,national,United States,0,Outcome,Net productivity (output per hour),344.60280006219455
2026.8.14,Productivity and pay indexes,"Productivity and pay real index, base = 1948q1",quarter,2010,4,NA,national,United States,0,Outcome,Total compensation per hour,224.8336065328414
2026.8.14,Productivity and pay indexes,"Productivity and pay real index, base = 1948q1",quarter,2010,4,NA,national,United States,0,Outcome,Net productivity (output per hour),344.7028240858848
2026.8.14,Productivity and pay indexes,"Productivity and pay real index, base = 1948q1",quarter,2011,1,NA,national,United States,0,Outcome,Total compensation per hour,223.67384998271825
2026.8.14,Productivity and pay indexes,"Productivity and pay real index, base = 1948q1",quarter,2011,1,NA,national,United States,0,Outcome,Net productivity (output per hour),340.95873061589776
2026.8.14,Productivity and pay indexes,"Productivity and pay real index, base = 1948q1",quarter,2011,2,NA,national,United States,0,Outcome,Total compensation per hour,222.11007716039185
2026.8.14,Productivity and pay indexes,"Productivity and pay real index, base = 1948q1",quarter,2011,2,NA,national,United States,0,Outcome,Net productivity (output per hour),339.12083718963277
2026.8.14,Productivity and pay indexes,"Productivity and pay real index, base = 1948q1",quarter,2011,3,NA,national,United States,0,Outcome,Total compensation per hour,221.28461724917065
2026.8.14,Productivity and pay indexes,"Productivity and pay real index, base = 1948q1",quarter,2011,3,NA,national,United States,0,Outcome,Net productivity (output per hour),338.151548281849
2026.8.14,Productivity and pay indexes,"Productivity and pay real index, base = 1948q1",quarter,2011,4,NA,national,United States,0,Outcome,Total compensation per hour,221.43078442641809
2026.8.14,Productivity and pay indexes,"Productivity and pay real index, base = 1948q1",quarter,2011,4,NA,national,United States,0,Outcome,Net productivity (output per hour),338.5781966638356
2026.8.14,Productivity and pay indexes,"Productivity and pay real index, base = 1948q1",quarter,2012,1,NA,national,United States,0,Outcome,Total compensation per hour,219.8914770596081
2026.8.14,Productivity and pay indexes,"Productivity and pay real index, base = 1948q1",quarter,2012,1,NA,national,United States,0,Outcome,Net productivity (output per hour),340.1004515499966
2026.8.14,Productivity and pay indexes,"Productivity and pay real index, base = 1948q1",quarter,2012,2,NA,national,United States,0,Outcome,Total compensation per hour,220.48306441286832
2026.8.14,Productivity and pay indexes,"Productivity and pay real index, base = 1948q1",quarter,2012,2,NA,national,United States,0,Outcome,Net productivity (output per hour),341.9215536293851
2026.8.14,Productivity and pay indexes,"Productivity and pay real index, base = 1948q1",quarter,2012,3,NA,national,United States,0,Outcome,Total compensation per hour,220.56159356645287
2026.8.14,Productivity and pay indexes,"Productivity and pay real index, base = 1948q1",quarter,2012,3,NA,national,United States,0,Outcome,Net productivity (output per hour),339.8741016924204
2026.8.14,Productivity and pay indexes,"Productivity and pay real index, base = 1948q1",quarter,2012,4,NA,national,United States,0,Outcome,Total compensation per hour,219.76492712475576
2026.8.14,Productivity and pay indexes,"Productivity and pay real index, base = 1948q1",quarter,2012,4,NA,national,United States,0,Outcome,Net productivity (output per hour),339.56162584747517
2026.8.14,Productivity and pay indexes,"Productivity and pay real index, base = 1948q1",quarter,2013,1,NA,national,United States,0,Outcome,Total compensation per hour,221.37770375713188
2026.8.14,Productivity and pay indexes,"Productivity and pay real index, base = 1948q1",quarter,2013,1,NA,national,United States,0,Outcome,Net productivity (output per hour),342.3705396313901
2026.8.14,Productivity and pay indexes,"Productivity and pay real index, base = 1948q1",quarter,2013,2,NA,national,United States,0,Outcome,Total compensation per hour,223.12975085573848
2026.8.14,Productivity and pay indexes,"Productivity and pay real index, base = 1948q1",quarter,2013,2,NA,national,United States,0,Outcome,Net productivity (output per hour),343.48598944775733
2026.8.14,Productivity and pay indexes,"Productivity and pay real index, base = 1948q1",quarter,2013,3,NA,national,United States,0,Outcome,Total compensation per hour,223.48810059642815
2026.8.14,Productivity and pay indexes,"Productivity and pay real index, base = 1948q1",quarter,2013,3,NA,national,United States,0,Outcome,Net productivity (output per hour),344.8337325708228
2026.8.14,Productivity and pay indexes,"Productivity and pay real index, base = 1948q1",quarter,2013,4,NA,national,United States,0,Outcome,Total compensation per hour,223.97477401102375
2026.8.14,Productivity and pay indexes,"Productivity and pay real index, base = 1948q1",quarter,2013,4,NA,national,United States,0,Outcome,Net productivity (output per hour),347.0004621618377
2026.8.14,Productivity and pay indexes,"Productivity and pay real index, base = 1948q1",quarter,2014,1,NA,national,United States,0,Outcome,Total compensation per hour,223.7409963451451
2026.8.14,Productivity and pay indexes,"Productivity and pay real index, base = 1948q1",quarter,2014,1,NA,national,United States,0,Outcome,Net productivity (output per hour),344.2176299775508
2026.8.14,Productivity and pay indexes,"Productivity and pay real index, base = 1948q1",quarter,2014,2,NA,national,United States,0,Outcome,Total compensation per hour,223.50821764042257
2026.8.14,Productivity and pay indexes,"Productivity and pay real index, base = 1948q1",quarter,2014,2,NA,national,United States,0,Outcome,Net productivity (output per hour),345.91446517099575
2026.8.14,Productivity and pay indexes,"Productivity and pay real index, base = 1948q1",quarter,2014,3,NA,national,United States,0,Outcome,Total compensation per hour,223.87707609702855
2026.8.14,Productivity and pay indexes,"Productivity and pay real index, base = 1948q1",quarter,2014,3,NA,national,United States,0,Outcome,Net productivity (output per hour),348.9689460403521
2026.8.14,Productivity and pay indexes,"Productivity and pay real index, base = 1948q1",quarter,2014,4,NA,national,United States,0,Outcome,Total compensation per hour,225.2181687339033
2026.8.14,Productivity and pay indexes,"Productivity and pay real index, base = 1948q1",quarter,2014,4,NA,national,United States,0,Outcome,Net productivity (output per hour),348.5382126452345
2026.8.14,Productivity and pay indexes,"Productivity and pay real index, base = 1948q1",quarter,2015,1,NA,national,United States,0,Outcome,Total compensation per hour,228.05371113492728
2026.8.14,Productivity and pay indexes,"Productivity and pay real index, base = 1948q1",quarter,2015,1,NA,national,United States,0,Outcome,Net productivity (output per hour),352.14167144900597
2026.8.14,Productivity and pay indexes,"Productivity and pay real index, base = 1948q1",quarter,2015,2,NA,national,United States,0,Outcome,Total compensation per hour,227.75479380469216
2026.8.14,Productivity and pay indexes,"Productivity and pay real index, base = 1948q1",quarter,2015,2,NA,national,United States,0,Outcome,Net productivity (output per hour),353.73548340371275
2026.8.14,Productivity and pay indexes,"Productivity and pay real index, base = 1948q1",quarter,2015,3,NA,national,United States,0,Outcome,Total compensation per hour,228.1922997647644
2026.8.14,Productivity and pay indexes,"Productivity and pay real index, base = 1948q1",quarter,2015,3,NA,national,United States,0,Outcome,Net productivity (output per hour),354.72675978335405
2026.8.14,Productivity and pay indexes,"Productivity and pay real index, base = 1948q1",quarter,2015,4,NA,national,United States,0,Outcome,Total compensation per hour,229.88947234850795
2026.8.14,Productivity and pay indexes,"Productivity and pay real index, base = 1948q1",quarter,2015,4,NA,national,United States,0,Outcome,Net productivity (output per hour),353.6087460257014
2026.8.14,Productivity and pay indexes,"Productivity and pay real index, base = 1948q1",quarter,2016,1,NA,national,United States,0,Outcome,Total compensation per hour,231.50865561542145
2026.8.14,Productivity and pay indexes,"Productivity and pay real index, base = 1948q1",quarter,2016,1,NA,national,United States,0,Outcome,Net productivity (output per hour),354.57225158786883
2026.8.14,Productivity and pay indexes,"Productivity and pay real index, base = 1948q1",quarter,2016,2,NA,national,United States,0,Outcome,Total compensation per hour,231.0975734434796
2026.8.14,Productivity and pay indexes,"Productivity and pay real index, base = 1948q1",quarter,2016,2,NA,national,United States,0,Outcome,Net productivity (output per hour),354.3781548703159
2026.8.14,Productivity and pay indexes,"Productivity and pay real index, base = 1948q1",quarter,2016,3,NA,national,United States,0,Outcome,Total compensation per hour,231.51226996336615
2026.8.14,Productivity and pay indexes,"Productivity and pay real index, base = 1948q1",quarter,2016,3,NA,national,United States,0,Outcome,Net productivity (output per hour),355.3667982395086
2026.8.14,Productivity and pay indexes,"Productivity and pay real index, base = 1948q1",quarter,2016,4,NA,national,United States,0,Outcome,Total compensation per hour,231.3868869851556
2026.8.14,Productivity and pay indexes,"Productivity and pay real index, base = 1948q1",quarter,2016,4,NA,national,United States,0,Outcome,Net productivity (output per hour),357.86843859741845
2026.8.14,Productivity and pay indexes,"Productivity and pay real index, base = 1948q1",quarter,2017,1,NA,national,United States,0,Outcome,Total compensation per hour,231.25464557914557
2026.8.14,Productivity and pay indexes,"Productivity and pay real index, base = 1948q1",quarter,2017,1,NA,national,United States,0,Outcome,Net productivity (output per hour),357.77885885823883
2026.8.14,Productivity and pay indexes,"Productivity and pay real index, base = 1948q1",quarter,2017,2,NA,national,United States,0,Outcome,Total compensation per hour,232.41656658792775
2026.8.14,Productivity and pay indexes,"Productivity and pay real index, base = 1948q1",quarter,2017,2,NA,national,United States,0,Outcome,Net productivity (output per hour),357.88074835308674
2026.8.14,Productivity and pay indexes,"Productivity and pay real index, base = 1948q1",quarter,2017,3,NA,national,United States,0,Outcome,Total compensation per hour,233.21480317464437
2026.8.14,Productivity and pay indexes,"Productivity and pay real index, base = 1948q1",quarter,2017,3,NA,national,United States,0,Outcome,Net productivity (output per hour),361.3806556440472
2026.8.14,Productivity and pay indexes,"Productivity and pay real index, base = 1948q1",quarter,2017,4,NA,national,United States,0,Outcome,Total compensation per hour,232.70234490742877
2026.8.14,Productivity and pay indexes,"Productivity and pay real index, base = 1948q1",quarter,2017,4,NA,national,United States,0,Outcome,Net productivity (output per hour),362.68598417511095
2026.8.14,Productivity and pay indexes,"Productivity and pay real index, base = 1948q1",quarter,2018,1,NA,national,United States,0,Outcome,Total compensation per hour,233.15037377161372
2026.8.14,Productivity and pay indexes,"Productivity and pay real index, base = 1948q1",quarter,2018,1,NA,national,United States,0,Outcome,Net productivity (output per hour),363.9837597286818
2026.8.14,Productivity and pay indexes,"Productivity and pay real index, base = 1948q1",quarter,2018,2,NA,national,United States,0,Outcome,Total compensation per hour,234.0781059437259
2026.8.14,Productivity and pay indexes,"Productivity and pay real index, base = 1948q1",quarter,2018,2,NA,national,United States,0,Outcome,Net productivity (output per hour),364.48840999821914
2026.8.14,Productivity and pay indexes,"Productivity and pay real index, base = 1948q1",quarter,2018,3,NA,national,United States,0,Outcome,Total compensation per hour,235.16462884299628
2026.8.14,Productivity and pay indexes,"Productivity and pay real index, base = 1948q1",quarter,2018,3,NA,national,United States,0,Outcome,Net productivity (output per hour),365.4958485982674
2026.8.14,Productivity and pay indexes,"Productivity and pay real index, base = 1948q1",quarter,2018,4,NA,national,United States,0,Outcome,Total compensation per hour,236.6754920476298
2026.8.14,Productivity and pay indexes,"Productivity and pay real index, base = 1948q1",quarter,2018,4,NA,national,United States,0,Outcome,Net productivity (output per hour),365.2438197909803
2026.8.14,Productivity and pay indexes,"Productivity and pay real index, base = 1948q1",quarter,2019,1,NA,national,United States,0,Outcome,Total compensation per hour,237.68414466370317
2026.8.14,Productivity and pay indexes,"Productivity and pay real index, base = 1948q1",quarter,2019,1,NA,national,United States,0,Outcome,Net productivity (output per hour),367.3388550317418
2026.8.14,Productivity and pay indexes,"Productivity and pay real index, base = 1948q1",quarter,2019,2,NA,national,United States,0,Outcome,Total compensation per hour,238.3281701565021
2026.8.14,Productivity and pay indexes,"Productivity and pay real index, base = 1948q1",quarter,2019,2,NA,national,United States,0,Outcome,Net productivity (output per hour),368.83288565091743
2026.8.14,Productivity and pay indexes,"Productivity and pay real index, base = 1948q1",quarter,2019,3,NA,national,United States,0,Outcome,Total compensation per hour,239.6428607727222
2026.8.14,Productivity and pay indexes,"Productivity and pay real index, base = 1948q1",quarter,2019,3,NA,national,United States,0,Outcome,Net productivity (output per hour),372.13769227912394
2026.8.14,Productivity and pay indexes,"Productivity and pay real index, base = 1948q1",quarter,2019,4,NA,national,United States,0,Outcome,Total compensation per hour,239.99092701194945
2026.8.14,Productivity and pay indexes,"Productivity and pay real index, base = 1948q1",quarter,2019,4,NA,national,United States,0,Outcome,Net productivity (output per hour),374.08409642531586
2026.8.14,Productivity and pay indexes,"Productivity and pay real index, base = 1948q1",quarter,2020,1,NA,national,United States,0,Outcome,Total compensation per hour,241.01045741162855
2026.8.14,Productivity and pay indexes,"Productivity and pay real index, base = 1948q1",quarter,2020,1,NA,national,United States,0,Outcome,Net productivity (output per hour),373.1674350884839
2026.8.14,Productivity and pay indexes,"Productivity and pay real index, base = 1948q1",quarter,2020,2,NA,national,United States,0,Outcome,Total compensation per hour,253.74397212883295
2026.8.14,Productivity and pay indexes,"Productivity and pay real index, base = 1948q1",quarter,2020,2,NA,national,United States,0,Outcome,Net productivity (output per hour),386.2808586937544
2026.8.14,Productivity and pay indexes,"Productivity and pay real index, base = 1948q1",quarter,2020,3,NA,national,United States,0,Outcome,Total compensation per hour,248.25993018881783
2026.8.14,Productivity and pay indexes,"Productivity and pay real index, base = 1948q1",quarter,2020,3,NA,national,United States,0,Outcome,Net productivity (output per hour),392.791888427888
2026.8.14,Productivity and pay indexes,"Productivity and pay real index, base = 1948q1",quarter,2020,4,NA,national,United States,0,Outcome,Total compensation per hour,248.04466507029449
2026.8.14,Productivity and pay indexes,"Productivity and pay real index, base = 1948q1",quarter,2020,4,NA,national,United States,0,Outcome,Net productivity (output per hour),389.85695329068994
2026.8.14,Productivity and pay indexes,"Productivity and pay real index, base = 1948q1",quarter,2021,1,NA,national,United States,0,Outcome,Total compensation per hour,248.4160465281951
2026.8.14,Productivity and pay indexes,"Productivity and pay real index, base = 1948q1",quarter,2021,1,NA,national,United States,0,Outcome,Net productivity (output per hour),394.51867334503584
2026.8.14,Productivity and pay indexes,"Productivity and pay real index, base = 1948q1",quarter,2021,2,NA,national,United States,0,Outcome,Total compensation per hour,247.72748493068656
2026.8.14,Productivity and pay indexes,"Productivity and pay real index, base = 1948q1",quarter,2021,2,NA,national,United States,0,Outcome,Net productivity (output per hour),396.26331346187834
2026.8.14,Productivity and pay indexes,"Productivity and pay real index, base = 1948q1",quarter,2021,3,NA,national,United States,0,Outcome,Total compensation per hour,247.53375850599105
2026.8.14,Productivity and pay indexes,"Productivity and pay real index, base = 1948q1",quarter,2021,3,NA,national,United States,0,Outcome,Net productivity (output per hour),394.90015853038454
2026.8.14,Productivity and pay indexes,"Productivity and pay real index, base = 1948q1",quarter,2021,4,NA,national,United States,0,Outcome,Total compensation per hour,246.05904849612836
2026.8.14,Productivity and pay indexes,"Productivity and pay real index, base = 1948q1",quarter,2021,4,NA,national,United States,0,Outcome,Net productivity (output per hour),395.7638371517753
2026.8.14,Productivity and pay indexes,"Productivity and pay real index, base = 1948q1",quarter,2022,1,NA,national,United States,0,Outcome,Total compensation per hour,244.29927223844908
2026.8.14,Productivity and pay indexes,"Productivity and pay real index, base = 1948q1",quarter,2022,1,NA,national,United States,0,Outcome,Net productivity (output per hour),391.591979279797
2026.8.14,Productivity and pay indexes,"Productivity and pay real index, base = 1948q1",quarter,2022,2,NA,national,United States,0,Outcome,Total compensation per hour,242.0288212168637
2026.8.14,Productivity and pay indexes,"Productivity and pay real index, base = 1948q1",quarter,2022,2,NA,national,United States,0,Outcome,Net productivity (output per hour),389.4077237647336
2026.8.14,Productivity and pay indexes,"Productivity and pay real index, base = 1948q1",quarter,2022,3,NA,national,United States,0,Outcome,Total compensation per hour,241.94650993070405
2026.8.14,Productivity and pay indexes,"Productivity and pay real index, base = 1948q1",quarter,2022,3,NA,national,United States,0,Outcome,Net productivity (output per hour),388.7617051943523
2026.8.14,Productivity and pay indexes,"Productivity and pay real index, base = 1948q1",quarter,2022,4,NA,national,United States,0,Outcome,Total compensation per hour,242.5230941201411
2026.8.14,Productivity and pay indexes,"Productivity and pay real index, base = 1948q1",quarter,2022,4,NA,national,United States,0,Outcome,Net productivity (output per hour),390.41445933856465
2026.8.14,Productivity and pay indexes,"Productivity and pay real index, base = 1948q1",quarter,2023,1,NA,national,United States,0,Outcome,Total compensation per hour,243.5216367347056
2026.8.14,Productivity and pay indexes,"Productivity and pay real index, base = 1948q1",quarter,2023,1,NA,national,United States,0,Outcome,Net productivity (output per hour),391.88228279589765
2026.8.14,Productivity and pay indexes,"Productivity and pay real index, base = 1948q1",quarter,2023,2,NA,national,United States,0,Outcome,Total compensation per hour,245.13959662051897
2026.8.14,Productivity and pay indexes,"Productivity and pay real index, base = 1948q1",quarter,2023,2,NA,national,United States,0,Outcome,Net productivity (output per hour),393.29708027381633
2026.8.14,Productivity and pay indexes,"Productivity and pay real index, base = 1948q1",quarter,2023,3,NA,national,United States,0,Outcome,Total compensation per hour,246.00546377991265
2026.8.14,Productivity and pay indexes,"Productivity and pay real index, base = 1948q1",quarter,2023,3,NA,national,United States,0,Outcome,Net productivity (output per hour),398.2998932854771
2026.8.14,Productivity and pay indexes,"Productivity and pay real index, base = 1948q1",quarter,2023,4,NA,national,United States,0,Outcome,Total compensation per hour,247.2008791575522
2026.8.14,Productivity and pay indexes,"Productivity and pay real index, base = 1948q1",quarter,2023,4,NA,national,United States,0,Outcome,Net productivity (output per hour),400.4184760593289
2026.8.14,Productivity and pay indexes,"Productivity and pay real index, base = 1948q1",quarter,2024,1,NA,national,United States,0,Outcome,Total compensation per hour,247.88644684991627
2026.8.14,Productivity and pay indexes,"Productivity and pay real index, base = 1948q1",quarter,2024,1,NA,national,United States,0,Outcome,Net productivity (output per hour),401.0612260239834
2026.8.14,Productivity and pay indexes,"Productivity and pay real index, base = 1948q1",quarter,2024,2,NA,national,United States,0,Outcome,Total compensation per hour,248.79803101133868
2026.8.14,Productivity and pay indexes,"Productivity and pay real index, base = 1948q1",quarter,2024,2,NA,national,United States,0,Outcome,Net productivity (output per hour),403.9978742273808
2026.8.14,Productivity and pay indexes,"Productivity and pay real index, base = 1948q1",quarter,2024,3,NA,national,United States,0,Outcome,Total compensation per hour,250.80728352675567
2026.8.14,Productivity and pay indexes,"Productivity and pay real index, base = 1948q1",quarter,2024,3,NA,national,United States,0,Outcome,Net productivity (output per hour),406.4961172346899
2026.8.14,Productivity and pay indexes,"Productivity and pay real index, base = 1948q1",quarter,2024,4,NA,national,United States,0,Outcome,Total compensation per hour,251.18934657727704
2026.8.14,Productivity and pay indexes,"Productivity and pay real index, base = 1948q1",quarter,2024,4,NA,national,United States,0,Outcome,Net productivity (output per hour),407.5267209141729
2026.8.14,Productivity and pay indexes,"Productivity and pay real index, base = 1948q1",quarter,2025,1,NA,national,United States,0,Outcome,Total compensation per hour,251.86560546777216
2026.8.14,Productivity and pay indexes,"Productivity and pay real index, base = 1948q1",quarter,2025,1,NA,national,United States,0,Outcome,Net productivity (output per hour),406.933178450759
2026.8.14,Productivity and pay indexes,"Productivity and pay real index, base = 1948q1",quarter,2025,2,NA,national,United States,0,Outcome,Total compensation per hour,253.5207685495451
2026.8.14,Productivity and pay indexes,"Productivity and pay real index, base = 1948q1",quarter,2025,2,NA,national,United States,0,Outcome,Net productivity (output per hour),411.07403533216814
2026.8.14,Productivity and pay indexes,"Productivity and pay real index, base = 1948q1",quarter,2025,3,NA,national,United States,0,Outcome,Total compensation per hour,253.88908883152465
2026.8.14,Productivity and pay indexes,"Productivity and pay real index, base = 1948q1",quarter,2025,3,NA,national,United States,0,Outcome,Net productivity (output per hour),415.2245716507464
2026.8.14,Productivity and pay indexes,"Productivity and pay real index, base = 1948q1",quarter,2025,4,NA,national,United States,0,Outcome,Total compensation per hour,254.94207052890908
2026.8.14,Productivity and pay indexes,"Productivity and pay real index, base = 1948q1",quarter,2025,4,NA,national,United States,0,Outcome,Net productivity (output per hour),417.1396762993608
2026.8.14,Productivity and pay indexes,"Productivity and pay real index, base = 1948q1",quarter,2026,1,NA,national,United States,0,Outcome,Total compensation per hour,254.9051833525427
2026.8.14,Productivity and pay indexes,"Productivity and pay real index, base = 1948q1",quarter,2026,1,NA,national,United States,0,Outcome,Net productivity (output per hour),418.8356245948846
