data_version,indicator,measure,date_interval,year,quarter,month,geo_type,geo_name,geo_code,group,group_value,value
2026.8.14,Productivity and pay levels,"Productivity and pay, nominal dollars per hour",year,1948,NA,NA,national,United States,0,Outcome,Total compensation per hour,1.4061583030372184
2026.8.14,Productivity and pay levels,"Productivity and pay, real dollars per hour (2025$)",year,1948,NA,NA,national,United States,0,Outcome,Total compensation per hour,15.4073541670213
2026.8.14,Productivity and pay levels,"Productivity and pay, nominal dollars per hour",year,1948,NA,NA,national,United States,0,Outcome,Net productivity (output per hour),1.9460742234788229
2026.8.14,Productivity and pay levels,"Productivity and pay, real dollars per hour (2025$)",year,1948,NA,NA,national,United States,0,Outcome,Net productivity (output per hour),21.323242718608448
2026.8.14,Productivity and pay levels,"Productivity and pay, nominal dollars per hour",year,1949,NA,NA,national,United States,0,Outcome,Total compensation per hour,1.4724067793255555
2026.8.14,Productivity and pay levels,"Productivity and pay, real dollars per hour (2025$)",year,1949,NA,NA,national,United States,0,Outcome,Total compensation per hour,16.23283029552742
2026.8.14,Productivity and pay levels,"Productivity and pay, nominal dollars per hour",year,1949,NA,NA,national,United States,0,Outcome,Net productivity (output per hour),1.9672105637104849
2026.8.14,Productivity and pay levels,"Productivity and pay, real dollars per hour (2025$)",year,1949,NA,NA,national,United States,0,Outcome,Net productivity (output per hour),21.687889301153863
2026.8.14,Productivity and pay levels,"Productivity and pay, nominal dollars per hour",year,1950,NA,NA,national,United States,0,Outcome,Total compensation per hour,1.5465347268207177
2026.8.14,Productivity and pay levels,"Productivity and pay, real dollars per hour (2025$)",year,1950,NA,NA,national,United States,0,Outcome,Total compensation per hour,16.84214037866952
2026.8.14,Productivity and pay levels,"Productivity and pay, nominal dollars per hour",year,1950,NA,NA,national,United States,0,Outcome,Net productivity (output per hour),2.1432992987275736
2026.8.14,Productivity and pay levels,"Productivity and pay, real dollars per hour (2025$)",year,1950,NA,NA,national,United States,0,Outcome,Net productivity (output per hour),23.341052119069797
2026.8.14,Productivity and pay levels,"Productivity and pay, nominal dollars per hour",year,1951,NA,NA,national,United States,0,Outcome,Total compensation per hour,1.6849218849976126
2026.8.14,Productivity and pay levels,"Productivity and pay, real dollars per hour (2025$)",year,1951,NA,NA,national,United States,0,Outcome,Total compensation per hour,17.001528172913766
2026.8.14,Productivity and pay levels,"Productivity and pay, nominal dollars per hour",year,1951,NA,NA,national,United States,0,Outcome,Net productivity (output per hour),2.351560093548571
2026.8.14,Productivity and pay levels,"Productivity and pay, real dollars per hour (2025$)",year,1951,NA,NA,national,United States,0,Outcome,Net productivity (output per hour),23.728171339422307
2026.8.14,Productivity and pay levels,"Productivity and pay, nominal dollars per hour",year,1952,NA,NA,national,United States,0,Outcome,Total compensation per hour,1.768034404976728
2026.8.14,Productivity and pay levels,"Productivity and pay, real dollars per hour (2025$)",year,1952,NA,NA,national,United States,0,Outcome,Total compensation per hour,17.445908548554897
2026.8.14,Productivity and pay levels,"Productivity and pay, nominal dollars per hour",year,1952,NA,NA,national,United States,0,Outcome,Net productivity (output per hour),2.459534379545972
2026.8.14,Productivity and pay levels,"Productivity and pay, real dollars per hour (2025$)",year,1952,NA,NA,national,United States,0,Outcome,Net productivity (output per hour),24.269217689884563
2026.8.14,Productivity and pay levels,"Productivity and pay, nominal dollars per hour",year,1953,NA,NA,national,United States,0,Outcome,Total compensation per hour,1.8700492721817548
2026.8.14,Productivity and pay levels,"Productivity and pay, real dollars per hour (2025$)",year,1953,NA,NA,national,United States,0,Outcome,Total compensation per hour,18.351142857783593
2026.8.14,Productivity and pay levels,"Productivity and pay, nominal dollars per hour",year,1953,NA,NA,national,United States,0,Outcome,Net productivity (output per hour),2.5738177527391435
2026.8.14,Productivity and pay levels,"Productivity and pay, real dollars per hour (2025$)",year,1953,NA,NA,national,United States,0,Outcome,Net productivity (output per hour),25.25735443072588
2026.8.14,Productivity and pay levels,"Productivity and pay, nominal dollars per hour",year,1954,NA,NA,national,United States,0,Outcome,Total compensation per hour,1.9233452619543367
2026.8.14,Productivity and pay levels,"Productivity and pay, real dollars per hour (2025$)",year,1954,NA,NA,national,United States,0,Outcome,Total compensation per hour,18.874146361815637
2026.8.14,Productivity and pay levels,"Productivity and pay, nominal dollars per hour",year,1954,NA,NA,national,United States,0,Outcome,Net productivity (output per hour),2.6428613887775665
2026.8.14,Productivity and pay levels,"Productivity and pay, real dollars per hour (2025$)",year,1954,NA,NA,national,United States,0,Outcome,Net productivity (output per hour),25.93489252943261
2026.8.14,Productivity and pay levels,"Productivity and pay, nominal dollars per hour",year,1955,NA,NA,national,United States,0,Outcome,Total compensation per hour,1.995624749838399
2026.8.14,Productivity and pay levels,"Productivity and pay, real dollars per hour (2025$)",year,1955,NA,NA,national,United States,0,Outcome,Total compensation per hour,19.58343847918341
2026.8.14,Productivity and pay levels,"Productivity and pay, nominal dollars per hour",year,1955,NA,NA,national,United States,0,Outcome,Net productivity (output per hour),2.7964704943201544
2026.8.14,Productivity and pay levels,"Productivity and pay, real dollars per hour (2025$)",year,1955,NA,NA,national,United States,0,Outcome,Net productivity (output per hour),27.442287378328547
2026.8.14,Productivity and pay levels,"Productivity and pay, nominal dollars per hour",year,1956,NA,NA,national,United States,0,Outcome,Total compensation per hour,2.103728124754395
2026.8.14,Productivity and pay levels,"Productivity and pay, real dollars per hour (2025$)",year,1956,NA,NA,national,United States,0,Outcome,Total compensation per hour,20.309505031412694
2026.8.14,Productivity and pay levels,"Productivity and pay, nominal dollars per hour",year,1956,NA,NA,national,United States,0,Outcome,Net productivity (output per hour),2.886947502209626
2026.8.14,Productivity and pay levels,"Productivity and pay, real dollars per hour (2025$)",year,1956,NA,NA,national,United States,0,Outcome,Net productivity (output per hour),27.870747237548063
2026.8.14,Productivity and pay levels,"Productivity and pay, nominal dollars per hour",year,1957,NA,NA,national,United States,0,Outcome,Total compensation per hour,2.2208408602349534
2026.8.14,Productivity and pay levels,"Productivity and pay, real dollars per hour (2025$)",year,1957,NA,NA,national,United States,0,Outcome,Total compensation per hour,20.766606159055637
2026.8.14,Productivity and pay levels,"Productivity and pay, nominal dollars per hour",year,1957,NA,NA,national,United States,0,Outcome,Net productivity (output per hour),3.0598112310521604
2026.8.14,Productivity and pay levels,"Productivity and pay, real dollars per hour (2025$)",year,1957,NA,NA,national,United States,0,Outcome,Net productivity (output per hour),28.61163800345109
2026.8.14,Productivity and pay levels,"Productivity and pay, nominal dollars per hour",year,1958,NA,NA,national,United States,0,Outcome,Total compensation per hour,2.2965430040751658
2026.8.14,Productivity and pay levels,"Productivity and pay, real dollars per hour (2025$)",year,1958,NA,NA,national,United States,0,Outcome,Total compensation per hour,20.820435559788052
2026.8.14,Productivity and pay levels,"Productivity and pay, nominal dollars per hour",year,1958,NA,NA,national,United States,0,Outcome,Net productivity (output per hour),3.198550331674642
2026.8.14,Productivity and pay levels,"Productivity and pay, real dollars per hour (2025$)",year,1958,NA,NA,national,United States,0,Outcome,Net productivity (output per hour),28.998024834370103
2026.8.14,Productivity and pay levels,"Productivity and pay, nominal dollars per hour",year,1959,NA,NA,national,United States,0,Outcome,Total compensation per hour,2.3860057181043572
2026.8.14,Productivity and pay levels,"Productivity and pay, real dollars per hour (2025$)",year,1959,NA,NA,national,United States,0,Outcome,Total compensation per hour,21.522253598658494
2026.8.14,Productivity and pay levels,"Productivity and pay, nominal dollars per hour",year,1959,NA,NA,national,United States,0,Outcome,Net productivity (output per hour),3.3618257551891912
2026.8.14,Productivity and pay levels,"Productivity and pay, real dollars per hour (2025$)",year,1959,NA,NA,national,United States,0,Outcome,Net productivity (output per hour),30.324347468524724
2026.8.14,Productivity and pay levels,"Productivity and pay, nominal dollars per hour",year,1960,NA,NA,national,United States,0,Outcome,Total compensation per hour,2.4780619989875836
2026.8.14,Productivity and pay levels,"Productivity and pay, real dollars per hour (2025$)",year,1960,NA,NA,national,United States,0,Outcome,Total compensation per hour,21.909993713820914
2026.8.14,Productivity and pay levels,"Productivity and pay, nominal dollars per hour",year,1960,NA,NA,national,United States,0,Outcome,Net productivity (output per hour),3.4709148366519877
2026.8.14,Productivity and pay levels,"Productivity and pay, real dollars per hour (2025$)",year,1960,NA,NA,national,United States,0,Outcome,Net productivity (output per hour),30.68838563495272
2026.8.14,Productivity and pay levels,"Productivity and pay, nominal dollars per hour",year,1961,NA,NA,national,United States,0,Outcome,Total compensation per hour,2.5428875476938297
2026.8.14,Productivity and pay levels,"Productivity and pay, real dollars per hour (2025$)",year,1961,NA,NA,national,United States,0,Outcome,Total compensation per hour,22.262731177358727
2026.8.14,Productivity and pay levels,"Productivity and pay, nominal dollars per hour",year,1961,NA,NA,national,United States,0,Outcome,Net productivity (output per hour),3.620872838021724
2026.8.14,Productivity and pay levels,"Productivity and pay, real dollars per hour (2025$)",year,1961,NA,NA,national,United States,0,Outcome,Net productivity (output per hour),31.700386709347057
2026.8.14,Productivity and pay levels,"Productivity and pay, nominal dollars per hour",year,1962,NA,NA,national,United States,0,Outcome,Total compensation per hour,2.6453766734540736
2026.8.14,Productivity and pay levels,"Productivity and pay, real dollars per hour (2025$)",year,1962,NA,NA,national,United States,0,Outcome,Total compensation per hour,22.93515892616007
2026.8.14,Productivity and pay levels,"Productivity and pay, nominal dollars per hour",year,1962,NA,NA,national,United States,0,Outcome,Net productivity (output per hour),3.8063702687266288
2026.8.14,Productivity and pay levels,"Productivity and pay, real dollars per hour (2025$)",year,1962,NA,NA,national,United States,0,Outcome,Net productivity (output per hour),33.00086067934834
2026.8.14,Productivity and pay levels,"Productivity and pay, nominal dollars per hour",year,1963,NA,NA,national,United States,0,Outcome,Total compensation per hour,2.7247518360716114
2026.8.14,Productivity and pay levels,"Productivity and pay, real dollars per hour (2025$)",year,1963,NA,NA,national,United States,0,Outcome,Total compensation per hour,23.396186438576432
2026.8.14,Productivity and pay levels,"Productivity and pay, nominal dollars per hour",year,1963,NA,NA,national,United States,0,Outcome,Net productivity (output per hour),3.986851412047883
2026.8.14,Productivity and pay levels,"Productivity and pay, real dollars per hour (2025$)",year,1963,NA,NA,national,United States,0,Outcome,Net productivity (output per hour),34.233252989988074
2026.8.14,Productivity and pay levels,"Productivity and pay, nominal dollars per hour",year,1964,NA,NA,national,United States,0,Outcome,Total compensation per hour,2.8206547079825213
2026.8.14,Productivity and pay levels,"Productivity and pay, real dollars per hour (2025$)",year,1964,NA,NA,national,United States,0,Outcome,Total compensation per hour,23.87530477941603
2026.8.14,Productivity and pay levels,"Productivity and pay, nominal dollars per hour",year,1964,NA,NA,national,United States,0,Outcome,Net productivity (output per hour),4.1746854182087345
2026.8.14,Productivity and pay levels,"Productivity and pay, real dollars per hour (2025$)",year,1964,NA,NA,national,United States,0,Outcome,Net productivity (output per hour),35.33643676265781
2026.8.14,Productivity and pay levels,"Productivity and pay, nominal dollars per hour",year,1965,NA,NA,national,United States,0,Outcome,Total compensation per hour,2.929334028852595
2026.8.14,Productivity and pay levels,"Productivity and pay, real dollars per hour (2025$)",year,1965,NA,NA,national,United States,0,Outcome,Total compensation per hour,24.447619511825863
2026.8.14,Productivity and pay levels,"Productivity and pay, nominal dollars per hour",year,1965,NA,NA,national,United States,0,Outcome,Net productivity (output per hour),4.386194783407327
2026.8.14,Productivity and pay levels,"Productivity and pay, real dollars per hour (2025$)",year,1965,NA,NA,national,United States,0,Outcome,Net productivity (output per hour),36.6062798278761
2026.8.14,Productivity and pay levels,"Productivity and pay, nominal dollars per hour",year,1966,NA,NA,national,United States,0,Outcome,Total compensation per hour,3.0683417578226804
2026.8.14,Productivity and pay levels,"Productivity and pay, real dollars per hour (2025$)",year,1966,NA,NA,national,United States,0,Outcome,Total compensation per hour,24.796644251001386
2026.8.14,Productivity and pay levels,"Productivity and pay, nominal dollars per hour",year,1966,NA,NA,national,United States,0,Outcome,Net productivity (output per hour),4.650775557786341
2026.8.14,Productivity and pay levels,"Productivity and pay, real dollars per hour (2025$)",year,1966,NA,NA,national,United States,0,Outcome,Net productivity (output per hour),37.585000661567435
2026.8.14,Productivity and pay levels,"Productivity and pay, nominal dollars per hour",year,1967,NA,NA,national,United States,0,Outcome,Total compensation per hour,3.205314942887756
2026.8.14,Productivity and pay levels,"Productivity and pay, real dollars per hour (2025$)",year,1967,NA,NA,national,United States,0,Outcome,Total compensation per hour,25.218909638755644
2026.8.14,Productivity and pay levels,"Productivity and pay, nominal dollars per hour",year,1967,NA,NA,national,United States,0,Outcome,Net productivity (output per hour),4.844437541729845
2026.8.14,Productivity and pay levels,"Productivity and pay, real dollars per hour (2025$)",year,1967,NA,NA,national,United States,0,Outcome,Net productivity (output per hour),38.1152662974868
2026.8.14,Productivity and pay levels,"Productivity and pay, nominal dollars per hour",year,1968,NA,NA,national,United States,0,Outcome,Total compensation per hour,3.401730981922656
2026.8.14,Productivity and pay levels,"Productivity and pay, real dollars per hour (2025$)",year,1968,NA,NA,national,United States,0,Outcome,Total compensation per hour,25.743608193702812
2026.8.14,Productivity and pay levels,"Productivity and pay, nominal dollars per hour",year,1968,NA,NA,national,United States,0,Outcome,Net productivity (output per hour),5.204317985946415
2026.8.14,Productivity and pay levels,"Productivity and pay, real dollars per hour (2025$)",year,1968,NA,NA,national,United States,0,Outcome,Net productivity (output per hour),39.38522001228939
2026.8.14,Productivity and pay levels,"Productivity and pay, nominal dollars per hour",year,1969,NA,NA,national,United States,0,Outcome,Total compensation per hour,3.6270246476042742
2026.8.14,Productivity and pay levels,"Productivity and pay, real dollars per hour (2025$)",year,1969,NA,NA,national,United States,0,Outcome,Total compensation per hour,26.33278870171233
2026.8.14,Productivity and pay levels,"Productivity and pay, nominal dollars per hour",year,1969,NA,NA,national,United States,0,Outcome,Net productivity (output per hour),5.4817557578855745
2026.8.14,Productivity and pay levels,"Productivity and pay, real dollars per hour (2025$)",year,1969,NA,NA,national,United States,0,Outcome,Net productivity (output per hour),39.79843814464893
2026.8.14,Productivity and pay levels,"Productivity and pay, nominal dollars per hour",year,1970,NA,NA,national,United States,0,Outcome,Total compensation per hour,3.8491115940846568
2026.8.14,Productivity and pay levels,"Productivity and pay, real dollars per hour (2025$)",year,1970,NA,NA,national,United States,0,Outcome,Total compensation per hour,26.645400414865104
2026.8.14,Productivity and pay levels,"Productivity and pay, nominal dollars per hour",year,1970,NA,NA,national,United States,0,Outcome,Net productivity (output per hour),5.85108981908722
2026.8.14,Productivity and pay levels,"Productivity and pay, real dollars per hour (2025$)",year,1970,NA,NA,national,United States,0,Outcome,Net productivity (output per hour),40.50405587941773
2026.8.14,Productivity and pay levels,"Productivity and pay, nominal dollars per hour",year,1971,NA,NA,national,United States,0,Outcome,Total compensation per hour,4.1267188251113245
2026.8.14,Productivity and pay levels,"Productivity and pay, real dollars per hour (2025$)",year,1971,NA,NA,national,United States,0,Outcome,Total compensation per hour,27.398958444791173
2026.8.14,Productivity and pay levels,"Productivity and pay, nominal dollars per hour",year,1971,NA,NA,national,United States,0,Outcome,Net productivity (output per hour),6.375405160322685
2026.8.14,Productivity and pay levels,"Productivity and pay, real dollars per hour (2025$)",year,1971,NA,NA,national,United States,0,Outcome,Net productivity (output per hour),42.32889820199373
2026.8.14,Productivity and pay levels,"Productivity and pay, nominal dollars per hour",year,1972,NA,NA,national,United States,0,Outcome,Total compensation per hour,4.4688533335420635
2026.8.14,Productivity and pay levels,"Productivity and pay, real dollars per hour (2025$)",year,1972,NA,NA,national,United States,0,Outcome,Total compensation per hour,28.813617522404783
2026.8.14,Productivity and pay levels,"Productivity and pay, nominal dollars per hour",year,1972,NA,NA,national,United States,0,Outcome,Net productivity (output per hour),6.832477057773011
2026.8.14,Productivity and pay levels,"Productivity and pay, real dollars per hour (2025$)",year,1972,NA,NA,national,United States,0,Outcome,Net productivity (output per hour),44.0534441342332
2026.8.14,Productivity and pay levels,"Productivity and pay, nominal dollars per hour",year,1973,NA,NA,national,United States,0,Outcome,Total compensation per hour,4.74702032558179
2026.8.14,Productivity and pay levels,"Productivity and pay, real dollars per hour (2025$)",year,1973,NA,NA,national,United States,0,Outcome,Total compensation per hour,28.739587462674837
2026.8.14,Productivity and pay levels,"Productivity and pay, nominal dollars per hour",year,1973,NA,NA,national,United States,0,Outcome,Net productivity (output per hour),7.382466279883995
2026.8.14,Productivity and pay levels,"Productivity and pay, real dollars per hour (2025$)",year,1973,NA,NA,national,United States,0,Outcome,Net productivity (output per hour),44.69520263007734
2026.8.14,Productivity and pay levels,"Productivity and pay, nominal dollars per hour",year,1974,NA,NA,national,United States,0,Outcome,Total compensation per hour,5.1007731793567634
2026.8.14,Productivity and pay levels,"Productivity and pay, real dollars per hour (2025$)",year,1974,NA,NA,national,United States,0,Outcome,Total compensation per hour,28.11722499484932
2026.8.14,Productivity and pay levels,"Productivity and pay, nominal dollars per hour",year,1974,NA,NA,national,United States,0,Outcome,Net productivity (output per hour),7.894583474657504
2026.8.14,Productivity and pay levels,"Productivity and pay, real dollars per hour (2025$)",year,1974,NA,NA,national,United States,0,Outcome,Net productivity (output per hour),43.517673104130566
2026.8.14,Productivity and pay levels,"Productivity and pay, nominal dollars per hour",year,1975,NA,NA,national,United States,0,Outcome,Total compensation per hour,5.504326074630786
2026.8.14,Productivity and pay levels,"Productivity and pay, real dollars per hour (2025$)",year,1975,NA,NA,national,United States,0,Outcome,Total compensation per hour,28.007767433876303
2026.8.14,Productivity and pay levels,"Productivity and pay, nominal dollars per hour",year,1975,NA,NA,national,United States,0,Outcome,Net productivity (output per hour),8.781391677860498
2026.8.14,Productivity and pay levels,"Productivity and pay, real dollars per hour (2025$)",year,1975,NA,NA,national,United States,0,Outcome,Net productivity (output per hour),44.68252289646395
2026.8.14,Productivity and pay levels,"Productivity and pay, nominal dollars per hour",year,1976,NA,NA,national,United States,0,Outcome,Total compensation per hour,5.893768317690013
2026.8.14,Productivity and pay levels,"Productivity and pay, real dollars per hour (2025$)",year,1976,NA,NA,national,United States,0,Outcome,Total compensation per hour,28.37269599836755
2026.8.14,Productivity and pay levels,"Productivity and pay, nominal dollars per hour",year,1976,NA,NA,national,United States,0,Outcome,Net productivity (output per hour),9.514108066744418
2026.8.14,Productivity and pay levels,"Productivity and pay, real dollars per hour (2025$)",year,1976,NA,NA,national,United States,0,Outcome,Net productivity (output per hour),45.80107010028444
2026.8.14,Productivity and pay levels,"Productivity and pay, nominal dollars per hour",year,1977,NA,NA,national,United States,0,Outcome,Total compensation per hour,6.372515590244876
2026.8.14,Productivity and pay levels,"Productivity and pay, real dollars per hour (2025$)",year,1977,NA,NA,national,United States,0,Outcome,Total compensation per hour,28.813450238423663
2026.8.14,Productivity and pay levels,"Productivity and pay, nominal dollars per hour",year,1977,NA,NA,national,United States,0,Outcome,Net productivity (output per hour),10.211141121633789
2026.8.14,Productivity and pay levels,"Productivity and pay, real dollars per hour (2025$)",year,1977,NA,NA,national,United States,0,Outcome,Net productivity (output per hour),46.169868463893536
2026.8.14,Productivity and pay levels,"Productivity and pay, nominal dollars per hour",year,1978,NA,NA,national,United States,0,Outcome,Total compensation per hour,6.901665908124139
2026.8.14,Productivity and pay levels,"Productivity and pay, real dollars per hour (2025$)",year,1978,NA,NA,national,United States,0,Outcome,Total compensation per hour,29.20942017040216
2026.8.14,Productivity and pay levels,"Productivity and pay, nominal dollars per hour",year,1978,NA,NA,national,United States,0,Outcome,Net productivity (output per hour),11.028773157038842
2026.8.14,Productivity and pay levels,"Productivity and pay, real dollars per hour (2025$)",year,1978,NA,NA,national,United States,0,Outcome,Net productivity (output per hour),46.67627691580893
2026.8.14,Productivity and pay levels,"Productivity and pay, nominal dollars per hour",year,1979,NA,NA,national,United States,0,Outcome,Total compensation per hour,7.467792916087536
2026.8.14,Productivity and pay levels,"Productivity and pay, real dollars per hour (2025$)",year,1979,NA,NA,national,United States,0,Outcome,Total compensation per hour,28.869000320632765
2026.8.14,Productivity and pay levels,"Productivity and pay, nominal dollars per hour",year,1979,NA,NA,national,United States,0,Outcome,Net productivity (output per hour),11.92868571186582
2026.8.14,Productivity and pay levels,"Productivity and pay, real dollars per hour (2025$)",year,1979,NA,NA,national,United States,0,Outcome,Net productivity (output per hour),46.1139235527973
2026.8.14,Productivity and pay levels,"Productivity and pay, nominal dollars per hour",year,1980,NA,NA,national,United States,0,Outcome,Total compensation per hour,8.081182058391377
2026.8.14,Productivity and pay levels,"Productivity and pay, real dollars per hour (2025$)",year,1980,NA,NA,national,United States,0,Outcome,Total compensation per hour,28.134485684769977
2026.8.14,Productivity and pay levels,"Productivity and pay, nominal dollars per hour",year,1980,NA,NA,national,United States,0,Outcome,Net productivity (output per hour),12.901967398160751
2026.8.14,Productivity and pay levels,"Productivity and pay, real dollars per hour (2025$)",year,1980,NA,NA,national,United States,0,Outcome,Net productivity (output per hour),44.91796057137447
2026.8.14,Productivity and pay levels,"Productivity and pay, nominal dollars per hour",year,1981,NA,NA,national,United States,0,Outcome,Total compensation per hour,8.81216003594083
2026.8.14,Productivity and pay levels,"Productivity and pay, real dollars per hour (2025$)",year,1981,NA,NA,national,United States,0,Outcome,Total compensation per hour,28.004480114217653
2026.8.14,Productivity and pay levels,"Productivity and pay, nominal dollars per hour",year,1981,NA,NA,national,United States,0,Outcome,Net productivity (output per hour),14.374994219210192
2026.8.14,Productivity and pay levels,"Productivity and pay, real dollars per hour (2025$)",year,1981,NA,NA,national,United States,0,Outcome,Net productivity (output per hour),45.682810810514944
2026.8.14,Productivity and pay levels,"Productivity and pay, nominal dollars per hour",year,1982,NA,NA,national,United States,0,Outcome,Total compensation per hour,9.375382334488387
2026.8.14,Productivity and pay levels,"Productivity and pay, real dollars per hour (2025$)",year,1982,NA,NA,national,United States,0,Outcome,Total compensation per hour,28.0946859889199
2026.8.14,Productivity and pay levels,"Productivity and pay, nominal dollars per hour",year,1982,NA,NA,national,United States,0,Outcome,Net productivity (output per hour),15.102459077035656
2026.8.14,Productivity and pay levels,"Productivity and pay, real dollars per hour (2025$)",year,1982,NA,NA,national,United States,0,Outcome,Net productivity (output per hour),45.256697838231005
2026.8.14,Productivity and pay levels,"Productivity and pay, nominal dollars per hour",year,1983,NA,NA,national,United States,0,Outcome,Total compensation per hour,9.83442666465178
2026.8.14,Productivity and pay levels,"Productivity and pay, real dollars per hour (2025$)",year,1983,NA,NA,national,United States,0,Outcome,Total compensation per hour,28.283874433281927
2026.8.14,Productivity and pay levels,"Productivity and pay, nominal dollars per hour",year,1983,NA,NA,national,United States,0,Outcome,Net productivity (output per hour),16.228987647601976
2026.8.14,Productivity and pay levels,"Productivity and pay, real dollars per hour (2025$)",year,1983,NA,NA,national,United States,0,Outcome,Net productivity (output per hour),46.67467300904529
2026.8.14,Productivity and pay levels,"Productivity and pay, nominal dollars per hour",year,1984,NA,NA,national,United States,0,Outcome,Total compensation per hour,10.192079570061496
2026.8.14,Productivity and pay levels,"Productivity and pay, real dollars per hour (2025$)",year,1984,NA,NA,national,United States,0,Outcome,Total compensation per hour,28.13455040514657
2026.8.14,Productivity and pay levels,"Productivity and pay, nominal dollars per hour",year,1984,NA,NA,national,United States,0,Outcome,Net productivity (output per hour),17.309902609658504
2026.8.14,Productivity and pay levels,"Productivity and pay, real dollars per hour (2025$)",year,1984,NA,NA,national,United States,0,Outcome,Net productivity (output per hour),47.782822350618375
2026.8.14,Productivity and pay levels,"Productivity and pay, nominal dollars per hour",year,1985,NA,NA,national,United States,0,Outcome,Total compensation per hour,10.514396808823657
2026.8.14,Productivity and pay levels,"Productivity and pay, real dollars per hour (2025$)",year,1985,NA,NA,national,United States,0,Outcome,Total compensation per hour,28.069824664512772
2026.8.14,Productivity and pay levels,"Productivity and pay, nominal dollars per hour",year,1985,NA,NA,national,United States,0,Outcome,Net productivity (output per hour),18.193606142510372
2026.8.14,Productivity and pay levels,"Productivity and pay, real dollars per hour (2025$)",year,1985,NA,NA,national,United States,0,Outcome,Net productivity (output per hour),48.57067349854039
2026.8.14,Productivity and pay levels,"Productivity and pay, nominal dollars per hour",year,1986,NA,NA,national,United States,0,Outcome,Total compensation per hour,10.787737792343592
2026.8.14,Productivity and pay levels,"Productivity and pay, real dollars per hour (2025$)",year,1986,NA,NA,national,United States,0,Outcome,Total compensation per hour,28.33367602518479
2026.8.14,Productivity and pay levels,"Productivity and pay, nominal dollars per hour",year,1986,NA,NA,national,United States,0,Outcome,Net productivity (output per hour),18.93551586819214
2026.8.14,Productivity and pay levels,"Productivity and pay, real dollars per hour (2025$)",year,1986,NA,NA,national,United States,0,Outcome,Net productivity (output per hour),49.73357550086936
2026.8.14,Productivity and pay levels,"Productivity and pay, nominal dollars per hour",year,1987,NA,NA,national,United States,0,Outcome,Total compensation per hour,11.026285611735371
2026.8.14,Productivity and pay levels,"Productivity and pay, real dollars per hour (2025$)",year,1987,NA,NA,national,United States,0,Outcome,Total compensation per hour,28.01272560819257
2026.8.14,Productivity and pay levels,"Productivity and pay, nominal dollars per hour",year,1987,NA,NA,national,United States,0,Outcome,Net productivity (output per hour),19.477141157249573
2026.8.14,Productivity and pay levels,"Productivity and pay, real dollars per hour (2025$)",year,1987,NA,NA,national,United States,0,Outcome,Net productivity (output per hour),49.48246672382324
2026.8.14,Productivity and pay levels,"Productivity and pay, nominal dollars per hour",year,1988,NA,NA,national,United States,0,Outcome,Total compensation per hour,11.39829051666638
2026.8.14,Productivity and pay levels,"Productivity and pay, real dollars per hour (2025$)",year,1988,NA,NA,national,United States,0,Outcome,Total compensation per hour,27.925029990077025
2026.8.14,Productivity and pay levels,"Productivity and pay, nominal dollars per hour",year,1988,NA,NA,national,United States,0,Outcome,Net productivity (output per hour),20.458822177799224
2026.8.14,Productivity and pay levels,"Productivity and pay, real dollars per hour (2025$)",year,1988,NA,NA,national,United States,0,Outcome,Net productivity (output per hour),50.12271112421044
2026.8.14,Productivity and pay levels,"Productivity and pay, nominal dollars per hour",year,1989,NA,NA,national,United States,0,Outcome,Total compensation per hour,11.917607435935254
2026.8.14,Productivity and pay levels,"Productivity and pay, real dollars per hour (2025$)",year,1989,NA,NA,national,United States,0,Outcome,Total compensation per hour,27.96957540155107
2026.8.14,Productivity and pay levels,"Productivity and pay, nominal dollars per hour",year,1989,NA,NA,national,United States,0,Outcome,Net productivity (output per hour),21.49312415890783
2026.8.14,Productivity and pay levels,"Productivity and pay, real dollars per hour (2025$)",year,1989,NA,NA,national,United States,0,Outcome,Net productivity (output per hour),50.44247010224623
2026.8.14,Productivity and pay levels,"Productivity and pay, nominal dollars per hour",year,1990,NA,NA,national,United States,0,Outcome,Total compensation per hour,12.428510646557706
2026.8.14,Productivity and pay levels,"Productivity and pay, real dollars per hour (2025$)",year,1990,NA,NA,national,United States,0,Outcome,Total compensation per hour,27.81619049467677
2026.8.14,Productivity and pay levels,"Productivity and pay, nominal dollars per hour",year,1990,NA,NA,national,United States,0,Outcome,Net productivity (output per hour),22.63867583733258
2026.8.14,Productivity and pay levels,"Productivity and pay, real dollars per hour (2025$)",year,1990,NA,NA,national,United States,0,Outcome,Net productivity (output per hour),50.66751258831578
2026.8.14,Productivity and pay levels,"Productivity and pay, nominal dollars per hour",year,1991,NA,NA,national,United States,0,Outcome,Total compensation per hour,12.888197900285595
2026.8.14,Productivity and pay levels,"Productivity and pay, real dollars per hour (2025$)",year,1991,NA,NA,national,United States,0,Outcome,Total compensation per hour,27.833520495659094
2026.8.14,Productivity and pay levels,"Productivity and pay, nominal dollars per hour",year,1991,NA,NA,national,United States,0,Outcome,Net productivity (output per hour),23.615783515567276
2026.8.14,Productivity and pay levels,"Productivity and pay, real dollars per hour (2025$)",year,1991,NA,NA,national,United States,0,Outcome,Net productivity (output per hour),51.0009544846471
2026.8.14,Productivity and pay levels,"Productivity and pay, nominal dollars per hour",year,1992,NA,NA,national,United States,0,Outcome,Total compensation per hour,13.323055149689944
2026.8.14,Productivity and pay levels,"Productivity and pay, real dollars per hour (2025$)",year,1992,NA,NA,national,United States,0,Outcome,Total compensation per hour,28.060113794040376
2026.8.14,Productivity and pay levels,"Productivity and pay, nominal dollars per hour",year,1992,NA,NA,national,United States,0,Outcome,Net productivity (output per hour),25.13913929075641
2026.8.14,Productivity and pay levels,"Productivity and pay, real dollars per hour (2025$)",year,1992,NA,NA,national,United States,0,Outcome,Net productivity (output per hour),52.946347610012914
2026.8.14,Productivity and pay levels,"Productivity and pay, nominal dollars per hour",year,1993,NA,NA,national,United States,0,Outcome,Total compensation per hour,13.689818565017177
2026.8.14,Productivity and pay levels,"Productivity and pay, real dollars per hour (2025$)",year,1993,NA,NA,national,United States,0,Outcome,Total compensation per hour,28.135806624995023
2026.8.14,Productivity and pay levels,"Productivity and pay, nominal dollars per hour",year,1993,NA,NA,national,United States,0,Outcome,Net productivity (output per hour),25.872804783878163
2026.8.14,Productivity and pay levels,"Productivity and pay, real dollars per hour (2025$)",year,1993,NA,NA,national,United States,0,Outcome,Net productivity (output per hour),53.174717311860064
2026.8.14,Productivity and pay levels,"Productivity and pay, nominal dollars per hour",year,1994,NA,NA,national,United States,0,Outcome,Total compensation per hour,14.028197381049411
2026.8.14,Productivity and pay levels,"Productivity and pay, real dollars per hour (2025$)",year,1994,NA,NA,national,United States,0,Outcome,Total compensation per hour,28.21436995783137
2026.8.14,Productivity and pay levels,"Productivity and pay, nominal dollars per hour",year,1994,NA,NA,national,United States,0,Outcome,Net productivity (output per hour),26.651385681293306
2026.8.14,Productivity and pay levels,"Productivity and pay, real dollars per hour (2025$)",year,1994,NA,NA,national,United States,0,Outcome,Net productivity (output per hour),53.60289957971828
2026.8.14,Productivity and pay levels,"Productivity and pay, nominal dollars per hour",year,1995,NA,NA,national,United States,0,Outcome,Total compensation per hour,14.307756589434865
2026.8.14,Productivity and pay levels,"Productivity and pay, real dollars per hour (2025$)",year,1995,NA,NA,national,United States,0,Outcome,Total compensation per hour,28.111829778581587
2026.8.14,Productivity and pay levels,"Productivity and pay, nominal dollars per hour",year,1995,NA,NA,national,United States,0,Outcome,Net productivity (output per hour),27.312580802651897
2026.8.14,Productivity and pay levels,"Productivity and pay, real dollars per hour (2025$)",year,1995,NA,NA,national,United States,0,Outcome,Net productivity (output per hour),53.66366261115103
2026.8.14,Productivity and pay levels,"Productivity and pay, nominal dollars per hour",year,1996,NA,NA,national,United States,0,Outcome,Total compensation per hour,14.70189273708692
2026.8.14,Productivity and pay levels,"Productivity and pay, real dollars per hour (2025$)",year,1996,NA,NA,national,United States,0,Outcome,Total compensation per hour,28.143173020833057
2026.8.14,Productivity and pay levels,"Productivity and pay, nominal dollars per hour",year,1996,NA,NA,national,United States,0,Outcome,Net productivity (output per hour),28.40843256266506
2026.8.14,Productivity and pay levels,"Productivity and pay, real dollars per hour (2025$)",year,1996,NA,NA,national,United States,0,Outcome,Net productivity (output per hour),54.38098666336527
2026.8.14,Productivity and pay levels,"Productivity and pay, nominal dollars per hour",year,1997,NA,NA,national,United States,0,Outcome,Total compensation per hour,15.18858357210143
2026.8.14,Productivity and pay levels,"Productivity and pay, real dollars per hour (2025$)",year,1997,NA,NA,national,United States,0,Outcome,Total compensation per hour,28.464648751073614
2026.8.14,Productivity and pay levels,"Productivity and pay, nominal dollars per hour",year,1997,NA,NA,national,United States,0,Outcome,Net productivity (output per hour),29.44581354172414
2026.8.14,Productivity and pay levels,"Productivity and pay, real dollars per hour (2025$)",year,1997,NA,NA,national,United States,0,Outcome,Net productivity (output per hour),55.183864622790466
2026.8.14,Productivity and pay levels,"Productivity and pay, nominal dollars per hour",year,1998,NA,NA,national,United States,0,Outcome,Total compensation per hour,15.772461086415714
2026.8.14,Productivity and pay levels,"Productivity and pay, real dollars per hour (2025$)",year,1998,NA,NA,national,United States,0,Outcome,Total compensation per hour,29.1610926504539
2026.8.14,Productivity and pay levels,"Productivity and pay, nominal dollars per hour",year,1998,NA,NA,national,United States,0,Outcome,Net productivity (output per hour),30.47378723203547
2026.8.14,Productivity and pay levels,"Productivity and pay, real dollars per hour (2025$)",year,1998,NA,NA,national,United States,0,Outcome,Net productivity (output per hour),56.34180537931196
2026.8.14,Productivity and pay levels,"Productivity and pay, nominal dollars per hour",year,1999,NA,NA,national,United States,0,Outcome,Total compensation per hour,16.337789275775325
2026.8.14,Productivity and pay levels,"Productivity and pay, real dollars per hour (2025$)",year,1999,NA,NA,national,United States,0,Outcome,Total compensation per hour,29.593602075593033
2026.8.14,Productivity and pay levels,"Productivity and pay, nominal dollars per hour",year,1999,NA,NA,national,United States,0,Outcome,Net productivity (output per hour),31.796948824885256
2026.8.14,Productivity and pay levels,"Productivity and pay, real dollars per hour (2025$)",year,1999,NA,NA,national,United States,0,Outcome,Net productivity (output per hour),57.595690264954435
2026.8.14,Productivity and pay levels,"Productivity and pay, nominal dollars per hour",year,2000,NA,NA,national,United States,0,Outcome,Total compensation per hour,16.98014044164087
2026.8.14,Productivity and pay levels,"Productivity and pay, real dollars per hour (2025$)",year,2000,NA,NA,national,United States,0,Outcome,Total compensation per hour,29.731892969382933
2026.8.14,Productivity and pay levels,"Productivity and pay, nominal dollars per hour",year,2000,NA,NA,national,United States,0,Outcome,Net productivity (output per hour),33.27610223392803
2026.8.14,Productivity and pay levels,"Productivity and pay, real dollars per hour (2025$)",year,2000,NA,NA,national,United States,0,Outcome,Net productivity (output per hour),58.265802539015155
2026.8.14,Productivity and pay levels,"Productivity and pay, nominal dollars per hour",year,2001,NA,NA,national,United States,0,Outcome,Total compensation per hour,17.724885236127946
2026.8.14,Productivity and pay levels,"Productivity and pay, real dollars per hour (2025$)",year,2001,NA,NA,national,United States,0,Outcome,Total compensation per hour,30.35152927298611
2026.8.14,Productivity and pay levels,"Productivity and pay, nominal dollars per hour",year,2001,NA,NA,national,United States,0,Outcome,Net productivity (output per hour),34.591033591059585
2026.8.14,Productivity and pay levels,"Productivity and pay, real dollars per hour (2025$)",year,2001,NA,NA,national,United States,0,Outcome,Net productivity (output per hour),59.23258484528516
2026.8.14,Productivity and pay levels,"Productivity and pay, nominal dollars per hour",year,2002,NA,NA,national,United States,0,Outcome,Total compensation per hour,18.373584916833188
2026.8.14,Productivity and pay levels,"Productivity and pay, real dollars per hour (2025$)",year,2002,NA,NA,national,United States,0,Outcome,Total compensation per hour,31.075021459719768
2026.8.14,Productivity and pay levels,"Productivity and pay, nominal dollars per hour",year,2002,NA,NA,national,United States,0,Outcome,Net productivity (output per hour),36.19691153231608
2026.8.14,Productivity and pay levels,"Productivity and pay, real dollars per hour (2025$)",year,2002,NA,NA,national,United States,0,Outcome,Net productivity (output per hour),61.21939772416337
2026.8.14,Productivity and pay levels,"Productivity and pay, nominal dollars per hour",year,2003,NA,NA,national,United States,0,Outcome,Total compensation per hour,18.99819988372219
2026.8.14,Productivity and pay levels,"Productivity and pay, real dollars per hour (2025$)",year,2003,NA,NA,national,United States,0,Outcome,Total compensation per hour,31.475681811064774
2026.8.14,Productivity and pay levels,"Productivity and pay, nominal dollars per hour",year,2003,NA,NA,national,United States,0,Outcome,Net productivity (output per hour),38.19673729166769
2026.8.14,Productivity and pay levels,"Productivity and pay, real dollars per hour (2025$)",year,2003,NA,NA,national,United States,0,Outcome,Net productivity (output per hour),63.28327718267021
2026.8.14,Productivity and pay levels,"Productivity and pay, nominal dollars per hour",year,2004,NA,NA,national,United States,0,Outcome,Total compensation per hour,19.436801198693335
2026.8.14,Productivity and pay levels,"Productivity and pay, real dollars per hour (2025$)",year,2004,NA,NA,national,United States,0,Outcome,Total compensation per hour,31.41549949399665
2026.8.14,Productivity and pay levels,"Productivity and pay, nominal dollars per hour",year,2004,NA,NA,national,United States,0,Outcome,Net productivity (output per hour),40.319891242795414
2026.8.14,Productivity and pay levels,"Productivity and pay, real dollars per hour (2025$)",year,2004,NA,NA,national,United States,0,Outcome,Net productivity (output per hour),65.168620596952593
2026.8.14,Productivity and pay levels,"Productivity and pay, nominal dollars per hour",year,2005,NA,NA,national,United States,0,Outcome,Total compensation per hour,20.00440473872852
2026.8.14,Productivity and pay levels,"Productivity and pay, real dollars per hour (2025$)",year,2005,NA,NA,national,United States,0,Outcome,Total compensation per hour,31.422926001204164
2026.8.14,Productivity and pay levels,"Productivity and pay, nominal dollars per hour",year,2005,NA,NA,national,United States,0,Outcome,Net productivity (output per hour),42.30573984869435
2026.8.14,Productivity and pay levels,"Productivity and pay, real dollars per hour (2025$)",year,2005,NA,NA,national,United States,0,Outcome,Net productivity (output per hour),66.45387103761487
2026.8.14,Productivity and pay levels,"Productivity and pay, nominal dollars per hour",year,2006,NA,NA,national,United States,0,Outcome,Total compensation per hour,20.67589100834624
2026.8.14,Productivity and pay levels,"Productivity and pay, real dollars per hour (2025$)",year,2006,NA,NA,national,United States,0,Outcome,Total compensation per hour,31.56165926573195
2026.8.14,Productivity and pay levels,"Productivity and pay, nominal dollars per hour",year,2006,NA,NA,national,United States,0,Outcome,Net productivity (output per hour),43.822407635946895
2026.8.14,Productivity and pay levels,"Productivity and pay, real dollars per hour (2025$)",year,2006,NA,NA,national,United States,0,Outcome,Net productivity (output per hour),66.89471798102663
2026.8.14,Productivity and pay levels,"Productivity and pay, nominal dollars per hour",year,2007,NA,NA,national,United States,0,Outcome,Total compensation per hour,21.44605592366238
2026.8.14,Productivity and pay levels,"Productivity and pay, real dollars per hour (2025$)",year,2007,NA,NA,national,United States,0,Outcome,Total compensation per hour,31.91887989971751
2026.8.14,Productivity and pay levels,"Productivity and pay, nominal dollars per hour",year,2007,NA,NA,national,United States,0,Outcome,Net productivity (output per hour),45.46498233422584
2026.8.14,Productivity and pay levels,"Productivity and pay, real dollars per hour (2025$)",year,2007,NA,NA,national,United States,0,Outcome,Net productivity (output per hour),67.66704870743946
2026.8.14,Productivity and pay levels,"Productivity and pay, nominal dollars per hour",year,2008,NA,NA,national,United States,0,Outcome,Total compensation per hour,22.26774534780001
2026.8.14,Productivity and pay levels,"Productivity and pay, real dollars per hour (2025$)",year,2008,NA,NA,national,United States,0,Outcome,Total compensation per hour,31.96960867457461
2026.8.14,Productivity and pay levels,"Productivity and pay, nominal dollars per hour",year,2008,NA,NA,national,United States,0,Outcome,Net productivity (output per hour),46.73137045592751
2026.8.14,Productivity and pay levels,"Productivity and pay, real dollars per hour (2025$)",year,2008,NA,NA,national,United States,0,Outcome,Net productivity (output per hour),67.09182285714351
2026.8.14,Productivity and pay levels,"Productivity and pay, nominal dollars per hour",year,2009,NA,NA,national,United States,0,Outcome,Total compensation per hour,23.10240661363511
2026.8.14,Productivity and pay levels,"Productivity and pay, real dollars per hour (2025$)",year,2009,NA,NA,national,United States,0,Outcome,Total compensation per hour,33.30177418236667
2026.8.14,Productivity and pay levels,"Productivity and pay, nominal dollars per hour",year,2009,NA,NA,national,United States,0,Outcome,Net productivity (output per hour),48.40489374887552
2026.8.14,Productivity and pay levels,"Productivity and pay, real dollars per hour (2025$)",year,2009,NA,NA,national,United States,0,Outcome,Net productivity (output per hour),69.77493158635325
2026.8.14,Productivity and pay levels,"Productivity and pay, nominal dollars per hour",year,2010,NA,NA,national,United States,0,Outcome,Total compensation per hour,23.679684419483063
2026.8.14,Productivity and pay levels,"Productivity and pay, real dollars per hour (2025$)",year,2010,NA,NA,national,United States,0,Outcome,Total compensation per hour,33.67190794044327
2026.8.14,Productivity and pay levels,"Productivity and pay, nominal dollars per hour",year,2010,NA,NA,national,United States,0,Outcome,Net productivity (output per hour),50.56115800436768
2026.8.14,Productivity and pay levels,"Productivity and pay, real dollars per hour (2025$)",year,2010,NA,NA,national,United States,0,Outcome,Net productivity (output per hour),71.8966784998413
2026.8.14,Productivity and pay levels,"Productivity and pay, nominal dollars per hour",year,2011,NA,NA,national,United States,0,Outcome,Total compensation per hour,24.12787803368516
2026.8.14,Productivity and pay levels,"Productivity and pay, real dollars per hour (2025$)",year,2011,NA,NA,national,United States,0,Outcome,Total compensation per hour,33.275976963831425
2026.8.14,Productivity and pay levels,"Productivity and pay, nominal dollars per hour",year,2011,NA,NA,national,United States,0,Outcome,Net productivity (output per hour),51.650310532731126
2026.8.14,Productivity and pay levels,"Productivity and pay, real dollars per hour (2025$)",year,2011,NA,NA,national,United States,0,Outcome,Net productivity (output per hour),71.2335556845234
2026.8.14,Productivity and pay levels,"Productivity and pay, nominal dollars per hour",year,2012,NA,NA,national,United States,0,Outcome,Total compensation per hour,24.403398284417737
2026.8.14,Productivity and pay levels,"Productivity and pay, real dollars per hour (2025$)",year,2012,NA,NA,national,United States,0,Outcome,Total compensation per hour,33.01853737573491
2026.8.14,Productivity and pay levels,"Productivity and pay, nominal dollars per hour",year,2012,NA,NA,national,United States,0,Outcome,Net productivity (output per hour),52.84804627055681
2026.8.14,Productivity and pay levels,"Productivity and pay, real dollars per hour (2025$)",year,2012,NA,NA,national,United States,0,Outcome,Net productivity (output per hour),71.50500806001095
2026.8.14,Productivity and pay levels,"Productivity and pay, nominal dollars per hour",year,2013,NA,NA,national,United States,0,Outcome,Total compensation per hour,24.99889268075008
2026.8.14,Productivity and pay levels,"Productivity and pay, real dollars per hour (2025$)",year,2013,NA,NA,national,United States,0,Outcome,Total compensation per hour,33.419178389086554
2026.8.14,Productivity and pay levels,"Productivity and pay, nominal dollars per hour",year,2013,NA,NA,national,United States,0,Outcome,Net productivity (output per hour),54.12879867261487
2026.8.14,Productivity and pay levels,"Productivity and pay, real dollars per hour (2025$)",year,2013,NA,NA,national,United States,0,Outcome,Net productivity (output per hour),72.36080421354053
2026.8.14,Productivity and pay levels,"Productivity and pay, nominal dollars per hour",year,2014,NA,NA,national,United States,0,Outcome,Total compensation per hour,25.49076342784135
2026.8.14,Productivity and pay levels,"Productivity and pay, real dollars per hour (2025$)",year,2014,NA,NA,national,United States,0,Outcome,Total compensation per hour,33.59889555876358
2026.8.14,Productivity and pay levels,"Productivity and pay, nominal dollars per hour",year,2014,NA,NA,national,United States,0,Outcome,Net productivity (output per hour),55.29633936583907
2026.8.14,Productivity and pay levels,"Productivity and pay, real dollars per hour (2025$)",year,2014,NA,NA,national,United States,0,Outcome,Net productivity (output per hour),72.88506428589562
2026.8.14,Productivity and pay levels,"Productivity and pay, nominal dollars per hour",year,2015,NA,NA,national,United States,0,Outcome,Total compensation per hour,25.951152489650926
2026.8.14,Productivity and pay levels,"Productivity and pay, real dollars per hour (2025$)",year,2015,NA,NA,national,United States,0,Outcome,Total compensation per hour,34.23098843908165
2026.8.14,Productivity and pay levels,"Productivity and pay, nominal dollars per hour",year,2015,NA,NA,national,United States,0,Outcome,Net productivity (output per hour),56.279385477161334
2026.8.14,Productivity and pay levels,"Productivity and pay, real dollars per hour (2025$)",year,2015,NA,NA,national,United States,0,Outcome,Net productivity (output per hour),74.2355852748967
2026.8.14,Productivity and pay levels,"Productivity and pay, nominal dollars per hour",year,2016,NA,NA,national,United States,0,Outcome,Total compensation per hour,26.52192334326053
2026.8.14,Productivity and pay levels,"Productivity and pay, real dollars per hour (2025$)",year,2016,NA,NA,national,United States,0,Outcome,Total compensation per hour,34.676541062271816
2026.8.14,Productivity and pay levels,"Productivity and pay, nominal dollars per hour",year,2016,NA,NA,national,United States,0,Outcome,Net productivity (output per hour),57.14121800529568
2026.8.14,Productivity and pay levels,"Productivity and pay, real dollars per hour (2025$)",year,2016,NA,NA,national,United States,0,Outcome,Net productivity (output per hour),74.71026014455204
2026.8.14,Productivity and pay levels,"Productivity and pay, nominal dollars per hour",year,2017,NA,NA,national,United States,0,Outcome,Total compensation per hour,27.12370567390532
2026.8.14,Productivity and pay levels,"Productivity and pay, real dollars per hour (2025$)",year,2017,NA,NA,national,United States,0,Outcome,Total compensation per hour,34.85103477237043
2026.8.14,Productivity and pay levels,"Productivity and pay, nominal dollars per hour",year,2017,NA,NA,national,United States,0,Outcome,Net productivity (output per hour),58.86423412471396
2026.8.14,Productivity and pay levels,"Productivity and pay, real dollars per hour (2025$)",year,2017,NA,NA,national,United States,0,Outcome,Net productivity (output per hour),75.63418859477636
2026.8.14,Productivity and pay levels,"Productivity and pay, nominal dollars per hour",year,2018,NA,NA,national,United States,0,Outcome,Total compensation per hour,27.95937466516192
2026.8.14,Productivity and pay levels,"Productivity and pay, real dollars per hour (2025$)",year,2018,NA,NA,national,United States,0,Outcome,Total compensation per hour,35.21540419744653
2026.8.14,Productivity and pay levels,"Productivity and pay, nominal dollars per hour",year,2018,NA,NA,national,United States,0,Outcome,Net productivity (output per hour),60.87105285093203
2026.8.14,Productivity and pay levels,"Productivity and pay, real dollars per hour (2025$)",year,2018,NA,NA,national,United States,0,Outcome,Net productivity (output per hour),76.66833596034175
2026.8.14,Productivity and pay levels,"Productivity and pay, nominal dollars per hour",year,2019,NA,NA,national,United States,0,Outcome,Total compensation per hour,28.857493864706
2026.8.14,Productivity and pay levels,"Productivity and pay, real dollars per hour (2025$)",year,2019,NA,NA,national,United States,0,Outcome,Total compensation per hour,35.81618071046902
2026.8.14,Productivity and pay levels,"Productivity and pay, nominal dollars per hour",year,2019,NA,NA,national,United States,0,Outcome,Net productivity (output per hour),62.734049675041355
2026.8.14,Productivity and pay levels,"Productivity and pay, real dollars per hour (2025$)",year,2019,NA,NA,national,United States,0,Outcome,Net productivity (output per hour),77.8617183597108
2026.8.14,Productivity and pay levels,"Productivity and pay, nominal dollars per hour",year,2020,NA,NA,national,United States,0,Outcome,Total compensation per hour,30.256380837440332
2026.8.14,Productivity and pay levels,"Productivity and pay, real dollars per hour (2025$)",year,2020,NA,NA,national,United States,0,Outcome,Total compensation per hour,37.16499049220662
2026.8.14,Productivity and pay levels,"Productivity and pay, nominal dollars per hour",year,2020,NA,NA,national,United States,0,Outcome,Net productivity (output per hour),65.95432870477872
2026.8.14,Productivity and pay levels,"Productivity and pay, real dollars per hour (2025$)",year,2020,NA,NA,national,United States,0,Outcome,Net productivity (output per hour),81.01405162774056
2026.8.14,Productivity and pay levels,"Productivity and pay, nominal dollars per hour",year,2021,NA,NA,national,United States,0,Outcome,Total compensation per hour,31.52080682510688
2026.8.14,Productivity and pay levels,"Productivity and pay, real dollars per hour (2025$)",year,2021,NA,NA,national,United States,0,Outcome,Total compensation per hour,37.06133047375963
2026.8.14,Productivity and pay levels,"Productivity and pay, nominal dollars per hour",year,2021,NA,NA,national,United States,0,Outcome,Net productivity (output per hour),70.67388775923364
2026.8.14,Productivity and pay levels,"Productivity and pay, real dollars per hour (2025$)",year,2021,NA,NA,national,United States,0,Outcome,Net productivity (output per hour),83.09648685845376
2026.8.14,Productivity and pay levels,"Productivity and pay, nominal dollars per hour",year,2022,NA,NA,national,United States,0,Outcome,Total compensation per hour,33.30899592590957
2026.8.14,Productivity and pay levels,"Productivity and pay, real dollars per hour (2025$)",year,2022,NA,NA,national,United States,0,Outcome,Total compensation per hour,36.36299921984994
2026.8.14,Productivity and pay levels,"Productivity and pay, nominal dollars per hour",year,2022,NA,NA,national,United States,0,Outcome,Net productivity (output per hour),75.05220672863717
2026.8.14,Productivity and pay levels,"Productivity and pay, real dollars per hour (2025$)",year,2022,NA,NA,national,United States,0,Outcome,Net productivity (output per hour),81.9335215264951
2026.8.14,Productivity and pay levels,"Productivity and pay, nominal dollars per hour",year,2023,NA,NA,national,United States,0,Outcome,Total compensation per hour,35.031851085653614
2026.8.14,Productivity and pay levels,"Productivity and pay, real dollars per hour (2025$)",year,2023,NA,NA,national,United States,0,Outcome,Total compensation per hour,36.80405061116315
2026.8.14,Productivity and pay levels,"Productivity and pay, nominal dollars per hour",year,2023,NA,NA,national,United States,0,Outcome,Net productivity (output per hour),79.17723221319888
2026.8.14,Productivity and pay levels,"Productivity and pay, real dollars per hour (2025$)",year,2023,NA,NA,national,United States,0,Outcome,Net productivity (output per hour),83.18266866633718
2026.8.14,Productivity and pay levels,"Productivity and pay, nominal dollars per hour",year,2024,NA,NA,national,United States,0,Outcome,Total compensation per hour,36.539811031165904
2026.8.14,Productivity and pay levels,"Productivity and pay, real dollars per hour (2025$)",year,2024,NA,NA,national,United States,0,Outcome,Total compensation per hour,37.419783544531136
2026.8.14,Productivity and pay levels,"Productivity and pay, nominal dollars per hour",year,2024,NA,NA,national,United States,0,Outcome,Net productivity (output per hour),83.02863063473681
2026.8.14,Productivity and pay levels,"Productivity and pay, real dollars per hour (2025$)",year,2024,NA,NA,national,United States,0,Outcome,Net productivity (output per hour),85.02817334497703
2026.8.14,Productivity and pay levels,"Productivity and pay, nominal dollars per hour",year,2025,NA,NA,national,United States,0,Outcome,Total compensation per hour,38.04401561589412
2026.8.14,Productivity and pay levels,"Productivity and pay, real dollars per hour (2025$)",year,2025,NA,NA,national,United States,0,Outcome,Total compensation per hour,38.04401561589412
2026.8.14,Productivity and pay levels,"Productivity and pay, nominal dollars per hour",year,2025,NA,NA,national,United States,0,Outcome,Net productivity (output per hour),86.74580230493461
2026.8.14,Productivity and pay levels,"Productivity and pay, real dollars per hour (2025$)",year,2025,NA,NA,national,United States,0,Outcome,Net productivity (output per hour),86.74580230493461
2026.8.14,Productivity and pay levels,"Productivity and pay, nominal dollars per hour",quarter,1948,1,NA,national,United States,0,Outcome,Total compensation per hour,1.351193068899606
2026.8.14,Productivity and pay levels,"Productivity and pay, real dollars per hour (2026Q1$)",quarter,1948,1,NA,national,United States,0,Outcome,Total compensation per hour,15.25757142397195
2026.8.14,Productivity and pay levels,"Productivity and pay, nominal dollars per hour",quarter,1948,1,NA,national,United States,0,Outcome,Net productivity (output per hour),1.8938029575695092
2026.8.14,Productivity and pay levels,"Productivity and pay, real dollars per hour (2026Q1$)",quarter,1948,1,NA,national,United States,0,Outcome,Net productivity (output per hour),21.384681843859425
2026.8.14,Productivity and pay levels,"Productivity and pay, nominal dollars per hour",quarter,1948,2,NA,national,United States,0,Outcome,Total compensation per hour,1.3782512581537305
2026.8.14,Productivity and pay levels,"Productivity and pay, real dollars per hour (2026Q1$)",quarter,1948,2,NA,national,United States,0,Outcome,Total compensation per hour,15.372152069469216
2026.8.14,Productivity and pay levels,"Productivity and pay, nominal dollars per hour",quarter,1948,2,NA,national,United States,0,Outcome,Net productivity (output per hour),1.9406040052717863
2026.8.14,Productivity and pay levels,"Productivity and pay, real dollars per hour (2026Q1$)",quarter,1948,2,NA,national,United States,0,Outcome,Net productivity (output per hour),21.644282709104957
2026.8.14,Productivity and pay levels,"Productivity and pay, nominal dollars per hour",quarter,1948,3,NA,national,United States,0,Outcome,Total compensation per hour,1.4048660881503996
2026.8.14,Productivity and pay levels,"Productivity and pay, real dollars per hour (2026Q1$)",quarter,1948,3,NA,national,United States,0,Outcome,Total compensation per hour,15.385822579864014
2026.8.14,Productivity and pay levels,"Productivity and pay, nominal dollars per hour",quarter,1948,3,NA,national,United States,0,Outcome,Net productivity (output per hour),1.967531951421123
2026.8.14,Productivity and pay levels,"Productivity and pay, real dollars per hour (2026Q1$)",quarter,1948,3,NA,national,United States,0,Outcome,Net productivity (output per hour),21.548030648696393
2026.8.14,Productivity and pay levels,"Productivity and pay, nominal dollars per hour",quarter,1948,4,NA,national,United States,0,Outcome,Total compensation per hour,1.4188701030595396
2026.8.14,Productivity and pay levels,"Productivity and pay, real dollars per hour (2026Q1$)",quarter,1948,4,NA,national,United States,0,Outcome,Total compensation per hour,15.72869419123319
2026.8.14,Productivity and pay levels,"Productivity and pay, nominal dollars per hour",quarter,1948,4,NA,national,United States,0,Outcome,Net productivity (output per hour),1.9816597927452873
2026.8.14,Productivity and pay levels,"Productivity and pay, real dollars per hour (2026Q1$)",quarter,1948,4,NA,national,United States,0,Outcome,Net productivity (output per hour),21.967423800066666
2026.8.14,Productivity and pay levels,"Productivity and pay, nominal dollars per hour",quarter,1949,1,NA,national,United States,0,Outcome,Total compensation per hour,1.4414889687434178
2026.8.14,Productivity and pay levels,"Productivity and pay, real dollars per hour (2026Q1$)",quarter,1949,1,NA,national,United States,0,Outcome,Total compensation per hour,16.077465921322293
2026.8.14,Productivity and pay levels,"Productivity and pay, nominal dollars per hour",quarter,1949,1,NA,national,United States,0,Outcome,Net productivity (output per hour),1.9593972947670852
2026.8.14,Productivity and pay levels,"Productivity and pay, real dollars per hour (2026Q1$)",quarter,1949,1,NA,national,United States,0,Outcome,Net productivity (output per hour),21.853891299917553
2026.8.14,Productivity and pay levels,"Productivity and pay, nominal dollars per hour",quarter,1949,2,NA,national,United States,0,Outcome,Total compensation per hour,1.4585784275723628
2026.8.14,Productivity and pay levels,"Productivity and pay, real dollars per hour (2026Q1$)",quarter,1949,2,NA,national,United States,0,Outcome,Total compensation per hour,16.268071051083165
2026.8.14,Productivity and pay levels,"Productivity and pay, nominal dollars per hour",quarter,1949,2,NA,national,United States,0,Outcome,Net productivity (output per hour),1.9428666617911152
2026.8.14,Productivity and pay levels,"Productivity and pay, real dollars per hour (2026Q1$)",quarter,1949,2,NA,national,United States,0,Outcome,Net productivity (output per hour),21.66951896402606
2026.8.14,Productivity and pay levels,"Productivity and pay, nominal dollars per hour",quarter,1949,3,NA,national,United States,0,Outcome,Total compensation per hour,1.473201243888307
2026.8.14,Productivity and pay levels,"Productivity and pay, real dollars per hour (2026Q1$)",quarter,1949,3,NA,national,United States,0,Outcome,Total compensation per hour,16.635278642167343
2026.8.14,Productivity and pay levels,"Productivity and pay, nominal dollars per hour",quarter,1949,3,NA,national,United States,0,Outcome,Net productivity (output per hour),1.9837187255265656
2026.8.14,Productivity and pay levels,"Productivity and pay, real dollars per hour (2026Q1$)",quarter,1949,3,NA,national,United States,0,Outcome,Net productivity (output per hour),22.400003993834133
2026.8.14,Productivity and pay levels,"Productivity and pay, nominal dollars per hour",quarter,1949,4,NA,national,United States,0,Outcome,Total compensation per hour,1.4905603738432358
2026.8.14,Productivity and pay levels,"Productivity and pay, real dollars per hour (2026Q1$)",quarter,1949,4,NA,national,United States,0,Outcome,Total compensation per hour,16.831296643770205
2026.8.14,Productivity and pay levels,"Productivity and pay, nominal dollars per hour",quarter,1949,4,NA,national,United States,0,Outcome,Net productivity (output per hour),1.9834988718956317
2026.8.14,Productivity and pay levels,"Productivity and pay, real dollars per hour (2026Q1$)",quarter,1949,4,NA,national,United States,0,Outcome,Net productivity (output per hour),22.397521423020237
2026.8.14,Productivity and pay levels,"Productivity and pay, nominal dollars per hour",quarter,1950,1,NA,national,United States,0,Outcome,Total compensation per hour,1.5108291364976214
2026.8.14,Productivity and pay levels,"Productivity and pay, real dollars per hour (2026Q1$)",quarter,1950,1,NA,national,United States,0,Outcome,Total compensation per hour,17.060170000948297
2026.8.14,Productivity and pay levels,"Productivity and pay, nominal dollars per hour",quarter,1950,1,NA,national,United States,0,Outcome,Net productivity (output per hour),2.0618240972055077
2026.8.14,Productivity and pay levels,"Productivity and pay, real dollars per hour (2026Q1$)",quarter,1950,1,NA,national,United States,0,Outcome,Net productivity (output per hour),23.281964029314366
2026.8.14,Productivity and pay levels,"Productivity and pay, nominal dollars per hour",quarter,1950,2,NA,national,United States,0,Outcome,Total compensation per hour,1.5279597989749292
2026.8.14,Productivity and pay levels,"Productivity and pay, real dollars per hour (2026Q1$)",quarter,1950,2,NA,national,United States,0,Outcome,Total compensation per hour,17.14710441071865
2026.8.14,Productivity and pay levels,"Productivity and pay, nominal dollars per hour",quarter,1950,2,NA,national,United States,0,Outcome,Net productivity (output per hour),2.09858581250611
2026.8.14,Productivity and pay levels,"Productivity and pay, real dollars per hour (2026Q1$)",quarter,1950,2,NA,national,United States,0,Outcome,Net productivity (output per hour),23.550796340346345
2026.8.14,Productivity and pay levels,"Productivity and pay, nominal dollars per hour",quarter,1950,3,NA,national,United States,0,Outcome,Total compensation per hour,1.5463424294159405
2026.8.14,Productivity and pay levels,"Productivity and pay, real dollars per hour (2026Q1$)",quarter,1950,3,NA,national,United States,0,Outcome,Total compensation per hour,17.037882040473818
2026.8.14,Productivity and pay levels,"Productivity and pay, nominal dollars per hour",quarter,1950,3,NA,national,United States,0,Outcome,Net productivity (output per hour),2.1765102213908065
2026.8.14,Productivity and pay levels,"Productivity and pay, real dollars per hour (2026Q1$)",quarter,1950,3,NA,national,United States,0,Outcome,Net productivity (output per hour),23.981185348415067
2026.8.14,Productivity and pay levels,"Productivity and pay, nominal dollars per hour",quarter,1950,4,NA,national,United States,0,Outcome,Total compensation per hour,1.5806001414989326
2026.8.14,Productivity and pay levels,"Productivity and pay, real dollars per hour (2026Q1$)",quarter,1950,4,NA,national,United States,0,Outcome,Total compensation per hour,17.10435153122059
2026.8.14,Productivity and pay levels,"Productivity and pay, nominal dollars per hour",quarter,1950,4,NA,national,United States,0,Outcome,Net productivity (output per hour),2.23032095057064
2026.8.14,Productivity and pay levels,"Productivity and pay, real dollars per hour (2026Q1$)",quarter,1950,4,NA,national,United States,0,Outcome,Net productivity (output per hour),24.135258857960853
2026.8.14,Productivity and pay levels,"Productivity and pay, nominal dollars per hour",quarter,1951,1,NA,national,United States,0,Outcome,Total compensation per hour,1.617843851691917
2026.8.14,Productivity and pay levels,"Productivity and pay, real dollars per hour (2026Q1$)",quarter,1951,1,NA,national,United States,0,Outcome,Total compensation per hour,16.807086413576602
2026.8.14,Productivity and pay levels,"Productivity and pay, nominal dollars per hour",quarter,1951,1,NA,national,United States,0,Outcome,Net productivity (output per hour),2.29577831561533
2026.8.14,Productivity and pay levels,"Productivity and pay, real dollars per hour (2026Q1$)",quarter,1951,1,NA,national,United States,0,Outcome,Net productivity (output per hour),23.849857015935264
2026.8.14,Productivity and pay levels,"Productivity and pay, nominal dollars per hour",quarter,1951,2,NA,national,United States,0,Outcome,Total compensation per hour,1.6517197974810962
2026.8.14,Productivity and pay levels,"Productivity and pay, real dollars per hour (2026Q1$)",quarter,1951,2,NA,national,United States,0,Outcome,Total compensation per hour,16.965121987687194
2026.8.14,Productivity and pay levels,"Productivity and pay, nominal dollars per hour",quarter,1951,2,NA,national,United States,0,Outcome,Net productivity (output per hour),2.323182368979097
2026.8.14,Productivity and pay levels,"Productivity and pay, real dollars per hour (2026Q1$)",quarter,1951,2,NA,national,United States,0,Outcome,Net productivity (output per hour),23.86183924748022
2026.8.14,Productivity and pay levels,"Productivity and pay, nominal dollars per hour",quarter,1951,3,NA,national,United States,0,Outcome,Total compensation per hour,1.685881947780932
2026.8.14,Productivity and pay levels,"Productivity and pay, real dollars per hour (2026Q1$)",quarter,1951,3,NA,national,United States,0,Outcome,Total compensation per hour,17.316007802631272
2026.8.14,Productivity and pay levels,"Productivity and pay, nominal dollars per hour",quarter,1951,3,NA,national,United States,0,Outcome,Net productivity (output per hour),2.3810892609998326
2026.8.14,Productivity and pay levels,"Productivity and pay, real dollars per hour (2026Q1$)",quarter,1951,3,NA,national,United States,0,Outcome,Net productivity (output per hour),24.456611731625404
2026.8.14,Productivity and pay levels,"Productivity and pay, nominal dollars per hour",quarter,1951,4,NA,national,United States,0,Outcome,Total compensation per hour,1.7086602841072045
2026.8.14,Productivity and pay levels,"Productivity and pay, real dollars per hour (2026Q1$)",quarter,1951,4,NA,national,United States,0,Outcome,Total compensation per hour,17.353879310094403
2026.8.14,Productivity and pay levels,"Productivity and pay, nominal dollars per hour",quarter,1951,4,NA,national,United States,0,Outcome,Net productivity (output per hour),2.405730367763078
2026.8.14,Productivity and pay levels,"Productivity and pay, real dollars per hour (2026Q1$)",quarter,1951,4,NA,national,United States,0,Outcome,Net productivity (output per hour),24.43361904242054
2026.8.14,Productivity and pay levels,"Productivity and pay, nominal dollars per hour",quarter,1952,1,NA,national,United States,0,Outcome,Total compensation per hour,1.727537976635806
2026.8.14,Productivity and pay levels,"Productivity and pay, real dollars per hour (2026Q1$)",quarter,1952,1,NA,national,United States,0,Outcome,Total compensation per hour,17.44813356402164
2026.8.14,Productivity and pay levels,"Productivity and pay, nominal dollars per hour",quarter,1952,1,NA,national,United States,0,Outcome,Net productivity (output per hour),2.420223819131171
2026.8.14,Productivity and pay levels,"Productivity and pay, real dollars per hour (2026Q1$)",quarter,1952,1,NA,national,United States,0,Outcome,Net productivity (output per hour),24.444260573224827
2026.8.14,Productivity and pay levels,"Productivity and pay, nominal dollars per hour",quarter,1952,2,NA,national,United States,0,Outcome,Total compensation per hour,1.7489780403469153
2026.8.14,Productivity and pay levels,"Productivity and pay, real dollars per hour (2026Q1$)",quarter,1952,2,NA,national,United States,0,Outcome,Total compensation per hour,17.664678207503847
2026.8.14,Productivity and pay levels,"Productivity and pay, nominal dollars per hour",quarter,1952,2,NA,national,United States,0,Outcome,Net productivity (output per hour),2.433754314104752
2026.8.14,Productivity and pay levels,"Productivity and pay, real dollars per hour (2026Q1$)",quarter,1952,2,NA,national,United States,0,Outcome,Net productivity (output per hour),24.580918572457996
2026.8.14,Productivity and pay levels,"Productivity and pay, nominal dollars per hour",quarter,1952,3,NA,national,United States,0,Outcome,Total compensation per hour,1.7686724933632103
2026.8.14,Productivity and pay levels,"Productivity and pay, real dollars per hour (2026Q1$)",quarter,1952,3,NA,national,United States,0,Outcome,Total compensation per hour,17.667288972166578
2026.8.14,Productivity and pay levels,"Productivity and pay, nominal dollars per hour",quarter,1952,3,NA,national,United States,0,Outcome,Net productivity (output per hour),2.4677684951580985
2026.8.14,Productivity and pay levels,"Productivity and pay, real dollars per hour (2026Q1$)",quarter,1952,3,NA,national,United States,0,Outcome,Net productivity (output per hour),24.65056661646936
2026.8.14,Productivity and pay levels,"Productivity and pay, nominal dollars per hour",quarter,1952,4,NA,national,United States,0,Outcome,Total compensation per hour,1.7921190895449095
2026.8.14,Productivity and pay levels,"Productivity and pay, real dollars per hour (2026Q1$)",quarter,1952,4,NA,national,United States,0,Outcome,Total compensation per hour,17.90149727908047
2026.8.14,Productivity and pay levels,"Productivity and pay, nominal dollars per hour",quarter,1952,4,NA,national,United States,0,Outcome,Net productivity (output per hour),2.5152836808414367
2026.8.14,Productivity and pay levels,"Productivity and pay, real dollars per hour (2026Q1$)",quarter,1952,4,NA,national,United States,0,Outcome,Net productivity (output per hour),25.125196328405124
2026.8.14,Productivity and pay levels,"Productivity and pay, nominal dollars per hour",quarter,1953,1,NA,national,United States,0,Outcome,Total compensation per hour,1.8173958039658056
2026.8.14,Productivity and pay levels,"Productivity and pay, real dollars per hour (2026Q1$)",quarter,1953,1,NA,national,United States,0,Outcome,Total compensation per hour,18.254284926021185
2026.8.14,Productivity and pay levels,"Productivity and pay, nominal dollars per hour",quarter,1953,1,NA,national,United States,0,Outcome,Net productivity (output per hour),2.5535229901623837
2026.8.14,Productivity and pay levels,"Productivity and pay, real dollars per hour (2026Q1$)",quarter,1953,1,NA,national,United States,0,Outcome,Net productivity (output per hour),25.64809279621665
2026.8.14,Productivity and pay levels,"Productivity and pay, nominal dollars per hour",quarter,1953,2,NA,national,United States,0,Outcome,Total compensation per hour,1.8425617516697044
2026.8.14,Productivity and pay levels,"Productivity and pay, real dollars per hour (2026Q1$)",quarter,1953,2,NA,national,United States,0,Outcome,Total compensation per hour,18.405369585360017
2026.8.14,Productivity and pay levels,"Productivity and pay, nominal dollars per hour",quarter,1953,2,NA,national,United States,0,Outcome,Net productivity (output per hour),2.578624124075979
2026.8.14,Productivity and pay levels,"Productivity and pay, real dollars per hour (2026Q1$)",quarter,1953,2,NA,national,United States,0,Outcome,Net productivity (output per hour),25.757904711923793
2026.8.14,Productivity and pay levels,"Productivity and pay, nominal dollars per hour",quarter,1953,3,NA,national,United States,0,Outcome,Total compensation per hour,1.8702780113702029
2026.8.14,Productivity and pay levels,"Productivity and pay, real dollars per hour (2026Q1$)",quarter,1953,3,NA,national,United States,0,Outcome,Total compensation per hour,18.580138932628575
2026.8.14,Productivity and pay levels,"Productivity and pay, nominal dollars per hour",quarter,1953,3,NA,national,United States,0,Outcome,Net productivity (output per hour),2.5873475802787316
2026.8.14,Productivity and pay levels,"Productivity and pay, real dollars per hour (2026Q1$)",quarter,1953,3,NA,national,United States,0,Outcome,Net productivity (output per hour),25.703813666375595
2026.8.14,Productivity and pay levels,"Productivity and pay, nominal dollars per hour",quarter,1953,4,NA,national,United States,0,Outcome,Total compensation per hour,1.8832435690625835
2026.8.14,Productivity and pay levels,"Productivity and pay, real dollars per hour (2026Q1$)",quarter,1953,4,NA,national,United States,0,Outcome,Total compensation per hour,18.70894430904796
2026.8.14,Productivity and pay levels,"Productivity and pay, nominal dollars per hour",quarter,1953,4,NA,national,United States,0,Outcome,Net productivity (output per hour),2.575852863994209
2026.8.14,Productivity and pay levels,"Productivity and pay, real dollars per hour (2026Q1$)",quarter,1953,4,NA,national,United States,0,Outcome,Net productivity (output per hour),25.58962025541788
2026.8.14,Productivity and pay levels,"Productivity and pay, nominal dollars per hour",quarter,1954,1,NA,national,United States,0,Outcome,Total compensation per hour,1.8992187344887064
2026.8.14,Productivity and pay levels,"Productivity and pay, real dollars per hour (2026Q1$)",quarter,1954,1,NA,national,United States,0,Outcome,Total compensation per hour,18.86764841147797
2026.8.14,Productivity and pay levels,"Productivity and pay, nominal dollars per hour",quarter,1954,1,NA,national,United States,0,Outcome,Net productivity (output per hour),2.589052244084607
2026.8.14,Productivity and pay levels,"Productivity and pay, real dollars per hour (2026Q1$)",quarter,1954,1,NA,national,United States,0,Outcome,Net productivity (output per hour),25.720748523201177
2026.8.14,Productivity and pay levels,"Productivity and pay, nominal dollars per hour",quarter,1954,2,NA,national,United States,0,Outcome,Total compensation per hour,1.9113536787400232
2026.8.14,Productivity and pay levels,"Productivity and pay, real dollars per hour (2026Q1$)",quarter,1954,2,NA,national,United States,0,Outcome,Total compensation per hour,18.98820211994187
2026.8.14,Productivity and pay levels,"Productivity and pay, nominal dollars per hour",quarter,1954,2,NA,national,United States,0,Outcome,Net productivity (output per hour),2.6207889388433823
2026.8.14,Productivity and pay levels,"Productivity and pay, real dollars per hour (2026Q1$)",quarter,1954,2,NA,national,United States,0,Outcome,Net productivity (output per hour),26.03603437605065
2026.8.14,Productivity and pay levels,"Productivity and pay, nominal dollars per hour",quarter,1954,3,NA,national,United States,0,Outcome,Total compensation per hour,1.9241888196230124
2026.8.14,Productivity and pay levels,"Productivity and pay, real dollars per hour (2026Q1$)",quarter,1954,3,NA,national,United States,0,Outcome,Total compensation per hour,19.11571188018927
2026.8.14,Productivity and pay levels,"Productivity and pay, nominal dollars per hour",quarter,1954,3,NA,national,United States,0,Outcome,Net productivity (output per hour),2.662608722520045
2026.8.14,Productivity and pay levels,"Productivity and pay, real dollars per hour (2026Q1$)",quarter,1954,3,NA,national,United States,0,Outcome,Net productivity (output per hour),26.451489931920452
2026.8.14,Productivity and pay levels,"Productivity and pay, nominal dollars per hour",quarter,1954,4,NA,national,United States,0,Outcome,Total compensation per hour,1.9411429748486624
2026.8.14,Productivity and pay levels,"Productivity and pay, real dollars per hour (2026Q1$)",quarter,1954,4,NA,national,United States,0,Outcome,Total compensation per hour,19.49722612306557
2026.8.14,Productivity and pay levels,"Productivity and pay, nominal dollars per hour",quarter,1954,4,NA,national,United States,0,Outcome,Net productivity (output per hour),2.69937096329854
2026.8.14,Productivity and pay levels,"Productivity and pay, real dollars per hour (2026Q1$)",quarter,1954,4,NA,national,United States,0,Outcome,Net productivity (output per hour),27.11301884683285
2026.8.14,Productivity and pay levels,"Productivity and pay, nominal dollars per hour",quarter,1955,1,NA,national,United States,0,Outcome,Total compensation per hour,1.9616910018220328
2026.8.14,Productivity and pay levels,"Productivity and pay, real dollars per hour (2026Q1$)",quarter,1955,1,NA,national,United States,0,Outcome,Total compensation per hour,19.59535297424426
2026.8.14,Productivity and pay levels,"Productivity and pay, nominal dollars per hour",quarter,1955,1,NA,national,United States,0,Outcome,Net productivity (output per hour),2.75769918312855
2026.8.14,Productivity and pay levels,"Productivity and pay, real dollars per hour (2026Q1$)",quarter,1955,1,NA,national,United States,0,Outcome,Net productivity (output per hour),27.546687444657714
2026.8.14,Productivity and pay levels,"Productivity and pay, nominal dollars per hour",quarter,1955,2,NA,national,United States,0,Outcome,Total compensation per hour,1.9782207239161784
2026.8.14,Productivity and pay levels,"Productivity and pay, real dollars per hour (2026Q1$)",quarter,1955,2,NA,national,United States,0,Outcome,Total compensation per hour,19.869642409279624
2026.8.14,Productivity and pay levels,"Productivity and pay, nominal dollars per hour",quarter,1955,2,NA,national,United States,0,Outcome,Net productivity (output per hour),2.7939384868667214
2026.8.14,Productivity and pay levels,"Productivity and pay, real dollars per hour (2026Q1$)",quarter,1955,2,NA,national,United States,0,Outcome,Net productivity (output per hour),28.062873862561872
2026.8.14,Productivity and pay levels,"Productivity and pay, nominal dollars per hour",quarter,1955,3,NA,national,United States,0,Outcome,Total compensation per hour,1.9954138436911844
2026.8.14,Productivity and pay levels,"Productivity and pay, real dollars per hour (2026Q1$)",quarter,1955,3,NA,national,United States,0,Outcome,Total compensation per hour,19.9322108122559
2026.8.14,Productivity and pay levels,"Productivity and pay, nominal dollars per hour",quarter,1955,3,NA,national,United States,0,Outcome,Net productivity (output per hour),2.81171616065431
2026.8.14,Productivity and pay levels,"Productivity and pay, real dollars per hour (2026Q1$)",quarter,1955,3,NA,national,United States,0,Outcome,Net productivity (output per hour),28.08626362675569
2026.8.14,Productivity and pay levels,"Productivity and pay, nominal dollars per hour",quarter,1955,4,NA,national,United States,0,Outcome,Total compensation per hour,2.0209180629532644
2026.8.14,Productivity and pay levels,"Productivity and pay, real dollars per hour (2026Q1$)",quarter,1955,4,NA,national,United States,0,Outcome,Total compensation per hour,20.18697273873096
2026.8.14,Productivity and pay levels,"Productivity and pay, nominal dollars per hour",quarter,1955,4,NA,national,United States,0,Outcome,Net productivity (output per hour),2.8215200870206383
2026.8.14,Productivity and pay levels,"Productivity and pay, real dollars per hour (2026Q1$)",quarter,1955,4,NA,national,United States,0,Outcome,Net productivity (output per hour),28.1841951549644
2026.8.14,Productivity and pay levels,"Productivity and pay, nominal dollars per hour",quarter,1956,1,NA,national,United States,0,Outcome,Total compensation per hour,2.0494878179247067
2026.8.14,Productivity and pay levels,"Productivity and pay, real dollars per hour (2026Q1$)",quarter,1956,1,NA,national,United States,0,Outcome,Total compensation per hour,20.47235633509405
2026.8.14,Productivity and pay levels,"Productivity and pay, nominal dollars per hour",quarter,1956,1,NA,national,United States,0,Outcome,Net productivity (output per hour),2.8349716943871504
2026.8.14,Productivity and pay levels,"Productivity and pay, real dollars per hour (2026Q1$)",quarter,1956,1,NA,national,United States,0,Outcome,Net productivity (output per hour),28.31856340876835
2026.8.14,Productivity and pay levels,"Productivity and pay, nominal dollars per hour",quarter,1956,2,NA,national,United States,0,Outcome,Total compensation per hour,2.0763897723298332
2026.8.14,Productivity and pay levels,"Productivity and pay, real dollars per hour (2026Q1$)",quarter,1956,2,NA,national,United States,0,Outcome,Total compensation per hour,20.51563372878064
2026.8.14,Productivity and pay levels,"Productivity and pay, nominal dollars per hour",quarter,1956,2,NA,national,United States,0,Outcome,Net productivity (output per hour),2.862910284463895
2026.8.14,Productivity and pay levels,"Productivity and pay, real dollars per hour (2026Q1$)",quarter,1956,2,NA,national,United States,0,Outcome,Net productivity (output per hour),28.28679835410523
2026.8.14,Productivity and pay levels,"Productivity and pay, nominal dollars per hour",quarter,1956,3,NA,national,United States,0,Outcome,Total compensation per hour,2.1048715960896067
2026.8.14,Productivity and pay levels,"Productivity and pay, real dollars per hour (2026Q1$)",quarter,1956,3,NA,national,United States,0,Outcome,Total compensation per hour,20.573422374682284
2026.8.14,Productivity and pay levels,"Productivity and pay, nominal dollars per hour",quarter,1956,3,NA,national,United States,0,Outcome,Net productivity (output per hour),2.8950785906275565
2026.8.14,Productivity and pay levels,"Productivity and pay, real dollars per hour (2026Q1$)",quarter,1956,3,NA,national,United States,0,Outcome,Net productivity (output per hour),28.29705848258547
2026.8.14,Productivity and pay levels,"Productivity and pay, nominal dollars per hour",quarter,1956,4,NA,national,United States,0,Outcome,Total compensation per hour,2.1315743295131124
2026.8.14,Productivity and pay levels,"Productivity and pay, real dollars per hour (2026Q1$)",quarter,1956,4,NA,national,United States,0,Outcome,Total compensation per hour,20.7230060484216
2026.8.14,Productivity and pay levels,"Productivity and pay, nominal dollars per hour",quarter,1956,4,NA,national,United States,0,Outcome,Net productivity (output per hour),2.954854971871119
2026.8.14,Productivity and pay levels,"Productivity and pay, real dollars per hour (2026Q1$)",quarter,1956,4,NA,national,United States,0,Outcome,Net productivity (output per hour),28.72687881744222
2026.8.14,Productivity and pay levels,"Productivity and pay, nominal dollars per hour",quarter,1957,1,NA,national,United States,0,Outcome,Total compensation per hour,2.1637220857933745
2026.8.14,Productivity and pay levels,"Productivity and pay, real dollars per hour (2026Q1$)",quarter,1957,1,NA,national,United States,0,Outcome,Total compensation per hour,20.81294577763151
2026.8.14,Productivity and pay levels,"Productivity and pay, nominal dollars per hour",quarter,1957,1,NA,national,United States,0,Outcome,Net productivity (output per hour),3.020334936988789
2026.8.14,Productivity and pay levels,"Productivity and pay, real dollars per hour (2026Q1$)",quarter,1957,1,NA,national,United States,0,Outcome,Net productivity (output per hour),29.052745584368353
2026.8.14,Productivity and pay levels,"Productivity and pay, nominal dollars per hour",quarter,1957,2,NA,national,United States,0,Outcome,Total compensation per hour,2.19311759947398
2026.8.14,Productivity and pay levels,"Productivity and pay, real dollars per hour (2026Q1$)",quarter,1957,2,NA,national,United States,0,Outcome,Total compensation per hour,20.984672609703665
2026.8.14,Productivity and pay levels,"Productivity and pay, nominal dollars per hour",quarter,1957,2,NA,national,United States,0,Outcome,Net productivity (output per hour),3.040259329770734
2026.8.14,Productivity and pay levels,"Productivity and pay, real dollars per hour (2026Q1$)",quarter,1957,2,NA,national,United States,0,Outcome,Net productivity (output per hour),29.090481376437868
2026.8.14,Productivity and pay levels,"Productivity and pay, nominal dollars per hour",quarter,1957,3,NA,national,United States,0,Outcome,Total compensation per hour,2.2216206918798416
2026.8.14,Productivity and pay levels,"Productivity and pay, real dollars per hour (2026Q1$)",quarter,1957,3,NA,national,United States,0,Outcome,Total compensation per hour,21.03597092623725
2026.8.14,Productivity and pay levels,"Productivity and pay, nominal dollars per hour",quarter,1957,3,NA,national,United States,0,Outcome,Net productivity (output per hour),3.07967502328071
2026.8.14,Productivity and pay levels,"Productivity and pay, real dollars per hour (2026Q1$)",quarter,1957,3,NA,national,United States,0,Outcome,Net productivity (output per hour),29.16067287668923
2026.8.14,Productivity and pay levels,"Productivity and pay, nominal dollars per hour",quarter,1957,4,NA,national,United States,0,Outcome,Total compensation per hour,2.24332899849108
2026.8.14,Productivity and pay levels,"Productivity and pay, real dollars per hour (2026Q1$)",quarter,1957,4,NA,national,United States,0,Outcome,Total compensation per hour,21.13146175780717
2026.8.14,Productivity and pay levels,"Productivity and pay, nominal dollars per hour",quarter,1957,4,NA,national,United States,0,Outcome,Net productivity (output per hour),3.0998511470652037
2026.8.14,Productivity and pay levels,"Productivity and pay, real dollars per hour (2026Q1$)",quarter,1957,4,NA,national,United States,0,Outcome,Net productivity (output per hour),29.1996341210598
2026.8.14,Productivity and pay levels,"Productivity and pay, nominal dollars per hour",quarter,1958,1,NA,national,United States,0,Outcome,Total compensation per hour,2.262382787764855
2026.8.14,Productivity and pay levels,"Productivity and pay, real dollars per hour (2026Q1$)",quarter,1958,1,NA,national,United States,0,Outcome,Total compensation per hour,20.98475463345156
2026.8.14,Productivity and pay levels,"Productivity and pay, nominal dollars per hour",quarter,1958,1,NA,national,United States,0,Outcome,Net productivity (output per hour),3.112469081914739
2026.8.14,Productivity and pay levels,"Productivity and pay, real dollars per hour (2026Q1$)",quarter,1958,1,NA,national,United States,0,Outcome,Net productivity (output per hour),28.869738729188754
2026.8.14,Productivity and pay levels,"Productivity and pay, nominal dollars per hour",quarter,1958,2,NA,national,United States,0,Outcome,Total compensation per hour,2.28138210172942
2026.8.14,Productivity and pay levels,"Productivity and pay, real dollars per hour (2026Q1$)",quarter,1958,2,NA,national,United States,0,Outcome,Total compensation per hour,21.053566806822772
2026.8.14,Productivity and pay levels,"Productivity and pay, nominal dollars per hour",quarter,1958,2,NA,national,United States,0,Outcome,Net productivity (output per hour),3.157717991573791
2026.8.14,Productivity and pay levels,"Productivity and pay, real dollars per hour (2026Q1$)",quarter,1958,2,NA,national,United States,0,Outcome,Net productivity (output per hour),29.14076806437133
2026.8.14,Productivity and pay levels,"Productivity and pay, nominal dollars per hour",quarter,1958,3,NA,national,United States,0,Outcome,Total compensation per hour,2.2947751451841647
2026.8.14,Productivity and pay levels,"Productivity and pay, real dollars per hour (2026Q1$)",quarter,1958,3,NA,national,United States,0,Outcome,Total compensation per hour,21.1771635225625
2026.8.14,Productivity and pay levels,"Productivity and pay, nominal dollars per hour",quarter,1958,3,NA,national,United States,0,Outcome,Net productivity (output per hour),3.235160917693679
2026.8.14,Productivity and pay levels,"Productivity and pay, real dollars per hour (2026Q1$)",quarter,1958,3,NA,national,United States,0,Outcome,Net productivity (output per hour),29.855444407954867
2026.8.14,Productivity and pay levels,"Productivity and pay, nominal dollars per hour",quarter,1958,4,NA,national,United States,0,Outcome,Total compensation per hour,2.315362537241062
2026.8.14,Productivity and pay levels,"Productivity and pay, real dollars per hour (2026Q1$)",quarter,1958,4,NA,national,United States,0,Outcome,Total compensation per hour,21.36715275484391
2026.8.14,Productivity and pay levels,"Productivity and pay, nominal dollars per hour",quarter,1958,4,NA,national,United States,0,Outcome,Net productivity (output per hour),3.2871906281352072
2026.8.14,Productivity and pay levels,"Productivity and pay, real dollars per hour (2026Q1$)",quarter,1958,4,NA,national,United States,0,Outcome,Net productivity (output per hour),30.335596761166535
2026.8.14,Productivity and pay levels,"Productivity and pay, nominal dollars per hour",quarter,1959,1,NA,national,United States,0,Outcome,Total compensation per hour,2.3474429337767013
2026.8.14,Productivity and pay levels,"Productivity and pay, real dollars per hour (2026Q1$)",quarter,1959,1,NA,national,United States,0,Outcome,Total compensation per hour,21.6632043330256
2026.8.14,Productivity and pay levels,"Productivity and pay, nominal dollars per hour",quarter,1959,1,NA,national,United States,0,Outcome,Net productivity (output per hour),3.3237120472317683
2026.8.14,Productivity and pay levels,"Productivity and pay, real dollars per hour (2026Q1$)",quarter,1959,1,NA,national,United States,0,Outcome,Net productivity (output per hour),30.672631989174395
2026.8.14,Productivity and pay levels,"Productivity and pay, nominal dollars per hour",quarter,1959,2,NA,national,United States,0,Outcome,Total compensation per hour,2.364044094993178
2026.8.14,Productivity and pay levels,"Productivity and pay, real dollars per hour (2026Q1$)",quarter,1959,2,NA,national,United States,0,Outcome,Total compensation per hour,21.816406927398976
2026.8.14,Productivity and pay levels,"Productivity and pay, nominal dollars per hour",quarter,1959,2,NA,national,United States,0,Outcome,Net productivity (output per hour),3.3418377036009055
2026.8.14,Productivity and pay levels,"Productivity and pay, real dollars per hour (2026Q1$)",quarter,1959,2,NA,national,United States,0,Outcome,Net productivity (output per hour),30.83990327485506
2026.8.14,Productivity and pay levels,"Productivity and pay, nominal dollars per hour",quarter,1959,3,NA,national,United States,0,Outcome,Total compensation per hour,2.3854594035382615
2026.8.14,Productivity and pay levels,"Productivity and pay, real dollars per hour (2026Q1$)",quarter,1959,3,NA,national,United States,0,Outcome,Total compensation per hour,21.79278992780181
2026.8.14,Productivity and pay levels,"Productivity and pay, nominal dollars per hour",quarter,1959,3,NA,national,United States,0,Outcome,Net productivity (output per hour),3.382795984059989
2026.8.14,Productivity and pay levels,"Productivity and pay, real dollars per hour (2026Q1$)",quarter,1959,3,NA,national,United States,0,Outcome,Net productivity (output per hour),30.904136175985233
2026.8.14,Productivity and pay levels,"Productivity and pay, nominal dollars per hour",quarter,1959,4,NA,national,United States,0,Outcome,Total compensation per hour,2.405780828411892
2026.8.14,Productivity and pay levels,"Productivity and pay, real dollars per hour (2026Q1$)",quarter,1959,4,NA,national,United States,0,Outcome,Total compensation per hour,21.8685477302641
2026.8.14,Productivity and pay levels,"Productivity and pay, nominal dollars per hour",quarter,1959,4,NA,national,United States,0,Outcome,Net productivity (output per hour),3.398683775138792
2026.8.14,Productivity and pay levels,"Productivity and pay, real dollars per hour (2026Q1$)",quarter,1959,4,NA,national,United States,0,Outcome,Net productivity (output per hour),30.89403551601162
2026.8.14,Productivity and pay levels,"Productivity and pay, nominal dollars per hour",quarter,1960,1,NA,national,United States,0,Outcome,Total compensation per hour,2.4347492678776343
2026.8.14,Productivity and pay levels,"Productivity and pay, real dollars per hour (2026Q1$)",quarter,1960,1,NA,national,United States,0,Outcome,Total compensation per hour,22.02176203483353
2026.8.14,Productivity and pay levels,"Productivity and pay, nominal dollars per hour",quarter,1960,1,NA,national,United States,0,Outcome,Net productivity (output per hour),3.500051507704081
2026.8.14,Productivity and pay levels,"Productivity and pay, real dollars per hour (2026Q1$)",quarter,1960,1,NA,national,United States,0,Outcome,Net productivity (output per hour),31.65718229356229
2026.8.14,Productivity and pay levels,"Productivity and pay, nominal dollars per hour",quarter,1960,2,NA,national,United States,0,Outcome,Total compensation per hour,2.4559567728276814
2026.8.14,Productivity and pay levels,"Productivity and pay, real dollars per hour (2026Q1$)",quarter,1960,2,NA,national,United States,0,Outcome,Total compensation per hour,22.213579169157835
2026.8.14,Productivity and pay levels,"Productivity and pay, nominal dollars per hour",quarter,1960,2,NA,national,United States,0,Outcome,Net productivity (output per hour),3.4495993005974066
2026.8.14,Productivity and pay levels,"Productivity and pay, real dollars per hour (2026Q1$)",quarter,1960,2,NA,national,United States,0,Outcome,Net productivity (output per hour),31.200853375552665
2026.8.14,Productivity and pay levels,"Productivity and pay, nominal dollars per hour",quarter,1960,3,NA,national,United States,0,Outcome,Total compensation per hour,2.4785982004589537
2026.8.14,Productivity and pay levels,"Productivity and pay, real dollars per hour (2026Q1$)",quarter,1960,3,NA,national,United States,0,Outcome,Total compensation per hour,22.307383804130584
2026.8.14,Productivity and pay levels,"Productivity and pay, nominal dollars per hour",quarter,1960,3,NA,national,United States,0,Outcome,Net productivity (output per hour),3.473642085349438
2026.8.14,Productivity and pay levels,"Productivity and pay, real dollars per hour (2026Q1$)",quarter,1960,3,NA,national,United States,0,Outcome,Net productivity (output per hour),31.262778768144948
2026.8.14,Productivity and pay levels,"Productivity and pay, nominal dollars per hour",quarter,1960,4,NA,national,United States,0,Outcome,Total compensation per hour,2.495532941782988
2026.8.14,Productivity and pay levels,"Productivity and pay, real dollars per hour (2026Q1$)",quarter,1960,4,NA,national,United States,0,Outcome,Total compensation per hour,22.34915708453927
2026.8.14,Productivity and pay levels,"Productivity and pay, nominal dollars per hour",quarter,1960,4,NA,national,United States,0,Outcome,Net productivity (output per hour),3.4606015666869783
2026.8.14,Productivity and pay levels,"Productivity and pay, real dollars per hour (2026Q1$)",quarter,1960,4,NA,national,United States,0,Outcome,Net productivity (output per hour),30.99198841496023
2026.8.14,Productivity and pay levels,"Productivity and pay, nominal dollars per hour",quarter,1961,1,NA,national,United States,0,Outcome,Total compensation per hour,2.5143207380531996
2026.8.14,Productivity and pay levels,"Productivity and pay, real dollars per hour (2026Q1$)",quarter,1961,1,NA,national,United States,0,Outcome,Total compensation per hour,22.51741429448629
2026.8.14,Productivity and pay levels,"Productivity and pay, nominal dollars per hour",quarter,1961,1,NA,national,United States,0,Outcome,Net productivity (output per hour),3.4994443831180777
2026.8.14,Productivity and pay levels,"Productivity and pay, real dollars per hour (2026Q1$)",quarter,1961,1,NA,national,United States,0,Outcome,Net productivity (output per hour),31.339851667530375
2026.8.14,Productivity and pay levels,"Productivity and pay, nominal dollars per hour",quarter,1961,2,NA,national,United States,0,Outcome,Total compensation per hour,2.528730729380942
2026.8.14,Productivity and pay levels,"Productivity and pay, real dollars per hour (2026Q1$)",quarter,1961,2,NA,national,United States,0,Outcome,Total compensation per hour,22.64646534982538
2026.8.14,Productivity and pay levels,"Productivity and pay, nominal dollars per hour",quarter,1961,2,NA,national,United States,0,Outcome,Net productivity (output per hour),3.608088016651799
2026.8.14,Productivity and pay levels,"Productivity and pay, real dollars per hour (2026Q1$)",quarter,1961,2,NA,national,United States,0,Outcome,Net productivity (output per hour),32.3128276565171
2026.8.14,Productivity and pay levels,"Productivity and pay, nominal dollars per hour",quarter,1961,3,NA,national,United States,0,Outcome,Total compensation per hour,2.542726870430567
2026.8.14,Productivity and pay levels,"Productivity and pay, real dollars per hour (2026Q1$)",quarter,1961,3,NA,national,United States,0,Outcome,Total compensation per hour,22.660183580601824
2026.8.14,Productivity and pay levels,"Productivity and pay, nominal dollars per hour",quarter,1961,3,NA,national,United States,0,Outcome,Net productivity (output per hour),3.6656777440756896
2026.8.14,Productivity and pay levels,"Productivity and pay, real dollars per hour (2026Q1$)",quarter,1961,3,NA,national,United States,0,Outcome,Net productivity (output per hour),32.66765754279218
2026.8.14,Productivity and pay levels,"Productivity and pay, nominal dollars per hour",quarter,1961,4,NA,national,United States,0,Outcome,Total compensation per hour,2.56498468774009
2026.8.14,Productivity and pay levels,"Productivity and pay, real dollars per hour (2026Q1$)",quarter,1961,4,NA,national,United States,0,Outcome,Total compensation per hour,22.7470349381048
2026.8.14,Productivity and pay levels,"Productivity and pay, nominal dollars per hour",quarter,1961,4,NA,national,United States,0,Outcome,Net productivity (output per hour),3.709439904354355
2026.8.14,Productivity and pay levels,"Productivity and pay, real dollars per hour (2026Q1$)",quarter,1961,4,NA,national,United States,0,Outcome,Net productivity (output per hour),32.89639876154253
2026.8.14,Productivity and pay levels,"Productivity and pay, nominal dollars per hour",quarter,1962,1,NA,national,United States,0,Outcome,Total compensation per hour,2.597945979936526
2026.8.14,Productivity and pay levels,"Productivity and pay, real dollars per hour (2026Q1$)",quarter,1962,1,NA,national,United States,0,Outcome,Total compensation per hour,23.039345324510265
2026.8.14,Productivity and pay levels,"Productivity and pay, nominal dollars per hour",quarter,1962,1,NA,national,United States,0,Outcome,Net productivity (output per hour),3.753598352570149
2026.8.14,Productivity and pay levels,"Productivity and pay, real dollars per hour (2026Q1$)",quarter,1962,1,NA,national,United States,0,Outcome,Net productivity (output per hour),33.28800880474406
2026.8.14,Productivity and pay levels,"Productivity and pay, nominal dollars per hour",quarter,1962,2,NA,national,United States,0,Outcome,Total compensation per hour,2.6207777007864053
2026.8.14,Productivity and pay levels,"Productivity and pay, real dollars per hour (2026Q1$)",quarter,1962,2,NA,national,United States,0,Outcome,Total compensation per hour,23.12899932053245
2026.8.14,Productivity and pay levels,"Productivity and pay, nominal dollars per hour",quarter,1962,2,NA,national,United States,0,Outcome,Net productivity (output per hour),3.769286905008907
2026.8.14,Productivity and pay levels,"Productivity and pay, real dollars per hour (2026Q1$)",quarter,1962,2,NA,national,United States,0,Outcome,Net productivity (output per hour),33.264871812165985
2026.8.14,Productivity and pay levels,"Productivity and pay, nominal dollars per hour",quarter,1962,3,NA,national,United States,0,Outcome,Total compensation per hour,2.645555936775877
2026.8.14,Productivity and pay levels,"Productivity and pay, real dollars per hour (2026Q1$)",quarter,1962,3,NA,national,United States,0,Outcome,Total compensation per hour,23.234882575162057
2026.8.14,Productivity and pay levels,"Productivity and pay, nominal dollars per hour",quarter,1962,3,NA,national,United States,0,Outcome,Net productivity (output per hour),3.8331970681469367
2026.8.14,Productivity and pay levels,"Productivity and pay, real dollars per hour (2026Q1$)",quarter,1962,3,NA,national,United States,0,Outcome,Net productivity (output per hour),33.665469902855705
2026.8.14,Productivity and pay levels,"Productivity and pay, nominal dollars per hour",quarter,1962,4,NA,national,United States,0,Outcome,Total compensation per hour,2.6636060635209655
2026.8.14,Productivity and pay levels,"Productivity and pay, real dollars per hour (2026Q1$)",quarter,1962,4,NA,national,United States,0,Outcome,Total compensation per hour,23.39340977527109
2026.8.14,Productivity and pay levels,"Productivity and pay, nominal dollars per hour",quarter,1962,4,NA,national,United States,0,Outcome,Net productivity (output per hour),3.869691244970653
2026.8.14,Productivity and pay levels,"Productivity and pay, real dollars per hour (2026Q1$)",quarter,1962,4,NA,national,United States,0,Outcome,Net productivity (output per hour),33.98598397756835
2026.8.14,Productivity and pay levels,"Productivity and pay, nominal dollars per hour",quarter,1963,1,NA,national,United States,0,Outcome,Total compensation per hour,2.688217251228663
2026.8.14,Productivity and pay levels,"Productivity and pay, real dollars per hour (2026Q1$)",quarter,1963,1,NA,national,United States,0,Outcome,Total compensation per hour,23.60956020644304
2026.8.14,Productivity and pay levels,"Productivity and pay, nominal dollars per hour",quarter,1963,1,NA,national,United States,0,Outcome,Net productivity (output per hour),3.912317088048915
2026.8.14,Productivity and pay levels,"Productivity and pay, real dollars per hour (2026Q1$)",quarter,1963,1,NA,national,United States,0,Outcome,Net productivity (output per hour),34.36035007764699
2026.8.14,Productivity and pay levels,"Productivity and pay, nominal dollars per hour",quarter,1963,2,NA,national,United States,0,Outcome,Total compensation per hour,2.706271184677153
2026.8.14,Productivity and pay levels,"Productivity and pay, real dollars per hour (2026Q1$)",quarter,1963,2,NA,national,United States,0,Outcome,Total compensation per hour,23.76812083933848
2026.8.14,Productivity and pay levels,"Productivity and pay, nominal dollars per hour",quarter,1963,2,NA,national,United States,0,Outcome,Net productivity (output per hour),3.939490786648309
2026.8.14,Productivity and pay levels,"Productivity and pay, real dollars per hour (2026Q1$)",quarter,1963,2,NA,national,United States,0,Outcome,Net productivity (output per hour),34.59900603925906
2026.8.14,Productivity and pay levels,"Productivity and pay, nominal dollars per hour",quarter,1963,3,NA,national,United States,0,Outcome,Total compensation per hour,2.724881742690312
2026.8.14,Productivity and pay levels,"Productivity and pay, real dollars per hour (2026Q1$)",quarter,1963,3,NA,national,United States,0,Outcome,Total compensation per hour,23.70255984789946
2026.8.14,Productivity and pay levels,"Productivity and pay, nominal dollars per hour",quarter,1963,3,NA,national,United States,0,Outcome,Net productivity (output per hour),4.027132610366322
2026.8.14,Productivity and pay levels,"Productivity and pay, real dollars per hour (2026Q1$)",quarter,1963,3,NA,national,United States,0,Outcome,Net productivity (output per hour),35.030273137062075
2026.8.14,Productivity and pay levels,"Productivity and pay, nominal dollars per hour",quarter,1963,4,NA,national,United States,0,Outcome,Total compensation per hour,2.7564919307345055
2026.8.14,Productivity and pay levels,"Productivity and pay, real dollars per hour (2026Q1$)",quarter,1963,4,NA,national,United States,0,Outcome,Total compensation per hour,23.977523110408285
2026.8.14,Productivity and pay levels,"Productivity and pay, nominal dollars per hour",quarter,1963,4,NA,national,United States,0,Outcome,Net productivity (output per hour),4.067374756594088
2026.8.14,Productivity and pay levels,"Productivity and pay, real dollars per hour (2026Q1$)",quarter,1963,4,NA,national,United States,0,Outcome,Net productivity (output per hour),35.380322045397385
2026.8.14,Productivity and pay levels,"Productivity and pay, nominal dollars per hour",quarter,1964,1,NA,national,United States,0,Outcome,Total compensation per hour,2.7851720786540817
2026.8.14,Productivity and pay levels,"Productivity and pay, real dollars per hour (2026Q1$)",quarter,1964,1,NA,national,United States,0,Outcome,Total compensation per hour,24.111632566633908
2026.8.14,Productivity and pay levels,"Productivity and pay, nominal dollars per hour",quarter,1964,1,NA,national,United States,0,Outcome,Net productivity (output per hour),4.136281309670897
2026.8.14,Productivity and pay levels,"Productivity and pay, real dollars per hour (2026Q1$)",quarter,1964,1,NA,national,United States,0,Outcome,Net productivity (output per hour),35.808378195150915
2026.8.14,Productivity and pay levels,"Productivity and pay, nominal dollars per hour",quarter,1964,2,NA,national,United States,0,Outcome,Total compensation per hour,2.80811483137365
2026.8.14,Productivity and pay levels,"Productivity and pay, real dollars per hour (2026Q1$)",quarter,1964,2,NA,national,United States,0,Outcome,Total compensation per hour,24.19503679354169
2026.8.14,Productivity and pay levels,"Productivity and pay, nominal dollars per hour",quarter,1964,2,NA,national,United States,0,Outcome,Net productivity (output per hour),4.145184475323431
2026.8.14,Productivity and pay levels,"Productivity and pay, real dollars per hour (2026Q1$)",quarter,1964,2,NA,national,United States,0,Outcome,Net productivity (output per hour),35.71538092956396
2026.8.14,Productivity and pay levels,"Productivity and pay, nominal dollars per hour",quarter,1964,3,NA,national,United States,0,Outcome,Total compensation per hour,2.838320167306662
2026.8.14,Productivity and pay levels,"Productivity and pay, real dollars per hour (2026Q1$)",quarter,1964,3,NA,national,United States,0,Outcome,Total compensation per hour,24.45528940361853
2026.8.14,Productivity and pay levels,"Productivity and pay, nominal dollars per hour",quarter,1964,3,NA,national,United States,0,Outcome,Net productivity (output per hour),4.209156559897723
2026.8.14,Productivity and pay levels,"Productivity and pay, real dollars per hour (2026Q1$)",quarter,1964,3,NA,national,United States,0,Outcome,Net productivity (output per hour),36.26657168670171
2026.8.14,Productivity and pay levels,"Productivity and pay, nominal dollars per hour",quarter,1964,4,NA,national,United States,0,Outcome,Total compensation per hour,2.854693301642884
2026.8.14,Productivity and pay levels,"Productivity and pay, real dollars per hour (2026Q1$)",quarter,1964,4,NA,national,United States,0,Outcome,Total compensation per hour,24.480341615031904
2026.8.14,Productivity and pay levels,"Productivity and pay, nominal dollars per hour",quarter,1964,4,NA,national,United States,0,Outcome,Net productivity (output per hour),4.207217902704484
2026.8.14,Productivity and pay levels,"Productivity and pay, real dollars per hour (2026Q1$)",quarter,1964,4,NA,national,United States,0,Outcome,Net productivity (output per hour),36.07887805243751
2026.8.14,Productivity and pay levels,"Productivity and pay, nominal dollars per hour",quarter,1965,1,NA,national,United States,0,Outcome,Total compensation per hour,2.8882030380502663
2026.8.14,Productivity and pay levels,"Productivity and pay, real dollars per hour (2026Q1$)",quarter,1965,1,NA,national,United States,0,Outcome,Total compensation per hour,24.651423113499455
2026.8.14,Productivity and pay levels,"Productivity and pay, nominal dollars per hour",quarter,1965,1,NA,national,United States,0,Outcome,Net productivity (output per hour),4.286571556435536
2026.8.14,Productivity and pay levels,"Productivity and pay, real dollars per hour (2026Q1$)",quarter,1965,1,NA,national,United States,0,Outcome,Net productivity (output per hour),36.58679384788641
2026.8.14,Productivity and pay levels,"Productivity and pay, nominal dollars per hour",quarter,1965,2,NA,national,United States,0,Outcome,Total compensation per hour,2.9159584388708852
2026.8.14,Productivity and pay levels,"Productivity and pay, real dollars per hour (2026Q1$)",quarter,1965,2,NA,national,United States,0,Outcome,Total compensation per hour,24.77202075638911
2026.8.14,Productivity and pay levels,"Productivity and pay, nominal dollars per hour",quarter,1965,2,NA,national,United States,0,Outcome,Net productivity (output per hour),4.314023306207609
2026.8.14,Productivity and pay levels,"Productivity and pay, real dollars per hour (2026Q1$)",quarter,1965,2,NA,national,United States,0,Outcome,Net productivity (output per hour),36.6490391153525
2026.8.14,Productivity and pay levels,"Productivity and pay, nominal dollars per hour",quarter,1965,3,NA,national,United States,0,Outcome,Total compensation per hour,2.9436740712423033
2026.8.14,Productivity and pay levels,"Productivity and pay, real dollars per hour (2026Q1$)",quarter,1965,3,NA,national,United States,0,Outcome,Total compensation per hour,24.891160286132596
2026.8.14,Productivity and pay levels,"Productivity and pay, nominal dollars per hour",quarter,1965,3,NA,national,United States,0,Outcome,Net productivity (output per hour),4.426982105756987
2026.8.14,Productivity and pay levels,"Productivity and pay, real dollars per hour (2026Q1$)",quarter,1965,3,NA,national,United States,0,Outcome,Net productivity (output per hour),37.43373706170327
2026.8.14,Productivity and pay levels,"Productivity and pay, nominal dollars per hour",quarter,1965,4,NA,national,United States,0,Outcome,Total compensation per hour,2.973143014222668
2026.8.14,Productivity and pay levels,"Productivity and pay, real dollars per hour (2026Q1$)",quarter,1965,4,NA,national,United States,0,Outcome,Total compensation per hour,25.140344185380517
2026.8.14,Productivity and pay levels,"Productivity and pay, nominal dollars per hour",quarter,1965,4,NA,national,United States,0,Outcome,Net productivity (output per hour),4.514570054198747
2026.8.14,Productivity and pay levels,"Productivity and pay, real dollars per hour (2026Q1$)",quarter,1965,4,NA,national,United States,0,Outcome,Net productivity (output per hour),38.17436445829453
2026.8.14,Productivity and pay levels,"Productivity and pay, nominal dollars per hour",quarter,1966,1,NA,national,United States,0,Outcome,Total compensation per hour,3.0201528140334863
2026.8.14,Productivity and pay levels,"Productivity and pay, real dollars per hour (2026Q1$)",quarter,1966,1,NA,national,United States,0,Outcome,Total compensation per hour,25.186411999600356
2026.8.14,Productivity and pay levels,"Productivity and pay, nominal dollars per hour",quarter,1966,1,NA,national,United States,0,Outcome,Net productivity (output per hour),4.598774835086527
2026.8.14,Productivity and pay levels,"Productivity and pay, real dollars per hour (2026Q1$)",quarter,1966,1,NA,national,United States,0,Outcome,Net productivity (output per hour),38.351250688932595
2026.8.14,Productivity and pay levels,"Productivity and pay, nominal dollars per hour",quarter,1966,2,NA,national,United States,0,Outcome,Total compensation per hour,3.053274766798938
2026.8.14,Productivity and pay levels,"Productivity and pay, real dollars per hour (2026Q1$)",quarter,1966,2,NA,national,United States,0,Outcome,Total compensation per hour,25.231152391093044
2026.8.14,Productivity and pay levels,"Productivity and pay, nominal dollars per hour",quarter,1966,2,NA,national,United States,0,Outcome,Net productivity (output per hour),4.6102241396088095
2026.8.14,Productivity and pay levels,"Productivity and pay, real dollars per hour (2026Q1$)",quarter,1966,2,NA,national,United States,0,Outcome,Net productivity (output per hour),38.09721584458553
2026.8.14,Productivity and pay levels,"Productivity and pay, nominal dollars per hour",quarter,1966,3,NA,national,United States,0,Outcome,Total compensation per hour,3.085424812622497
2026.8.14,Productivity and pay levels,"Productivity and pay, real dollars per hour (2026Q1$)",quarter,1966,3,NA,national,United States,0,Outcome,Total compensation per hour,25.267127519584232
2026.8.14,Productivity and pay levels,"Productivity and pay, nominal dollars per hour",quarter,1966,3,NA,national,United States,0,Outcome,Net productivity (output per hour),4.666051708122613
2026.8.14,Productivity and pay levels,"Productivity and pay, real dollars per hour (2026Q1$)",quarter,1966,3,NA,national,United States,0,Outcome,Net productivity (output per hour),38.21118020435546
2026.8.14,Productivity and pay levels,"Productivity and pay, nominal dollars per hour",quarter,1966,4,NA,national,United States,0,Outcome,Total compensation per hour,3.1145727333921824
2026.8.14,Productivity and pay levels,"Productivity and pay, real dollars per hour (2026Q1$)",quarter,1966,4,NA,national,United States,0,Outcome,Total compensation per hour,25.27809477369191
2026.8.14,Productivity and pay levels,"Productivity and pay, nominal dollars per hour",quarter,1966,4,NA,national,United States,0,Outcome,Net productivity (output per hour),4.7269441514676
2026.8.14,Productivity and pay levels,"Productivity and pay, real dollars per hour (2026Q1$)",quarter,1966,4,NA,national,United States,0,Outcome,Net productivity (output per hour),38.36421637217901
2026.8.14,Productivity and pay levels,"Productivity and pay, nominal dollars per hour",quarter,1967,1,NA,national,United States,0,Outcome,Total compensation per hour,3.149531636110122
2026.8.14,Productivity and pay levels,"Productivity and pay, real dollars per hour (2026Q1$)",quarter,1967,1,NA,national,United States,0,Outcome,Total compensation per hour,25.448215619769787
2026.8.14,Productivity and pay levels,"Productivity and pay, nominal dollars per hour",quarter,1967,1,NA,national,United States,0,Outcome,Net productivity (output per hour),4.766066772166091
2026.8.14,Productivity and pay levels,"Productivity and pay, real dollars per hour (2026Q1$)",quarter,1967,1,NA,national,United States,0,Outcome,Net productivity (output per hour),38.50981951910202
2026.8.14,Productivity and pay levels,"Productivity and pay, nominal dollars per hour",quarter,1967,2,NA,national,United States,0,Outcome,Total compensation per hour,3.1814434393128175
2026.8.14,Productivity and pay levels,"Productivity and pay, real dollars per hour (2026Q1$)",quarter,1967,2,NA,national,United States,0,Outcome,Total compensation per hour,25.706062989647567
2026.8.14,Productivity and pay levels,"Productivity and pay, nominal dollars per hour",quarter,1967,2,NA,national,United States,0,Outcome,Net productivity (output per hour),4.808858574538522
2026.8.14,Productivity and pay levels,"Productivity and pay, real dollars per hour (2026Q1$)",quarter,1967,2,NA,national,United States,0,Outcome,Net productivity (output per hour),38.85557728227126
2026.8.14,Productivity and pay levels,"Productivity and pay, nominal dollars per hour",quarter,1967,3,NA,national,United States,0,Outcome,Total compensation per hour,3.2275906597624893
2026.8.14,Productivity and pay levels,"Productivity and pay, real dollars per hour (2026Q1$)",quarter,1967,3,NA,national,United States,0,Outcome,Total compensation per hour,25.73578868179038
2026.8.14,Productivity and pay levels,"Productivity and pay, nominal dollars per hour",quarter,1967,3,NA,national,United States,0,Outcome,Net productivity (output per hour),4.868989092026425
2026.8.14,Productivity and pay levels,"Productivity and pay, real dollars per hour (2026Q1$)",quarter,1967,3,NA,national,United States,0,Outcome,Net productivity (output per hour),38.82378144431596
2026.8.14,Productivity and pay levels,"Productivity and pay, nominal dollars per hour",quarter,1967,4,NA,national,United States,0,Outcome,Total compensation per hour,3.266413426241499
2026.8.14,Productivity and pay levels,"Productivity and pay, real dollars per hour (2026Q1$)",quarter,1967,4,NA,national,United States,0,Outcome,Total compensation per hour,25.81886786481324
2026.8.14,Productivity and pay levels,"Productivity and pay, nominal dollars per hour",quarter,1967,4,NA,national,United States,0,Outcome,Net productivity (output per hour),4.933085762331839
2026.8.14,Productivity and pay levels,"Productivity and pay, real dollars per hour (2026Q1$)",quarter,1967,4,NA,national,United States,0,Outcome,Net productivity (output per hour),38.992825721388186
2026.8.14,Productivity and pay levels,"Productivity and pay, nominal dollars per hour",quarter,1968,1,NA,national,United States,0,Outcome,Total compensation per hour,3.3217571314296626
2026.8.14,Productivity and pay levels,"Productivity and pay, real dollars per hour (2026Q1$)",quarter,1968,1,NA,national,United States,0,Outcome,Total compensation per hour,26.029976141978995
2026.8.14,Productivity and pay levels,"Productivity and pay, nominal dollars per hour",quarter,1968,1,NA,national,United States,0,Outcome,Net productivity (output per hour),5.085162652019402
2026.8.14,Productivity and pay levels,"Productivity and pay, real dollars per hour (2026Q1$)",quarter,1968,1,NA,national,United States,0,Outcome,Net productivity (output per hour),39.8483866438417
2026.8.14,Productivity and pay levels,"Productivity and pay, nominal dollars per hour",quarter,1968,2,NA,national,United States,0,Outcome,Total compensation per hour,3.3738965451372867
2026.8.14,Productivity and pay levels,"Productivity and pay, real dollars per hour (2026Q1$)",quarter,1968,2,NA,national,United States,0,Outcome,Total compensation per hour,26.101037953445054
2026.8.14,Productivity and pay levels,"Productivity and pay, nominal dollars per hour",quarter,1968,2,NA,national,United States,0,Outcome,Net productivity (output per hour),5.185326700336064
2026.8.14,Productivity and pay levels,"Productivity and pay, real dollars per hour (2026Q1$)",quarter,1968,2,NA,national,United States,0,Outcome,Net productivity (output per hour),40.114569962599845
2026.8.14,Productivity and pay levels,"Productivity and pay, nominal dollars per hour",quarter,1968,3,NA,national,United States,0,Outcome,Total compensation per hour,3.4255875929448982
2026.8.14,Productivity and pay levels,"Productivity and pay, real dollars per hour (2026Q1$)",quarter,1968,3,NA,national,United States,0,Outcome,Total compensation per hour,26.27729216866593
2026.8.14,Productivity and pay levels,"Productivity and pay, nominal dollars per hour",quarter,1968,3,NA,national,United States,0,Outcome,Net productivity (output per hour),5.237890042715236
2026.8.14,Productivity and pay levels,"Productivity and pay, real dollars per hour (2026Q1$)",quarter,1968,3,NA,national,United States,0,Outcome,Net productivity (output per hour),40.17925779601814
2026.8.14,Productivity and pay levels,"Productivity and pay, nominal dollars per hour",quarter,1968,4,NA,national,United States,0,Outcome,Total compensation per hour,3.4819538722127894
2026.8.14,Productivity and pay levels,"Productivity and pay, real dollars per hour (2026Q1$)",quarter,1968,4,NA,national,United States,0,Outcome,Total compensation per hour,26.37580058201188
2026.8.14,Productivity and pay levels,"Productivity and pay, nominal dollars per hour",quarter,1968,4,NA,national,United States,0,Outcome,Net productivity (output per hour),5.306506956141993
2026.8.14,Productivity and pay levels,"Productivity and pay, real dollars per hour (2026Q1$)",quarter,1968,4,NA,national,United States,0,Outcome,Net productivity (output per hour),40.1967901927756
2026.8.14,Productivity and pay levels,"Productivity and pay, nominal dollars per hour",quarter,1969,1,NA,national,United States,0,Outcome,Total compensation per hour,3.540770476167576
2026.8.14,Productivity and pay levels,"Productivity and pay, real dollars per hour (2026Q1$)",quarter,1969,1,NA,national,United States,0,Outcome,Total compensation per hour,26.710044504865785
2026.8.14,Productivity and pay levels,"Productivity and pay, nominal dollars per hour",quarter,1969,1,NA,national,United States,0,Outcome,Net productivity (output per hour),5.378768925505758
2026.8.14,Productivity and pay levels,"Productivity and pay, real dollars per hour (2026Q1$)",quarter,1969,1,NA,national,United States,0,Outcome,Net productivity (output per hour),40.575111645516465
2026.8.14,Productivity and pay levels,"Productivity and pay, nominal dollars per hour",quarter,1969,2,NA,national,United States,0,Outcome,Total compensation per hour,3.6013313074505304
2026.8.14,Productivity and pay levels,"Productivity and pay, real dollars per hour (2026Q1$)",quarter,1969,2,NA,national,United States,0,Outcome,Total compensation per hour,26.723348232428833
2026.8.14,Productivity and pay levels,"Productivity and pay, nominal dollars per hour",quarter,1969,2,NA,national,United States,0,Outcome,Net productivity (output per hour),5.440578516966595
2026.8.14,Productivity and pay levels,"Productivity and pay, real dollars per hour (2026Q1$)",quarter,1969,2,NA,national,United States,0,Outcome,Net productivity (output per hour),40.371313240184776
2026.8.14,Productivity and pay levels,"Productivity and pay, nominal dollars per hour",quarter,1969,3,NA,national,United States,0,Outcome,Total compensation per hour,3.6523863526274103
2026.8.14,Productivity and pay levels,"Productivity and pay, real dollars per hour (2026Q1$)",quarter,1969,3,NA,national,United States,0,Outcome,Total compensation per hour,26.882746514480292
2026.8.14,Productivity and pay levels,"Productivity and pay, nominal dollars per hour",quarter,1969,3,NA,national,United States,0,Outcome,Net productivity (output per hour),5.530854449749051
2026.8.14,Productivity and pay levels,"Productivity and pay, real dollars per hour (2026Q1$)",quarter,1969,3,NA,national,United States,0,Outcome,Net productivity (output per hour),40.70888012001529
2026.8.14,Productivity and pay levels,"Productivity and pay, nominal dollars per hour",quarter,1969,4,NA,national,United States,0,Outcome,Total compensation per hour,3.7174126061839754
2026.8.14,Productivity and pay levels,"Productivity and pay, real dollars per hour (2026Q1$)",quarter,1969,4,NA,national,United States,0,Outcome,Total compensation per hour,27.03302447216987
2026.8.14,Productivity and pay levels,"Productivity and pay, nominal dollars per hour",quarter,1969,4,NA,national,United States,0,Outcome,Net productivity (output per hour),5.576192258373265
2026.8.14,Productivity and pay levels,"Productivity and pay, real dollars per hour (2026Q1$)",quarter,1969,4,NA,national,United States,0,Outcome,Net productivity (output per hour),40.55007010289039
2026.8.14,Productivity and pay levels,"Productivity and pay, nominal dollars per hour",quarter,1970,1,NA,national,United States,0,Outcome,Total compensation per hour,3.7605042273744047
2026.8.14,Productivity and pay levels,"Productivity and pay, real dollars per hour (2026Q1$)",quarter,1970,1,NA,national,United States,0,Outcome,Total compensation per hour,26.915734981758536
2026.8.14,Productivity and pay levels,"Productivity and pay, nominal dollars per hour",quarter,1970,1,NA,national,United States,0,Outcome,Net productivity (output per hour),5.680389175289594
2026.8.14,Productivity and pay levels,"Productivity and pay, real dollars per hour (2026Q1$)",quarter,1970,1,NA,national,United States,0,Outcome,Net productivity (output per hour),40.65727370345073
2026.8.14,Productivity and pay levels,"Productivity and pay, nominal dollars per hour",quarter,1970,2,NA,national,United States,0,Outcome,Total compensation per hour,3.8143321507189785
2026.8.14,Productivity and pay levels,"Productivity and pay, real dollars per hour (2026Q1$)",quarter,1970,2,NA,national,United States,0,Outcome,Total compensation per hour,26.982318482517915
2026.8.14,Productivity and pay levels,"Productivity and pay, nominal dollars per hour",quarter,1970,2,NA,national,United States,0,Outcome,Net productivity (output per hour),5.802397893439409
2026.8.14,Productivity and pay levels,"Productivity and pay, real dollars per hour (2026Q1$)",quarter,1970,2,NA,national,United States,0,Outcome,Net productivity (output per hour),41.0457563045636
2026.8.14,Productivity and pay levels,"Productivity and pay, nominal dollars per hour",quarter,1970,3,NA,national,United States,0,Outcome,Total compensation per hour,3.881076149585585
2026.8.14,Productivity and pay levels,"Productivity and pay, real dollars per hour (2026Q1$)",quarter,1970,3,NA,national,United States,0,Outcome,Total compensation per hour,27.242457297091097
2026.8.14,Productivity and pay levels,"Productivity and pay, nominal dollars per hour",quarter,1970,3,NA,national,United States,0,Outcome,Net productivity (output per hour),5.9499510308631125
2026.8.14,Productivity and pay levels,"Productivity and pay, real dollars per hour (2026Q1$)",quarter,1970,3,NA,national,United States,0,Outcome,Net productivity (output per hour),41.76452113555652
2026.8.14,Productivity and pay levels,"Productivity and pay, nominal dollars per hour",quarter,1970,4,NA,national,United States,0,Outcome,Total compensation per hour,3.933151039326281
2026.8.14,Productivity and pay levels,"Productivity and pay, real dollars per hour (2026Q1$)",quarter,1970,4,NA,national,United States,0,Outcome,Total compensation per hour,27.29186484540145
2026.8.14,Productivity and pay levels,"Productivity and pay, nominal dollars per hour",quarter,1970,4,NA,national,United States,0,Outcome,Net productivity (output per hour),5.9755638979147605
2026.8.14,Productivity and pay levels,"Productivity and pay, real dollars per hour (2026Q1$)",quarter,1970,4,NA,national,United States,0,Outcome,Net productivity (output per hour),41.46402735270624
2026.8.14,Productivity and pay levels,"Productivity and pay, nominal dollars per hour",quarter,1971,1,NA,national,United States,0,Outcome,Total compensation per hour,4.027759016884803
2026.8.14,Productivity and pay levels,"Productivity and pay, real dollars per hour (2026Q1$)",quarter,1971,1,NA,national,United States,0,Outcome,Total compensation per hour,27.631946764892728
2026.8.14,Productivity and pay levels,"Productivity and pay, nominal dollars per hour",quarter,1971,1,NA,national,United States,0,Outcome,Net productivity (output per hour),6.234798700808218
2026.8.14,Productivity and pay levels,"Productivity and pay, real dollars per hour (2026Q1$)",quarter,1971,1,NA,national,United States,0,Outcome,Net productivity (output per hour),42.7730718417711
2026.8.14,Productivity and pay levels,"Productivity and pay, nominal dollars per hour",quarter,1971,2,NA,national,United States,0,Outcome,Total compensation per hour,4.0958942358989905
2026.8.14,Productivity and pay levels,"Productivity and pay, real dollars per hour (2026Q1$)",quarter,1971,2,NA,national,United States,0,Outcome,Total compensation per hour,27.78483477934465
2026.8.14,Productivity and pay levels,"Productivity and pay, nominal dollars per hour",quarter,1971,2,NA,national,United States,0,Outcome,Net productivity (output per hour),6.330444278478947
2026.8.14,Productivity and pay levels,"Productivity and pay, real dollars per hour (2026Q1$)",quarter,1971,2,NA,national,United States,0,Outcome,Net productivity (output per hour),42.943088426398234
2026.8.14,Productivity and pay levels,"Productivity and pay, nominal dollars per hour",quarter,1971,3,NA,national,United States,0,Outcome,Total compensation per hour,4.157902727061715
2026.8.14,Productivity and pay levels,"Productivity and pay, real dollars per hour (2026Q1$)",quarter,1971,3,NA,national,United States,0,Outcome,Total compensation per hour,27.996545028882217
2026.8.14,Productivity and pay levels,"Productivity and pay, nominal dollars per hour",quarter,1971,3,NA,national,United States,0,Outcome,Net productivity (output per hour),6.454078267042777
2026.8.14,Productivity and pay levels,"Productivity and pay, real dollars per hour (2026Q1$)",quarter,1971,3,NA,national,United States,0,Outcome,Net productivity (output per hour),43.457460331421366
2026.8.14,Productivity and pay levels,"Productivity and pay, nominal dollars per hour",quarter,1971,4,NA,national,United States,0,Outcome,Total compensation per hour,4.221497516328511
2026.8.14,Productivity and pay levels,"Productivity and pay, real dollars per hour (2026Q1$)",quarter,1971,4,NA,national,United States,0,Outcome,Total compensation per hour,28.21574442898983
2026.8.14,Productivity and pay levels,"Productivity and pay, nominal dollars per hour",quarter,1971,4,NA,national,United States,0,Outcome,Net productivity (output per hour),6.4815152727090934
2026.8.14,Productivity and pay levels,"Productivity and pay, real dollars per hour (2026Q1$)",quarter,1971,4,NA,national,United States,0,Outcome,Net productivity (output per hour),43.321304285974755
2026.8.14,Productivity and pay levels,"Productivity and pay, nominal dollars per hour",quarter,1972,1,NA,national,United States,0,Outcome,Total compensation per hour,4.375158188500349
2026.8.14,Productivity and pay levels,"Productivity and pay, real dollars per hour (2026Q1$)",quarter,1972,1,NA,national,United States,0,Outcome,Total compensation per hour,28.923773042522313
2026.8.14,Productivity and pay levels,"Productivity and pay, nominal dollars per hour",quarter,1972,1,NA,national,United States,0,Outcome,Net productivity (output per hour),6.6202611963284665
2026.8.14,Productivity and pay levels,"Productivity and pay, real dollars per hour (2026Q1$)",quarter,1972,1,NA,national,United States,0,Outcome,Net productivity (output per hour),43.76594492700056
2026.8.14,Productivity and pay levels,"Productivity and pay, nominal dollars per hour",quarter,1972,2,NA,national,United States,0,Outcome,Total compensation per hour,4.439236578977843
2026.8.14,Productivity and pay levels,"Productivity and pay, real dollars per hour (2026Q1$)",quarter,1972,2,NA,national,United States,0,Outcome,Total compensation per hour,29.241058335441007
2026.8.14,Productivity and pay levels,"Productivity and pay, nominal dollars per hour",quarter,1972,2,NA,national,United States,0,Outcome,Net productivity (output per hour),6.793135811556864
2026.8.14,Productivity and pay levels,"Productivity and pay, real dollars per hour (2026Q1$)",quarter,1972,2,NA,national,United States,0,Outcome,Net productivity (output per hour),44.74609023699412
2026.8.14,Productivity and pay levels,"Productivity and pay, nominal dollars per hour",quarter,1972,3,NA,national,United States,0,Outcome,Total compensation per hour,4.490114132253921
2026.8.14,Productivity and pay levels,"Productivity and pay, real dollars per hour (2026Q1$)",quarter,1972,3,NA,national,United States,0,Outcome,Total compensation per hour,29.46941333009974
2026.8.14,Productivity and pay levels,"Productivity and pay, nominal dollars per hour",quarter,1972,3,NA,national,United States,0,Outcome,Net productivity (output per hour),6.875733837290822
2026.8.14,Productivity and pay levels,"Productivity and pay, real dollars per hour (2026Q1$)",quarter,1972,3,NA,national,United States,0,Outcome,Net productivity (output per hour),45.126657459186696
2026.8.14,Productivity and pay levels,"Productivity and pay, nominal dollars per hour",quarter,1972,4,NA,national,United States,0,Outcome,Total compensation per hour,4.555843085279958
2026.8.14,Productivity and pay levels,"Productivity and pay, real dollars per hour (2026Q1$)",quarter,1972,4,NA,national,United States,0,Outcome,Total compensation per hour,29.5804383179963
2026.8.14,Productivity and pay levels,"Productivity and pay, nominal dollars per hour",quarter,1972,4,NA,national,United States,0,Outcome,Net productivity (output per hour),7.036998922479024
2026.8.14,Productivity and pay levels,"Productivity and pay, real dollars per hour (2026Q1$)",quarter,1972,4,NA,national,United States,0,Outcome,Net productivity (output per hour),45.69022871809596
2026.8.14,Productivity and pay levels,"Productivity and pay, nominal dollars per hour",quarter,1973,1,NA,national,United States,0,Outcome,Total compensation per hour,4.651039460931011
2026.8.14,Productivity and pay levels,"Productivity and pay, real dollars per hour (2026Q1$)",quarter,1973,1,NA,national,United States,0,Outcome,Total compensation per hour,29.56499909081321
2026.8.14,Productivity and pay levels,"Productivity and pay, nominal dollars per hour",quarter,1973,1,NA,national,United States,0,Outcome,Net productivity (output per hour),7.224992367965808
2026.8.14,Productivity and pay levels,"Productivity and pay, real dollars per hour (2026Q1$)",quarter,1973,1,NA,national,United States,0,Outcome,Net productivity (output per hour),45.926699737628816
2026.8.14,Productivity and pay levels,"Productivity and pay, nominal dollars per hour",quarter,1973,2,NA,national,United States,0,Outcome,Total compensation per hour,4.707099778916519
2026.8.14,Productivity and pay levels,"Productivity and pay, real dollars per hour (2026Q1$)",quarter,1973,2,NA,national,United States,0,Outcome,Total compensation per hour,29.30653218517203
2026.8.14,Productivity and pay levels,"Productivity and pay, nominal dollars per hour",quarter,1973,2,NA,national,United States,0,Outcome,Net productivity (output per hour),7.344222729563851
2026.8.14,Productivity and pay levels,"Productivity and pay, real dollars per hour (2026Q1$)",quarter,1973,2,NA,national,United States,0,Outcome,Net productivity (output per hour),45.72533192584617
2026.8.14,Productivity and pay levels,"Productivity and pay, nominal dollars per hour",quarter,1973,3,NA,national,United States,0,Outcome,Total compensation per hour,4.776974533766008
2026.8.14,Productivity and pay levels,"Productivity and pay, real dollars per hour (2026Q1$)",quarter,1973,3,NA,national,United States,0,Outcome,Total compensation per hour,29.240874418810115
2026.8.14,Productivity and pay levels,"Productivity and pay, nominal dollars per hour",quarter,1973,3,NA,national,United States,0,Outcome,Net productivity (output per hour),7.384550535301608
2026.8.14,Productivity and pay levels,"Productivity and pay, real dollars per hour (2026Q1$)",quarter,1973,3,NA,national,United States,0,Outcome,Net productivity (output per hour),45.20240024639167
2026.8.14,Productivity and pay levels,"Productivity and pay, nominal dollars per hour",quarter,1973,4,NA,national,United States,0,Outcome,Total compensation per hour,4.845608058642927
2026.8.14,Productivity and pay levels,"Productivity and pay, real dollars per hour (2026Q1$)",quarter,1973,4,NA,national,United States,0,Outcome,Total compensation per hour,28.978011350700143
2026.8.14,Productivity and pay levels,"Productivity and pay, nominal dollars per hour",quarter,1973,4,NA,national,United States,0,Outcome,Net productivity (output per hour),7.572948069272312
2026.8.14,Productivity and pay levels,"Productivity and pay, real dollars per hour (2026Q1$)",quarter,1973,4,NA,national,United States,0,Outcome,Net productivity (output per hour),45.2882223353193
2026.8.14,Productivity and pay levels,"Productivity and pay, nominal dollars per hour",quarter,1974,1,NA,national,United States,0,Outcome,Total compensation per hour,4.925431110029971
2026.8.14,Productivity and pay levels,"Productivity and pay, real dollars per hour (2026Q1$)",quarter,1974,1,NA,national,United States,0,Outcome,Total compensation per hour,28.700108198828485
2026.8.14,Productivity and pay levels,"Productivity and pay, nominal dollars per hour",quarter,1974,1,NA,national,United States,0,Outcome,Net productivity (output per hour),7.608325804597027
2026.8.14,Productivity and pay levels,"Productivity and pay, real dollars per hour (2026Q1$)",quarter,1974,1,NA,national,United States,0,Outcome,Net productivity (output per hour),44.33312920755576
2026.8.14,Productivity and pay levels,"Productivity and pay, nominal dollars per hour",quarter,1974,2,NA,national,United States,0,Outcome,Total compensation per hour,5.03930723627559
2026.8.14,Productivity and pay levels,"Productivity and pay, real dollars per hour (2026Q1$)",quarter,1974,2,NA,national,United States,0,Outcome,Total compensation per hour,28.629564236090697
2026.8.14,Productivity and pay levels,"Productivity and pay, nominal dollars per hour",quarter,1974,2,NA,national,United States,0,Outcome,Net productivity (output per hour),7.82083583636642
2026.8.14,Productivity and pay levels,"Productivity and pay, real dollars per hour (2026Q1$)",quarter,1974,2,NA,national,United States,0,Outcome,Net productivity (output per hour),44.43212359535673
2026.8.14,Productivity and pay levels,"Productivity and pay, nominal dollars per hour",quarter,1974,3,NA,national,United States,0,Outcome,Total compensation per hour,5.161179981382425
2026.8.14,Productivity and pay levels,"Productivity and pay, real dollars per hour (2026Q1$)",quarter,1974,3,NA,national,United States,0,Outcome,Total compensation per hour,28.60678416510137
2026.8.14,Productivity and pay levels,"Productivity and pay, nominal dollars per hour",quarter,1974,3,NA,national,United States,0,Outcome,Net productivity (output per hour),7.946676328673183
2026.8.14,Productivity and pay levels,"Productivity and pay, real dollars per hour (2026Q1$)",quarter,1974,3,NA,national,United States,0,Outcome,Net productivity (output per hour),44.04590721197515
2026.8.14,Productivity and pay levels,"Productivity and pay, nominal dollars per hour",quarter,1974,4,NA,national,United States,0,Outcome,Total compensation per hour,5.277263905765456
2026.8.14,Productivity and pay levels,"Productivity and pay, real dollars per hour (2026Q1$)",quarter,1974,4,NA,national,United States,0,Outcome,Total compensation per hour,28.469037924871213
2026.8.14,Productivity and pay levels,"Productivity and pay, nominal dollars per hour",quarter,1974,4,NA,national,United States,0,Outcome,Net productivity (output per hour),8.206720159884846
2026.8.14,Productivity and pay levels,"Productivity and pay, real dollars per hour (2026Q1$)",quarter,1974,4,NA,national,United States,0,Outcome,Net productivity (output per hour),44.27245474976454
2026.8.14,Productivity and pay levels,"Productivity and pay, nominal dollars per hour",quarter,1975,1,NA,national,United States,0,Outcome,Total compensation per hour,5.380951611273866
2026.8.14,Productivity and pay levels,"Productivity and pay, real dollars per hour (2026Q1$)",quarter,1975,1,NA,national,United States,0,Outcome,Total compensation per hour,28.520612330308715
2026.8.14,Productivity and pay levels,"Productivity and pay, nominal dollars per hour",quarter,1975,1,NA,national,United States,0,Outcome,Net productivity (output per hour),8.44275134335806
2026.8.14,Productivity and pay levels,"Productivity and pay, real dollars per hour (2026Q1$)",quarter,1975,1,NA,national,United States,0,Outcome,Net productivity (output per hour),44.74904356333806
2026.8.14,Productivity and pay levels,"Productivity and pay, nominal dollars per hour",quarter,1975,2,NA,national,United States,0,Outcome,Total compensation per hour,5.460388380163932
2026.8.14,Productivity and pay levels,"Productivity and pay, real dollars per hour (2026Q1$)",quarter,1975,2,NA,national,United States,0,Outcome,Total compensation per hour,28.60802903497991
2026.8.14,Productivity and pay levels,"Productivity and pay, nominal dollars per hour",quarter,1975,2,NA,national,United States,0,Outcome,Net productivity (output per hour),8.661697872002055
2026.8.14,Productivity and pay levels,"Productivity and pay, real dollars per hour (2026Q1$)",quarter,1975,2,NA,national,United States,0,Outcome,Net productivity (output per hour),45.38030758299636
2026.8.14,Productivity and pay levels,"Productivity and pay, nominal dollars per hour",quarter,1975,3,NA,national,United States,0,Outcome,Total compensation per hour,5.552308737563817
2026.8.14,Productivity and pay levels,"Productivity and pay, real dollars per hour (2026Q1$)",quarter,1975,3,NA,national,United States,0,Outcome,Total compensation per hour,28.51439910986164
2026.8.14,Productivity and pay levels,"Productivity and pay, nominal dollars per hour",quarter,1975,3,NA,national,United States,0,Outcome,Net productivity (output per hour),8.923308892374664
2026.8.14,Productivity and pay levels,"Productivity and pay, real dollars per hour (2026Q1$)",quarter,1975,3,NA,national,United States,0,Outcome,Net productivity (output per hour),45.82648465066988
2026.8.14,Productivity and pay levels,"Productivity and pay, nominal dollars per hour",quarter,1975,4,NA,national,United States,0,Outcome,Total compensation per hour,5.639094401328018
2026.8.14,Productivity and pay levels,"Productivity and pay, real dollars per hour (2026Q1$)",quarter,1975,4,NA,national,United States,0,Outcome,Total compensation per hour,28.477426726706497
2026.8.14,Productivity and pay levels,"Productivity and pay, nominal dollars per hour",quarter,1975,4,NA,national,United States,0,Outcome,Net productivity (output per hour),9.092847321873515
2026.8.14,Productivity and pay levels,"Productivity and pay, real dollars per hour (2026Q1$)",quarter,1975,4,NA,national,United States,0,Outcome,Net productivity (output per hour),45.91887897546126
2026.8.14,Productivity and pay levels,"Productivity and pay, nominal dollars per hour",quarter,1976,1,NA,national,United States,0,Outcome,Total compensation per hour,5.738130487049932
2026.8.14,Productivity and pay levels,"Productivity and pay, real dollars per hour (2026Q1$)",quarter,1976,1,NA,national,United States,0,Outcome,Total compensation per hour,28.580606097141853
2026.8.14,Productivity and pay levels,"Productivity and pay, nominal dollars per hour",quarter,1976,1,NA,national,United States,0,Outcome,Net productivity (output per hour),9.29764974363534
2026.8.14,Productivity and pay levels,"Productivity and pay, real dollars per hour (2026Q1$)",quarter,1976,1,NA,national,United States,0,Outcome,Net productivity (output per hour),46.30993762720287
2026.8.14,Productivity and pay levels,"Productivity and pay, nominal dollars per hour",quarter,1976,2,NA,national,United States,0,Outcome,Total compensation per hour,5.829242507718843
2026.8.14,Productivity and pay levels,"Productivity and pay, real dollars per hour (2026Q1$)",quarter,1976,2,NA,national,United States,0,Outcome,Total compensation per hour,28.7977252147632
2026.8.14,Productivity and pay levels,"Productivity and pay, nominal dollars per hour",quarter,1976,2,NA,national,United States,0,Outcome,Net productivity (output per hour),9.440609875871209
2026.8.14,Productivity and pay levels,"Productivity and pay, real dollars per hour (2026Q1$)",quarter,1976,2,NA,national,United States,0,Outcome,Net productivity (output per hour),46.638665093298535
2026.8.14,Productivity and pay levels,"Productivity and pay, nominal dollars per hour",quarter,1976,3,NA,national,United States,0,Outcome,Total compensation per hour,5.945542985943855
2026.8.14,Productivity and pay levels,"Productivity and pay, real dollars per hour (2026Q1$)",quarter,1976,3,NA,national,United States,0,Outcome,Total compensation per hour,28.978544633903297
2026.8.14,Productivity and pay levels,"Productivity and pay, nominal dollars per hour",quarter,1976,3,NA,national,United States,0,Outcome,Net productivity (output per hour),9.569208648355598
2026.8.14,Productivity and pay levels,"Productivity and pay, real dollars per hour (2026Q1$)",quarter,1976,3,NA,national,United States,0,Outcome,Net productivity (output per hour),46.64027164265544
2026.8.14,Productivity and pay levels,"Productivity and pay, nominal dollars per hour",quarter,1976,4,NA,national,United States,0,Outcome,Total compensation per hour,6.065984463313289
2026.8.14,Productivity and pay levels,"Productivity and pay, real dollars per hour (2026Q1$)",quarter,1976,4,NA,national,United States,0,Outcome,Total compensation per hour,29.097519140642643
2026.8.14,Productivity and pay levels,"Productivity and pay, nominal dollars per hour",quarter,1976,4,NA,national,United States,0,Outcome,Net productivity (output per hour),9.745885755434433
2026.8.14,Productivity and pay levels,"Productivity and pay, real dollars per hour (2026Q1$)",quarter,1976,4,NA,national,United States,0,Outcome,Net productivity (output per hour),46.7493939403161
2026.8.14,Productivity and pay levels,"Productivity and pay, nominal dollars per hour",quarter,1977,1,NA,national,United States,0,Outcome,Total compensation per hour,6.202831703407109
2026.8.14,Productivity and pay levels,"Productivity and pay, real dollars per hour (2026Q1$)",quarter,1977,1,NA,national,United States,0,Outcome,Total compensation per hour,29.214373152316384
2026.8.14,Productivity and pay levels,"Productivity and pay, nominal dollars per hour",quarter,1977,1,NA,national,United States,0,Outcome,Net productivity (output per hour),9.960364859830491
2026.8.14,Productivity and pay levels,"Productivity and pay, real dollars per hour (2026Q1$)",quarter,1977,1,NA,national,United States,0,Outcome,Net productivity (output per hour),46.911770246559165
2026.8.14,Productivity and pay levels,"Productivity and pay, nominal dollars per hour",quarter,1977,2,NA,national,United States,0,Outcome,Total compensation per hour,6.324653069740825
2026.8.14,Productivity and pay levels,"Productivity and pay, real dollars per hour (2026Q1$)",quarter,1977,2,NA,national,United States,0,Outcome,Total compensation per hour,29.25755542185451
2026.8.14,Productivity and pay levels,"Productivity and pay, nominal dollars per hour",quarter,1977,2,NA,national,United States,0,Outcome,Net productivity (output per hour),10.106641470223856
2026.8.14,Productivity and pay levels,"Productivity and pay, real dollars per hour (2026Q1$)",quarter,1977,2,NA,national,United States,0,Outcome,Net productivity (output per hour),46.75286054164624
2026.8.14,Productivity and pay levels,"Productivity and pay, nominal dollars per hour",quarter,1977,3,NA,national,United States,0,Outcome,Total compensation per hour,6.4336070289738565
2026.8.14,Productivity and pay levels,"Productivity and pay, real dollars per hour (2026Q1$)",quarter,1977,3,NA,national,United States,0,Outcome,Total compensation per hour,29.461706747290854
2026.8.14,Productivity and pay levels,"Productivity and pay, nominal dollars per hour",quarter,1977,3,NA,national,United States,0,Outcome,Net productivity (output per hour),10.32448214012912
2026.8.14,Productivity and pay levels,"Productivity and pay, real dollars per hour (2026Q1$)",quarter,1977,3,NA,national,United States,0,Outcome,Net productivity (output per hour),47.27936657620841
2026.8.14,Productivity and pay levels,"Productivity and pay, nominal dollars per hour",quarter,1977,4,NA,national,United States,0,Outcome,Total compensation per hour,6.544494675753124
2026.8.14,Productivity and pay levels,"Productivity and pay, real dollars per hour (2026Q1$)",quarter,1977,4,NA,national,United States,0,Outcome,Total compensation per hour,29.52330352486149
2026.8.14,Productivity and pay levels,"Productivity and pay, nominal dollars per hour",quarter,1977,4,NA,national,United States,0,Outcome,Net productivity (output per hour),10.443126367154637
2026.8.14,Productivity and pay levels,"Productivity and pay, real dollars per hour (2026Q1$)",quarter,1977,4,NA,national,United States,0,Outcome,Net productivity (output per hour),47.11067924438493
2026.8.14,Productivity and pay levels,"Productivity and pay, nominal dollars per hour",quarter,1978,1,NA,national,United States,0,Outcome,Total compensation per hour,6.694446365150311
2026.8.14,Productivity and pay levels,"Productivity and pay, real dollars per hour (2026Q1$)",quarter,1978,1,NA,national,United States,0,Outcome,Total compensation per hour,29.75673225389552
2026.8.14,Productivity and pay levels,"Productivity and pay, nominal dollars per hour",quarter,1978,1,NA,national,United States,0,Outcome,Net productivity (output per hour),10.562023534930995
2026.8.14,Productivity and pay levels,"Productivity and pay, real dollars per hour (2026Q1$)",quarter,1978,1,NA,national,United States,0,Outcome,Net productivity (output per hour),46.94806549267617
2026.8.14,Productivity and pay levels,"Productivity and pay, nominal dollars per hour",quarter,1978,2,NA,national,United States,0,Outcome,Total compensation per hour,6.8399297344344365
2026.8.14,Productivity and pay levels,"Productivity and pay, real dollars per hour (2026Q1$)",quarter,1978,2,NA,national,United States,0,Outcome,Total compensation per hour,29.748785304310545
2026.8.14,Productivity and pay levels,"Productivity and pay, nominal dollars per hour",quarter,1978,2,NA,national,United States,0,Outcome,Net productivity (output per hour),10.94822344980878
2026.8.14,Productivity and pay levels,"Productivity and pay, real dollars per hour (2026Q1$)",quarter,1978,2,NA,national,United States,0,Outcome,Net productivity (output per hour),47.616914430029574
2026.8.14,Productivity and pay levels,"Productivity and pay, nominal dollars per hour",quarter,1978,3,NA,national,United States,0,Outcome,Total compensation per hour,6.966258115142759
2026.8.14,Productivity and pay levels,"Productivity and pay, real dollars per hour (2026Q1$)",quarter,1978,3,NA,national,United States,0,Outcome,Total compensation per hour,29.72924237870783
2026.8.14,Productivity and pay levels,"Productivity and pay, nominal dollars per hour",quarter,1978,3,NA,national,United States,0,Outcome,Net productivity (output per hour),11.149882992579622
2026.8.14,Productivity and pay levels,"Productivity and pay, real dollars per hour (2026Q1$)",quarter,1978,3,NA,national,United States,0,Outcome,Net productivity (output per hour),47.58330347537501
2026.8.14,Productivity and pay levels,"Productivity and pay, nominal dollars per hour",quarter,1978,4,NA,national,United States,0,Outcome,Total compensation per hour,7.117835000573344
2026.8.14,Productivity and pay levels,"Productivity and pay, real dollars per hour (2026Q1$)",quarter,1978,4,NA,national,United States,0,Outcome,Total compensation per hour,29.81618440332337
2026.8.14,Productivity and pay levels,"Productivity and pay, nominal dollars per hour",quarter,1978,4,NA,national,United States,0,Outcome,Net productivity (output per hour),11.435851948720147
2026.8.14,Productivity and pay levels,"Productivity and pay, real dollars per hour (2026Q1$)",quarter,1978,4,NA,national,United States,0,Outcome,Net productivity (output per hour),47.90409871606735
2026.8.14,Productivity and pay levels,"Productivity and pay, nominal dollars per hour",quarter,1979,1,NA,national,United States,0,Outcome,Total compensation per hour,7.270115517162917
2026.8.14,Productivity and pay levels,"Productivity and pay, real dollars per hour (2026Q1$)",quarter,1979,1,NA,national,United States,0,Outcome,Total compensation per hour,29.76817569865357
2026.8.14,Productivity and pay levels,"Productivity and pay, nominal dollars per hour",quarter,1979,1,NA,national,United States,0,Outcome,Net productivity (output per hour),11.577479729837783
2026.8.14,Productivity and pay levels,"Productivity and pay, real dollars per hour (2026Q1$)",quarter,1979,1,NA,national,United States,0,Outcome,Net productivity (output per hour),47.40508592082229
2026.8.14,Productivity and pay levels,"Productivity and pay, nominal dollars per hour",quarter,1979,2,NA,national,United States,0,Outcome,Total compensation per hour,7.385424003339865
2026.8.14,Productivity and pay levels,"Productivity and pay, real dollars per hour (2026Q1$)",quarter,1979,2,NA,national,United States,0,Outcome,Total compensation per hour,29.44451938173657
2026.8.14,Productivity and pay levels,"Productivity and pay, nominal dollars per hour",quarter,1979,2,NA,national,United States,0,Outcome,Net productivity (output per hour),11.836263098792436
2026.8.14,Productivity and pay levels,"Productivity and pay, real dollars per hour (2026Q1$)",quarter,1979,2,NA,national,United States,0,Outcome,Net productivity (output per hour),47.18931209123827
2026.8.14,Productivity and pay levels,"Productivity and pay, nominal dollars per hour",quarter,1979,3,NA,national,United States,0,Outcome,Total compensation per hour,7.550104591248577
2026.8.14,Productivity and pay levels,"Productivity and pay, real dollars per hour (2026Q1$)",quarter,1979,3,NA,national,United States,0,Outcome,Total compensation per hour,29.32925245061948
2026.8.14,Productivity and pay levels,"Productivity and pay, nominal dollars per hour",quarter,1979,3,NA,national,United States,0,Outcome,Net productivity (output per hour),12.051895839480672
2026.8.14,Productivity and pay levels,"Productivity and pay, real dollars per hour (2026Q1$)",quarter,1979,3,NA,national,United States,0,Outcome,Net productivity (output per hour),46.816979991828774
2026.8.14,Productivity and pay levels,"Productivity and pay, nominal dollars per hour",quarter,1979,4,NA,national,United States,0,Outcome,Total compensation per hour,7.68103686991948
2026.8.14,Productivity and pay levels,"Productivity and pay, real dollars per hour (2026Q1$)",quarter,1979,4,NA,national,United States,0,Outcome,Total compensation per hour,29.091927144820033
2026.8.14,Productivity and pay levels,"Productivity and pay, nominal dollars per hour",quarter,1979,4,NA,national,United States,0,Outcome,Net productivity (output per hour),12.243056832329133
2026.8.14,Productivity and pay levels,"Productivity and pay, real dollars per hour (2026Q1$)",quarter,1979,4,NA,national,United States,0,Outcome,Net productivity (output per hour),46.37057775244659
2026.8.14,Productivity and pay levels,"Productivity and pay, nominal dollars per hour",quarter,1980,1,NA,national,United States,0,Outcome,Total compensation per hour,7.822093363433318
2026.8.14,Productivity and pay levels,"Productivity and pay, real dollars per hour (2026Q1$)",quarter,1980,1,NA,national,United States,0,Outcome,Total compensation per hour,28.72841562570055
2026.8.14,Productivity and pay levels,"Productivity and pay, nominal dollars per hour",quarter,1980,1,NA,national,United States,0,Outcome,Net productivity (output per hour),12.55978180668283
2026.8.14,Productivity and pay levels,"Productivity and pay, real dollars per hour (2026Q1$)",quarter,1980,1,NA,national,United States,0,Outcome,Net productivity (output per hour),46.128653180907854
2026.8.14,Productivity and pay levels,"Productivity and pay, nominal dollars per hour",quarter,1980,2,NA,national,United States,0,Outcome,Total compensation per hour,7.9926273569006785
2026.8.14,Productivity and pay levels,"Productivity and pay, real dollars per hour (2026Q1$)",quarter,1980,2,NA,national,United States,0,Outcome,Total compensation per hour,28.71659394238228
2026.8.14,Productivity and pay levels,"Productivity and pay, nominal dollars per hour",quarter,1980,2,NA,national,United States,0,Outcome,Net productivity (output per hour),12.67208805038154
2026.8.14,Productivity and pay levels,"Productivity and pay, real dollars per hour (2026Q1$)",quarter,1980,2,NA,national,United States,0,Outcome,Net productivity (output per hour),45.52935983318902
2026.8.14,Productivity and pay levels,"Productivity and pay, nominal dollars per hour",quarter,1980,3,NA,national,United States,0,Outcome,Total compensation per hour,8.166829371239325
2026.8.14,Productivity and pay levels,"Productivity and pay, real dollars per hour (2026Q1$)",quarter,1980,3,NA,national,United States,0,Outcome,Total compensation per hour,28.66273319867393
2026.8.14,Productivity and pay levels,"Productivity and pay, nominal dollars per hour",quarter,1980,3,NA,national,United States,0,Outcome,Net productivity (output per hour),12.96435915010281
2026.8.14,Productivity and pay levels,"Productivity and pay, real dollars per hour (2026Q1$)",quarter,1980,3,NA,national,United States,0,Outcome,Net productivity (output per hour),45.50039562719481
2026.8.14,Productivity and pay levels,"Productivity and pay, nominal dollars per hour",quarter,1980,4,NA,national,United States,0,Outcome,Total compensation per hour,8.362956977845345
2026.8.14,Productivity and pay levels,"Productivity and pay, real dollars per hour (2026Q1$)",quarter,1980,4,NA,national,United States,0,Outcome,Total compensation per hour,28.632496771606096
2026.8.14,Productivity and pay levels,"Productivity and pay, nominal dollars per hour",quarter,1980,4,NA,national,United States,0,Outcome,Net productivity (output per hour),13.411991280607818
2026.8.14,Productivity and pay levels,"Productivity and pay, real dollars per hour (2026Q1$)",quarter,1980,4,NA,national,United States,0,Outcome,Net productivity (output per hour),45.91902099462338
2026.8.14,Productivity and pay levels,"Productivity and pay, nominal dollars per hour",quarter,1981,1,NA,national,United States,0,Outcome,Total compensation per hour,8.573631712660454
2026.8.14,Productivity and pay levels,"Productivity and pay, real dollars per hour (2026Q1$)",quarter,1981,1,NA,national,United States,0,Outcome,Total compensation per hour,28.495178160176792
2026.8.14,Productivity and pay levels,"Productivity and pay, nominal dollars per hour",quarter,1981,1,NA,national,United States,0,Outcome,Net productivity (output per hour),14.020566799911403
2026.8.14,Productivity and pay levels,"Productivity and pay, real dollars per hour (2026Q1$)",quarter,1981,1,NA,national,United States,0,Outcome,Net productivity (output per hour),46.59852000409312
2026.8.14,Productivity and pay levels,"Productivity and pay, nominal dollars per hour",quarter,1981,2,NA,national,United States,0,Outcome,Total compensation per hour,8.739263758591498
2026.8.14,Productivity and pay levels,"Productivity and pay, real dollars per hour (2026Q1$)",quarter,1981,2,NA,national,United States,0,Outcome,Total compensation per hour,28.575506318559977
2026.8.14,Productivity and pay levels,"Productivity and pay, nominal dollars per hour",quarter,1981,2,NA,national,United States,0,Outcome,Net productivity (output per hour),14.17870207861961
2026.8.14,Productivity and pay levels,"Productivity and pay, real dollars per hour (2026Q1$)",quarter,1981,2,NA,national,United States,0,Outcome,Net productivity (output per hour),46.36129564555837
2026.8.14,Productivity and pay levels,"Productivity and pay, nominal dollars per hour",quarter,1981,3,NA,national,United States,0,Outcome,Total compensation per hour,8.906026680273806
2026.8.14,Productivity and pay levels,"Productivity and pay, real dollars per hour (2026Q1$)",quarter,1981,3,NA,national,United States,0,Outcome,Total compensation per hour,28.555831578020776
2026.8.14,Productivity and pay levels,"Productivity and pay, nominal dollars per hour",quarter,1981,3,NA,national,United States,0,Outcome,Net productivity (output per hour),14.618468547027518
2026.8.14,Productivity and pay levels,"Productivity and pay, real dollars per hour (2026Q1$)",quarter,1981,3,NA,national,United States,0,Outcome,Net productivity (output per hour),46.87191502380252
2026.8.14,Productivity and pay levels,"Productivity and pay, nominal dollars per hour",quarter,1981,4,NA,national,United States,0,Outcome,Total compensation per hour,9.04551546940268
2026.8.14,Productivity and pay levels,"Productivity and pay, real dollars per hour (2026Q1$)",quarter,1981,4,NA,national,United States,0,Outcome,Total compensation per hour,28.45111959061259
2026.8.14,Productivity and pay levels,"Productivity and pay, nominal dollars per hour",quarter,1981,4,NA,national,United States,0,Outcome,Net productivity (output per hour),14.683662768526755
2026.8.14,Productivity and pay levels,"Productivity and pay, real dollars per hour (2026Q1$)",quarter,1981,4,NA,national,United States,0,Outcome,Net productivity (output per hour),46.184946216577245
2026.8.14,Productivity and pay levels,"Productivity and pay, nominal dollars per hour",quarter,1982,1,NA,national,United States,0,Outcome,Total compensation per hour,9.195212486076894
2026.8.14,Productivity and pay levels,"Productivity and pay, real dollars per hour (2026Q1$)",quarter,1982,1,NA,national,United States,0,Outcome,Total compensation per hour,28.575891110577427
2026.8.14,Productivity and pay levels,"Productivity and pay, nominal dollars per hour",quarter,1982,1,NA,national,United States,0,Outcome,Net productivity (output per hour),14.823776208711012
2026.8.14,Productivity and pay levels,"Productivity and pay, real dollars per hour (2026Q1$)",quarter,1982,1,NA,national,United States,0,Outcome,Net productivity (output per hour),46.06773529476346
2026.8.14,Productivity and pay levels,"Productivity and pay, nominal dollars per hour",quarter,1982,2,NA,national,United States,0,Outcome,Total compensation per hour,9.316150553283444
2026.8.14,Productivity and pay levels,"Productivity and pay, real dollars per hour (2026Q1$)",quarter,1982,2,NA,national,United States,0,Outcome,Total compensation per hour,28.657803224821148
2026.8.14,Productivity and pay levels,"Productivity and pay, nominal dollars per hour",quarter,1982,2,NA,national,United States,0,Outcome,Net productivity (output per hour),14.955631691191012
2026.8.14,Productivity and pay levels,"Productivity and pay, real dollars per hour (2026Q1$)",quarter,1982,2,NA,national,United States,0,Outcome,Net productivity (output per hour),46.00564875564342
2026.8.14,Productivity and pay levels,"Productivity and pay, nominal dollars per hour",quarter,1982,3,NA,national,United States,0,Outcome,Total compensation per hour,9.45753351732628
2026.8.14,Productivity and pay levels,"Productivity and pay, real dollars per hour (2026Q1$)",quarter,1982,3,NA,national,United States,0,Outcome,Total compensation per hour,28.60864548169581
2026.8.14,Productivity and pay levels,"Productivity and pay, nominal dollars per hour",quarter,1982,3,NA,national,United States,0,Outcome,Net productivity (output per hour),15.191035718320771
2026.8.14,Productivity and pay levels,"Productivity and pay, real dollars per hour (2026Q1$)",quarter,1982,3,NA,national,United States,0,Outcome,Net productivity (output per hour),45.95225114127648
2026.8.14,Productivity and pay levels,"Productivity and pay, nominal dollars per hour",quarter,1982,4,NA,national,United States,0,Outcome,Total compensation per hour,9.544780567962766
2026.8.14,Productivity and pay levels,"Productivity and pay, real dollars per hour (2026Q1$)",quarter,1982,4,NA,national,United States,0,Outcome,Total compensation per hour,28.54014979038867
2026.8.14,Productivity and pay levels,"Productivity and pay, nominal dollars per hour",quarter,1982,4,NA,national,United States,0,Outcome,Net productivity (output per hour),15.442058320524756
2026.8.14,Productivity and pay levels,"Productivity and pay, real dollars per hour (2026Q1$)",quarter,1982,4,NA,national,United States,0,Outcome,Net productivity (output per hour),46.17378622814804
2026.8.14,Productivity and pay levels,"Productivity and pay, nominal dollars per hour",quarter,1983,1,NA,national,United States,0,Outcome,Total compensation per hour,9.70133622073791
2026.8.14,Productivity and pay levels,"Productivity and pay, real dollars per hour (2026Q1$)",quarter,1983,1,NA,national,United States,0,Outcome,Total compensation per hour,28.865841651884647
2026.8.14,Productivity and pay levels,"Productivity and pay, nominal dollars per hour",quarter,1983,1,NA,national,United States,0,Outcome,Net productivity (output per hour),15.720416971627849
2026.8.14,Productivity and pay levels,"Productivity and pay, real dollars per hour (2026Q1$)",quarter,1983,1,NA,national,United States,0,Outcome,Net productivity (output per hour),46.77531596467991
2026.8.14,Productivity and pay levels,"Productivity and pay, nominal dollars per hour",quarter,1983,2,NA,national,United States,0,Outcome,Total compensation per hour,9.799397211854274
2026.8.14,Productivity and pay levels,"Productivity and pay, real dollars per hour (2026Q1$)",quarter,1983,2,NA,national,United States,0,Outcome,Total compensation per hour,28.82735296302762
2026.8.14,Productivity and pay levels,"Productivity and pay, nominal dollars per hour",quarter,1983,2,NA,national,United States,0,Outcome,Net productivity (output per hour),16.115652067178637
2026.8.14,Productivity and pay levels,"Productivity and pay, real dollars per hour (2026Q1$)",quarter,1983,2,NA,national,United States,0,Outcome,Net productivity (output per hour),47.4081803529624
2026.8.14,Productivity and pay levels,"Productivity and pay, nominal dollars per hour",quarter,1983,3,NA,national,United States,0,Outcome,Total compensation per hour,9.875751845359332
2026.8.14,Productivity and pay levels,"Productivity and pay, real dollars per hour (2026Q1$)",quarter,1983,3,NA,national,United States,0,Outcome,Total compensation per hour,28.77262316484498
2026.8.14,Productivity and pay levels,"Productivity and pay, nominal dollars per hour",quarter,1983,3,NA,national,United States,0,Outcome,Net productivity (output per hour),16.370379300945633
2026.8.14,Productivity and pay levels,"Productivity and pay, real dollars per hour (2026Q1$)",quarter,1983,3,NA,national,United States,0,Outcome,Net productivity (output per hour),47.69447046333199
2026.8.14,Productivity and pay levels,"Productivity and pay, nominal dollars per hour",quarter,1983,4,NA,national,United States,0,Outcome,Total compensation per hour,9.965596120873304
2026.8.14,Productivity and pay levels,"Productivity and pay, real dollars per hour (2026Q1$)",quarter,1983,4,NA,national,United States,0,Outcome,Total compensation per hour,28.75786309166297
2026.8.14,Productivity and pay levels,"Productivity and pay, nominal dollars per hour",quarter,1983,4,NA,national,United States,0,Outcome,Net productivity (output per hour),16.688806008806008
2026.8.14,Productivity and pay levels,"Productivity and pay, real dollars per hour (2026Q1$)",quarter,1983,4,NA,national,United States,0,Outcome,Net productivity (output per hour),48.15912591112591
2026.8.14,Productivity and pay levels,"Productivity and pay, nominal dollars per hour",quarter,1984,1,NA,national,United States,0,Outcome,Total compensation per hour,10.08228832365756
2026.8.14,Productivity and pay levels,"Productivity and pay, real dollars per hour (2026Q1$)",quarter,1984,1,NA,national,United States,0,Outcome,Total compensation per hour,28.684820301110246
2026.8.14,Productivity and pay levels,"Productivity and pay, nominal dollars per hour",quarter,1984,1,NA,national,United States,0,Outcome,Net productivity (output per hour),16.94670600404584
2026.8.14,Productivity and pay levels,"Productivity and pay, real dollars per hour (2026Q1$)",quarter,1984,1,NA,national,United States,0,Outcome,Net productivity (output per hour),48.214572011510704
2026.8.14,Productivity and pay levels,"Productivity and pay, nominal dollars per hour",quarter,1984,2,NA,national,United States,0,Outcome,Total compensation per hour,10.15842595378258
2026.8.14,Productivity and pay levels,"Productivity and pay, real dollars per hour (2026Q1$)",quarter,1984,2,NA,national,United States,0,Outcome,Total compensation per hour,28.632586641824396
2026.8.14,Productivity and pay levels,"Productivity and pay, nominal dollars per hour",quarter,1984,2,NA,national,United States,0,Outcome,Net productivity (output per hour),17.216825414414732
2026.8.14,Productivity and pay levels,"Productivity and pay, real dollars per hour (2026Q1$)",quarter,1984,2,NA,national,United States,0,Outcome,Net productivity (output per hour),48.52742419132711
2026.8.14,Productivity and pay levels,"Productivity and pay, nominal dollars per hour",quarter,1984,3,NA,national,United States,0,Outcome,Total compensation per hour,10.233249904037564
2026.8.14,Productivity and pay levels,"Productivity and pay, real dollars per hour (2026Q1$)",quarter,1984,3,NA,national,United States,0,Outcome,Total compensation per hour,28.62161280852353
2026.8.14,Productivity and pay levels,"Productivity and pay, nominal dollars per hour",quarter,1984,3,NA,national,United States,0,Outcome,Net productivity (output per hour),17.44829280028871
2026.8.14,Productivity and pay levels,"Productivity and pay, real dollars per hour (2026Q1$)",quarter,1984,3,NA,national,United States,0,Outcome,Net productivity (output per hour),48.801532786038265
2026.8.14,Productivity and pay levels,"Productivity and pay, nominal dollars per hour",quarter,1984,4,NA,national,United States,0,Outcome,Total compensation per hour,10.302472750852385
2026.8.14,Productivity and pay levels,"Productivity and pay, real dollars per hour (2026Q1$)",quarter,1984,4,NA,national,United States,0,Outcome,Total compensation per hour,28.595260245877306
2026.8.14,Productivity and pay levels,"Productivity and pay, nominal dollars per hour",quarter,1984,4,NA,national,United States,0,Outcome,Net productivity (output per hour),17.619941331417625
2026.8.14,Productivity and pay levels,"Productivity and pay, real dollars per hour (2026Q1$)",quarter,1984,4,NA,national,United States,0,Outcome,Net productivity (output per hour),48.905424947354575
2026.8.14,Productivity and pay levels,"Productivity and pay, nominal dollars per hour",quarter,1985,1,NA,national,United States,0,Outcome,Total compensation per hour,10.386066524268944
2026.8.14,Productivity and pay levels,"Productivity and pay, real dollars per hour (2026Q1$)",quarter,1985,1,NA,national,United States,0,Outcome,Total compensation per hour,28.56561110608311
2026.8.14,Productivity and pay levels,"Productivity and pay, nominal dollars per hour",quarter,1985,1,NA,national,United States,0,Outcome,Net productivity (output per hour),17.875819066784302
2026.8.14,Productivity and pay levels,"Productivity and pay, real dollars per hour (2026Q1$)",quarter,1985,1,NA,national,United States,0,Outcome,Net productivity (output per hour),49.165263333455165
2026.8.14,Productivity and pay levels,"Productivity and pay, nominal dollars per hour",quarter,1985,2,NA,national,United States,0,Outcome,Total compensation per hour,10.484344029871268
2026.8.14,Productivity and pay levels,"Productivity and pay, real dollars per hour (2026Q1$)",quarter,1985,2,NA,national,United States,0,Outcome,Total compensation per hour,28.576517910503696
2026.8.14,Productivity and pay levels,"Productivity and pay, nominal dollars per hour",quarter,1985,2,NA,national,United States,0,Outcome,Net productivity (output per hour),18.041111352076022
2026.8.14,Productivity and pay levels,"Productivity and pay, real dollars per hour (2026Q1$)",quarter,1985,2,NA,national,United States,0,Outcome,Net productivity (output per hour),49.17352389516373
2026.8.14,Productivity and pay levels,"Productivity and pay, nominal dollars per hour",quarter,1985,3,NA,national,United States,0,Outcome,Total compensation per hour,10.561795606590382
2026.8.14,Productivity and pay levels,"Productivity and pay, real dollars per hour (2026Q1$)",quarter,1985,3,NA,national,United States,0,Outcome,Total compensation per hour,28.616012537677076
2026.8.14,Productivity and pay levels,"Productivity and pay, nominal dollars per hour",quarter,1985,3,NA,national,United States,0,Outcome,Net productivity (output per hour),18.354256702067644
2026.8.14,Productivity and pay levels,"Productivity and pay, real dollars per hour (2026Q1$)",quarter,1985,3,NA,national,United States,0,Outcome,Net productivity (output per hour),49.728820692040216
2026.8.14,Productivity and pay levels,"Productivity and pay, nominal dollars per hour",quarter,1985,4,NA,national,United States,0,Outcome,Total compensation per hour,10.63697551625069
2026.8.14,Productivity and pay levels,"Productivity and pay, real dollars per hour (2026Q1$)",quarter,1985,4,NA,national,United States,0,Outcome,Total compensation per hour,28.56428580287113
2026.8.14,Productivity and pay levels,"Productivity and pay, nominal dollars per hour",quarter,1985,4,NA,national,United States,0,Outcome,Net productivity (output per hour),18.49793621563005
2026.8.14,Productivity and pay levels,"Productivity and pay, real dollars per hour (2026Q1$)",quarter,1985,4,NA,national,United States,0,Outcome,Net productivity (output per hour),49.673926203863275
2026.8.14,Productivity and pay levels,"Productivity and pay, nominal dollars per hour",quarter,1986,1,NA,national,United States,0,Outcome,Total compensation per hour,10.711918674909471
2026.8.14,Productivity and pay levels,"Productivity and pay, real dollars per hour (2026Q1$)",quarter,1986,1,NA,national,United States,0,Outcome,Total compensation per hour,28.59657584579357
2026.8.14,Productivity and pay levels,"Productivity and pay, nominal dollars per hour",quarter,1986,1,NA,national,United States,0,Outcome,Net productivity (output per hour),18.757810248218114
2026.8.14,Productivity and pay levels,"Productivity and pay, real dollars per hour (2026Q1$)",quarter,1986,1,NA,national,United States,0,Outcome,Net productivity (output per hour),50.07591634546334
2026.8.14,Productivity and pay levels,"Productivity and pay, nominal dollars per hour",quarter,1986,2,NA,national,United States,0,Outcome,Total compensation per hour,10.761322535646968
2026.8.14,Productivity and pay levels,"Productivity and pay, real dollars per hour (2026Q1$)",quarter,1986,2,NA,national,United States,0,Outcome,Total compensation per hour,28.898204386715197
2026.8.14,Productivity and pay levels,"Productivity and pay, nominal dollars per hour",quarter,1986,2,NA,national,United States,0,Outcome,Net productivity (output per hour),18.882156970978883
2026.8.14,Productivity and pay levels,"Productivity and pay, real dollars per hour (2026Q1$)",quarter,1986,2,NA,national,United States,0,Outcome,Net productivity (output per hour),50.70570365323429
2026.8.14,Productivity and pay levels,"Productivity and pay, nominal dollars per hour",quarter,1986,3,NA,national,United States,0,Outcome,Total compensation per hour,10.806808670555272
2026.8.14,Productivity and pay levels,"Productivity and pay, real dollars per hour (2026Q1$)",quarter,1986,3,NA,national,United States,0,Outcome,Total compensation per hour,28.892320828043363
2026.8.14,Productivity and pay levels,"Productivity and pay, nominal dollars per hour",quarter,1986,3,NA,national,United States,0,Outcome,Net productivity (output per hour),19.028795468126763
2026.8.14,Productivity and pay levels,"Productivity and pay, real dollars per hour (2026Q1$)",quarter,1986,3,NA,national,United States,0,Outcome,Net productivity (output per hour),50.87404435449185
2026.8.14,Productivity and pay levels,"Productivity and pay, nominal dollars per hour",quarter,1986,4,NA,national,United States,0,Outcome,Total compensation per hour,10.882608042965854
2026.8.14,Productivity and pay levels,"Productivity and pay, real dollars per hour (2026Q1$)",quarter,1986,4,NA,national,United States,0,Outcome,Total compensation per hour,28.882600616221787
2026.8.14,Productivity and pay levels,"Productivity and pay, nominal dollars per hour",quarter,1986,4,NA,national,United States,0,Outcome,Net productivity (output per hour),19.07104320448968
2026.8.14,Productivity and pay levels,"Productivity and pay, real dollars per hour (2026Q1$)",quarter,1986,4,NA,national,United States,0,Outcome,Net productivity (output per hour),50.61482707410546
2026.8.14,Productivity and pay levels,"Productivity and pay, nominal dollars per hour",quarter,1987,1,NA,national,United States,0,Outcome,Total compensation per hour,10.924385170712608
2026.8.14,Productivity and pay levels,"Productivity and pay, real dollars per hour (2026Q1$)",quarter,1987,1,NA,national,United States,0,Outcome,Total compensation per hour,28.6587766816097
2026.8.14,Productivity and pay levels,"Productivity and pay, nominal dollars per hour",quarter,1987,1,NA,national,United States,0,Outcome,Net productivity (output per hour),19.113147106492516
2026.8.14,Productivity and pay levels,"Productivity and pay, real dollars per hour (2026Q1$)",quarter,1987,1,NA,national,United States,0,Outcome,Net productivity (output per hour),50.140983318331024
2026.8.14,Productivity and pay levels,"Productivity and pay, nominal dollars per hour",quarter,1987,2,NA,national,United States,0,Outcome,Total compensation per hour,10.985927243047865
2026.8.14,Productivity and pay levels,"Productivity and pay, real dollars per hour (2026Q1$)",quarter,1987,2,NA,national,United States,0,Outcome,Total compensation per hour,28.53202246837288
2026.8.14,Productivity and pay levels,"Productivity and pay, nominal dollars per hour",quarter,1987,2,NA,national,United States,0,Outcome,Net productivity (output per hour),19.36332892221732
2026.8.14,Productivity and pay levels,"Productivity and pay, real dollars per hour (2026Q1$)",quarter,1987,2,NA,national,United States,0,Outcome,Net productivity (output per hour),50.28933140084441
2026.8.14,Productivity and pay levels,"Productivity and pay, nominal dollars per hour",quarter,1987,3,NA,national,United States,0,Outcome,Total compensation per hour,11.05782506490046
2026.8.14,Productivity and pay levels,"Productivity and pay, real dollars per hour (2026Q1$)",quarter,1987,3,NA,national,United States,0,Outcome,Total compensation per hour,28.43440730974405
2026.8.14,Productivity and pay levels,"Productivity and pay, nominal dollars per hour",quarter,1987,3,NA,national,United States,0,Outcome,Net productivity (output per hour),19.547463553004818
2026.8.14,Productivity and pay levels,"Productivity and pay, real dollars per hour (2026Q1$)",quarter,1987,3,NA,national,United States,0,Outcome,Net productivity (output per hour),50.264906279155234
2026.8.14,Productivity and pay levels,"Productivity and pay, nominal dollars per hour",quarter,1987,4,NA,national,United States,0,Outcome,Total compensation per hour,11.153610462691864
2026.8.14,Productivity and pay levels,"Productivity and pay, real dollars per hour (2026Q1$)",quarter,1987,4,NA,national,United States,0,Outcome,Total compensation per hour,28.439360197999736
2026.8.14,Productivity and pay levels,"Productivity and pay, nominal dollars per hour",quarter,1987,4,NA,national,United States,0,Outcome,Net productivity (output per hour),19.875897794889745
2026.8.14,Productivity and pay levels,"Productivity and pay, real dollars per hour (2026Q1$)",quarter,1987,4,NA,national,United States,0,Outcome,Net productivity (output per hour),50.67935791179461
2026.8.14,Productivity and pay levels,"Productivity and pay, nominal dollars per hour",quarter,1988,1,NA,national,United States,0,Outcome,Total compensation per hour,11.22727312300021
2026.8.14,Productivity and pay levels,"Productivity and pay, real dollars per hour (2026Q1$)",quarter,1988,1,NA,national,United States,0,Outcome,Total compensation per hour,28.42783083233201
2026.8.14,Productivity and pay levels,"Productivity and pay, nominal dollars per hour",quarter,1988,1,NA,national,United States,0,Outcome,Net productivity (output per hour),20.06990238813755
2026.8.14,Productivity and pay levels,"Productivity and pay, real dollars per hour (2026Q1$)",quarter,1988,1,NA,national,United States,0,Outcome,Net productivity (output per hour),50.817663707011235
2026.8.14,Productivity and pay levels,"Productivity and pay, nominal dollars per hour",quarter,1988,2,NA,national,United States,0,Outcome,Total compensation per hour,11.339051542968852
2026.8.14,Productivity and pay levels,"Productivity and pay, real dollars per hour (2026Q1$)",quarter,1988,2,NA,national,United States,0,Outcome,Total compensation per hour,28.43364924843776
2026.8.14,Productivity and pay levels,"Productivity and pay, nominal dollars per hour",quarter,1988,2,NA,national,United States,0,Outcome,Net productivity (output per hour),20.2956523339037
2026.8.14,Productivity and pay levels,"Productivity and pay, real dollars per hour (2026Q1$)",quarter,1988,2,NA,national,United States,0,Outcome,Net productivity (output per hour),50.89309785246473
2026.8.14,Productivity and pay levels,"Productivity and pay, nominal dollars per hour",quarter,1988,3,NA,national,United States,0,Outcome,Total compensation per hour,11.446530626663211
2026.8.14,Productivity and pay levels,"Productivity and pay, real dollars per hour (2026Q1$)",quarter,1988,3,NA,national,United States,0,Outcome,Total compensation per hour,28.389894514698117
2026.8.14,Productivity and pay levels,"Productivity and pay, nominal dollars per hour",quarter,1988,3,NA,national,United States,0,Outcome,Net productivity (output per hour),20.606916897214617
2026.8.14,Productivity and pay levels,"Productivity and pay, real dollars per hour (2026Q1$)",quarter,1988,3,NA,national,United States,0,Outcome,Net productivity (output per hour),51.109652004278544
2026.8.14,Productivity and pay levels,"Productivity and pay, nominal dollars per hour",quarter,1988,4,NA,national,United States,0,Outcome,Total compensation per hour,11.592039904997211
2026.8.14,Productivity and pay levels,"Productivity and pay, real dollars per hour (2026Q1$)",quarter,1988,4,NA,national,United States,0,Outcome,Total compensation per hour,28.47882236119586
2026.8.14,Productivity and pay levels,"Productivity and pay, nominal dollars per hour",quarter,1988,4,NA,national,United States,0,Outcome,Net productivity (output per hour),20.85233900212863
2026.8.14,Productivity and pay levels,"Productivity and pay, real dollars per hour (2026Q1$)",quarter,1988,4,NA,national,United States,0,Outcome,Net productivity (output per hour),51.22912473766198
2026.8.14,Productivity and pay levels,"Productivity and pay, nominal dollars per hour",quarter,1989,1,NA,national,United States,0,Outcome,Total compensation per hour,11.726608511892158
2026.8.14,Productivity and pay levels,"Productivity and pay, real dollars per hour (2026Q1$)",quarter,1989,1,NA,national,United States,0,Outcome,Total compensation per hour,28.5013025061764
2026.8.14,Productivity and pay levels,"Productivity and pay, nominal dollars per hour",quarter,1989,1,NA,national,United States,0,Outcome,Net productivity (output per hour),21.090495215923852
2026.8.14,Productivity and pay levels,"Productivity and pay, real dollars per hour (2026Q1$)",quarter,1989,1,NA,national,United States,0,Outcome,Net productivity (output per hour),51.26005388041386
2026.8.14,Productivity and pay levels,"Productivity and pay, nominal dollars per hour",quarter,1989,2,NA,national,United States,0,Outcome,Total compensation per hour,11.850070174494151
2026.8.14,Productivity and pay levels,"Productivity and pay, real dollars per hour (2026Q1$)",quarter,1989,2,NA,national,United States,0,Outcome,Total compensation per hour,28.38396255234568
2026.8.14,Productivity and pay levels,"Productivity and pay, nominal dollars per hour",quarter,1989,2,NA,national,United States,0,Outcome,Net productivity (output per hour),21.411111359921176
2026.8.14,Productivity and pay levels,"Productivity and pay, real dollars per hour (2026Q1$)",quarter,1989,2,NA,national,United States,0,Outcome,Net productivity (output per hour),51.28511258542384
2026.8.14,Productivity and pay levels,"Productivity and pay, nominal dollars per hour",quarter,1989,3,NA,national,United States,0,Outcome,Total compensation per hour,11.980382924595908
2026.8.14,Productivity and pay levels,"Productivity and pay, real dollars per hour (2026Q1$)",quarter,1989,3,NA,national,United States,0,Outcome,Total compensation per hour,28.471027656098514
2026.8.14,Productivity and pay levels,"Productivity and pay, nominal dollars per hour",quarter,1989,3,NA,national,United States,0,Outcome,Net productivity (output per hour),21.668134892094365
2026.8.14,Productivity and pay levels,"Productivity and pay, real dollars per hour (2026Q1$)",quarter,1989,3,NA,national,United States,0,Outcome,Net productivity (output per hour),51.4936852729772
2026.8.14,Productivity and pay levels,"Productivity and pay, nominal dollars per hour",quarter,1989,4,NA,national,United States,0,Outcome,Total compensation per hour,12.109058847558629
2026.8.14,Productivity and pay levels,"Productivity and pay, real dollars per hour (2026Q1$)",quarter,1989,4,NA,national,United States,0,Outcome,Total compensation per hour,28.55287806078027
2026.8.14,Productivity and pay levels,"Productivity and pay, nominal dollars per hour",quarter,1989,4,NA,national,United States,0,Outcome,Net productivity (output per hour),21.79955412876761
2026.8.14,Productivity and pay levels,"Productivity and pay, real dollars per hour (2026Q1$)",quarter,1989,4,NA,national,United States,0,Outcome,Net productivity (output per hour),51.40283969662714
2026.8.14,Productivity and pay levels,"Productivity and pay, nominal dollars per hour",quarter,1990,1,NA,national,United States,0,Outcome,Total compensation per hour,12.27291357243783
2026.8.14,Productivity and pay levels,"Productivity and pay, real dollars per hour (2026Q1$)",quarter,1990,1,NA,national,United States,0,Outcome,Total compensation per hour,28.49573036359129
2026.8.14,Productivity and pay levels,"Productivity and pay, nominal dollars per hour",quarter,1990,1,NA,national,United States,0,Outcome,Net productivity (output per hour),22.24896597731821
2026.8.14,Productivity and pay levels,"Productivity and pay, real dollars per hour (2026Q1$)",quarter,1990,1,NA,national,United States,0,Outcome,Net productivity (output per hour),51.65851870595723
2026.8.14,Productivity and pay levels,"Productivity and pay, nominal dollars per hour",quarter,1990,2,NA,national,United States,0,Outcome,Total compensation per hour,12.3704790071096
2026.8.14,Productivity and pay levels,"Productivity and pay, real dollars per hour (2026Q1$)",quarter,1990,2,NA,national,United States,0,Outcome,Total compensation per hour,28.467760550538294
2026.8.14,Productivity and pay levels,"Productivity and pay, nominal dollars per hour",quarter,1990,2,NA,national,United States,0,Outcome,Net productivity (output per hour),22.62742581625514
2026.8.14,Productivity and pay levels,"Productivity and pay, real dollars per hour (2026Q1$)",quarter,1990,2,NA,national,United States,0,Outcome,Net productivity (output per hour),52.07172168854664
2026.8.14,Productivity and pay levels,"Productivity and pay, nominal dollars per hour",quarter,1990,3,NA,national,United States,0,Outcome,Total compensation per hour,12.47453581457716
2026.8.14,Productivity and pay levels,"Productivity and pay, real dollars per hour (2026Q1$)",quarter,1990,3,NA,national,United States,0,Outcome,Total compensation per hour,28.207345909081187
2026.8.14,Productivity and pay levels,"Productivity and pay, nominal dollars per hour",quarter,1990,3,NA,national,United States,0,Outcome,Net productivity (output per hour),22.862293149486057
2026.8.14,Productivity and pay levels,"Productivity and pay, real dollars per hour (2026Q1$)",quarter,1990,3,NA,national,United States,0,Outcome,Net productivity (output per hour),51.69608077831548
2026.8.14,Productivity and pay levels,"Productivity and pay, nominal dollars per hour",quarter,1990,4,NA,national,United States,0,Outcome,Total compensation per hour,12.588124791006772
2026.8.14,Productivity and pay levels,"Productivity and pay, real dollars per hour (2026Q1$)",quarter,1990,4,NA,national,United States,0,Outcome,Total compensation per hour,28.04560155643421
2026.8.14,Productivity and pay levels,"Productivity and pay, nominal dollars per hour",quarter,1990,4,NA,national,United States,0,Outcome,Net productivity (output per hour),22.818032889613004
2026.8.14,Productivity and pay levels,"Productivity and pay, real dollars per hour (2026Q1$)",quarter,1990,4,NA,national,United States,0,Outcome,Net productivity (output per hour),50.837235040828986
2026.8.14,Productivity and pay levels,"Productivity and pay, nominal dollars per hour",quarter,1991,1,NA,national,United States,0,Outcome,Total compensation per hour,12.698376168810157
2026.8.14,Productivity and pay levels,"Productivity and pay, real dollars per hour (2026Q1$)",quarter,1991,1,NA,national,United States,0,Outcome,Total compensation per hour,28.15322911572788
2026.8.14,Productivity and pay levels,"Productivity and pay, nominal dollars per hour",quarter,1991,1,NA,national,United States,0,Outcome,Net productivity (output per hour),23.044109036204272
2026.8.14,Productivity and pay levels,"Productivity and pay, real dollars per hour (2026Q1$)",quarter,1991,1,NA,national,United States,0,Outcome,Net productivity (output per hour),51.0904758875846
2026.8.14,Productivity and pay levels,"Productivity and pay, nominal dollars per hour",quarter,1991,2,NA,national,United States,0,Outcome,Total compensation per hour,12.840642313165926
2026.8.14,Productivity and pay levels,"Productivity and pay, real dollars per hour (2026Q1$)",quarter,1991,2,NA,national,United States,0,Outcome,Total compensation per hour,28.330446268611222
2026.8.14,Productivity and pay levels,"Productivity and pay, nominal dollars per hour",quarter,1991,2,NA,national,United States,0,Outcome,Net productivity (output per hour),23.52136551018838
2026.8.14,Productivity and pay levels,"Productivity and pay, real dollars per hour (2026Q1$)",quarter,1991,2,NA,national,United States,0,Outcome,Net productivity (output per hour),51.89543992417777
2026.8.14,Productivity and pay levels,"Productivity and pay, nominal dollars per hour",quarter,1991,3,NA,national,United States,0,Outcome,Total compensation per hour,12.956620240636502
2026.8.14,Productivity and pay levels,"Productivity and pay, real dollars per hour (2026Q1$)",quarter,1991,3,NA,national,United States,0,Outcome,Total compensation per hour,28.41391507536449
2026.8.14,Productivity and pay levels,"Productivity and pay, nominal dollars per hour",quarter,1991,3,NA,national,United States,0,Outcome,Net productivity (output per hour),23.82325728627309
2026.8.14,Productivity and pay levels,"Productivity and pay, real dollars per hour (2026Q1$)",quarter,1991,3,NA,national,United States,0,Outcome,Net productivity (output per hour),52.24448944082567
2026.8.14,Productivity and pay levels,"Productivity and pay, nominal dollars per hour",quarter,1991,4,NA,national,United States,0,Outcome,Total compensation per hour,13.060725579420714
2026.8.14,Productivity and pay levels,"Productivity and pay, real dollars per hour (2026Q1$)",quarter,1991,4,NA,national,United States,0,Outcome,Total compensation per hour,28.43640611184055
2026.8.14,Productivity and pay levels,"Productivity and pay, nominal dollars per hour",quarter,1991,4,NA,national,United States,0,Outcome,Net productivity (output per hour),24.07694152570751
2026.8.14,Productivity and pay levels,"Productivity and pay, real dollars per hour (2026Q1$)",quarter,1991,4,NA,national,United States,0,Outcome,Net productivity (output per hour),52.42141280686977
2026.8.14,Productivity and pay levels,"Productivity and pay, nominal dollars per hour",quarter,1992,1,NA,national,United States,0,Outcome,Total compensation per hour,13.158852411516396
2026.8.14,Productivity and pay levels,"Productivity and pay, real dollars per hour (2026Q1$)",quarter,1992,1,NA,national,United States,0,Outcome,Total compensation per hour,28.479516290639054
2026.8.14,Productivity and pay levels,"Productivity and pay, nominal dollars per hour",quarter,1992,1,NA,national,United States,0,Outcome,Net productivity (output per hour),24.600919536052263
2026.8.14,Productivity and pay levels,"Productivity and pay, real dollars per hour (2026Q1$)",quarter,1992,1,NA,national,United States,0,Outcome,Net productivity (output per hour),53.24341871017026
2026.8.14,Productivity and pay levels,"Productivity and pay, nominal dollars per hour",quarter,1992,2,NA,national,United States,0,Outcome,Total compensation per hour,13.290588831503715
2026.8.14,Productivity and pay levels,"Productivity and pay, real dollars per hour (2026Q1$)",quarter,1992,2,NA,national,United States,0,Outcome,Total compensation per hour,28.594426622099117
2026.8.14,Productivity and pay levels,"Productivity and pay, nominal dollars per hour",quarter,1992,2,NA,national,United States,0,Outcome,Net productivity (output per hour),24.94181009143612
2026.8.14,Productivity and pay levels,"Productivity and pay, real dollars per hour (2026Q1$)",quarter,1992,2,NA,national,United States,0,Outcome,Net productivity (output per hour),53.66178786536197
2026.8.14,Productivity and pay levels,"Productivity and pay, nominal dollars per hour",quarter,1992,3,NA,national,United States,0,Outcome,Total compensation per hour,13.391506182428854
2026.8.14,Productivity and pay levels,"Productivity and pay, real dollars per hour (2026Q1$)",quarter,1992,3,NA,national,United States,0,Outcome,Total compensation per hour,28.64206851724195
2026.8.14,Productivity and pay levels,"Productivity and pay, nominal dollars per hour",quarter,1992,3,NA,national,United States,0,Outcome,Net productivity (output per hour),25.34186460915028
2026.8.14,Productivity and pay levels,"Productivity and pay, real dollars per hour (2026Q1$)",quarter,1992,3,NA,national,United States,0,Outcome,Net productivity (output per hour),54.20177630521789
2026.8.14,Productivity and pay levels,"Productivity and pay, nominal dollars per hour",quarter,1992,4,NA,national,United States,0,Outcome,Total compensation per hour,13.4469502487941
2026.8.14,Productivity and pay levels,"Productivity and pay, real dollars per hour (2026Q1$)",quarter,1992,4,NA,national,United States,0,Outcome,Total compensation per hour,28.52573576698678
2026.8.14,Productivity and pay levels,"Productivity and pay, nominal dollars per hour",quarter,1992,4,NA,national,United States,0,Outcome,Net productivity (output per hour),25.66668765629779
2026.8.14,Productivity and pay levels,"Productivity and pay, real dollars per hour (2026Q1$)",quarter,1992,4,NA,national,United States,0,Outcome,Net productivity (output per hour),54.44811920554187
2026.8.14,Productivity and pay levels,"Productivity and pay, nominal dollars per hour",quarter,1993,1,NA,national,United States,0,Outcome,Total compensation per hour,13.607363486040992
2026.8.14,Productivity and pay levels,"Productivity and pay, real dollars per hour (2026Q1$)",quarter,1993,1,NA,national,United States,0,Outcome,Total compensation per hour,28.731924294567392
2026.8.14,Productivity and pay levels,"Productivity and pay, nominal dollars per hour",quarter,1993,1,NA,national,United States,0,Outcome,Net productivity (output per hour),25.664563438688372
2026.8.14,Productivity and pay levels,"Productivity and pay, real dollars per hour (2026Q1$)",quarter,1993,1,NA,national,United States,0,Outcome,Net productivity (output per hour),54.190680989007504
2026.8.14,Productivity and pay levels,"Productivity and pay, nominal dollars per hour",quarter,1993,2,NA,national,United States,0,Outcome,Total compensation per hour,13.644579954018493
2026.8.14,Productivity and pay levels,"Productivity and pay, real dollars per hour (2026Q1$)",quarter,1993,2,NA,national,United States,0,Outcome,Total compensation per hour,28.61112613195573
2026.8.14,Productivity and pay levels,"Productivity and pay, nominal dollars per hour",quarter,1993,2,NA,national,United States,0,Outcome,Net productivity (output per hour),25.700639928533207
2026.8.14,Productivity and pay levels,"Productivity and pay, real dollars per hour (2026Q1$)",quarter,1993,2,NA,national,United States,0,Outcome,Net productivity (output per hour),53.891307254986586
2026.8.14,Productivity and pay levels,"Productivity and pay, nominal dollars per hour",quarter,1993,3,NA,national,United States,0,Outcome,Total compensation per hour,13.719723631125875
2026.8.14,Productivity and pay levels,"Productivity and pay, real dollars per hour (2026Q1$)",quarter,1993,3,NA,national,United States,0,Outcome,Total compensation per hour,28.636575845449876
2026.8.14,Productivity and pay levels,"Productivity and pay, nominal dollars per hour",quarter,1993,3,NA,national,United States,0,Outcome,Net productivity (output per hour),25.897523744014393
2026.8.14,Productivity and pay levels,"Productivity and pay, real dollars per hour (2026Q1$)",quarter,1993,3,NA,national,United States,0,Outcome,Net productivity (output per hour),54.05476253343074
2026.8.14,Productivity and pay levels,"Productivity and pay, nominal dollars per hour",quarter,1993,4,NA,national,United States,0,Outcome,Total compensation per hour,13.80874720768144
2026.8.14,Productivity and pay levels,"Productivity and pay, real dollars per hour (2026Q1$)",quarter,1993,4,NA,national,United States,0,Outcome,Total compensation per hour,28.65787947895532
2026.8.14,Productivity and pay levels,"Productivity and pay, nominal dollars per hour",quarter,1993,4,NA,national,United States,0,Outcome,Net productivity (output per hour),26.22253633304305
2026.8.14,Productivity and pay levels,"Productivity and pay, real dollars per hour (2026Q1$)",quarter,1993,4,NA,national,United States,0,Outcome,Net productivity (output per hour),54.42074321172633
2026.8.14,Productivity and pay levels,"Productivity and pay, nominal dollars per hour",quarter,1994,1,NA,national,United States,0,Outcome,Total compensation per hour,13.94366000541967
2026.8.14,Productivity and pay levels,"Productivity and pay, real dollars per hour (2026Q1$)",quarter,1994,1,NA,national,United States,0,Outcome,Total compensation per hour,28.806333965742
2026.8.14,Productivity and pay levels,"Productivity and pay, nominal dollars per hour",quarter,1994,1,NA,national,United States,0,Outcome,Net productivity (output per hour),26.4551959010404
2026.8.14,Productivity and pay levels,"Productivity and pay, real dollars per hour (2026Q1$)",quarter,1994,1,NA,national,United States,0,Outcome,Net productivity (output per hour),54.65402971374028
2026.8.14,Productivity and pay levels,"Productivity and pay, nominal dollars per hour",quarter,1994,2,NA,national,United States,0,Outcome,Total compensation per hour,13.98073486320475
2026.8.14,Productivity and pay levels,"Productivity and pay, real dollars per hour (2026Q1$)",quarter,1994,2,NA,national,United States,0,Outcome,Total compensation per hour,28.71974687153247
2026.8.14,Productivity and pay levels,"Productivity and pay, nominal dollars per hour",quarter,1994,2,NA,national,United States,0,Outcome,Net productivity (output per hour),26.55832373086825
2026.8.14,Productivity and pay levels,"Productivity and pay, real dollars per hour (2026Q1$)",quarter,1994,2,NA,national,United States,0,Outcome,Net productivity (output per hour),54.55709891832597
2026.8.14,Productivity and pay levels,"Productivity and pay, nominal dollars per hour",quarter,1994,3,NA,national,United States,0,Outcome,Total compensation per hour,14.059006860805193
2026.8.14,Productivity and pay levels,"Productivity and pay, real dollars per hour (2026Q1$)",quarter,1994,3,NA,national,United States,0,Outcome,Total compensation per hour,28.68605440285505
2026.8.14,Productivity and pay levels,"Productivity and pay, nominal dollars per hour",quarter,1994,3,NA,national,United States,0,Outcome,Net productivity (output per hour),26.60410044433505
2026.8.14,Productivity and pay levels,"Productivity and pay, real dollars per hour (2026Q1$)",quarter,1994,3,NA,national,United States,0,Outcome,Net productivity (output per hour),54.283114037936166
2026.8.14,Productivity and pay levels,"Productivity and pay, nominal dollars per hour",quarter,1994,4,NA,national,United States,0,Outcome,Total compensation per hour,14.134686543142026
2026.8.14,Productivity and pay levels,"Productivity and pay, real dollars per hour (2026Q1$)",quarter,1994,4,NA,national,United States,0,Outcome,Total compensation per hour,28.71157557031531
2026.8.14,Productivity and pay levels,"Productivity and pay, nominal dollars per hour",quarter,1994,4,NA,national,United States,0,Outcome,Net productivity (output per hour),26.981399817172264
2026.8.14,Productivity and pay levels,"Productivity and pay, real dollars per hour (2026Q1$)",quarter,1994,4,NA,national,United States,0,Outcome,Net productivity (output per hour),54.80691046661361
2026.8.14,Productivity and pay levels,"Productivity and pay, nominal dollars per hour",quarter,1995,1,NA,national,United States,0,Outcome,Total compensation per hour,14.183241557284443
2026.8.14,Productivity and pay levels,"Productivity and pay, real dollars per hour (2026Q1$)",quarter,1995,1,NA,national,United States,0,Outcome,Total compensation per hour,28.61834977929314
2026.8.14,Productivity and pay levels,"Productivity and pay, nominal dollars per hour",quarter,1995,1,NA,national,United States,0,Outcome,Net productivity (output per hour),27.021467785700764
2026.8.14,Productivity and pay levels,"Productivity and pay, real dollars per hour (2026Q1$)",quarter,1995,1,NA,national,United States,0,Outcome,Net productivity (output per hour),54.52278405594228
2026.8.14,Productivity and pay levels,"Productivity and pay, nominal dollars per hour",quarter,1995,2,NA,national,United States,0,Outcome,Total compensation per hour,14.24881087979026
2026.8.14,Productivity and pay levels,"Productivity and pay, real dollars per hour (2026Q1$)",quarter,1995,2,NA,national,United States,0,Outcome,Total compensation per hour,28.560461057837593
2026.8.14,Productivity and pay levels,"Productivity and pay, nominal dollars per hour",quarter,1995,2,NA,national,United States,0,Outcome,Net productivity (output per hour),27.204897959183672
2026.8.14,Productivity and pay levels,"Productivity and pay, real dollars per hour (2026Q1$)",quarter,1995,2,NA,national,United States,0,Outcome,Net productivity (output per hour),54.529773417636065
2026.8.14,Productivity and pay levels,"Productivity and pay, nominal dollars per hour",quarter,1995,3,NA,national,United States,0,Outcome,Total compensation per hour,14.352454762974457
2026.8.14,Productivity and pay levels,"Productivity and pay, real dollars per hour (2026Q1$)",quarter,1995,3,NA,national,United States,0,Outcome,Total compensation per hour,28.610485481455655
2026.8.14,Productivity and pay levels,"Productivity and pay, nominal dollars per hour",quarter,1995,3,NA,national,United States,0,Outcome,Net productivity (output per hour),27.352913182689136
2026.8.14,Productivity and pay levels,"Productivity and pay, real dollars per hour (2026Q1$)",quarter,1995,3,NA,national,United States,0,Outcome,Net productivity (output per hour),54.52587298917637
2026.8.14,Productivity and pay levels,"Productivity and pay, nominal dollars per hour",quarter,1995,4,NA,national,United States,0,Outcome,Total compensation per hour,14.43878035905127
2026.8.14,Productivity and pay levels,"Productivity and pay, real dollars per hour (2026Q1$)",quarter,1995,4,NA,national,United States,0,Outcome,Total compensation per hour,28.656880668946737
2026.8.14,Productivity and pay levels,"Productivity and pay, nominal dollars per hour",quarter,1995,4,NA,national,United States,0,Outcome,Net productivity (output per hour),27.6678840647461
2026.8.14,Productivity and pay levels,"Productivity and pay, real dollars per hour (2026Q1$)",quarter,1995,4,NA,national,United States,0,Outcome,Net productivity (output per hour),54.91289653898299
2026.8.14,Productivity and pay levels,"Productivity and pay, nominal dollars per hour",quarter,1996,1,NA,national,United States,0,Outcome,Total compensation per hour,14.535068528183308
2026.8.14,Productivity and pay levels,"Productivity and pay, real dollars per hour (2026Q1$)",quarter,1996,1,NA,national,United States,0,Outcome,Total compensation per hour,28.629203233193124
2026.8.14,Productivity and pay levels,"Productivity and pay, nominal dollars per hour",quarter,1996,1,NA,national,United States,0,Outcome,Net productivity (output per hour),28.048807290382697
2026.8.14,Productivity and pay levels,"Productivity and pay, real dollars per hour (2026Q1$)",quarter,1996,1,NA,national,United States,0,Outcome,Net productivity (output per hour),55.24672985256311
2026.8.14,Productivity and pay levels,"Productivity and pay, nominal dollars per hour",quarter,1996,2,NA,national,United States,0,Outcome,Total compensation per hour,14.65372748366969
2026.8.14,Productivity and pay levels,"Productivity and pay, real dollars per hour (2026Q1$)",quarter,1996,2,NA,national,United States,0,Outcome,Total compensation per hour,28.614905011075724
2026.8.14,Productivity and pay levels,"Productivity and pay, nominal dollars per hour",quarter,1996,2,NA,national,United States,0,Outcome,Net productivity (output per hour),28.37678200162855
2026.8.14,Productivity and pay levels,"Productivity and pay, real dollars per hour (2026Q1$)",quarter,1996,2,NA,national,United States,0,Outcome,Net productivity (output per hour),55.41244863475909
2026.8.14,Productivity and pay levels,"Productivity and pay, nominal dollars per hour",quarter,1996,3,NA,national,United States,0,Outcome,Total compensation per hour,14.75510659164732
2026.8.14,Productivity and pay levels,"Productivity and pay, real dollars per hour (2026Q1$)",quarter,1996,3,NA,national,United States,0,Outcome,Total compensation per hour,28.689608324721743
2026.8.14,Productivity and pay levels,"Productivity and pay, nominal dollars per hour",quarter,1996,3,NA,national,United States,0,Outcome,Net productivity (output per hour),28.482022319946555
2026.8.14,Productivity and pay levels,"Productivity and pay, real dollars per hour (2026Q1$)",quarter,1996,3,NA,national,United States,0,Outcome,Net productivity (output per hour),55.38001773012069
2026.8.14,Productivity and pay levels,"Productivity and pay, nominal dollars per hour",quarter,1996,4,NA,national,United States,0,Outcome,Total compensation per hour,14.868558564590098
2026.8.14,Productivity and pay levels,"Productivity and pay, real dollars per hour (2026Q1$)",quarter,1996,4,NA,national,United States,0,Outcome,Total compensation per hour,28.664941113918132
2026.8.14,Productivity and pay levels,"Productivity and pay, nominal dollars per hour",quarter,1996,4,NA,national,United States,0,Outcome,Net productivity (output per hour),28.7164642078902
2026.8.14,Productivity and pay levels,"Productivity and pay, real dollars per hour (2026Q1$)",quarter,1996,4,NA,national,United States,0,Outcome,Net productivity (output per hour),55.3621759596441
2026.8.14,Productivity and pay levels,"Productivity and pay, nominal dollars per hour",quarter,1997,1,NA,national,United States,0,Outcome,Total compensation per hour,14.978220879717322
2026.8.14,Productivity and pay levels,"Productivity and pay, real dollars per hour (2026Q1$)",quarter,1997,1,NA,national,United States,0,Outcome,Total compensation per hour,28.724056497179426
2026.8.14,Productivity and pay levels,"Productivity and pay, nominal dollars per hour",quarter,1997,1,NA,national,United States,0,Outcome,Net productivity (output per hour),28.917938429553168
2026.8.14,Productivity and pay levels,"Productivity and pay, real dollars per hour (2026Q1$)",quarter,1997,1,NA,national,United States,0,Outcome,Net productivity (output per hour),55.456552811105134
2026.8.14,Productivity and pay levels,"Productivity and pay, nominal dollars per hour",quarter,1997,2,NA,national,United States,0,Outcome,Total compensation per hour,15.097322204392396
2026.8.14,Productivity and pay levels,"Productivity and pay, real dollars per hour (2026Q1$)",quarter,1997,2,NA,national,United States,0,Outcome,Total compensation per hour,28.89150712377408
2026.8.14,Productivity and pay levels,"Productivity and pay, nominal dollars per hour",quarter,1997,2,NA,national,United States,0,Outcome,Net productivity (output per hour),29.30218934078527
2026.8.14,Productivity and pay levels,"Productivity and pay, real dollars per hour (2026Q1$)",quarter,1997,2,NA,national,United States,0,Outcome,Net productivity (output per hour),56.075137075313286
2026.8.14,Productivity and pay levels,"Productivity and pay, nominal dollars per hour",quarter,1997,3,NA,national,United States,0,Outcome,Total compensation per hour,15.245930677588976
2026.8.14,Productivity and pay levels,"Productivity and pay, real dollars per hour (2026Q1$)",quarter,1997,3,NA,national,United States,0,Outcome,Total compensation per hour,29.053566008235595
2026.8.14,Productivity and pay levels,"Productivity and pay, nominal dollars per hour",quarter,1997,3,NA,national,United States,0,Outcome,Net productivity (output per hour),29.675142972630095
2026.8.14,Productivity and pay levels,"Productivity and pay, real dollars per hour (2026Q1$)",quarter,1997,3,NA,national,United States,0,Outcome,Net productivity (output per hour),56.55074415538943
2026.8.14,Productivity and pay levels,"Productivity and pay, nominal dollars per hour",quarter,1997,4,NA,national,United States,0,Outcome,Total compensation per hour,15.417133317620197
2026.8.14,Productivity and pay levels,"Productivity and pay, real dollars per hour (2026Q1$)",quarter,1997,4,NA,national,United States,0,Outcome,Total compensation per hour,29.22664063757405
2026.8.14,Productivity and pay levels,"Productivity and pay, nominal dollars per hour",quarter,1997,4,NA,national,United States,0,Outcome,Net productivity (output per hour),29.87967558696293
2026.8.14,Productivity and pay levels,"Productivity and pay, real dollars per hour (2026Q1$)",quarter,1997,4,NA,national,United States,0,Outcome,Net productivity (output per hour),56.64363943388801
2026.8.14,Productivity and pay levels,"Productivity and pay, nominal dollars per hour",quarter,1998,1,NA,national,United States,0,Outcome,Total compensation per hour,15.560091035519214
2026.8.14,Productivity and pay levels,"Productivity and pay, real dollars per hour (2026Q1$)",quarter,1998,1,NA,national,United States,0,Outcome,Total compensation per hour,29.43625962806861
2026.8.14,Productivity and pay levels,"Productivity and pay, nominal dollars per hour",quarter,1998,1,NA,national,United States,0,Outcome,Net productivity (output per hour),30.03216572236278
2026.8.14,Productivity and pay levels,"Productivity and pay, real dollars per hour (2026Q1$)",quarter,1998,1,NA,national,United States,0,Outcome,Net productivity (output per hour),56.81423234469879
2026.8.14,Productivity and pay levels,"Productivity and pay, nominal dollars per hour",quarter,1998,2,NA,national,United States,0,Outcome,Total compensation per hour,15.715912223044535
2026.8.14,Productivity and pay levels,"Productivity and pay, real dollars per hour (2026Q1$)",quarter,1998,2,NA,national,United States,0,Outcome,Total compensation per hour,29.63851496005702
2026.8.14,Productivity and pay levels,"Productivity and pay, nominal dollars per hour",quarter,1998,2,NA,national,United States,0,Outcome,Net productivity (output per hour),30.201952383577613
2026.8.14,Productivity and pay levels,"Productivity and pay, real dollars per hour (2026Q1$)",quarter,1998,2,NA,national,United States,0,Outcome,Net productivity (output per hour),56.95762389351048
2026.8.14,Productivity and pay levels,"Productivity and pay, nominal dollars per hour",quarter,1998,3,NA,national,United States,0,Outcome,Total compensation per hour,15.839100145468256
2026.8.14,Productivity and pay levels,"Productivity and pay, real dollars per hour (2026Q1$)",quarter,1998,3,NA,national,United States,0,Outcome,Total compensation per hour,29.747400893038527
2026.8.14,Productivity and pay levels,"Productivity and pay, nominal dollars per hour",quarter,1998,3,NA,national,United States,0,Outcome,Net productivity (output per hour),30.684005820355512
2026.8.14,Productivity and pay levels,"Productivity and pay, real dollars per hour (2026Q1$)",quarter,1998,3,NA,national,United States,0,Outcome,Net productivity (output per hour),57.62760597252719
2026.8.14,Productivity and pay levels,"Productivity and pay, nominal dollars per hour",quarter,1998,4,NA,national,United States,0,Outcome,Total compensation per hour,15.970789573007664
2026.8.14,Productivity and pay levels,"Productivity and pay, real dollars per hour (2026Q1$)",quarter,1998,4,NA,national,United States,0,Outcome,Total compensation per hour,29.871291608773593
2026.8.14,Productivity and pay levels,"Productivity and pay, nominal dollars per hour",quarter,1998,4,NA,national,United States,0,Outcome,Net productivity (output per hour),30.968642824053344
2026.8.14,Productivity and pay levels,"Productivity and pay, real dollars per hour (2026Q1$)",quarter,1998,4,NA,national,United States,0,Outcome,Net productivity (output per hour),57.92283194869237
2026.8.14,Productivity and pay levels,"Productivity and pay, nominal dollars per hour",quarter,1999,1,NA,national,United States,0,Outcome,Total compensation per hour,16.1145909260107
2026.8.14,Productivity and pay levels,"Productivity and pay, real dollars per hour (2026Q1$)",quarter,1999,1,NA,national,United States,0,Outcome,Total compensation per hour,30.04751415742303
2026.8.14,Productivity and pay levels,"Productivity and pay, nominal dollars per hour",quarter,1999,1,NA,national,United States,0,Outcome,Net productivity (output per hour),31.401813218951062
2026.8.14,Productivity and pay levels,"Productivity and pay, real dollars per hour (2026Q1$)",quarter,1999,1,NA,national,United States,0,Outcome,Net productivity (output per hour),58.55230403287491
2026.8.14,Productivity and pay levels,"Productivity and pay, nominal dollars per hour",quarter,1999,2,NA,national,United States,0,Outcome,Total compensation per hour,16.268488600590597
2026.8.14,Productivity and pay levels,"Productivity and pay, real dollars per hour (2026Q1$)",quarter,1999,2,NA,national,United States,0,Outcome,Total compensation per hour,30.087601501397465
2026.8.14,Productivity and pay levels,"Productivity and pay, nominal dollars per hour",quarter,1999,2,NA,national,United States,0,Outcome,Net productivity (output per hour),31.494030329869233
2026.8.14,Productivity and pay levels,"Productivity and pay, real dollars per hour (2026Q1$)",quarter,1999,2,NA,national,United States,0,Outcome,Net productivity (output per hour),58.24633483184361
2026.8.14,Productivity and pay levels,"Productivity and pay, nominal dollars per hour",quarter,1999,3,NA,national,United States,0,Outcome,Total compensation per hour,16.42830472562056
2026.8.14,Productivity and pay levels,"Productivity and pay, real dollars per hour (2026Q1$)",quarter,1999,3,NA,national,United States,0,Outcome,Total compensation per hour,30.168341405230485
2026.8.14,Productivity and pay levels,"Productivity and pay, nominal dollars per hour",quarter,1999,3,NA,national,United States,0,Outcome,Net productivity (output per hour),31.879703389830507
2026.8.14,Productivity and pay levels,"Productivity and pay, real dollars per hour (2026Q1$)",quarter,1999,3,NA,national,United States,0,Outcome,Net productivity (output per hour),58.5427280431433
2026.8.14,Productivity and pay levels,"Productivity and pay, nominal dollars per hour",quarter,1999,4,NA,national,United States,0,Outcome,Total compensation per hour,16.5639541352009
2026.8.14,Productivity and pay levels,"Productivity and pay, real dollars per hour (2026Q1$)",quarter,1999,4,NA,national,United States,0,Outcome,Total compensation per hour,30.203880258570944
2026.8.14,Productivity and pay levels,"Productivity and pay, nominal dollars per hour",quarter,1999,4,NA,national,United States,0,Outcome,Net productivity (output per hour),32.402944128983805
2026.8.14,Productivity and pay levels,"Productivity and pay, real dollars per hour (2026Q1$)",quarter,1999,4,NA,national,United States,0,Outcome,Net productivity (output per hour),59.08580985606074
2026.8.14,Productivity and pay levels,"Productivity and pay, nominal dollars per hour",quarter,2000,1,NA,national,United States,0,Outcome,Total compensation per hour,16.69361608019148
2026.8.14,Productivity and pay levels,"Productivity and pay, real dollars per hour (2026Q1$)",quarter,2000,1,NA,national,United States,0,Outcome,Total compensation per hour,30.048508944344665
2026.8.14,Productivity and pay levels,"Productivity and pay, nominal dollars per hour",quarter,2000,1,NA,national,United States,0,Outcome,Net productivity (output per hour),32.45984606420212
2026.8.14,Productivity and pay levels,"Productivity and pay, real dollars per hour (2026Q1$)",quarter,2000,1,NA,national,United States,0,Outcome,Net productivity (output per hour),58.42772291556381
2026.8.14,Productivity and pay levels,"Productivity and pay, nominal dollars per hour",quarter,2000,2,NA,national,United States,0,Outcome,Total compensation per hour,16.88582487541993
2026.8.14,Productivity and pay levels,"Productivity and pay, real dollars per hour (2026Q1$)",quarter,2000,2,NA,national,United States,0,Outcome,Total compensation per hour,30.21498978692268
2026.8.14,Productivity and pay levels,"Productivity and pay, nominal dollars per hour",quarter,2000,2,NA,national,United States,0,Outcome,Net productivity (output per hour),33.209309835237264
2026.8.14,Productivity and pay levels,"Productivity and pay, real dollars per hour (2026Q1$)",quarter,2000,2,NA,national,United States,0,Outcome,Net productivity (output per hour),59.42374535478479
2026.8.14,Productivity and pay levels,"Productivity and pay, nominal dollars per hour",quarter,2000,3,NA,national,United States,0,Outcome,Total compensation per hour,17.056752454540174
2026.8.14,Productivity and pay levels,"Productivity and pay, real dollars per hour (2026Q1$)",quarter,2000,3,NA,national,United States,0,Outcome,Total compensation per hour,30.28239840073637
2026.8.14,Productivity and pay levels,"Productivity and pay, nominal dollars per hour",quarter,2000,3,NA,national,United States,0,Outcome,Net productivity (output per hour),33.46005471904169
2026.8.14,Productivity and pay levels,"Productivity and pay, real dollars per hour (2026Q1$)",quarter,2000,3,NA,national,United States,0,Outcome,Net productivity (output per hour),59.40466746017363
2026.8.14,Productivity and pay levels,"Productivity and pay, nominal dollars per hour",quarter,2000,4,NA,national,United States,0,Outcome,Total compensation per hour,17.268214260849682
2026.8.14,Productivity and pay levels,"Productivity and pay, real dollars per hour (2026Q1$)",quarter,2000,4,NA,national,United States,0,Outcome,Total compensation per hour,30.50885668243413
2026.8.14,Productivity and pay levels,"Productivity and pay, nominal dollars per hour",quarter,2000,4,NA,national,United States,0,Outcome,Net productivity (output per hour),33.97679123563766
2026.8.14,Productivity and pay levels,"Productivity and pay, real dollars per hour (2026Q1$)",quarter,2000,4,NA,national,United States,0,Outcome,Net productivity (output per hour),60.02896643963972
2026.8.14,Productivity and pay levels,"Productivity and pay, nominal dollars per hour",quarter,2001,1,NA,national,United States,0,Outcome,Total compensation per hour,17.443590211975504
2026.8.14,Productivity and pay levels,"Productivity and pay, real dollars per hour (2026Q1$)",quarter,2001,1,NA,national,United States,0,Outcome,Total compensation per hour,30.5809517891721
2026.8.14,Productivity and pay levels,"Productivity and pay, nominal dollars per hour",quarter,2001,1,NA,national,United States,0,Outcome,Net productivity (output per hour),33.960717677617204
2026.8.14,Productivity and pay levels,"Productivity and pay, real dollars per hour (2026Q1$)",quarter,2001,1,NA,national,United States,0,Outcome,Net productivity (output per hour),59.537690200489955
2026.8.14,Productivity and pay levels,"Productivity and pay, nominal dollars per hour",quarter,2001,2,NA,national,United States,0,Outcome,Total compensation per hour,17.646876189896474
2026.8.14,Productivity and pay levels,"Productivity and pay, real dollars per hour (2026Q1$)",quarter,2001,2,NA,national,United States,0,Outcome,Total compensation per hour,30.75936808555301
2026.8.14,Productivity and pay levels,"Productivity and pay, nominal dollars per hour",quarter,2001,2,NA,national,United States,0,Outcome,Net productivity (output per hour),34.56394824416288
2026.8.14,Productivity and pay levels,"Productivity and pay, real dollars per hour (2026Q1$)",quarter,2001,2,NA,national,United States,0,Outcome,Net productivity (output per hour),60.24665187716982
2026.8.14,Productivity and pay levels,"Productivity and pay, nominal dollars per hour",quarter,2001,3,NA,national,United States,0,Outcome,Total compensation per hour,17.80787302942444
2026.8.14,Productivity and pay levels,"Productivity and pay, real dollars per hour (2026Q1$)",quarter,2001,3,NA,national,United States,0,Outcome,Total compensation per hour,30.950968611370588
2026.8.14,Productivity and pay levels,"Productivity and pay, nominal dollars per hour",quarter,2001,3,NA,national,United States,0,Outcome,Net productivity (output per hour),34.72389942696399
2026.8.14,Productivity and pay levels,"Productivity and pay, real dollars per hour (2026Q1$)",quarter,2001,3,NA,national,United States,0,Outcome,Net productivity (output per hour),60.35186343998139
2026.8.14,Productivity and pay levels,"Productivity and pay, nominal dollars per hour",quarter,2001,4,NA,national,United States,0,Outcome,Total compensation per hour,17.982988231435897
2026.8.14,Productivity and pay levels,"Productivity and pay, real dollars per hour (2026Q1$)",quarter,2001,4,NA,national,United States,0,Outcome,Total compensation per hour,31.28523694234494
2026.8.14,Productivity and pay levels,"Productivity and pay, nominal dollars per hour",quarter,2001,4,NA,national,United States,0,Outcome,Net productivity (output per hour),35.12735232822172
2026.8.14,Productivity and pay levels,"Productivity and pay, real dollars per hour (2026Q1$)",quarter,2001,4,NA,national,United States,0,Outcome,Net productivity (output per hour),61.11150864373884
2026.8.14,Productivity and pay levels,"Productivity and pay, nominal dollars per hour",quarter,2002,1,NA,national,United States,0,Outcome,Total compensation per hour,18.11976572781619
2026.8.14,Productivity and pay levels,"Productivity and pay, real dollars per hour (2026Q1$)",quarter,2002,1,NA,national,United States,0,Outcome,Total compensation per hour,31.462974301021816
2026.8.14,Productivity and pay levels,"Productivity and pay, nominal dollars per hour",quarter,2002,1,NA,national,United States,0,Outcome,Net productivity (output per hour),35.80140450317853
2026.8.14,Productivity and pay levels,"Productivity and pay, real dollars per hour (2026Q1$)",quarter,2002,1,NA,national,United States,0,Outcome,Net productivity (output per hour),62.16518948116387
2026.8.14,Productivity and pay levels,"Productivity and pay, nominal dollars per hour",quarter,2002,2,NA,national,United States,0,Outcome,Total compensation per hour,18.25054621708076
2026.8.14,Productivity and pay levels,"Productivity and pay, real dollars per hour (2026Q1$)",quarter,2002,2,NA,national,United States,0,Outcome,Total compensation per hour,31.47959489815258
2026.8.14,Productivity and pay levels,"Productivity and pay, nominal dollars per hour",quarter,2002,2,NA,national,United States,0,Outcome,Net productivity (output per hour),36.01486485959666
2026.8.14,Productivity and pay levels,"Productivity and pay, real dollars per hour (2026Q1$)",quarter,2002,2,NA,national,United States,0,Outcome,Net productivity (output per hour),62.120516427653456
2026.8.14,Productivity and pay levels,"Productivity and pay, nominal dollars per hour",quarter,2002,3,NA,national,United States,0,Outcome,Total compensation per hour,18.442410308929094
2026.8.14,Productivity and pay levels,"Productivity and pay, real dollars per hour (2026Q1$)",quarter,2002,3,NA,national,United States,0,Outcome,Total compensation per hour,31.660341776801783
2026.8.14,Productivity and pay levels,"Productivity and pay, nominal dollars per hour",quarter,2002,3,NA,national,United States,0,Outcome,Net productivity (output per hour),36.3737154543574
2026.8.14,Productivity and pay levels,"Productivity and pay, real dollars per hour (2026Q1$)",quarter,2002,3,NA,national,United States,0,Outcome,Net productivity (output per hour),62.443262224760865
2026.8.14,Productivity and pay levels,"Productivity and pay, nominal dollars per hour",quarter,2002,4,NA,national,United States,0,Outcome,Total compensation per hour,18.67405025662754
2026.8.14,Productivity and pay levels,"Productivity and pay, real dollars per hour (2026Q1$)",quarter,2002,4,NA,national,United States,0,Outcome,Total compensation per hour,31.90735278810984
2026.8.14,Productivity and pay levels,"Productivity and pay, nominal dollars per hour",quarter,2002,4,NA,national,United States,0,Outcome,Net productivity (output per hour),36.596585611348
2026.8.14,Productivity and pay levels,"Productivity and pay, real dollars per hour (2026Q1$)",quarter,2002,4,NA,national,United States,0,Outcome,Net productivity (output per hour),62.530632181795745
2026.8.14,Productivity and pay levels,"Productivity and pay, nominal dollars per hour",quarter,2003,1,NA,national,United States,0,Outcome,Total compensation per hour,18.85256649915808
2026.8.14,Productivity and pay levels,"Productivity and pay, real dollars per hour (2026Q1$)",quarter,2003,1,NA,national,United States,0,Outcome,Total compensation per hour,31.912444967848593
2026.8.14,Productivity and pay levels,"Productivity and pay, nominal dollars per hour",quarter,2003,1,NA,national,United States,0,Outcome,Net productivity (output per hour),37.16522056200084
2026.8.14,Productivity and pay levels,"Productivity and pay, real dollars per hour (2026Q1$)",quarter,2003,1,NA,national,United States,0,Outcome,Net productivity (output per hour),62.91095994573326
2026.8.14,Productivity and pay levels,"Productivity and pay, nominal dollars per hour",quarter,2003,2,NA,national,United States,0,Outcome,Total compensation per hour,18.94568671752892
2026.8.14,Productivity and pay levels,"Productivity and pay, real dollars per hour (2026Q1$)",quarter,2003,2,NA,national,United States,0,Outcome,Total compensation per hour,32.12990527282423
2026.8.14,Productivity and pay levels,"Productivity and pay, nominal dollars per hour",quarter,2003,2,NA,national,United States,0,Outcome,Net productivity (output per hour),37.81925148851715
2026.8.14,Productivity and pay levels,"Productivity and pay, real dollars per hour (2026Q1$)",quarter,2003,2,NA,national,United States,0,Outcome,Net productivity (output per hour),64.13749925944421
2026.8.14,Productivity and pay levels,"Productivity and pay, nominal dollars per hour",quarter,2003,3,NA,national,United States,0,Outcome,Total compensation per hour,19.066217184060243
2026.8.14,Productivity and pay levels,"Productivity and pay, real dollars per hour (2026Q1$)",quarter,2003,3,NA,national,United States,0,Outcome,Total compensation per hour,32.09479892650141
2026.8.14,Productivity and pay levels,"Productivity and pay, nominal dollars per hour",quarter,2003,3,NA,national,United States,0,Outcome,Net productivity (output per hour),38.617426382871855
2026.8.14,Productivity and pay levels,"Productivity and pay, real dollars per hour (2026Q1$)",quarter,2003,3,NA,national,United States,0,Outcome,Net productivity (output per hour),65.00600107783428
2026.8.14,Productivity and pay levels,"Productivity and pay, nominal dollars per hour",quarter,2003,4,NA,national,United States,0,Outcome,Total compensation per hour,19.107506771809103
2026.8.14,Productivity and pay levels,"Productivity and pay, real dollars per hour (2026Q1$)",quarter,2003,4,NA,national,United States,0,Outcome,Total compensation per hour,32.04561560069091
2026.8.14,Productivity and pay levels,"Productivity and pay, nominal dollars per hour",quarter,2003,4,NA,national,United States,0,Outcome,Net productivity (output per hour),39.180610920914816
2026.8.14,Productivity and pay levels,"Productivity and pay, real dollars per hour (2026Q1$)",quarter,2003,4,NA,national,United States,0,Outcome,Net productivity (output per hour),65.7106555850767
2026.8.14,Productivity and pay levels,"Productivity and pay, nominal dollars per hour",quarter,2004,1,NA,national,United States,0,Outcome,Total compensation per hour,19.264208721990737
2026.8.14,Productivity and pay levels,"Productivity and pay, real dollars per hour (2026Q1$)",quarter,2004,1,NA,national,United States,0,Outcome,Total compensation per hour,32.04238925579064
2026.8.14,Productivity and pay levels,"Productivity and pay, nominal dollars per hour",quarter,2004,1,NA,national,United States,0,Outcome,Net productivity (output per hour),39.50836142533496
2026.8.14,Productivity and pay levels,"Productivity and pay, real dollars per hour (2026Q1$)",quarter,2004,1,NA,national,United States,0,Outcome,Net productivity (output per hour),65.71473108074929
2026.8.14,Productivity and pay levels,"Productivity and pay, nominal dollars per hour",quarter,2004,2,NA,national,United States,0,Outcome,Total compensation per hour,19.370608356567494
2026.8.14,Productivity and pay levels,"Productivity and pay, real dollars per hour (2026Q1$)",quarter,2004,2,NA,national,United States,0,Outcome,Total compensation per hour,32.01433272021792
2026.8.14,Productivity and pay levels,"Productivity and pay, nominal dollars per hour",quarter,2004,2,NA,national,United States,0,Outcome,Net productivity (output per hour),40.0916462174449
2026.8.14,Productivity and pay levels,"Productivity and pay, real dollars per hour (2026Q1$)",quarter,2004,2,NA,national,United States,0,Outcome,Net productivity (output per hour),66.2605571121044
2026.8.14,Productivity and pay levels,"Productivity and pay, nominal dollars per hour",quarter,2004,3,NA,national,United States,0,Outcome,Total compensation per hour,19.48832523905962
2026.8.14,Productivity and pay levels,"Productivity and pay, real dollars per hour (2026Q1$)",quarter,2004,3,NA,national,United States,0,Outcome,Total compensation per hour,32.03415486854466
2026.8.14,Productivity and pay levels,"Productivity and pay, nominal dollars per hour",quarter,2004,3,NA,national,United States,0,Outcome,Net productivity (output per hour),40.53127673494037
2026.8.14,Productivity and pay levels,"Productivity and pay, real dollars per hour (2026Q1$)",quarter,2004,3,NA,national,United States,0,Outcome,Net productivity (output per hour),66.62374421710814
2026.8.14,Productivity and pay levels,"Productivity and pay, nominal dollars per hour",quarter,2004,4,NA,national,United States,0,Outcome,Total compensation per hour,19.636689150023617
2026.8.14,Productivity and pay levels,"Productivity and pay, real dollars per hour (2026Q1$)",quarter,2004,4,NA,national,United States,0,Outcome,Total compensation per hour,31.93157502213143
2026.8.14,Productivity and pay levels,"Productivity and pay, nominal dollars per hour",quarter,2004,4,NA,national,United States,0,Outcome,Net productivity (output per hour),41.14085274012281
2026.8.14,Productivity and pay levels,"Productivity and pay, real dollars per hour (2026Q1$)",quarter,2004,4,NA,national,United States,0,Outcome,Net productivity (output per hour),66.89988397275785
2026.8.14,Productivity and pay levels,"Productivity and pay, nominal dollars per hour",quarter,2005,1,NA,national,United States,0,Outcome,Total compensation per hour,19.796582681331213
2026.8.14,Productivity and pay levels,"Productivity and pay, real dollars per hour (2026Q1$)",quarter,2005,1,NA,national,United States,0,Outcome,Total compensation per hour,32.07681578846715
2026.8.14,Productivity and pay levels,"Productivity and pay, nominal dollars per hour",quarter,2005,1,NA,national,United States,0,Outcome,Net productivity (output per hour),41.727915004189825
2026.8.14,Productivity and pay levels,"Productivity and pay, real dollars per hour (2026Q1$)",quarter,2005,1,NA,national,United States,0,Outcome,Net productivity (output per hour),67.61261094261774
2026.8.14,Productivity and pay levels,"Productivity and pay, nominal dollars per hour",quarter,2005,2,NA,national,United States,0,Outcome,Total compensation per hour,19.935445355175265
2026.8.14,Productivity and pay levels,"Productivity and pay, real dollars per hour (2026Q1$)",quarter,2005,2,NA,national,United States,0,Outcome,Total compensation per hour,32.12999969477716
2026.8.14,Productivity and pay levels,"Productivity and pay, nominal dollars per hour",quarter,2005,2,NA,national,United States,0,Outcome,Net productivity (output per hour),42.022076196384326
2026.8.14,Productivity and pay levels,"Productivity and pay, real dollars per hour (2026Q1$)",quarter,2005,2,NA,national,United States,0,Outcome,Net productivity (output per hour),67.72706961438539
2026.8.14,Productivity and pay levels,"Productivity and pay, nominal dollars per hour",quarter,2005,3,NA,national,United States,0,Outcome,Total compensation per hour,20.0710747373728
2026.8.14,Productivity and pay levels,"Productivity and pay, real dollars per hour (2026Q1$)",quarter,2005,3,NA,national,United States,0,Outcome,Total compensation per hour,31.89616597250328
2026.8.14,Productivity and pay levels,"Productivity and pay, nominal dollars per hour",quarter,2005,3,NA,national,United States,0,Outcome,Net productivity (output per hour),42.51551308100195
2026.8.14,Productivity and pay levels,"Productivity and pay, real dollars per hour (2026Q1$)",quarter,2005,3,NA,national,United States,0,Outcome,Net productivity (output per hour),67.5639884451587
2026.8.14,Productivity and pay levels,"Productivity and pay, nominal dollars per hour",quarter,2005,4,NA,national,United States,0,Outcome,Total compensation per hour,20.227421909395087
2026.8.14,Productivity and pay levels,"Productivity and pay, real dollars per hour (2026Q1$)",quarter,2005,4,NA,national,United States,0,Outcome,Total compensation per hour,31.8937146845449
2026.8.14,Productivity and pay levels,"Productivity and pay, nominal dollars per hour",quarter,2005,4,NA,national,United States,0,Outcome,Net productivity (output per hour),42.95007779540379
2026.8.14,Productivity and pay levels,"Productivity and pay, real dollars per hour (2026Q1$)",quarter,2005,4,NA,national,United States,0,Outcome,Net productivity (output per hour),67.72180523160806
2026.8.14,Productivity and pay levels,"Productivity and pay, nominal dollars per hour",quarter,2006,1,NA,national,United States,0,Outcome,Total compensation per hour,20.366747514479055
2026.8.14,Productivity and pay levels,"Productivity and pay, real dollars per hour (2026Q1$)",quarter,2006,1,NA,national,United States,0,Outcome,Total compensation per hour,31.97473832584018
2026.8.14,Productivity and pay levels,"Productivity and pay, nominal dollars per hour",quarter,2006,1,NA,national,United States,0,Outcome,Net productivity (output per hour),43.47102053128712
2026.8.14,Productivity and pay levels,"Productivity and pay, real dollars per hour (2026Q1$)",quarter,2006,1,NA,national,United States,0,Outcome,Net productivity (output per hour),68.2472498496373
2026.8.14,Productivity and pay levels,"Productivity and pay, nominal dollars per hour",quarter,2006,2,NA,national,United States,0,Outcome,Total compensation per hour,20.590073092830615
2026.8.14,Productivity and pay levels,"Productivity and pay, real dollars per hour (2026Q1$)",quarter,2006,2,NA,national,United States,0,Outcome,Total compensation per hour,32.048589796888756
2026.8.14,Productivity and pay levels,"Productivity and pay, nominal dollars per hour",quarter,2006,2,NA,national,United States,0,Outcome,Net productivity (output per hour),43.74126307487183
2026.8.14,Productivity and pay levels,"Productivity and pay, real dollars per hour (2026Q1$)",quarter,2006,2,NA,national,United States,0,Outcome,Net productivity (output per hour),68.0835755737303
2026.8.14,Productivity and pay levels,"Productivity and pay, nominal dollars per hour",quarter,2006,3,NA,national,United States,0,Outcome,Total compensation per hour,20.77930761823835
2026.8.14,Productivity and pay levels,"Productivity and pay, real dollars per hour (2026Q1$)",quarter,2006,3,NA,national,United States,0,Outcome,Total compensation per hour,32.04137510598585
2026.8.14,Productivity and pay levels,"Productivity and pay, nominal dollars per hour",quarter,2006,3,NA,national,United States,0,Outcome,Net productivity (output per hour),43.905459227981915
2026.8.14,Productivity and pay levels,"Productivity and pay, real dollars per hour (2026Q1$)",quarter,2006,3,NA,national,United States,0,Outcome,Net productivity (output per hour),67.70154781719349
2026.8.14,Productivity and pay levels,"Productivity and pay, nominal dollars per hour",quarter,2006,4,NA,national,United States,0,Outcome,Total compensation per hour,20.951144512092004
2026.8.14,Productivity and pay levels,"Productivity and pay, real dollars per hour (2026Q1$)",quarter,2006,4,NA,national,United States,0,Outcome,Total compensation per hour,32.443935879883526
2026.8.14,Productivity and pay levels,"Productivity and pay, nominal dollars per hour",quarter,2006,4,NA,national,United States,0,Outcome,Net productivity (output per hour),44.16731146600933
2026.8.14,Productivity and pay levels,"Productivity and pay, real dollars per hour (2026Q1$)",quarter,2006,4,NA,national,United States,0,Outcome,Net productivity (output per hour),68.39537669949316
2026.8.14,Productivity and pay levels,"Productivity and pay, nominal dollars per hour",quarter,2007,1,NA,national,United States,0,Outcome,Total compensation per hour,21.11128210475684
2026.8.14,Productivity and pay levels,"Productivity and pay, real dollars per hour (2026Q1$)",quarter,2007,1,NA,national,United States,0,Outcome,Total compensation per hour,32.41580309666212
2026.8.14,Productivity and pay levels,"Productivity and pay, nominal dollars per hour",quarter,2007,1,NA,national,United States,0,Outcome,Net productivity (output per hour),44.76556316093776
2026.8.14,Productivity and pay levels,"Productivity and pay, real dollars per hour (2026Q1$)",quarter,2007,1,NA,national,United States,0,Outcome,Net productivity (output per hour),68.7363123535345
2026.8.14,Productivity and pay levels,"Productivity and pay, nominal dollars per hour",quarter,2007,2,NA,national,United States,0,Outcome,Total compensation per hour,21.354466253878133
2026.8.14,Productivity and pay levels,"Productivity and pay, real dollars per hour (2026Q1$)",quarter,2007,2,NA,national,United States,0,Outcome,Total compensation per hour,32.48738045987485
2026.8.14,Productivity and pay levels,"Productivity and pay, nominal dollars per hour",quarter,2007,2,NA,national,United States,0,Outcome,Net productivity (output per hour),45.161742424242426
2026.8.14,Productivity and pay levels,"Productivity and pay, real dollars per hour (2026Q1$)",quarter,2007,2,NA,national,United States,0,Outcome,Net productivity (output per hour),68.70631608976798
2026.8.14,Productivity and pay levels,"Productivity and pay, nominal dollars per hour",quarter,2007,3,NA,national,United States,0,Outcome,Total compensation per hour,21.57343242889505
2026.8.14,Productivity and pay levels,"Productivity and pay, real dollars per hour (2026Q1$)",quarter,2007,3,NA,national,United States,0,Outcome,Total compensation per hour,32.6022445184798
2026.8.14,Productivity and pay levels,"Productivity and pay, nominal dollars per hour",quarter,2007,3,NA,national,United States,0,Outcome,Net productivity (output per hour),45.73333135007697
2026.8.14,Productivity and pay levels,"Productivity and pay, real dollars per hour (2026Q1$)",quarter,2007,3,NA,national,United States,0,Outcome,Net productivity (output per hour),69.11321396046546
2026.8.14,Productivity and pay levels,"Productivity and pay, nominal dollars per hour",quarter,2007,4,NA,national,United States,0,Outcome,Total compensation per hour,21.724730479411164
2026.8.14,Productivity and pay levels,"Productivity and pay, real dollars per hour (2026Q1$)",quarter,2007,4,NA,national,United States,0,Outcome,Total compensation per hour,32.45321282791249
2026.8.14,Productivity and pay levels,"Productivity and pay, nominal dollars per hour",quarter,2007,4,NA,national,United States,0,Outcome,Net productivity (output per hour),46.197434562760264
2026.8.14,Productivity and pay levels,"Productivity and pay, real dollars per hour (2026Q1$)",quarter,2007,4,NA,national,United States,0,Outcome,Net productivity (output per hour),69.01145113812504
2026.8.14,Productivity and pay levels,"Productivity and pay, nominal dollars per hour",quarter,2008,1,NA,national,United States,0,Outcome,Total compensation per hour,21.92917808082319
2026.8.14,Productivity and pay levels,"Productivity and pay, real dollars per hour (2026Q1$)",quarter,2008,1,NA,national,United States,0,Outcome,Total compensation per hour,32.43876790149435
2026.8.14,Productivity and pay levels,"Productivity and pay, nominal dollars per hour",quarter,2008,1,NA,national,United States,0,Outcome,Net productivity (output per hour),46.148937438526424
2026.8.14,Productivity and pay levels,"Productivity and pay, real dollars per hour (2026Q1$)",quarter,2008,1,NA,national,United States,0,Outcome,Net productivity (output per hour),68.26588141842232
2026.8.14,Productivity and pay levels,"Productivity and pay, nominal dollars per hour",quarter,2008,2,NA,national,United States,0,Outcome,Total compensation per hour,22.169663081855692
2026.8.14,Productivity and pay levels,"Productivity and pay, real dollars per hour (2026Q1$)",quarter,2008,2,NA,national,United States,0,Outcome,Total compensation per hour,32.37305018699892
2026.8.14,Productivity and pay levels,"Productivity and pay, nominal dollars per hour",quarter,2008,2,NA,national,United States,0,Outcome,Net productivity (output per hour),46.758280792446065
2026.8.14,Productivity and pay levels,"Productivity and pay, real dollars per hour (2026Q1$)",quarter,2008,2,NA,national,United States,0,Outcome,Net productivity (output per hour),68.2783570125839
2026.8.14,Productivity and pay levels,"Productivity and pay, nominal dollars per hour",quarter,2008,3,NA,national,United States,0,Outcome,Total compensation per hour,22.396119829147164
2026.8.14,Productivity and pay levels,"Productivity and pay, real dollars per hour (2026Q1$)",quarter,2008,3,NA,national,United States,0,Outcome,Total compensation per hour,32.186676560782246
2026.8.14,Productivity and pay levels,"Productivity and pay, nominal dollars per hour",quarter,2008,3,NA,national,United States,0,Outcome,Net productivity (output per hour),47.15040136146629
2026.8.14,Productivity and pay levels,"Productivity and pay, real dollars per hour (2026Q1$)",quarter,2008,3,NA,national,United States,0,Outcome,Net productivity (output per hour),67.76239500011519
2026.8.14,Productivity and pay levels,"Productivity and pay, nominal dollars per hour",quarter,2008,4,NA,national,United States,0,Outcome,Total compensation per hour,22.605482608167723
2026.8.14,Productivity and pay levels,"Productivity and pay, real dollars per hour (2026Q1$)",quarter,2008,4,NA,national,United States,0,Outcome,Total compensation per hour,33.19609643105729
2026.8.14,Productivity and pay levels,"Productivity and pay, nominal dollars per hour",quarter,2008,4,NA,national,United States,0,Outcome,Net productivity (output per hour),46.87663573637878
2026.8.14,Productivity and pay levels,"Productivity and pay, real dollars per hour (2026Q1$)",quarter,2008,4,NA,national,United States,0,Outcome,Net productivity (output per hour),68.83822598443993
2026.8.14,Productivity and pay levels,"Productivity and pay, nominal dollars per hour",quarter,2009,1,NA,national,United States,0,Outcome,Total compensation per hour,22.89716658597804
2026.8.14,Productivity and pay levels,"Productivity and pay, real dollars per hour (2026Q1$)",quarter,2009,1,NA,national,United States,0,Outcome,Total compensation per hour,33.92587518607015
2026.8.14,Productivity and pay levels,"Productivity and pay, nominal dollars per hour",quarter,2009,1,NA,national,United States,0,Outcome,Net productivity (output per hour),47.248158086764114
2026.8.14,Productivity and pay levels,"Productivity and pay, real dollars per hour (2026Q1$)",quarter,2009,1,NA,national,United States,0,Outcome,Net productivity (output per hour),70.00582836327398
2026.8.14,Productivity and pay levels,"Productivity and pay, nominal dollars per hour",quarter,2009,2,NA,national,United States,0,Outcome,Total compensation per hour,23.00442084715941
2026.8.14,Productivity and pay levels,"Productivity and pay, real dollars per hour (2026Q1$)",quarter,2009,2,NA,national,United States,0,Outcome,Total compensation per hour,33.94645868517517
2026.8.14,Productivity and pay levels,"Productivity and pay, nominal dollars per hour",quarter,2009,2,NA,national,United States,0,Outcome,Net productivity (output per hour),47.97752535237707
2026.8.14,Productivity and pay levels,"Productivity and pay, real dollars per hour (2026Q1$)",quarter,2009,2,NA,national,United States,0,Outcome,Net productivity (output per hour),70.79800413199798
2026.8.14,Productivity and pay levels,"Productivity and pay, nominal dollars per hour",quarter,2009,3,NA,national,United States,0,Outcome,Total compensation per hour,23.167155074742748
2026.8.14,Productivity and pay levels,"Productivity and pay, real dollars per hour (2026Q1$)",quarter,2009,3,NA,national,United States,0,Outcome,Total compensation per hour,33.884061082769364
2026.8.14,Productivity and pay levels,"Productivity and pay, nominal dollars per hour",quarter,2009,3,NA,national,United States,0,Outcome,Net productivity (output per hour),48.79308173816183
2026.8.14,Productivity and pay levels,"Productivity and pay, real dollars per hour (2026Q1$)",quarter,2009,3,NA,national,United States,0,Outcome,Net productivity (output per hour),71.36429814962045
2026.8.14,Productivity and pay levels,"Productivity and pay, nominal dollars per hour",quarter,2009,4,NA,national,United States,0,Outcome,Total compensation per hour,23.336838817136524
2026.8.14,Productivity and pay levels,"Productivity and pay, real dollars per hour (2026Q1$)",quarter,2009,4,NA,national,United States,0,Outcome,Total compensation per hour,33.88687936865352
2026.8.14,Productivity and pay levels,"Productivity and pay, nominal dollars per hour",quarter,2009,4,NA,national,United States,0,Outcome,Net productivity (output per hour),49.6403529335683
2026.8.14,Productivity and pay levels,"Productivity and pay, real dollars per hour (2026Q1$)",quarter,2009,4,NA,national,United States,0,Outcome,Net productivity (output per hour),72.08159874858401
2026.8.14,Productivity and pay levels,"Productivity and pay, nominal dollars per hour",quarter,2010,1,NA,national,United States,0,Outcome,Total compensation per hour,23.556593529278324
2026.8.14,Productivity and pay levels,"Productivity and pay, real dollars per hour (2026Q1$)",quarter,2010,1,NA,national,United States,0,Outcome,Total compensation per hour,34.17868079507422
2026.8.14,Productivity and pay levels,"Productivity and pay, nominal dollars per hour",quarter,2010,1,NA,national,United States,0,Outcome,Net productivity (output per hour),49.91523313807801
2026.8.14,Productivity and pay levels,"Productivity and pay, real dollars per hour (2026Q1$)",quarter,2010,1,NA,national,United States,0,Outcome,Net productivity (output per hour),72.42290011574288
2026.8.14,Productivity and pay levels,"Productivity and pay, nominal dollars per hour",quarter,2010,2,NA,national,United States,0,Outcome,Total compensation per hour,23.629811993815142
2026.8.14,Productivity and pay levels,"Productivity and pay, real dollars per hour (2026Q1$)",quarter,2010,2,NA,national,United States,0,Outcome,Total compensation per hour,34.31229888558781
2026.8.14,Productivity and pay levels,"Productivity and pay, nominal dollars per hour",quarter,2010,2,NA,national,United States,0,Outcome,Net productivity (output per hour),50.15914393788572
2026.8.14,Productivity and pay levels,"Productivity and pay, real dollars per hour (2026Q1$)",quarter,2010,2,NA,national,United States,0,Outcome,Net productivity (output per hour),72.83492306635482
2026.8.14,Productivity and pay levels,"Productivity and pay, nominal dollars per hour",quarter,2010,3,NA,national,United States,0,Outcome,Total compensation per hour,23.72184164392121
2026.8.14,Productivity and pay levels,"Productivity and pay, real dollars per hour (2026Q1$)",quarter,2010,3,NA,national,United States,0,Outcome,Total compensation per hour,34.36359211844523
2026.8.14,Productivity and pay levels,"Productivity and pay, nominal dollars per hour",quarter,2010,3,NA,national,United States,0,Outcome,Net productivity (output per hour),50.87113673542672
2026.8.14,Productivity and pay levels,"Productivity and pay, real dollars per hour (2026Q1$)",quarter,2010,3,NA,national,United States,0,Outcome,Net productivity (output per hour),73.69221241833131
2026.8.14,Productivity and pay levels,"Productivity and pay, nominal dollars per hour",quarter,2010,4,NA,national,United States,0,Outcome,Total compensation per hour,23.869497991654583
2026.8.14,Productivity and pay levels,"Productivity and pay, real dollars per hour (2026Q1$)",quarter,2010,4,NA,national,United States,0,Outcome,Total compensation per hour,34.30414810184034
2026.8.14,Productivity and pay levels,"Productivity and pay, nominal dollars per hour",quarter,2010,4,NA,national,United States,0,Outcome,Net productivity (output per hour),51.291367893575135
2026.8.14,Productivity and pay levels,"Productivity and pay, real dollars per hour (2026Q1$)",quarter,2010,4,NA,national,United States,0,Outcome,Net productivity (output per hour),73.7136022375649
2026.8.14,Productivity and pay levels,"Productivity and pay, nominal dollars per hour",quarter,2011,1,NA,national,United States,0,Outcome,Total compensation per hour,23.990406105625137
2026.8.14,Productivity and pay levels,"Productivity and pay, real dollars per hour (2026Q1$)",quarter,2011,1,NA,national,United States,0,Outcome,Total compensation per hour,34.12719741786111
2026.8.14,Productivity and pay levels,"Productivity and pay, nominal dollars per hour",quarter,2011,1,NA,national,United States,0,Outcome,Net productivity (output per hour),51.25563092114924
2026.8.14,Productivity and pay levels,"Productivity and pay, real dollars per hour (2026Q1$)",quarter,2011,1,NA,national,United States,0,Outcome,Net productivity (output per hour),72.91293976107146
2026.8.14,Productivity and pay levels,"Productivity and pay, nominal dollars per hour",quarter,2011,2,NA,national,United States,0,Outcome,Total compensation per hour,24.083650127646365
2026.8.14,Productivity and pay levels,"Productivity and pay, real dollars per hour (2026Q1$)",quarter,2011,2,NA,national,United States,0,Outcome,Total compensation per hour,33.88860366258599
2026.8.14,Productivity and pay levels,"Productivity and pay, nominal dollars per hour",quarter,2011,2,NA,national,United States,0,Outcome,Net productivity (output per hour),51.53780331804853
2026.8.14,Productivity and pay levels,"Productivity and pay, real dollars per hour (2026Q1$)",quarter,2011,2,NA,national,United States,0,Outcome,Net productivity (output per hour),72.51991209923548
2026.8.14,Productivity and pay levels,"Productivity and pay, nominal dollars per hour",quarter,2011,3,NA,national,United States,0,Outcome,Total compensation per hour,24.161286437678083
2026.8.14,Productivity and pay levels,"Productivity and pay, real dollars per hour (2026Q1$)",quarter,2011,3,NA,national,United States,0,Outcome,Total compensation per hour,33.76265852705516
2026.8.14,Productivity and pay levels,"Productivity and pay, nominal dollars per hour",quarter,2011,3,NA,national,United States,0,Outcome,Net productivity (output per hour),51.74847921229685
2026.8.14,Productivity and pay levels,"Productivity and pay, real dollars per hour (2026Q1$)",quarter,2011,3,NA,national,United States,0,Outcome,Net productivity (output per hour),72.3126327501581
2026.8.14,Productivity and pay levels,"Productivity and pay, nominal dollars per hour",quarter,2011,4,NA,national,United States,0,Outcome,Total compensation per hour,24.28874743437754
2026.8.14,Productivity and pay levels,"Productivity and pay, real dollars per hour (2026Q1$)",quarter,2011,4,NA,national,United States,0,Outcome,Total compensation per hour,33.78496008852209
2026.8.14,Productivity and pay levels,"Productivity and pay, nominal dollars per hour",quarter,2011,4,NA,national,United States,0,Outcome,Net productivity (output per hour),52.05272732951262
2026.8.14,Productivity and pay levels,"Productivity and pay, real dollars per hour (2026Q1$)",quarter,2011,4,NA,national,United States,0,Outcome,Net productivity (output per hour),72.40387014923792
2026.8.14,Productivity and pay levels,"Productivity and pay, nominal dollars per hour",quarter,2012,1,NA,national,United States,0,Outcome,Total compensation per hour,24.249081576579712
2026.8.14,Productivity and pay levels,"Productivity and pay, real dollars per hour (2026Q1$)",quarter,2012,1,NA,national,United States,0,Outcome,Total compensation per hour,33.55009916759659
2026.8.14,Productivity and pay levels,"Productivity and pay, nominal dollars per hour",quarter,2012,1,NA,national,United States,0,Outcome,Net productivity (output per hour),52.56679370777437
2026.8.14,Productivity and pay levels,"Productivity and pay, real dollars per hour (2026Q1$)",quarter,2012,1,NA,national,United States,0,Outcome,Net productivity (output per hour),72.72939951349605
2026.8.14,Productivity and pay levels,"Productivity and pay, nominal dollars per hour",quarter,2012,2,NA,national,United States,0,Outcome,Total compensation per hour,24.35132844676072
2026.8.14,Productivity and pay levels,"Productivity and pay, real dollars per hour (2026Q1$)",quarter,2012,2,NA,national,United States,0,Outcome,Total compensation per hour,33.64036103055547
2026.8.14,Productivity and pay levels,"Productivity and pay, nominal dollars per hour",quarter,2012,2,NA,national,United States,0,Outcome,Net productivity (output per hour),52.928706656424815
2026.8.14,Productivity and pay levels,"Productivity and pay, real dollars per hour (2026Q1$)",quarter,2012,2,NA,national,United States,0,Outcome,Net productivity (output per hour),73.11883639922517
2026.8.14,Productivity and pay levels,"Productivity and pay, nominal dollars per hour",quarter,2012,3,NA,national,United States,0,Outcome,Total compensation per hour,24.452554824007287
2026.8.14,Productivity and pay levels,"Productivity and pay, real dollars per hour (2026Q1$)",quarter,2012,3,NA,national,United States,0,Outcome,Total compensation per hour,33.65234267225227
2026.8.14,Productivity and pay levels,"Productivity and pay, nominal dollars per hour",quarter,2012,3,NA,national,United States,0,Outcome,Net productivity (output per hour),52.81165831310656
2026.8.14,Productivity and pay levels,"Productivity and pay, real dollars per hour (2026Q1$)",quarter,2012,3,NA,national,United States,0,Outcome,Net productivity (output per hour),72.68099531659935
2026.8.14,Productivity and pay levels,"Productivity and pay, nominal dollars per hour",quarter,2012,4,NA,national,United States,0,Outcome,Total compensation per hour,24.51178265570707
2026.8.14,Productivity and pay levels,"Productivity and pay, real dollars per hour (2026Q1$)",quarter,2012,4,NA,national,United States,0,Outcome,Total compensation per hour,33.53079072089951
2026.8.14,Productivity and pay levels,"Productivity and pay, nominal dollars per hour",quarter,2012,4,NA,national,United States,0,Outcome,Net productivity (output per hour),53.08263827497405
2026.8.14,Productivity and pay levels,"Productivity and pay, real dollars per hour (2026Q1$)",quarter,2012,4,NA,national,United States,0,Outcome,Net productivity (output per hour),72.6141733513189
2026.8.14,Productivity and pay levels,"Productivity and pay, nominal dollars per hour",quarter,2013,1,NA,national,United States,0,Outcome,Total compensation per hour,24.76598243650646
2026.8.14,Productivity and pay levels,"Productivity and pay, real dollars per hour (2026Q1$)",quarter,2013,1,NA,national,United States,0,Outcome,Total compensation per hour,33.77686126749343
2026.8.14,Productivity and pay levels,"Productivity and pay, nominal dollars per hour",quarter,2013,1,NA,national,United States,0,Outcome,Net productivity (output per hour),53.682836020990536
2026.8.14,Productivity and pay levels,"Productivity and pay, real dollars per hour (2026Q1$)",quarter,2013,1,NA,national,United States,0,Outcome,Net productivity (output per hour),73.21485062727741
2026.8.14,Productivity and pay levels,"Productivity and pay, nominal dollars per hour",quarter,2013,2,NA,national,United States,0,Outcome,Total compensation per hour,24.924535231398096
2026.8.14,Productivity and pay levels,"Productivity and pay, real dollars per hour (2026Q1$)",quarter,2013,2,NA,national,United States,0,Outcome,Total compensation per hour,34.04418110494496
2026.8.14,Productivity and pay levels,"Productivity and pay, nominal dollars per hour",quarter,2013,2,NA,national,United States,0,Outcome,Net productivity (output per hour),53.77692893003124
2026.8.14,Productivity and pay levels,"Productivity and pay, real dollars per hour (2026Q1$)",quarter,2013,2,NA,national,United States,0,Outcome,Net productivity (output per hour),73.45338602163547
2026.8.14,Productivity and pay levels,"Productivity and pay, nominal dollars per hour",quarter,2013,3,NA,national,United States,0,Outcome,Total compensation per hour,25.095858137574137
2026.8.14,Productivity and pay levels,"Productivity and pay, real dollars per hour (2026Q1$)",quarter,2013,3,NA,national,United States,0,Outcome,Total compensation per hour,34.098856572578306
2026.8.14,Productivity and pay levels,"Productivity and pay, nominal dollars per hour",quarter,2013,3,NA,national,United States,0,Outcome,Net productivity (output per hour),54.271868125176034
2026.8.14,Productivity and pay levels,"Productivity and pay, real dollars per hour (2026Q1$)",quarter,2013,3,NA,national,United States,0,Outcome,Net productivity (output per hour),73.7415966005755
2026.8.14,Productivity and pay levels,"Productivity and pay, nominal dollars per hour",quarter,2013,4,NA,national,United States,0,Outcome,Total compensation per hour,25.225695884611945
2026.8.14,Productivity and pay levels,"Productivity and pay, real dollars per hour (2026Q1$)",quarter,2013,4,NA,national,United States,0,Outcome,Total compensation per hour,34.17311111641171
2026.8.14,Productivity and pay levels,"Productivity and pay, nominal dollars per hour",quarter,2013,4,NA,national,United States,0,Outcome,Net productivity (output per hour),54.776147393785095
2026.8.14,Productivity and pay levels,"Productivity and pay, real dollars per hour (2026Q1$)",quarter,2013,4,NA,national,United States,0,Outcome,Net productivity (output per hour),74.2049448300308
2026.8.14,Productivity and pay levels,"Productivity and pay, nominal dollars per hour",quarter,2014,1,NA,national,United States,0,Outcome,Total compensation per hour,25.349585882723005
2026.8.14,Productivity and pay levels,"Productivity and pay, real dollars per hour (2026Q1$)",quarter,2014,1,NA,national,United States,0,Outcome,Total compensation per hour,34.13744232206698
2026.8.14,Productivity and pay levels,"Productivity and pay, nominal dollars per hour",quarter,2014,1,NA,national,United States,0,Outcome,Net productivity (output per hour),54.660776005821184
2026.8.14,Productivity and pay levels,"Productivity and pay, real dollars per hour (2026Q1$)",quarter,2014,1,NA,national,United States,0,Outcome,Net productivity (output per hour),73.60984502117253
2026.8.14,Productivity and pay levels,"Productivity and pay, nominal dollars per hour",quarter,2014,2,NA,national,United States,0,Outcome,Total compensation per hour,25.435759945726456
2026.8.14,Productivity and pay levels,"Productivity and pay, real dollars per hour (2026Q1$)",quarter,2014,2,NA,national,United States,0,Outcome,Total compensation per hour,34.101925944934145
2026.8.14,Productivity and pay levels,"Productivity and pay, nominal dollars per hour",quarter,2014,2,NA,national,United States,0,Outcome,Net productivity (output per hour),55.174362934941946
2026.8.14,Productivity and pay levels,"Productivity and pay, real dollars per hour (2026Q1$)",quarter,2014,2,NA,national,United States,0,Outcome,Net productivity (output per hour),73.97270782870537
2026.8.14,Productivity and pay levels,"Productivity and pay, nominal dollars per hour",quarter,2014,3,NA,national,United States,0,Outcome,Total compensation per hour,25.53410357870311
2026.8.14,Productivity and pay levels,"Productivity and pay, real dollars per hour (2026Q1$)",quarter,2014,3,NA,national,United States,0,Outcome,Total compensation per hour,34.158204787404166
2026.8.14,Productivity and pay levels,"Productivity and pay, nominal dollars per hour",quarter,2014,3,NA,national,United States,0,Outcome,Net productivity (output per hour),55.78470656205155
2026.8.14,Productivity and pay levels,"Productivity and pay, real dollars per hour (2026Q1$)",quarter,2014,3,NA,national,United States,0,Outcome,Net productivity (output per hour),74.62589884459877
2026.8.14,Productivity and pay levels,"Productivity and pay, nominal dollars per hour",quarter,2014,4,NA,national,United States,0,Outcome,Total compensation per hour,25.611454952214835
2026.8.14,Productivity and pay levels,"Productivity and pay, real dollars per hour (2026Q1$)",quarter,2014,4,NA,national,United States,0,Outcome,Total compensation per hour,34.362822954336956
2026.8.14,Productivity and pay levels,"Productivity and pay, nominal dollars per hour",quarter,2014,4,NA,national,United States,0,Outcome,Net productivity (output per hour),55.5518606024808
2026.8.14,Productivity and pay levels,"Productivity and pay, real dollars per hour (2026Q1$)",quarter,2014,4,NA,national,United States,0,Outcome,Net productivity (output per hour),74.53378787845763
2026.8.14,Productivity and pay levels,"Productivity and pay, nominal dollars per hour",quarter,2015,1,NA,national,United States,0,Outcome,Total compensation per hour,25.74251420441343
2026.8.14,Productivity and pay levels,"Productivity and pay, real dollars per hour (2026Q1$)",quarter,2015,1,NA,national,United States,0,Outcome,Total compensation per hour,34.7954578614302
2026.8.14,Productivity and pay levels,"Productivity and pay, nominal dollars per hour",quarter,2015,1,NA,national,United States,0,Outcome,Net productivity (output per hour),55.71198340279435
2026.8.14,Productivity and pay levels,"Productivity and pay, real dollars per hour (2026Q1$)",quarter,2015,1,NA,national,United States,0,Outcome,Net productivity (output per hour),75.3043760790187
2026.8.14,Productivity and pay levels,"Productivity and pay, nominal dollars per hour",quarter,2015,2,NA,national,United States,0,Outcome,Total compensation per hour,25.880801625583533
2026.8.14,Productivity and pay levels,"Productivity and pay, real dollars per hour (2026Q1$)",quarter,2015,2,NA,national,United States,0,Outcome,Total compensation per hour,34.749850336270946
2026.8.14,Productivity and pay levels,"Productivity and pay, nominal dollars per hour",quarter,2015,2,NA,national,United States,0,Outcome,Net productivity (output per hour),56.3386200322628
2026.8.14,Productivity and pay levels,"Productivity and pay, real dollars per hour (2026Q1$)",quarter,2015,2,NA,national,United States,0,Outcome,Net productivity (output per hour),75.64520769472213
2026.8.14,Productivity and pay levels,"Productivity and pay, nominal dollars per hour",quarter,2015,3,NA,national,United States,0,Outcome,Total compensation per hour,26.00712158294422
2026.8.14,Productivity and pay levels,"Productivity and pay, real dollars per hour (2026Q1$)",quarter,2015,3,NA,national,United States,0,Outcome,Total compensation per hour,34.8166031206131
2026.8.14,Productivity and pay levels,"Productivity and pay, nominal dollars per hour",quarter,2015,3,NA,national,United States,0,Outcome,Net productivity (output per hour),56.663400800222774
2026.8.14,Productivity and pay levels,"Productivity and pay, real dollars per hour (2026Q1$)",quarter,2015,3,NA,national,United States,0,Outcome,Net productivity (output per hour),75.85718899470176
2026.8.14,Productivity and pay levels,"Productivity and pay, nominal dollars per hour",quarter,2015,4,NA,national,United States,0,Outcome,Total compensation per hour,26.16196171414878
2026.8.14,Productivity and pay levels,"Productivity and pay, real dollars per hour (2026Q1$)",quarter,2015,4,NA,national,United States,0,Outcome,Total compensation per hour,35.07555043976585
2026.8.14,Productivity and pay levels,"Productivity and pay, nominal dollars per hour",quarter,2015,4,NA,national,United States,0,Outcome,Net productivity (output per hour),56.40162310225253
2026.8.14,Productivity and pay levels,"Productivity and pay, real dollars per hour (2026Q1$)",quarter,2015,4,NA,national,United States,0,Outcome,Net productivity (output per hour),75.61810530965715
2026.8.14,Productivity and pay levels,"Productivity and pay, nominal dollars per hour",quarter,2016,1,NA,national,United States,0,Outcome,Total compensation per hour,26.30736982742191
2026.8.14,Productivity and pay levels,"Productivity and pay, real dollars per hour (2026Q1$)",quarter,2016,1,NA,national,United States,0,Outcome,Total compensation per hour,35.322598483200174
2026.8.14,Productivity and pay levels,"Productivity and pay, nominal dollars per hour",quarter,2016,1,NA,national,United States,0,Outcome,Net productivity (output per hour),56.4718901366036
2026.8.14,Productivity and pay levels,"Productivity and pay, real dollars per hour (2026Q1$)",quarter,2016,1,NA,national,United States,0,Outcome,Net productivity (output per hour),75.82414790867455
2026.8.14,Productivity and pay levels,"Productivity and pay, nominal dollars per hour",quarter,2016,2,NA,national,United States,0,Outcome,Total compensation per hour,26.474000303429445
2026.8.14,Productivity and pay levels,"Productivity and pay, real dollars per hour (2026Q1$)",quarter,2016,2,NA,national,United States,0,Outcome,Total compensation per hour,35.25987732720493
2026.8.14,Productivity and pay levels,"Productivity and pay, nominal dollars per hour",quarter,2016,2,NA,national,United States,0,Outcome,Net productivity (output per hour),56.89950763883861
2026.8.14,Productivity and pay levels,"Productivity and pay, real dollars per hour (2026Q1$)",quarter,2016,2,NA,national,United States,0,Outcome,Net productivity (output per hour),75.78264094315648
2026.8.14,Productivity and pay levels,"Productivity and pay, nominal dollars per hour",quarter,2016,3,NA,national,United States,0,Outcome,Total compensation per hour,26.599225673594383
2026.8.14,Productivity and pay levels,"Productivity and pay, real dollars per hour (2026Q1$)",quarter,2016,3,NA,national,United States,0,Outcome,Total compensation per hour,35.32314994491935
2026.8.14,Productivity and pay levels,"Productivity and pay, nominal dollars per hour",quarter,2016,3,NA,national,United States,0,Outcome,Net productivity (output per hour),57.22544940619975
2026.8.14,Productivity and pay levels,"Productivity and pay, real dollars per hour (2026Q1$)",quarter,2016,3,NA,national,United States,0,Outcome,Net productivity (output per hour),75.99405918222875
2026.8.14,Productivity and pay levels,"Productivity and pay, nominal dollars per hour",quarter,2016,4,NA,national,United States,0,Outcome,Total compensation per hour,26.740173221595057
2026.8.14,Productivity and pay levels,"Productivity and pay, real dollars per hour (2026Q1$)",quarter,2016,4,NA,national,United States,0,Outcome,Total compensation per hour,35.30401954746537
2026.8.14,Productivity and pay levels,"Productivity and pay, nominal dollars per hour",quarter,2016,4,NA,national,United States,0,Outcome,Net productivity (output per hour),57.96505511429574
2026.8.14,Productivity and pay levels,"Productivity and pay, real dollars per hour (2026Q1$)",quarter,2016,4,NA,national,United States,0,Outcome,Net productivity (output per hour),76.52902701364536
2026.8.14,Productivity and pay levels,"Productivity and pay, nominal dollars per hour",quarter,2017,1,NA,national,United States,0,Outcome,Total compensation per hour,26.88015520785505
2026.8.14,Productivity and pay levels,"Productivity and pay, real dollars per hour (2026Q1$)",quarter,2017,1,NA,national,United States,0,Outcome,Total compensation per hour,35.28384272049132
2026.8.14,Productivity and pay levels,"Productivity and pay, nominal dollars per hour",quarter,2017,1,NA,national,United States,0,Outcome,Net productivity (output per hour),58.2872227062288
2026.8.14,Productivity and pay levels,"Productivity and pay, real dollars per hour (2026Q1$)",quarter,2017,1,NA,national,United States,0,Outcome,Net productivity (output per hour),76.50987067142525
2026.8.14,Productivity and pay levels,"Productivity and pay, nominal dollars per hour",quarter,2017,2,NA,national,United States,0,Outcome,Total compensation per hour,27.03471802889924
2026.8.14,Productivity and pay levels,"Productivity and pay, real dollars per hour (2026Q1$)",quarter,2017,2,NA,national,United States,0,Outcome,Total compensation per hour,35.46112364829641
2026.8.14,Productivity and pay levels,"Productivity and pay, nominal dollars per hour",quarter,2017,2,NA,national,United States,0,Outcome,Net productivity (output per hour),58.34591856446801
2026.8.14,Productivity and pay levels,"Productivity and pay, real dollars per hour (2026Q1$)",quarter,2017,2,NA,national,United States,0,Outcome,Net productivity (output per hour),76.53165941573077
2026.8.14,Productivity and pay levels,"Productivity and pay, nominal dollars per hour",quarter,2017,3,NA,national,United States,0,Outcome,Total compensation per hour,27.205859230060103
2026.8.14,Productivity and pay levels,"Productivity and pay, real dollars per hour (2026Q1$)",quarter,2017,3,NA,national,United States,0,Outcome,Total compensation per hour,35.58291516564696
2026.8.14,Productivity and pay levels,"Productivity and pay, nominal dollars per hour",quarter,2017,3,NA,national,United States,0,Outcome,Net productivity (output per hour),59.08654774591776
2026.8.14,Productivity and pay levels,"Productivity and pay, real dollars per hour (2026Q1$)",quarter,2017,3,NA,national,United States,0,Outcome,Net productivity (output per hour),77.28010345473272
2026.8.14,Productivity and pay levels,"Productivity and pay, nominal dollars per hour",quarter,2017,4,NA,national,United States,0,Outcome,Total compensation per hour,27.341373526574195
2026.8.14,Productivity and pay levels,"Productivity and pay, real dollars per hour (2026Q1$)",quarter,2017,4,NA,national,United States,0,Outcome,Total compensation per hour,35.5047264795085
2026.8.14,Productivity and pay levels,"Productivity and pay, nominal dollars per hour",quarter,2017,4,NA,national,United States,0,Outcome,Net productivity (output per hour),59.72659039128985
2026.8.14,Productivity and pay levels,"Productivity and pay, real dollars per hour (2026Q1$)",quarter,2017,4,NA,national,United States,0,Outcome,Net productivity (output per hour),77.55924380811781
2026.8.14,Productivity and pay levels,"Productivity and pay, nominal dollars per hour",quarter,2018,1,NA,national,United States,0,Outcome,Total compensation per hour,27.589686233707784
2026.8.14,Productivity and pay levels,"Productivity and pay, real dollars per hour (2026Q1$)",quarter,2018,1,NA,national,United States,0,Outcome,Total compensation per hour,35.573084803461526
2026.8.14,Productivity and pay levels,"Productivity and pay, nominal dollars per hour",quarter,2018,1,NA,national,United States,0,Outcome,Net productivity (output per hour),60.36845119011431
2026.8.14,Productivity and pay levels,"Productivity and pay, real dollars per hour (2026Q1$)",quarter,2018,1,NA,national,United States,0,Outcome,Net productivity (output per hour),77.83676898129633
2026.8.14,Productivity and pay levels,"Productivity and pay, nominal dollars per hour",quarter,2018,2,NA,national,United States,0,Outcome,Total compensation per hour,27.836983863905804
2026.8.14,Productivity and pay levels,"Productivity and pay, real dollars per hour (2026Q1$)",quarter,2018,2,NA,national,United States,0,Outcome,Total compensation per hour,35.71463420224471
2026.8.14,Productivity and pay levels,"Productivity and pay, nominal dollars per hour",quarter,2018,2,NA,national,United States,0,Outcome,Net productivity (output per hour),60.75226691221953
2026.8.14,Productivity and pay levels,"Productivity and pay, real dollars per hour (2026Q1$)",quarter,2018,2,NA,national,United States,0,Outcome,Net productivity (output per hour),77.94468683586106
2026.8.14,Productivity and pay levels,"Productivity and pay, nominal dollars per hour",quarter,2018,3,NA,national,United States,0,Outcome,Total compensation per hour,28.04513989488261
2026.8.14,Productivity and pay levels,"Productivity and pay, real dollars per hour (2026Q1$)",quarter,2018,3,NA,national,United States,0,Outcome,Total compensation per hour,35.880411209638694
2026.8.14,Productivity and pay levels,"Productivity and pay, nominal dollars per hour",quarter,2018,3,NA,national,United States,0,Outcome,Net productivity (output per hour),61.092154420921545
2026.8.14,Productivity and pay levels,"Productivity and pay, real dollars per hour (2026Q1$)",quarter,2018,3,NA,national,United States,0,Outcome,Net productivity (output per hour),78.16012437525362
2026.8.14,Productivity and pay levels,"Productivity and pay, nominal dollars per hour",quarter,2018,4,NA,national,United States,0,Outcome,Total compensation per hour,28.32463662122285
2026.8.14,Productivity and pay levels,"Productivity and pay, real dollars per hour (2026Q1$)",quarter,2018,4,NA,national,United States,0,Outcome,Total compensation per hour,36.11093224220417
2026.8.14,Productivity and pay levels,"Productivity and pay, nominal dollars per hour",quarter,2018,4,NA,national,United States,0,Outcome,Net productivity (output per hour),61.26484174508126
2026.8.14,Productivity and pay levels,"Productivity and pay, real dollars per hour (2026Q1$)",quarter,2018,4,NA,national,United States,0,Outcome,Net productivity (output per hour),78.10622881666042
2026.8.14,Productivity and pay levels,"Productivity and pay, nominal dollars per hour",quarter,2019,1,NA,national,United States,0,Outcome,Total compensation per hour,28.505192192332217
2026.8.14,Productivity and pay levels,"Productivity and pay, real dollars per hour (2026Q1$)",quarter,2019,1,NA,national,United States,0,Outcome,Total compensation per hour,36.26482813552132
2026.8.14,Productivity and pay levels,"Productivity and pay, nominal dollars per hour",quarter,2019,1,NA,national,United States,0,Outcome,Net productivity (output per hour),61.7458837899145
2026.8.14,Productivity and pay levels,"Productivity and pay, real dollars per hour (2026Q1$)",quarter,2019,1,NA,national,United States,0,Outcome,Net productivity (output per hour),78.55424543741398
2026.8.14,Productivity and pay levels,"Productivity and pay, nominal dollars per hour",quarter,2019,2,NA,national,United States,0,Outcome,Total compensation per hour,28.742443046287622
2026.8.14,Productivity and pay levels,"Productivity and pay, real dollars per hour (2026Q1$)",quarter,2019,2,NA,national,United States,0,Outcome,Total compensation per hour,36.36309078507371
2026.8.14,Productivity and pay levels,"Productivity and pay, nominal dollars per hour",quarter,2019,2,NA,national,United States,0,Outcome,Net productivity (output per hour),62.3440941323693
2026.8.14,Productivity and pay levels,"Productivity and pay, real dollars per hour (2026Q1$)",quarter,2019,2,NA,national,United States,0,Outcome,Net productivity (output per hour),78.87373913197453
2026.8.14,Productivity and pay levels,"Productivity and pay, nominal dollars per hour",quarter,2019,3,NA,national,United States,0,Outcome,Total compensation per hour,28.981443239398025
2026.8.14,Productivity and pay levels,"Productivity and pay, real dollars per hour (2026Q1$)",quarter,2019,3,NA,national,United States,0,Outcome,Total compensation per hour,36.56368064484775
2026.8.14,Productivity and pay levels,"Productivity and pay, nominal dollars per hour",quarter,2019,3,NA,national,United States,0,Outcome,Net productivity (output per hour),63.07780255394587
2026.8.14,Productivity and pay levels,"Productivity and pay, real dollars per hour (2026Q1$)",quarter,2019,3,NA,national,United States,0,Outcome,Net productivity (output per hour),79.58046151497128
2026.8.14,Productivity and pay levels,"Productivity and pay, nominal dollars per hour",quarter,2019,4,NA,national,United States,0,Outcome,Total compensation per hour,29.18466694596036
2026.8.14,Productivity and pay levels,"Productivity and pay, real dollars per hour (2026Q1$)",quarter,2019,4,NA,national,United States,0,Outcome,Total compensation per hour,36.61678709990058
2026.8.14,Productivity and pay levels,"Productivity and pay, nominal dollars per hour",quarter,2019,4,NA,national,United States,0,Outcome,Net productivity (output per hour),63.75974113709825
2026.8.14,Productivity and pay levels,"Productivity and pay, real dollars per hour (2026Q1$)",quarter,2019,4,NA,national,United States,0,Outcome,Net productivity (output per hour),79.99669384903011
2026.8.14,Productivity and pay levels,"Productivity and pay, nominal dollars per hour",quarter,2020,1,NA,national,United States,0,Outcome,Total compensation per hour,29.38955660744033
2026.8.14,Productivity and pay levels,"Productivity and pay, real dollars per hour (2026Q1$)",quarter,2020,1,NA,national,United States,0,Outcome,Total compensation per hour,36.77234267882073
2026.8.14,Productivity and pay levels,"Productivity and pay, nominal dollars per hour",quarter,2020,1,NA,national,United States,0,Outcome,Net productivity (output per hour),63.779082330655626
2026.8.14,Productivity and pay levels,"Productivity and pay, real dollars per hour (2026Q1$)",quarter,2020,1,NA,national,United States,0,Outcome,Net productivity (output per hour),79.80066873856292
2026.8.14,Productivity and pay levels,"Productivity and pay, nominal dollars per hour",quarter,2020,2,NA,national,United States,0,Outcome,Total compensation per hour,30.665479430954587
2026.8.14,Productivity and pay levels,"Productivity and pay, real dollars per hour (2026Q1$)",quarter,2020,2,NA,national,United States,0,Outcome,Total compensation per hour,38.71516778158016
2026.8.14,Productivity and pay levels,"Productivity and pay, nominal dollars per hour",quarter,2020,2,NA,national,United States,0,Outcome,Net productivity (output per hour),65.42964962802976
2026.8.14,Productivity and pay levels,"Productivity and pay, real dollars per hour (2026Q1$)",quarter,2020,2,NA,national,United States,0,Outcome,Net productivity (output per hour),82.60493265538759
2026.8.14,Productivity and pay levels,"Productivity and pay, nominal dollars per hour",quarter,2020,3,NA,national,United States,0,Outcome,Total compensation per hour,30.377755736817864
2026.8.14,Productivity and pay levels,"Productivity and pay, real dollars per hour (2026Q1$)",quarter,2020,3,NA,national,United States,0,Outcome,Total compensation per hour,37.87843616566178
2026.8.14,Productivity and pay levels,"Productivity and pay, nominal dollars per hour",quarter,2020,3,NA,national,United States,0,Outcome,Net productivity (output per hour),67.36416779754538
2026.8.14,Productivity and pay levels,"Productivity and pay, real dollars per hour (2026Q1$)",quarter,2020,3,NA,national,United States,0,Outcome,Net productivity (output per hour),83.99729564879114
2026.8.14,Productivity and pay levels,"Productivity and pay, nominal dollars per hour",quarter,2020,4,NA,national,United States,0,Outcome,Total compensation per hour,30.559586888180313
2026.8.14,Productivity and pay levels,"Productivity and pay, real dollars per hour (2026Q1$)",quarter,2020,4,NA,national,United States,0,Outcome,Total compensation per hour,37.84559193645218
2026.8.14,Productivity and pay levels,"Productivity and pay, nominal dollars per hour",quarter,2020,4,NA,national,United States,0,Outcome,Net productivity (output per hour),67.31940277757452
2026.8.14,Productivity and pay levels,"Productivity and pay, real dollars per hour (2026Q1$)",quarter,2020,4,NA,national,United States,0,Outcome,Net productivity (output per hour),83.3696691073777
2026.8.14,Productivity and pay levels,"Productivity and pay, nominal dollars per hour",quarter,2021,1,NA,national,United States,0,Outcome,Total compensation per hour,30.89721836544141
2026.8.14,Productivity and pay levels,"Productivity and pay, real dollars per hour (2026Q1$)",quarter,2021,1,NA,national,United States,0,Outcome,Total compensation per hour,37.902255727646754
2026.8.14,Productivity and pay levels,"Productivity and pay, nominal dollars per hour",quarter,2021,1,NA,national,United States,0,Outcome,Net productivity (output per hour),68.77406299681314
2026.8.14,Productivity and pay levels,"Productivity and pay, real dollars per hour (2026Q1$)",quarter,2021,1,NA,national,United States,0,Outcome,Net productivity (output per hour),84.36656310945095
2026.8.14,Productivity and pay levels,"Productivity and pay, nominal dollars per hour",quarter,2021,2,NA,national,United States,0,Outcome,Total compensation per hour,31.310550117086873
2026.8.14,Productivity and pay levels,"Productivity and pay, real dollars per hour (2026Q1$)",quarter,2021,2,NA,national,United States,0,Outcome,Total compensation per hour,37.79719795010885
2026.8.14,Productivity and pay levels,"Productivity and pay, nominal dollars per hour",quarter,2021,2,NA,national,United States,0,Outcome,Net productivity (output per hour),70.19687082768075
2026.8.14,Productivity and pay levels,"Productivity and pay, real dollars per hour (2026Q1$)",quarter,2021,2,NA,national,United States,0,Outcome,Net productivity (output per hour),84.73964884775806
2026.8.14,Productivity and pay levels,"Productivity and pay, nominal dollars per hour",quarter,2021,3,NA,national,United States,0,Outcome,Total compensation per hour,31.763873247421927
2026.8.14,Productivity and pay levels,"Productivity and pay, real dollars per hour (2026Q1$)",quarter,2021,3,NA,national,United States,0,Outcome,Total compensation per hour,37.76764000249383
2026.8.14,Productivity and pay levels,"Productivity and pay, nominal dollars per hour",quarter,2021,3,NA,national,United States,0,Outcome,Net productivity (output per hour),71.02376781435908
2026.8.14,Productivity and pay levels,"Productivity and pay, real dollars per hour (2026Q1$)",quarter,2021,3,NA,national,United States,0,Outcome,Net productivity (output per hour),84.44814250261923
2026.8.14,Productivity and pay levels,"Productivity and pay, nominal dollars per hour",quarter,2021,4,NA,national,United States,0,Outcome,Total compensation per hour,32.2148023698187
2026.8.14,Productivity and pay levels,"Productivity and pay, real dollars per hour (2026Q1$)",quarter,2021,4,NA,national,United States,0,Outcome,Total compensation per hour,37.54263506944256
2026.8.14,Productivity and pay levels,"Productivity and pay, nominal dollars per hour",quarter,2021,4,NA,national,United States,0,Outcome,Net productivity (output per hour),72.62223673686086
2026.8.14,Productivity and pay levels,"Productivity and pay, real dollars per hour (2026Q1$)",quarter,2021,4,NA,national,United States,0,Outcome,Net productivity (output per hour),84.63283742795709
2026.8.14,Productivity and pay levels,"Productivity and pay, nominal dollars per hour",quarter,2022,1,NA,national,United States,0,Outcome,Total compensation per hour,32.661000312645704
2026.8.14,Productivity and pay levels,"Productivity and pay, real dollars per hour (2026Q1$)",quarter,2022,1,NA,national,United States,0,Outcome,Total compensation per hour,37.27413595002504
2026.8.14,Productivity and pay levels,"Productivity and pay, nominal dollars per hour",quarter,2022,1,NA,national,United States,0,Outcome,Net productivity (output per hour),73.37675101200496
2026.8.14,Productivity and pay levels,"Productivity and pay, real dollars per hour (2026Q1$)",quarter,2022,1,NA,national,United States,0,Outcome,Net productivity (output per hour),83.7406988950565
2026.8.14,Productivity and pay levels,"Productivity and pay, nominal dollars per hour",quarter,2022,2,NA,national,United States,0,Outcome,Total compensation per hour,33.12932439504573
2026.8.14,Productivity and pay levels,"Productivity and pay, real dollars per hour (2026Q1$)",quarter,2022,2,NA,national,United States,0,Outcome,Total compensation per hour,36.92772026376035
2026.8.14,Productivity and pay levels,"Productivity and pay, nominal dollars per hour",quarter,2022,2,NA,national,United States,0,Outcome,Net productivity (output per hour),74.7080561996055
2026.8.14,Productivity and pay levels,"Productivity and pay, real dollars per hour (2026Q1$)",quarter,2022,2,NA,national,United States,0,Outcome,Net productivity (output per hour),83.27360280250325
2026.8.14,Productivity and pay levels,"Productivity and pay, nominal dollars per hour",quarter,2022,3,NA,national,United States,0,Outcome,Total compensation per hour,33.503859502089945
2026.8.14,Productivity and pay levels,"Productivity and pay, real dollars per hour (2026Q1$)",quarter,2022,3,NA,national,United States,0,Outcome,Total compensation per hour,36.91516156048456
2026.8.14,Productivity and pay levels,"Productivity and pay, nominal dollars per hour",quarter,2022,3,NA,national,United States,0,Outcome,Net productivity (output per hour),75.4529696082776
2026.8.14,Productivity and pay levels,"Productivity and pay, real dollars per hour (2026Q1$)",quarter,2022,3,NA,national,United States,0,Outcome,Net productivity (output per hour),83.13545378657496
2026.8.14,Productivity and pay levels,"Productivity and pay, nominal dollars per hour",quarter,2022,4,NA,national,United States,0,Outcome,Total compensation per hour,33.97042417769917
2026.8.14,Productivity and pay levels,"Productivity and pay, real dollars per hour (2026Q1$)",quarter,2022,4,NA,national,United States,0,Outcome,Total compensation per hour,37.00313430500725
2026.8.14,Productivity and pay levels,"Productivity and pay, nominal dollars per hour",quarter,2022,4,NA,national,United States,0,Outcome,Net productivity (output per hour),76.6462912064345
2026.8.14,Productivity and pay levels,"Productivity and pay, real dollars per hour (2026Q1$)",quarter,2022,4,NA,national,United States,0,Outcome,Net productivity (output per hour),83.48889000197597
2026.8.14,Productivity and pay levels,"Productivity and pay, nominal dollars per hour",quarter,2023,1,NA,national,United States,0,Outcome,Total compensation per hour,34.39641679195814
2026.8.14,Productivity and pay levels,"Productivity and pay, real dollars per hour (2026Q1$)",quarter,2023,1,NA,national,United States,0,Outcome,Total compensation per hour,37.155487657623226
2026.8.14,Productivity and pay levels,"Productivity and pay, nominal dollars per hour",quarter,2023,1,NA,national,United States,0,Outcome,Net productivity (output per hour),77.57980071164656
2026.8.14,Productivity and pay levels,"Productivity and pay, real dollars per hour (2026Q1$)",quarter,2023,1,NA,national,United States,0,Outcome,Net productivity (output per hour),83.80277937835618
2026.8.14,Productivity and pay levels,"Productivity and pay, nominal dollars per hour",quarter,2023,2,NA,national,United States,0,Outcome,Total compensation per hour,34.851253728561176
2026.8.14,Productivity and pay levels,"Productivity and pay, real dollars per hour (2026Q1$)",quarter,2023,2,NA,national,United States,0,Outcome,Total compensation per hour,37.40234904281241
2026.8.14,Productivity and pay levels,"Productivity and pay, nominal dollars per hour",quarter,2023,2,NA,national,United States,0,Outcome,Net productivity (output per hour),78.36877220256237
2026.8.14,Productivity and pay levels,"Productivity and pay, real dollars per hour (2026Q1$)",quarter,2023,2,NA,national,United States,0,Outcome,Net productivity (output per hour),84.10532931774404
2026.8.14,Productivity and pay levels,"Productivity and pay, nominal dollars per hour",quarter,2023,3,NA,national,United States,0,Outcome,Total compensation per hour,35.22210541216595
2026.8.14,Productivity and pay levels,"Productivity and pay, real dollars per hour (2026Q1$)",quarter,2023,3,NA,national,United States,0,Outcome,Total compensation per hour,37.534459343093616
2026.8.14,Productivity and pay levels,"Productivity and pay, nominal dollars per hour",quarter,2023,3,NA,national,United States,0,Outcome,Net productivity (output per hour),79.92785007028806
2026.8.14,Productivity and pay levels,"Productivity and pay, real dollars per hour (2026Q1$)",quarter,2023,3,NA,national,United States,0,Outcome,Net productivity (output per hour),85.17516496353089
2026.8.14,Productivity and pay levels,"Productivity and pay, nominal dollars per hour",quarter,2023,4,NA,national,United States,0,Outcome,Total compensation per hour,35.60072376129021
2026.8.14,Productivity and pay levels,"Productivity and pay, real dollars per hour (2026Q1$)",quarter,2023,4,NA,national,United States,0,Outcome,Total compensation per hour,37.71685069815012
2026.8.14,Productivity and pay levels,"Productivity and pay, nominal dollars per hour",quarter,2023,4,NA,national,United States,0,Outcome,Net productivity (output per hour),80.82399374490073
2026.8.14,Productivity and pay levels,"Productivity and pay, real dollars per hour (2026Q1$)",quarter,2023,4,NA,national,United States,0,Outcome,Net productivity (output per hour),85.62821714931792
2026.8.14,Productivity and pay levels,"Productivity and pay, nominal dollars per hour",quarter,2024,1,NA,national,United States,0,Outcome,Total compensation per hour,36.01151422191169
2026.8.14,Productivity and pay levels,"Productivity and pay, real dollars per hour (2026Q1$)",quarter,2024,1,NA,national,United States,0,Outcome,Total compensation per hour,37.82145167847224
2026.8.14,Productivity and pay levels,"Productivity and pay, nominal dollars per hour",quarter,2024,1,NA,national,United States,0,Outcome,Net productivity (output per hour),81.66136957978107
2026.8.14,Productivity and pay levels,"Productivity and pay, real dollars per hour (2026Q1$)",quarter,2024,1,NA,national,United States,0,Outcome,Net productivity (output per hour),85.7656671843108
2026.8.14,Productivity and pay levels,"Productivity and pay, nominal dollars per hour",quarter,2024,2,NA,national,United States,0,Outcome,Total compensation per hour,36.35274775010292
2026.8.14,Productivity and pay levels,"Productivity and pay, real dollars per hour (2026Q1$)",quarter,2024,2,NA,national,United States,0,Outcome,Total compensation per hour,37.96053728299088
2026.8.14,Productivity and pay levels,"Productivity and pay, nominal dollars per hour",quarter,2024,2,NA,national,United States,0,Outcome,Net productivity (output per hour),82.73452264222001
2026.8.14,Productivity and pay levels,"Productivity and pay, real dollars per hour (2026Q1$)",quarter,2024,2,NA,national,United States,0,Outcome,Net productivity (output per hour),86.39366005948075
2026.8.14,Productivity and pay levels,"Productivity and pay, nominal dollars per hour",quarter,2024,3,NA,national,United States,0,Outcome,Total compensation per hour,36.73052268095678
2026.8.14,Productivity and pay levels,"Productivity and pay, real dollars per hour (2026Q1$)",quarter,2024,3,NA,national,United States,0,Outcome,Total compensation per hour,38.26710042061858
2026.8.14,Productivity and pay levels,"Productivity and pay, nominal dollars per hour",quarter,2024,3,NA,national,United States,0,Outcome,Net productivity (output per hour),83.43739708751323
2026.8.14,Productivity and pay levels,"Productivity and pay, real dollars per hour (2026Q1$)",quarter,2024,3,NA,national,United States,0,Outcome,Net productivity (output per hour),86.92790137828027
2026.8.14,Productivity and pay levels,"Productivity and pay, nominal dollars per hour",quarter,2024,4,NA,national,United States,0,Outcome,Total compensation per hour,37.06052947619436
2026.8.14,Productivity and pay levels,"Productivity and pay, real dollars per hour (2026Q1$)",quarter,2024,4,NA,national,United States,0,Outcome,Total compensation per hour,38.32539396343649
2026.8.14,Productivity and pay levels,"Productivity and pay, nominal dollars per hour",quarter,2024,4,NA,national,United States,0,Outcome,Net productivity (output per hour),84.27211141910621
2026.8.14,Productivity and pay levels,"Productivity and pay, real dollars per hour (2026Q1$)",quarter,2024,4,NA,national,United States,0,Outcome,Net productivity (output per hour),87.14829269620881
2026.8.14,Productivity and pay levels,"Productivity and pay, nominal dollars per hour",quarter,2025,1,NA,national,United States,0,Outcome,Total compensation per hour,37.47737230392551
2026.8.14,Productivity and pay levels,"Productivity and pay, real dollars per hour (2026Q1$)",quarter,2025,1,NA,national,United States,0,Outcome,Total compensation per hour,38.42857464666474
2026.8.14,Productivity and pay levels,"Productivity and pay, nominal dollars per hour",quarter,2025,1,NA,national,United States,0,Outcome,Net productivity (output per hour),84.8673713325421
2026.8.14,Productivity and pay levels,"Productivity and pay, real dollars per hour (2026Q1$)",quarter,2025,1,NA,national,United States,0,Outcome,Net productivity (output per hour),87.02136552879952
2026.8.14,Productivity and pay levels,"Productivity and pay, nominal dollars per hour",quarter,2025,2,NA,national,United States,0,Outcome,Total compensation per hour,37.87259623661608
2026.8.14,Productivity and pay levels,"Productivity and pay, real dollars per hour (2026Q1$)",quarter,2025,2,NA,national,United States,0,Outcome,Total compensation per hour,38.68111233604946
2026.8.14,Productivity and pay levels,"Productivity and pay, nominal dollars per hour",quarter,2025,2,NA,national,United States,0,Outcome,Net productivity (output per hour),86.06943717564752
2026.8.14,Productivity and pay levels,"Productivity and pay, real dollars per hour (2026Q1$)",quarter,2025,2,NA,national,United States,0,Outcome,Net productivity (output per hour),87.90687459849843
2026.8.14,Productivity and pay levels,"Productivity and pay, nominal dollars per hour",quarter,2025,3,NA,national,United States,0,Outcome,Total compensation per hour,38.204617797355134
2026.8.14,Productivity and pay levels,"Productivity and pay, real dollars per hour (2026Q1$)",quarter,2025,3,NA,national,United States,0,Outcome,Total compensation per hour,38.73730906614146
2026.8.14,Productivity and pay levels,"Productivity and pay, nominal dollars per hour",quarter,2025,3,NA,national,United States,0,Outcome,Net productivity (output per hour),87.5734077436618
2026.8.14,Productivity and pay levels,"Productivity and pay, real dollars per hour (2026Q1$)",quarter,2025,3,NA,national,United States,0,Outcome,Net productivity (output per hour),88.79445358504024
2026.8.14,Productivity and pay levels,"Productivity and pay, nominal dollars per hour",quarter,2025,4,NA,national,United States,0,Outcome,Total compensation per hour,38.57702816653704
2026.8.14,Productivity and pay levels,"Productivity and pay, real dollars per hour (2026Q1$)",quarter,2025,4,NA,national,United States,0,Outcome,Total compensation per hour,38.897968500701246
2026.8.14,Productivity and pay levels,"Productivity and pay, nominal dollars per hour",quarter,2025,4,NA,national,United States,0,Outcome,Net productivity (output per hour),88.46798608134516
2026.8.14,Productivity and pay levels,"Productivity and pay, real dollars per hour (2026Q1$)",quarter,2025,4,NA,national,United States,0,Outcome,Net productivity (output per hour),89.2039926211234
2026.8.14,Productivity and pay levels,"Productivity and pay, nominal dollars per hour",quarter,2026,1,NA,national,United States,0,Outcome,Total compensation per hour,38.89234041342086
2026.8.14,Productivity and pay levels,"Productivity and pay, real dollars per hour (2026Q1$)",quarter,2026,1,NA,national,United States,0,Outcome,Total compensation per hour,38.89234041342086
2026.8.14,Productivity and pay levels,"Productivity and pay, nominal dollars per hour",quarter,2026,1,NA,national,United States,0,Outcome,Net productivity (output per hour),89.56666576835751
2026.8.14,Productivity and pay levels,"Productivity and pay, real dollars per hour (2026Q1$)",quarter,2026,1,NA,national,United States,0,Outcome,Net productivity (output per hour),89.56666576835751
