area,occupation,year,workers
ABW,Creative and multimedia,2020,1.6
ABW,Creative and multimedia,2023,0.66
ABW,Professional services,2020,0.8
ABW,Sales and marketing support,2020,1.6
ABW,Software development and technology,2020,5.94
ABW,Software development and technology,2023,0.1
ABW,Software development and technology,2024,0.1
ABW,Writing and translation,2019,3.33
ABW,Writing and translation,2020,0.93
ABW,Writing and translation,2021,1.17
AFG,Clerical and data entry,2018,19.5
AFG,Clerical and data entry,2020,0.71
AFG,Clerical and data entry,2021,7.02
AFG,Clerical and data entry,2022,6.16
AFG,Creative and multimedia,2018,13.43
AFG,Creative and multimedia,2019,14.77
AFG,Creative and multimedia,2020,17.37
AFG,Creative and multimedia,2021,22.34
AFG,Creative and multimedia,2022,30.92
AFG,Creative and multimedia,2023,8.48
AFG,Creative and multimedia,2024,6.5
AFG,Professional services,2018,36.93
AFG,Professional services,2020,8.0
AFG,Professional services,2022,2.03
AFG,Professional services,2023,1.87
AFG,Professional services,2024,2.67
AFG,Sales and marketing support,2018,1.0
AFG,Sales and marketing support,2020,8.81
AFG,Sales and marketing support,2023,0.2
AFG,Sales and marketing support,2024,0.45
AFG,Software development and technology,2017,28.67
AFG,Software development and technology,2018,26.78
AFG,Software development and technology,2019,25.25
AFG,Software development and technology,2020,9.13
AFG,Software development and technology,2021,0.77
AFG,Software development and technology,2022,8.46
AFG,Software development and technology,2023,10.31
AFG,Software development and technology,2024,10.47
AFG,Writing and translation,2017,15.2
AFG,Writing and translation,2020,20.36
AFG,Writing and translation,2021,10.42
AFG,Writing and translation,2022,11.16
AFG,Writing and translation,2023,2.87
AFG,Writing and translation,2024,1.98
AGO,Creative and multimedia,2022,0.51
AGO,Creative and multimedia,2023,0.26
AGO,Creative and multimedia,2024,0.45
AGO,Professional services,2024,0.29
AGO,Sales and marketing support,2020,0.4
AGO,Sales and marketing support,2024,0.03
AGO,Software development and technology,2019,16.25
AGO,Software development and technology,2022,0.2
AGO,Software development and technology,2023,0.13
AGO,Software development and technology,2024,0.25
AGO,Writing and translation,2023,0.47
AGO,Writing and translation,2024,0.18
ALB,Clerical and data entry,2017,13.84
ALB,Clerical and data entry,2020,13.71
ALB,Clerical and data entry,2021,15.62
ALB,Clerical and data entry,2022,13.4
ALB,Creative and multimedia,2017,41.55
ALB,Creative and multimedia,2018,49.77
ALB,Creative and multimedia,2019,45.9
ALB,Creative and multimedia,2020,55.06
ALB,Creative and multimedia,2021,24.24
ALB,Creative and multimedia,2022,37.63
ALB,Creative and multimedia,2023,31.51
ALB,Creative and multimedia,2024,48.43
ALB,Professional services,2020,2.56
ALB,Professional services,2022,2.04
ALB,Professional services,2023,0.9
ALB,Professional services,2024,1.76
ALB,Sales and marketing support,2017,4.58
ALB,Sales and marketing support,2018,58.61
ALB,Sales and marketing support,2019,112.72
ALB,Sales and marketing support,2020,19.93
ALB,Sales and marketing support,2021,10.45
ALB,Sales and marketing support,2022,11.14
ALB,Sales and marketing support,2023,14.68
ALB,Sales and marketing support,2024,12.37
ALB,Software development and technology,2017,36.83
ALB,Software development and technology,2018,51.89
ALB,Software development and technology,2019,34.3
ALB,Software development and technology,2020,95.49
ALB,Software development and technology,2021,274.46
ALB,Software development and technology,2022,344.27
ALB,Software development and technology,2023,84.57
ALB,Software development and technology,2024,94.45
ALB,Writing and translation,2017,18.37
ALB,Writing and translation,2018,22.9
ALB,Writing and translation,2019,16.57
ALB,Writing and translation,2020,8.84
ALB,Writing and translation,2021,2.58
ALB,Writing and translation,2022,2.01
ALB,Writing and translation,2023,3.5
ALB,Writing and translation,2024,5.92
AND,Clerical and data entry,2021,6.04
AND,Professional services,2022,0.63
AND,Professional services,2023,0.91
AND,Software development and technology,2022,8.0
AND,Software development and technology,2024,15.05
AND,Writing and translation,2023,3.63
ARE,Clerical and data entry,2017,9.51
ARE,Clerical and data entry,2018,22.03
ARE,Clerical and data entry,2019,60.72
ARE,Clerical and data entry,2020,58.57
ARE,Clerical and data entry,2021,40.28
ARE,Clerical and data entry,2022,48.8
ARE,Clerical and data entry,2023,25.38
ARE,Clerical and data entry,2024,5.67
ARE,Creative and multimedia,2017,304.45
ARE,Creative and multimedia,2018,484.47
ARE,Creative and multimedia,2019,576.15
ARE,Creative and multimedia,2020,449.83
ARE,Creative and multimedia,2021,356.33
ARE,Creative and multimedia,2022,380.82
ARE,Creative and multimedia,2023,230.45
ARE,Creative and multimedia,2024,289.02
ARE,Professional services,2017,32.22
ARE,Professional services,2018,104.47
ARE,Professional services,2019,51.6
ARE,Professional services,2020,24.53
ARE,Professional services,2021,21.66
ARE,Professional services,2022,13.79
ARE,Professional services,2023,11.74
ARE,Professional services,2024,16.49
ARE,Sales and marketing support,2017,160.8
ARE,Sales and marketing support,2018,166.42
ARE,Sales and marketing support,2019,136.97
ARE,Sales and marketing support,2020,63.6
ARE,Sales and marketing support,2021,148.52
ARE,Sales and marketing support,2022,79.42
ARE,Sales and marketing support,2023,10.11
ARE,Sales and marketing support,2024,24.37
ARE,Software development and technology,2017,289.93
ARE,Software development and technology,2018,363.08
ARE,Software development and technology,2019,495.89
ARE,Software development and technology,2020,633.65
ARE,Software development and technology,2021,434.39
ARE,Software development and technology,2022,196.02
ARE,Software development and technology,2023,326.87
ARE,Software development and technology,2024,428.85
ARE,Writing and translation,2017,41.74
ARE,Writing and translation,2018,108.53
ARE,Writing and translation,2019,57.51
ARE,Writing and translation,2020,78.29
ARE,Writing and translation,2021,109.51
ARE,Writing and translation,2022,98.01
ARE,Writing and translation,2023,15.28
ARE,Writing and translation,2024,46.49
ARG,Clerical and data entry,2017,13.84
ARG,Clerical and data entry,2018,9.59
ARG,Clerical and data entry,2019,131.73
ARG,Clerical and data entry,2020,235.3
ARG,Clerical and data entry,2021,300.47
ARG,Clerical and data entry,2022,229.36
ARG,Clerical and data entry,2023,12.63
ARG,Clerical and data entry,2024,8.7
ARG,Creative and multimedia,2017,430.06
ARG,Creative and multimedia,2018,374.32
ARG,Creative and multimedia,2019,759.84
ARG,Creative and multimedia,2020,1650.15
ARG,Creative and multimedia,2021,1961.22
ARG,Creative and multimedia,2022,3484.9
ARG,Creative and multimedia,2023,2327.36
ARG,Creative and multimedia,2024,2320.5
ARG,Professional services,2018,26.42
ARG,Professional services,2019,58.74
ARG,Professional services,2020,24.97
ARG,Professional services,2021,6.93
ARG,Professional services,2022,52.72
ARG,Professional services,2023,17.26
ARG,Professional services,2024,8.25
ARG,Sales and marketing support,2017,24.52
ARG,Sales and marketing support,2018,27.89
ARG,Sales and marketing support,2019,320.63
ARG,Sales and marketing support,2020,267.3
ARG,Sales and marketing support,2021,13.45
ARG,Sales and marketing support,2022,47.84
ARG,Sales and marketing support,2023,41.88
ARG,Sales and marketing support,2024,26.54
ARG,Software development and technology,2017,66.45
ARG,Software development and technology,2018,91.63
ARG,Software development and technology,2019,516.29
ARG,Software development and technology,2020,760.53
ARG,Software development and technology,2021,615.4
ARG,Software development and technology,2022,1181.83
ARG,Software development and technology,2023,1072.34
ARG,Software development and technology,2024,1212.26
ARG,Writing and translation,2017,239.54
ARG,Writing and translation,2018,213.52
ARG,Writing and translation,2019,287.48
ARG,Writing and translation,2020,223.23
ARG,Writing and translation,2021,284.4
ARG,Writing and translation,2022,337.11
ARG,Writing and translation,2023,210.27
ARG,Writing and translation,2024,195.36
ARM,Clerical and data entry,2019,19.84
ARM,Clerical and data entry,2020,7.49
ARM,Clerical and data entry,2021,7.89
ARM,Clerical and data entry,2022,24.9
ARM,Clerical and data entry,2023,12.64
ARM,Clerical and data entry,2024,3.63
ARM,Creative and multimedia,2017,49.45
ARM,Creative and multimedia,2018,24.36
ARM,Creative and multimedia,2019,443.18
ARM,Creative and multimedia,2020,819.92
ARM,Creative and multimedia,2021,759.79
ARM,Creative and multimedia,2022,1087.55
ARM,Creative and multimedia,2023,679.52
ARM,Creative and multimedia,2024,892.48
ARM,Professional services,2019,5.79
ARM,Professional services,2020,6.1
ARM,Professional services,2021,5.25
ARM,Professional services,2022,16.4
ARM,Professional services,2023,9.82
ARM,Professional services,2024,9.61
ARM,Sales and marketing support,2017,36.58
ARM,Sales and marketing support,2018,56.65
ARM,Sales and marketing support,2019,101.22
ARM,Sales and marketing support,2020,215.18
ARM,Sales and marketing support,2021,12.87
ARM,Sales and marketing support,2022,5.97
ARM,Sales and marketing support,2023,2.01
ARM,Sales and marketing support,2024,0.19
ARM,Software development and technology,2017,93.13
ARM,Software development and technology,2018,107.13
ARM,Software development and technology,2019,172.02
ARM,Software development and technology,2020,302.68
ARM,Software development and technology,2021,590.53
ARM,Software development and technology,2022,1078.93
ARM,Software development and technology,2023,369.12
ARM,Software development and technology,2024,197.43
ARM,Writing and translation,2019,14.2
ARM,Writing and translation,2020,14.72
ARM,Writing and translation,2021,12.57
ARM,Writing and translation,2022,16.57
ARM,Writing and translation,2023,0.92
ARM,Writing and translation,2024,0.79
ASM,Software development and technology,2019,36.32
ATG,Creative and multimedia,2023,0.17
ATG,Creative and multimedia,2024,0.1
AUS,Clerical and data entry,2017,14.5
AUS,Clerical and data entry,2018,43.36
AUS,Clerical and data entry,2019,77.24
AUS,Clerical and data entry,2020,80.0
AUS,Clerical and data entry,2021,145.5
AUS,Clerical and data entry,2022,101.82
AUS,Clerical and data entry,2023,18.93
AUS,Clerical and data entry,2024,73.48
AUS,Creative and multimedia,2017,246.77
AUS,Creative and multimedia,2018,281.94
AUS,Creative and multimedia,2019,721.74
AUS,Creative and multimedia,2020,1085.43
AUS,Creative and multimedia,2021,1202.04
AUS,Creative and multimedia,2022,1115.3
AUS,Creative and multimedia,2023,875.36
AUS,Creative and multimedia,2024,977.76
AUS,Professional services,2017,6.56
AUS,Professional services,2018,43.51
AUS,Professional services,2019,259.13
AUS,Professional services,2020,143.32
AUS,Professional services,2021,137.7
AUS,Professional services,2022,134.06
AUS,Professional services,2023,66.49
AUS,Professional services,2024,40.9
AUS,Sales and marketing support,2017,134.45
AUS,Sales and marketing support,2018,314.79
AUS,Sales and marketing support,2019,328.68
AUS,Sales and marketing support,2020,220.5
AUS,Sales and marketing support,2021,225.3
AUS,Sales and marketing support,2022,200.31
AUS,Sales and marketing support,2023,102.03
AUS,Sales and marketing support,2024,141.85
AUS,Software development and technology,2017,202.38
AUS,Software development and technology,2018,271.81
AUS,Software development and technology,2019,1086.53
AUS,Software development and technology,2020,1315.1
AUS,Software development and technology,2021,962.88
AUS,Software development and technology,2022,1077.09
AUS,Software development and technology,2023,494.85
AUS,Software development and technology,2024,871.03
AUS,Writing and translation,2017,110.52
AUS,Writing and translation,2018,277.53
AUS,Writing and translation,2019,876.3
AUS,Writing and translation,2020,1315.38
AUS,Writing and translation,2021,945.43
AUS,Writing and translation,2022,920.71
AUS,Writing and translation,2023,532.79
AUS,Writing and translation,2024,545.99
AUT,Clerical and data entry,2017,6.76
AUT,Clerical and data entry,2020,17.86
AUT,Clerical and data entry,2021,18.45
AUT,Clerical and data entry,2022,8.56
AUT,Clerical and data entry,2023,18.57
AUT,Clerical and data entry,2024,30.92
AUT,Creative and multimedia,2018,31.62
AUT,Creative and multimedia,2019,59.02
AUT,Creative and multimedia,2020,39.97
AUT,Creative and multimedia,2021,52.53
AUT,Creative and multimedia,2022,27.19
AUT,Creative and multimedia,2023,12.67
AUT,Creative and multimedia,2024,8.36
AUT,Professional services,2017,17.28
AUT,Professional services,2018,19.7
AUT,Professional services,2019,10.77
AUT,Professional services,2020,11.04
AUT,Professional services,2022,1.23
AUT,Professional services,2023,0.93
AUT,Professional services,2024,0.25
AUT,Sales and marketing support,2017,35.75
AUT,Sales and marketing support,2018,24.23
AUT,Sales and marketing support,2019,7.36
AUT,Sales and marketing support,2020,12.02
AUT,Sales and marketing support,2021,7.97
AUT,Sales and marketing support,2022,5.21
AUT,Sales and marketing support,2023,1.61
AUT,Sales and marketing support,2024,0.12
AUT,Software development and technology,2017,39.26
AUT,Software development and technology,2018,67.6
AUT,Software development and technology,2019,19.64
AUT,Software development and technology,2020,37.6
AUT,Software development and technology,2021,98.2
AUT,Software development and technology,2022,314.93
AUT,Software development and technology,2023,22.45
AUT,Software development and technology,2024,8.96
AUT,Writing and translation,2017,35.96
AUT,Writing and translation,2018,43.25
AUT,Writing and translation,2019,74.64
AUT,Writing and translation,2020,66.76
AUT,Writing and translation,2021,84.93
AUT,Writing and translation,2022,19.89
AUT,Writing and translation,2023,7.87
AUT,Writing and translation,2024,4.5
AZE,Clerical and data entry,2020,0.59
AZE,Clerical and data entry,2022,7.22
AZE,Creative and multimedia,2017,23.48
AZE,Creative and multimedia,2018,26.13
AZE,Creative and multimedia,2019,32.94
AZE,Creative and multimedia,2020,33.27
AZE,Creative and multimedia,2021,18.08
AZE,Creative and multimedia,2022,13.39
AZE,Creative and multimedia,2023,28.67
AZE,Creative and multimedia,2024,30.86
AZE,Professional services,2022,0.28
AZE,Professional services,2023,0.14
AZE,Professional services,2024,0.1
AZE,Sales and marketing support,2020,14.1
AZE,Sales and marketing support,2021,3.43
AZE,Sales and marketing support,2022,1.47
AZE,Sales and marketing support,2023,0.54
AZE,Sales and marketing support,2024,0.19
AZE,Software development and technology,2017,29.74
AZE,Software development and technology,2018,24.65
AZE,Software development and technology,2019,96.85
AZE,Software development and technology,2020,35.63
AZE,Software development and technology,2021,68.51
AZE,Software development and technology,2022,43.01
AZE,Software development and technology,2023,46.52
AZE,Software development and technology,2024,65.58
AZE,Writing and translation,2017,3.0
AZE,Writing and translation,2018,58.39
AZE,Writing and translation,2019,57.32
AZE,Writing and translation,2020,23.14
AZE,Writing and translation,2021,2.35
AZE,Writing and translation,2022,0.9
AZE,Writing and translation,2023,2.32
AZE,Writing and translation,2024,0.59
BDI,Creative and multimedia,2019,18.78
BDI,Creative and multimedia,2020,6.6
BDI,Creative and multimedia,2021,3.22
BDI,Writing and translation,2022,0.16
BDI,Writing and translation,2023,0.16
BDI,Writing and translation,2024,0.24
BEL,Clerical and data entry,2023,0.04
BEL,Creative and multimedia,2017,20.01
BEL,Creative and multimedia,2018,3.61
BEL,Creative and multimedia,2019,10.79
BEL,Creative and multimedia,2020,7.66
BEL,Creative and multimedia,2021,7.89
BEL,Creative and multimedia,2022,11.46
BEL,Creative and multimedia,2023,3.54
BEL,Creative and multimedia,2024,1.35
BEL,Professional services,2017,13.84
BEL,Professional services,2019,5.79
BEL,Professional services,2020,5.81
BEL,Professional services,2021,5.25
BEL,Professional services,2022,7.28
BEL,Professional services,2023,1.5
BEL,Professional services,2024,0.47
BEL,Sales and marketing support,2019,37.9
BEL,Sales and marketing support,2020,0.4
BEL,Sales and marketing support,2022,0.78
BEL,Sales and marketing support,2023,0.79
BEL,Sales and marketing support,2024,0.66
BEL,Software development and technology,2017,25.01
BEL,Software development and technology,2018,28.51
BEL,Software development and technology,2019,188.89
BEL,Software development and technology,2020,62.41
BEL,Software development and technology,2021,14.58
BEL,Software development and technology,2022,8.6
BEL,Software development and technology,2023,3.12
BEL,Software development and technology,2024,7.77
BEL,Writing and translation,2017,22.19
BEL,Writing and translation,2018,39.27
BEL,Writing and translation,2019,37.41
BEL,Writing and translation,2020,15.74
BEL,Writing and translation,2021,5.2
BEL,Writing and translation,2022,12.59
BEL,Writing and translation,2023,8.62
BEL,Writing and translation,2024,5.82
BEN,Clerical and data entry,2021,3.45
BEN,Clerical and data entry,2022,36.46
BEN,Clerical and data entry,2023,69.8
BEN,Clerical and data entry,2024,46.9
BEN,Creative and multimedia,2019,0.4
BEN,Creative and multimedia,2020,5.98
BEN,Creative and multimedia,2021,15.45
BEN,Creative and multimedia,2022,1.59
BEN,Creative and multimedia,2023,1.47
BEN,Creative and multimedia,2024,2.87
BEN,Professional services,2020,0.4
BEN,Professional services,2022,0.32
BEN,Professional services,2023,0.92
BEN,Professional services,2024,1.14
BEN,Sales and marketing support,2021,6.61
BEN,Sales and marketing support,2022,0.21
BEN,Sales and marketing support,2023,0.12
BEN,Sales and marketing support,2024,0.33
BEN,Software development and technology,2019,22.59
BEN,Software development and technology,2020,11.71
BEN,Software development and technology,2021,10.62
BEN,Software development and technology,2022,20.28
BEN,Software development and technology,2023,0.19
BEN,Software development and technology,2024,3.28
BEN,Writing and translation,2017,14.65
BEN,Writing and translation,2019,20.22
BEN,Writing and translation,2020,28.91
BEN,Writing and translation,2021,29.42
BEN,Writing and translation,2022,0.67
BEN,Writing and translation,2023,0.9
BEN,Writing and translation,2024,1.13
BFA,Sales and marketing support,2019,2.04
BFA,Software development and technology,2023,0.1
BFA,Software development and technology,2024,0.34
BFA,Writing and translation,2019,2.31
BFA,Writing and translation,2023,0.19
BGD,Clerical and data entry,2017,1849.13
BGD,Clerical and data entry,2018,2208.72
BGD,Clerical and data entry,2019,2813.56
BGD,Clerical and data entry,2020,4145.83
BGD,Clerical and data entry,2021,5097.22
BGD,Clerical and data entry,2022,4832.76
BGD,Clerical and data entry,2023,2549.69
BGD,Clerical and data entry,2024,2326.74
BGD,Creative and multimedia,2017,8434.58
BGD,Creative and multimedia,2018,11392.61
BGD,Creative and multimedia,2019,15099.15
BGD,Creative and multimedia,2020,26985.07
BGD,Creative and multimedia,2021,31162.07
BGD,Creative and multimedia,2022,41198.97
BGD,Creative and multimedia,2023,29504.66
BGD,Creative and multimedia,2024,27031.99
BGD,Professional services,2017,1447.53
BGD,Professional services,2018,2593.58
BGD,Professional services,2019,1401.34
BGD,Professional services,2020,451.82
BGD,Professional services,2021,41.42
BGD,Professional services,2022,328.54
BGD,Professional services,2023,198.56
BGD,Professional services,2024,218.25
BGD,Sales and marketing support,2017,12568.41
BGD,Sales and marketing support,2018,16534.96
BGD,Sales and marketing support,2019,9054.33
BGD,Sales and marketing support,2020,3412.87
BGD,Sales and marketing support,2021,2886.88
BGD,Sales and marketing support,2022,2792.38
BGD,Sales and marketing support,2023,1605.97
BGD,Sales and marketing support,2024,1722.72
BGD,Software development and technology,2017,7045.8
BGD,Software development and technology,2018,9612.37
BGD,Software development and technology,2019,7355.86
BGD,Software development and technology,2020,7278.96
BGD,Software development and technology,2021,7281.1
BGD,Software development and technology,2022,7153.78
BGD,Software development and technology,2023,5680.8
BGD,Software development and technology,2024,5979.95
BGD,Writing and translation,2017,908.57
BGD,Writing and translation,2018,1099.0
BGD,Writing and translation,2019,2295.09
BGD,Writing and translation,2020,3765.74
BGD,Writing and translation,2021,4616.02
BGD,Writing and translation,2022,4806.19
BGD,Writing and translation,2023,2353.02
BGD,Writing and translation,2024,2006.72
BGR,Clerical and data entry,2017,22.38
BGR,Clerical and data entry,2019,30.29
BGR,Clerical and data entry,2020,9.94
BGR,Clerical and data entry,2021,23.57
BGR,Clerical and data entry,2022,28.8
BGR,Clerical and data entry,2023,16.89
BGR,Creative and multimedia,2017,394.32
BGR,Creative and multimedia,2018,328.48
BGR,Creative and multimedia,2019,388.15
BGR,Creative and multimedia,2020,738.59
BGR,Creative and multimedia,2021,637.45
BGR,Creative and multimedia,2022,308.79
BGR,Creative and multimedia,2023,157.62
BGR,Creative and multimedia,2024,189.25
BGR,Professional services,2017,42.66
BGR,Professional services,2018,55.3
BGR,Professional services,2019,79.91
BGR,Professional services,2020,41.45
BGR,Professional services,2021,9.81
BGR,Professional services,2022,7.88
BGR,Professional services,2023,3.76
BGR,Professional services,2024,4.3
BGR,Sales and marketing support,2017,142.94
BGR,Sales and marketing support,2018,104.15
BGR,Sales and marketing support,2019,44.49
BGR,Sales and marketing support,2020,108.31
BGR,Sales and marketing support,2021,130.49
BGR,Sales and marketing support,2022,125.23
BGR,Sales and marketing support,2023,74.82
BGR,Sales and marketing support,2024,71.7
BGR,Software development and technology,2017,194.52
BGR,Software development and technology,2018,167.29
BGR,Software development and technology,2019,278.73
BGR,Software development and technology,2020,437.94
BGR,Software development and technology,2021,453.49
BGR,Software development and technology,2022,325.26
BGR,Software development and technology,2023,197.77
BGR,Software development and technology,2024,230.25
BGR,Writing and translation,2017,105.82
BGR,Writing and translation,2018,61.99
BGR,Writing and translation,2019,48.49
BGR,Writing and translation,2020,36.46
BGR,Writing and translation,2021,37.35
BGR,Writing and translation,2022,13.49
BGR,Writing and translation,2023,10.82
BGR,Writing and translation,2024,5.55
BHR,Clerical and data entry,2022,1.15
BHR,Creative and multimedia,2018,21.34
BHR,Creative and multimedia,2019,62.54
BHR,Creative and multimedia,2020,94.51
BHR,Creative and multimedia,2021,15.78
BHR,Creative and multimedia,2022,57.89
BHR,Creative and multimedia,2023,115.44
BHR,Creative and multimedia,2024,22.67
BHR,Professional services,2018,17.22
BHR,Professional services,2019,0.4
BHR,Professional services,2022,1.52
BHR,Professional services,2023,0.61
BHR,Professional services,2024,0.63
BHR,Sales and marketing support,2021,4.0
BHR,Sales and marketing support,2022,0.13
BHR,Sales and marketing support,2023,0.21
BHR,Sales and marketing support,2024,0.21
BHR,Software development and technology,2017,13.84
BHR,Software development and technology,2018,1.0
BHR,Software development and technology,2020,14.4
BHR,Software development and technology,2021,44.73
BHR,Software development and technology,2022,2.25
BHR,Software development and technology,2023,0.88
BHR,Software development and technology,2024,0.54
BHR,Writing and translation,2017,9.54
BHR,Writing and translation,2019,13.2
BHR,Writing and translation,2020,13.05
BHR,Writing and translation,2021,8.0
BHR,Writing and translation,2022,3.5
BHR,Writing and translation,2023,3.5
BHR,Writing and translation,2024,5.17
BHS,Clerical and data entry,2020,2.6
BHS,Clerical and data entry,2021,7.88
BHS,Creative and multimedia,2022,60.71
BHS,Creative and multimedia,2024,0.82
BHS,Professional services,2017,23.19
BHS,Professional services,2018,22.66
BHS,Professional services,2020,3.66
BHS,Professional services,2022,0.32
BHS,Professional services,2023,0.49
BHS,Sales and marketing support,2018,23.07
BHS,Sales and marketing support,2020,3.66
BHS,Sales and marketing support,2022,2.26
BHS,Sales and marketing support,2023,2.09
BHS,Sales and marketing support,2024,2.25
BHS,Software development and technology,2022,0.25
BHS,Software development and technology,2023,0.34
BHS,Software development and technology,2024,0.1
BHS,Writing and translation,2018,23.36
BHS,Writing and translation,2019,25.96
BHS,Writing and translation,2020,4.11
BHS,Writing and translation,2021,8.78
BHS,Writing and translation,2022,18.15
BHS,Writing and translation,2023,0.25
BHS,Writing and translation,2024,0.16
BIH,Clerical and data entry,2018,14.65
BIH,Clerical and data entry,2019,41.9
BIH,Clerical and data entry,2020,21.27
BIH,Clerical and data entry,2021,15.83
BIH,Clerical and data entry,2022,8.17
BIH,Clerical and data entry,2023,8.87
BIH,Clerical and data entry,2024,4.47
BIH,Creative and multimedia,2017,168.69
BIH,Creative and multimedia,2018,167.35
BIH,Creative and multimedia,2019,562.38
BIH,Creative and multimedia,2020,790.08
BIH,Creative and multimedia,2021,792.86
BIH,Creative and multimedia,2022,449.88
BIH,Creative and multimedia,2023,191.08
BIH,Creative and multimedia,2024,76.37
BIH,Professional services,2019,5.79
BIH,Professional services,2020,15.43
BIH,Professional services,2022,2.89
BIH,Professional services,2023,2.95
BIH,Professional services,2024,1.77
BIH,Sales and marketing support,2018,40.12
BIH,Sales and marketing support,2019,56.11
BIH,Sales and marketing support,2020,8.82
BIH,Sales and marketing support,2021,42.75
BIH,Sales and marketing support,2022,56.32
BIH,Sales and marketing support,2023,60.68
BIH,Sales and marketing support,2024,22.1
BIH,Software development and technology,2017,45.78
BIH,Software development and technology,2018,78.74
BIH,Software development and technology,2019,127.68
BIH,Software development and technology,2020,156.02
BIH,Software development and technology,2021,307.33
BIH,Software development and technology,2022,93.54
BIH,Software development and technology,2023,41.96
BIH,Software development and technology,2024,18.91
BIH,Writing and translation,2017,13.84
BIH,Writing and translation,2018,21.39
BIH,Writing and translation,2019,36.45
BIH,Writing and translation,2020,11.92
BIH,Writing and translation,2022,47.65
BIH,Writing and translation,2023,2.65
BIH,Writing and translation,2024,2.57
BLR,Clerical and data entry,2021,0.4
BLR,Clerical and data entry,2023,3.63
BLR,Clerical and data entry,2024,8.29
BLR,Creative and multimedia,2017,55.35
BLR,Creative and multimedia,2018,38.87
BLR,Creative and multimedia,2019,55.25
BLR,Creative and multimedia,2020,137.9
BLR,Creative and multimedia,2021,74.4
BLR,Creative and multimedia,2022,336.27
BLR,Creative and multimedia,2023,234.61
BLR,Creative and multimedia,2024,141.75
BLR,Professional services,2019,100.04
BLR,Professional services,2020,136.5
BLR,Professional services,2021,152.48
BLR,Professional services,2022,56.42
BLR,Professional services,2023,7.62
BLR,Professional services,2024,10.16
BLR,Sales and marketing support,2020,27.63
BLR,Sales and marketing support,2022,84.84
BLR,Sales and marketing support,2023,98.76
BLR,Sales and marketing support,2024,111.37
BLR,Software development and technology,2017,18.58
BLR,Software development and technology,2018,39.16
BLR,Software development and technology,2019,157.12
BLR,Software development and technology,2020,390.0
BLR,Software development and technology,2021,869.73
BLR,Software development and technology,2022,2181.72
BLR,Software development and technology,2023,685.41
BLR,Software development and technology,2024,513.95
BLR,Writing and translation,2017,8.44
BLR,Writing and translation,2019,16.3
BLR,Writing and translation,2020,4.12
BLR,Writing and translation,2021,21.68
BLR,Writing and translation,2022,9.1
BLR,Writing and translation,2023,0.53
BLR,Writing and translation,2024,20.33
BLZ,Clerical and data entry,2017,13.79
BLZ,Clerical and data entry,2019,2.2
BLZ,Clerical and data entry,2020,1.6
BLZ,Clerical and data entry,2021,8.0
BLZ,Clerical and data entry,2022,9.92
BLZ,Creative and multimedia,2019,17.18
BLZ,Creative and multimedia,2020,10.42
BLZ,Creative and multimedia,2022,0.24
BLZ,Creative and multimedia,2023,0.42
BLZ,Professional services,2017,11.45
BLZ,Professional services,2018,29.93
BLZ,Sales and marketing support,2018,17.32
BLZ,Sales and marketing support,2019,4.52
BLZ,Sales and marketing support,2020,4.35
BLZ,Writing and translation,2017,15.51
BLZ,Writing and translation,2019,1.0
BLZ,Writing and translation,2022,7.73
BMU,Professional services,2019,22.97
BMU,Sales and marketing support,2019,0.4
BMU,Sales and marketing support,2024,0.23
BMU,Writing and translation,2024,0.1
BOL,Clerical and data entry,2019,19.51
BOL,Clerical and data entry,2020,8.0
BOL,Clerical and data entry,2022,32.17
BOL,Clerical and data entry,2023,0.06
BOL,Creative and multimedia,2018,12.25
BOL,Creative and multimedia,2019,13.77
BOL,Creative and multimedia,2020,36.84
BOL,Creative and multimedia,2021,105.94
BOL,Creative and multimedia,2022,205.89
BOL,Creative and multimedia,2023,92.57
BOL,Creative and multimedia,2024,37.45
BOL,Professional services,2019,2.0
BOL,Professional services,2022,6.44
BOL,Professional services,2023,0.02
BOL,Professional services,2024,0.02
BOL,Sales and marketing support,2022,7.06
BOL,Sales and marketing support,2023,0.71
BOL,Sales and marketing support,2024,0.01
BOL,Software development and technology,2019,6.72
BOL,Software development and technology,2020,27.37
BOL,Software development and technology,2021,43.31
BOL,Software development and technology,2022,121.47
BOL,Software development and technology,2023,88.76
BOL,Software development and technology,2024,124.3
BOL,Writing and translation,2018,23.63
BOL,Writing and translation,2019,12.48
BOL,Writing and translation,2020,11.73
BOL,Writing and translation,2021,21.71
BOL,Writing and translation,2022,13.92
BOL,Writing and translation,2023,0.1
BOL,Writing and translation,2024,0.84
BRA,Clerical and data entry,2017,16.34
BRA,Clerical and data entry,2018,19.0
BRA,Clerical and data entry,2019,10.99
BRA,Clerical and data entry,2020,9.94
BRA,Clerical and data entry,2021,7.0
BRA,Clerical and data entry,2022,26.96
BRA,Clerical and data entry,2023,5.97
BRA,Clerical and data entry,2024,35.65
BRA,Creative and multimedia,2017,210.67
BRA,Creative and multimedia,2018,233.96
BRA,Creative and multimedia,2019,490.64
BRA,Creative and multimedia,2020,632.01
BRA,Creative and multimedia,2021,972.79
BRA,Creative and multimedia,2022,1975.13
BRA,Creative and multimedia,2023,1171.02
BRA,Creative and multimedia,2024,1103.97
BRA,Professional services,2017,21.62
BRA,Professional services,2018,36.48
BRA,Professional services,2019,6.42
BRA,Professional services,2020,11.62
BRA,Professional services,2021,12.34
BRA,Professional services,2022,13.69
BRA,Professional services,2023,1.95
BRA,Professional services,2024,17.73
BRA,Sales and marketing support,2017,27.17
BRA,Sales and marketing support,2018,44.1
BRA,Sales and marketing support,2019,51.38
BRA,Sales and marketing support,2020,57.75
BRA,Sales and marketing support,2021,50.06
BRA,Sales and marketing support,2022,79.64
BRA,Sales and marketing support,2023,8.01
BRA,Sales and marketing support,2024,7.22
BRA,Software development and technology,2017,166.59
BRA,Software development and technology,2018,110.54
BRA,Software development and technology,2019,229.61
BRA,Software development and technology,2020,342.98
BRA,Software development and technology,2021,739.5
BRA,Software development and technology,2022,676.23
BRA,Software development and technology,2023,624.65
BRA,Software development and technology,2024,537.74
BRA,Writing and translation,2017,189.79
BRA,Writing and translation,2018,127.95
BRA,Writing and translation,2019,123.7
BRA,Writing and translation,2020,132.54
BRA,Writing and translation,2021,80.51
BRA,Writing and translation,2022,106.48
BRA,Writing and translation,2023,61.06
BRA,Writing and translation,2024,75.03
BRB,Clerical and data entry,2018,17.68
BRB,Clerical and data entry,2019,4.15
BRB,Clerical and data entry,2020,5.18
BRB,Clerical and data entry,2021,1.42
BRB,Clerical and data entry,2022,7.05
BRB,Clerical and data entry,2023,5.21
BRB,Creative and multimedia,2017,36.27
BRB,Creative and multimedia,2018,62.39
BRB,Creative and multimedia,2019,68.57
BRB,Creative and multimedia,2020,15.97
BRB,Creative and multimedia,2021,18.63
BRB,Creative and multimedia,2022,16.39
BRB,Creative and multimedia,2023,13.33
BRB,Creative and multimedia,2024,6.3
BRB,Professional services,2017,17.59
BRB,Professional services,2018,24.8
BRB,Professional services,2020,0.69
BRB,Professional services,2022,0.27
BRB,Professional services,2023,0.25
BRB,Professional services,2024,0.28
BRB,Sales and marketing support,2017,70.08
BRB,Sales and marketing support,2018,402.91
BRB,Sales and marketing support,2019,277.56
BRB,Sales and marketing support,2020,56.65
BRB,Sales and marketing support,2021,31.98
BRB,Sales and marketing support,2022,18.3
BRB,Sales and marketing support,2023,3.11
BRB,Sales and marketing support,2024,2.58
BRB,Software development and technology,2017,17.84
BRB,Software development and technology,2018,24.69
BRB,Software development and technology,2019,18.37
BRB,Software development and technology,2020,12.69
BRB,Software development and technology,2021,2.84
BRB,Software development and technology,2022,1.91
BRB,Software development and technology,2023,2.01
BRB,Writing and translation,2019,17.53
BRB,Writing and translation,2020,5.29
BRB,Writing and translation,2021,3.14
BRB,Writing and translation,2022,2.41
BRN,Clerical and data entry,2018,1.0
BRN,Creative and multimedia,2022,19.15
BRN,Creative and multimedia,2023,0.23
BRN,Software development and technology,2020,18.45
BRN,Writing and translation,2020,5.48
BRN,Writing and translation,2021,5.38
BRN,Writing and translation,2023,0.15
BRN,Writing and translation,2024,0.2
BTN,Creative and multimedia,2017,13.84
BTN,Creative and multimedia,2019,4.27
BTN,Creative and multimedia,2020,4.17
BTN,Creative and multimedia,2022,2.97
BTN,Creative and multimedia,2023,0.18
BTN,Professional services,2020,4.99
BTN,Professional services,2021,5.25
BTN,Professional services,2022,6.95
BTN,Professional services,2023,6.55
BTN,Sales and marketing support,2020,8.34
BTN,Sales and marketing support,2022,1.53
BTN,Sales and marketing support,2023,1.14
BTN,Sales and marketing support,2024,0.69
BTN,Software development and technology,2018,18.88
BTN,Software development and technology,2019,16.56
BTN,Software development and technology,2020,3.89
BTN,Software development and technology,2022,20.16
BTN,Software development and technology,2023,3.03
BTN,Software development and technology,2024,7.89
BTN,Writing and translation,2020,7.96
BTN,Writing and translation,2021,2.47
BTN,Writing and translation,2022,3.89
BTN,Writing and translation,2023,0.48
BTN,Writing and translation,2024,0.15
BWA,Creative and multimedia,2020,28.83
BWA,Creative and multimedia,2021,9.2
BWA,Creative and multimedia,2022,8.96
BWA,Creative and multimedia,2023,1.22
BWA,Creative and multimedia,2024,1.46
BWA,Professional services,2019,1.43
BWA,Professional services,2022,12.71
BWA,Professional services,2023,0.94
BWA,Professional services,2024,0.82
BWA,Sales and marketing support,2019,7.07
BWA,Sales and marketing support,2020,3.4
BWA,Sales and marketing support,2022,5.44
BWA,Sales and marketing support,2023,0.53
BWA,Sales and marketing support,2024,0.16
BWA,Software development and technology,2020,2.67
BWA,Software development and technology,2021,2.47
BWA,Software development and technology,2024,0.19
BWA,Writing and translation,2018,14.71
BWA,Writing and translation,2022,0.44
BWA,Writing and translation,2023,0.58
BWA,Writing and translation,2024,0.1
CAN,Clerical and data entry,2017,135.15
CAN,Clerical and data entry,2018,101.67
CAN,Clerical and data entry,2019,108.5
CAN,Clerical and data entry,2020,275.52
CAN,Clerical and data entry,2021,358.37
CAN,Clerical and data entry,2022,300.81
CAN,Clerical and data entry,2023,81.92
CAN,Clerical and data entry,2024,115.59
CAN,Creative and multimedia,2017,697.81
CAN,Creative and multimedia,2018,547.78
CAN,Creative and multimedia,2019,1024.36
CAN,Creative and multimedia,2020,909.84
CAN,Creative and multimedia,2021,926.96
CAN,Creative and multimedia,2022,944.8
CAN,Creative and multimedia,2023,706.96
CAN,Creative and multimedia,2024,874.28
CAN,Professional services,2017,73.32
CAN,Professional services,2018,106.6
CAN,Professional services,2019,143.71
CAN,Professional services,2020,234.75
CAN,Professional services,2021,102.49
CAN,Professional services,2022,160.82
CAN,Professional services,2023,33.89
CAN,Professional services,2024,67.45
CAN,Sales and marketing support,2017,147.64
CAN,Sales and marketing support,2018,195.36
CAN,Sales and marketing support,2019,224.49
CAN,Sales and marketing support,2020,210.05
CAN,Sales and marketing support,2021,262.76
CAN,Sales and marketing support,2022,227.6
CAN,Sales and marketing support,2023,73.69
CAN,Sales and marketing support,2024,126.69
CAN,Software development and technology,2017,877.23
CAN,Software development and technology,2018,771.68
CAN,Software development and technology,2019,1040.07
CAN,Software development and technology,2020,1076.4
CAN,Software development and technology,2021,1170.6
CAN,Software development and technology,2022,2180.3
CAN,Software development and technology,2023,1653.39
CAN,Software development and technology,2024,1618.32
CAN,Writing and translation,2017,608.96
CAN,Writing and translation,2018,565.16
CAN,Writing and translation,2019,907.16
CAN,Writing and translation,2020,1245.88
CAN,Writing and translation,2021,607.59
CAN,Writing and translation,2022,594.06
CAN,Writing and translation,2023,337.3
CAN,Writing and translation,2024,425.05
CHE,Clerical and data entry,2017,15.95
CHE,Clerical and data entry,2018,20.81
CHE,Clerical and data entry,2019,6.1
CHE,Clerical and data entry,2020,5.04
CHE,Clerical and data entry,2021,20.52
CHE,Clerical and data entry,2022,17.42
CHE,Clerical and data entry,2023,4.96
CHE,Clerical and data entry,2024,5.68
CHE,Creative and multimedia,2017,11.99
CHE,Creative and multimedia,2018,34.87
CHE,Creative and multimedia,2019,20.41
CHE,Creative and multimedia,2020,23.67
CHE,Creative and multimedia,2021,12.61
CHE,Creative and multimedia,2022,11.5
CHE,Creative and multimedia,2023,7.41
CHE,Creative and multimedia,2024,26.07
CHE,Professional services,2017,83.58
CHE,Professional services,2018,110.5
CHE,Professional services,2019,104.43
CHE,Professional services,2020,9.1
CHE,Professional services,2022,0.44
CHE,Professional services,2023,0.42
CHE,Professional services,2024,1.32
CHE,Sales and marketing support,2018,37.49
CHE,Sales and marketing support,2019,7.09
CHE,Sales and marketing support,2020,17.23
CHE,Sales and marketing support,2021,2.45
CHE,Sales and marketing support,2022,2.42
CHE,Sales and marketing support,2023,0.3
CHE,Sales and marketing support,2024,1.65
CHE,Software development and technology,2017,56.31
CHE,Software development and technology,2018,84.77
CHE,Software development and technology,2019,70.91
CHE,Software development and technology,2020,161.82
CHE,Software development and technology,2021,35.18
CHE,Software development and technology,2022,93.54
CHE,Software development and technology,2023,110.35
CHE,Software development and technology,2024,32.09
CHE,Writing and translation,2017,20.47
CHE,Writing and translation,2018,23.99
CHE,Writing and translation,2019,7.18
CHE,Writing and translation,2020,12.81
CHE,Writing and translation,2021,15.13
CHE,Writing and translation,2022,3.94
CHE,Writing and translation,2023,1.62
CHE,Writing and translation,2024,1.15
CHL,Clerical and data entry,2017,13.84
CHL,Clerical and data entry,2019,4.27
CHL,Clerical and data entry,2020,10.44
CHL,Clerical and data entry,2022,22.77
CHL,Clerical and data entry,2023,0.07
CHL,Clerical and data entry,2024,0.56
CHL,Creative and multimedia,2017,14.72
CHL,Creative and multimedia,2018,31.91
CHL,Creative and multimedia,2019,76.6
CHL,Creative and multimedia,2020,132.64
CHL,Creative and multimedia,2021,316.42
CHL,Creative and multimedia,2022,256.75
CHL,Creative and multimedia,2023,187.58
CHL,Creative and multimedia,2024,148.98
CHL,Professional services,2019,19.88
CHL,Professional services,2020,16.4
CHL,Professional services,2021,10.7
CHL,Professional services,2022,39.49
CHL,Professional services,2023,41.29
CHL,Professional services,2024,18.68
CHL,Sales and marketing support,2017,14.56
CHL,Sales and marketing support,2018,14.23
CHL,Sales and marketing support,2019,61.14
CHL,Sales and marketing support,2020,9.46
CHL,Sales and marketing support,2022,14.25
CHL,Sales and marketing support,2023,0.27
CHL,Sales and marketing support,2024,3.29
CHL,Software development and technology,2017,14.25
CHL,Software development and technology,2018,19.4
CHL,Software development and technology,2019,98.76
CHL,Software development and technology,2020,51.26
CHL,Software development and technology,2021,23.25
CHL,Software development and technology,2022,28.4
CHL,Software development and technology,2023,36.71
CHL,Software development and technology,2024,217.81
CHL,Writing and translation,2017,59.82
CHL,Writing and translation,2018,22.51
CHL,Writing and translation,2019,24.71
CHL,Writing and translation,2020,17.93
CHL,Writing and translation,2021,8.93
CHL,Writing and translation,2022,30.09
CHL,Writing and translation,2023,4.89
CHL,Writing and translation,2024,1.15
CHN,Clerical and data entry,2019,35.6
CHN,Clerical and data entry,2020,30.1
CHN,Clerical and data entry,2021,33.18
CHN,Clerical and data entry,2022,45.48
CHN,Clerical and data entry,2023,19.6
CHN,Clerical and data entry,2024,12.88
CHN,Creative and multimedia,2017,76.69
CHN,Creative and multimedia,2018,67.67
CHN,Creative and multimedia,2019,924.5
CHN,Creative and multimedia,2020,321.02
CHN,Creative and multimedia,2021,138.2
CHN,Creative and multimedia,2022,187.14
CHN,Creative and multimedia,2023,161.51
CHN,Creative and multimedia,2024,118.86
CHN,Professional services,2019,34.59
CHN,Professional services,2020,25.32
CHN,Professional services,2021,19.87
CHN,Professional services,2022,69.86
CHN,Professional services,2023,11.61
CHN,Professional services,2024,33.98
CHN,Sales and marketing support,2017,8.21
CHN,Sales and marketing support,2018,15.0
CHN,Sales and marketing support,2019,373.44
CHN,Sales and marketing support,2020,78.0
CHN,Sales and marketing support,2021,51.98
CHN,Sales and marketing support,2022,63.05
CHN,Sales and marketing support,2023,44.23
CHN,Sales and marketing support,2024,16.29
CHN,Software development and technology,2017,335.2
CHN,Software development and technology,2018,523.79
CHN,Software development and technology,2019,17131.91
CHN,Software development and technology,2020,3178.87
CHN,Software development and technology,2021,953.36
CHN,Software development and technology,2022,667.37
CHN,Software development and technology,2023,681.69
CHN,Software development and technology,2024,396.99
CHN,Writing and translation,2017,199.03
CHN,Writing and translation,2018,199.8
CHN,Writing and translation,2019,403.03
CHN,Writing and translation,2020,156.9
CHN,Writing and translation,2021,344.77
CHN,Writing and translation,2022,384.84
CHN,Writing and translation,2023,203.72
CHN,Writing and translation,2024,212.72
CIV,Clerical and data entry,2020,3.98
CIV,Clerical and data entry,2021,2.48
CIV,Creative and multimedia,2019,37.63
CIV,Creative and multimedia,2020,5.94
CIV,Creative and multimedia,2021,6.6
CIV,Creative and multimedia,2022,17.97
CIV,Creative and multimedia,2023,0.2
CIV,Creative and multimedia,2024,2.91
CIV,Professional services,2017,10.0
CIV,Professional services,2018,17.9
CIV,Professional services,2020,2.31
CIV,Professional services,2022,0.33
CIV,Professional services,2023,0.27
CIV,Professional services,2024,0.3
CIV,Sales and marketing support,2021,0.4
CIV,Sales and marketing support,2023,0.54
CIV,Software development and technology,2019,31.8
CIV,Software development and technology,2020,13.96
CIV,Software development and technology,2021,26.33
CIV,Software development and technology,2022,18.35
CIV,Software development and technology,2023,33.96
CIV,Software development and technology,2024,10.78
CIV,Writing and translation,2017,10.0
CIV,Writing and translation,2018,18.96
CIV,Writing and translation,2020,10.76
CIV,Writing and translation,2021,10.31
CIV,Writing and translation,2022,2.71
CIV,Writing and translation,2023,1.28
CIV,Writing and translation,2024,1.37
CMR,Clerical and data entry,2017,41.85
CMR,Clerical and data entry,2018,20.9
CMR,Clerical and data entry,2019,4.28
CMR,Clerical and data entry,2020,1.04
CMR,Clerical and data entry,2021,1.32
CMR,Clerical and data entry,2022,6.95
CMR,Creative and multimedia,2017,18.77
CMR,Creative and multimedia,2018,9.11
CMR,Creative and multimedia,2019,4.58
CMR,Creative and multimedia,2020,4.63
CMR,Creative and multimedia,2021,15.45
CMR,Creative and multimedia,2022,0.22
CMR,Creative and multimedia,2023,2.06
CMR,Creative and multimedia,2024,5.13
CMR,Professional services,2017,6.82
CMR,Professional services,2018,15.78
CMR,Professional services,2019,1.0
CMR,Professional services,2022,2.33
CMR,Professional services,2023,2.71
CMR,Professional services,2024,19.57
CMR,Sales and marketing support,2017,55.33
CMR,Sales and marketing support,2018,74.09
CMR,Sales and marketing support,2019,66.9
CMR,Sales and marketing support,2020,3.86
CMR,Sales and marketing support,2022,0.11
CMR,Sales and marketing support,2023,0.52
CMR,Sales and marketing support,2024,0.21
CMR,Software development and technology,2017,28.25
CMR,Software development and technology,2018,47.82
CMR,Software development and technology,2019,51.32
CMR,Software development and technology,2020,20.93
CMR,Software development and technology,2021,90.48
CMR,Software development and technology,2022,119.63
CMR,Software development and technology,2023,31.54
CMR,Software development and technology,2024,32.01
CMR,Writing and translation,2017,70.86
CMR,Writing and translation,2018,41.85
CMR,Writing and translation,2019,12.21
CMR,Writing and translation,2020,14.78
CMR,Writing and translation,2021,6.92
CMR,Writing and translation,2022,11.47
CMR,Writing and translation,2023,2.83
CMR,Writing and translation,2024,5.82
COG,Creative and multimedia,2020,3.92
COG,Creative and multimedia,2023,0.26
COG,Creative and multimedia,2024,0.25
COG,Professional services,2020,3.45
COG,Professional services,2022,1.83
COG,Professional services,2023,1.66
COG,Professional services,2024,1.58
COG,Sales and marketing support,2020,0.4
COG,Sales and marketing support,2023,0.1
COG,Software development and technology,2019,17.08
COG,Software development and technology,2020,15.12
COG,Software development and technology,2021,0.4
COG,Software development and technology,2022,12.99
COG,Software development and technology,2023,6.0
COG,Software development and technology,2024,0.14
COG,Writing and translation,2017,13.52
COG,Writing and translation,2020,4.0
COG,Writing and translation,2022,0.32
COG,Writing and translation,2023,0.32
COG,Writing and translation,2024,0.44
COL,Clerical and data entry,2018,23.65
COL,Clerical and data entry,2019,138.42
COL,Clerical and data entry,2020,129.91
COL,Clerical and data entry,2021,60.33
COL,Clerical and data entry,2022,23.73
COL,Clerical and data entry,2023,10.61
COL,Clerical and data entry,2024,16.87
COL,Creative and multimedia,2017,35.74
COL,Creative and multimedia,2018,29.67
COL,Creative and multimedia,2019,676.64
COL,Creative and multimedia,2020,773.39
COL,Creative and multimedia,2021,1118.53
COL,Creative and multimedia,2022,1920.14
COL,Creative and multimedia,2023,1313.76
COL,Creative and multimedia,2024,1298.61
COL,Professional services,2017,6.65
COL,Professional services,2018,18.72
COL,Professional services,2020,4.32
COL,Professional services,2021,18.67
COL,Professional services,2022,18.12
COL,Professional services,2023,1.25
COL,Professional services,2024,5.67
COL,Sales and marketing support,2018,33.31
COL,Sales and marketing support,2019,33.62
COL,Sales and marketing support,2020,72.21
COL,Sales and marketing support,2021,27.26
COL,Sales and marketing support,2022,34.96
COL,Sales and marketing support,2023,14.24
COL,Sales and marketing support,2024,10.27
COL,Software development and technology,2017,38.23
COL,Software development and technology,2018,45.69
COL,Software development and technology,2019,207.88
COL,Software development and technology,2020,643.5
COL,Software development and technology,2021,1208.6
COL,Software development and technology,2022,1715.78
COL,Software development and technology,2023,1042.84
COL,Software development and technology,2024,926.83
COL,Writing and translation,2017,32.39
COL,Writing and translation,2018,50.27
COL,Writing and translation,2019,79.4
COL,Writing and translation,2020,39.72
COL,Writing and translation,2021,79.61
COL,Writing and translation,2022,185.84
COL,Writing and translation,2023,103.12
COL,Writing and translation,2024,89.57
CPV,Professional services,2024,0.7
CPV,Sales and marketing support,2018,1.93
CPV,Software development and technology,2021,11.76
CPV,Software development and technology,2022,11.26
CPV,Software development and technology,2023,8.24
CPV,Software development and technology,2024,3.63
CPV,Writing and translation,2021,15.45
CPV,Writing and translation,2023,0.16
CRI,Clerical and data entry,2019,12.43
CRI,Clerical and data entry,2020,5.6
CRI,Clerical and data entry,2021,28.76
CRI,Clerical and data entry,2022,30.39
CRI,Clerical and data entry,2023,10.39
CRI,Clerical and data entry,2024,4.02
CRI,Creative and multimedia,2017,97.02
CRI,Creative and multimedia,2018,85.77
CRI,Creative and multimedia,2019,79.75
CRI,Creative and multimedia,2020,80.16
CRI,Creative and multimedia,2021,45.4
CRI,Creative and multimedia,2022,57.66
CRI,Creative and multimedia,2023,64.02
CRI,Creative and multimedia,2024,67.92
CRI,Professional services,2017,10.0
CRI,Professional services,2019,8.9
CRI,Professional services,2020,7.78
CRI,Professional services,2021,5.07
CRI,Professional services,2022,6.57
CRI,Professional services,2023,5.61
CRI,Professional services,2024,0.19
CRI,Sales and marketing support,2017,858.45
CRI,Sales and marketing support,2018,1415.18
CRI,Sales and marketing support,2019,600.16
CRI,Sales and marketing support,2020,164.13
CRI,Sales and marketing support,2021,147.64
CRI,Sales and marketing support,2022,76.56
CRI,Sales and marketing support,2023,5.43
CRI,Sales and marketing support,2024,6.76
CRI,Software development and technology,2017,26.82
CRI,Software development and technology,2018,11.98
CRI,Software development and technology,2019,20.44
CRI,Software development and technology,2020,174.26
CRI,Software development and technology,2021,28.73
CRI,Software development and technology,2022,200.24
CRI,Software development and technology,2023,162.85
CRI,Software development and technology,2024,120.46
CRI,Writing and translation,2017,6.78
CRI,Writing and translation,2019,26.12
CRI,Writing and translation,2020,8.38
CRI,Writing and translation,2021,4.26
CRI,Writing and translation,2022,8.01
CRI,Writing and translation,2023,1.47
CRI,Writing and translation,2024,0.21
CUB,Creative and multimedia,2021,0.4
CUB,Creative and multimedia,2022,0.1
CUB,Creative and multimedia,2023,0.55
CUB,Creative and multimedia,2024,0.15
CUB,Professional services,2022,0.1
CUB,Software development and technology,2020,14.18
CUB,Software development and technology,2021,5.13
CUB,Software development and technology,2022,0.21
CUB,Software development and technology,2023,0.21
CUB,Software development and technology,2024,0.1
CUB,Writing and translation,2020,2.45
CUB,Writing and translation,2021,2.0
CUB,Writing and translation,2023,0.21
CUB,Writing and translation,2024,0.29
CUW,Creative and multimedia,2018,13.74
CUW,Creative and multimedia,2020,8.0
CUW,Creative and multimedia,2021,8.0
CUW,Creative and multimedia,2023,0.02
CUW,Creative and multimedia,2024,0.01
CYM,Creative and multimedia,2022,1.21
CYM,Creative and multimedia,2023,0.68
CYM,Creative and multimedia,2024,0.22
CYM,Professional services,2024,0.1
CYM,Software development and technology,2023,18.15
CYM,Software development and technology,2024,7.14
CYM,Writing and translation,2023,0.41
CYM,Writing and translation,2024,0.25
CYP,Clerical and data entry,2017,8.31
CYP,Clerical and data entry,2019,291.44
CYP,Clerical and data entry,2020,117.91
CYP,Clerical and data entry,2021,11.64
CYP,Creative and multimedia,2017,68.22
CYP,Creative and multimedia,2018,32.65
CYP,Creative and multimedia,2019,30.24
CYP,Creative and multimedia,2020,106.48
CYP,Creative and multimedia,2021,65.27
CYP,Creative and multimedia,2022,12.96
CYP,Creative and multimedia,2023,72.52
CYP,Creative and multimedia,2024,92.99
CYP,Professional services,2017,15.57
CYP,Professional services,2019,32.02
CYP,Professional services,2020,4.49
CYP,Professional services,2022,1.46
CYP,Professional services,2023,1.92
CYP,Professional services,2024,1.0
CYP,Sales and marketing support,2018,2.95
CYP,Sales and marketing support,2019,141.11
CYP,Sales and marketing support,2020,163.29
CYP,Sales and marketing support,2021,13.99
CYP,Sales and marketing support,2022,17.97
CYP,Sales and marketing support,2023,8.86
CYP,Sales and marketing support,2024,38.79
CYP,Software development and technology,2017,58.67
CYP,Software development and technology,2018,104.74
CYP,Software development and technology,2019,20.99
CYP,Software development and technology,2020,8.22
CYP,Software development and technology,2021,3.89
CYP,Software development and technology,2022,100.4
CYP,Software development and technology,2023,23.0
CYP,Software development and technology,2024,9.96
CYP,Writing and translation,2017,23.21
CYP,Writing and translation,2018,20.06
CYP,Writing and translation,2019,3.59
CYP,Writing and translation,2020,11.57
CYP,Writing and translation,2021,8.23
CYP,Writing and translation,2022,13.17
CYP,Writing and translation,2023,4.77
CYP,Writing and translation,2024,4.76
CZE,Clerical and data entry,2020,7.21
CZE,Clerical and data entry,2021,16.49
CZE,Clerical and data entry,2022,25.24
CZE,Creative and multimedia,2017,27.24
CZE,Creative and multimedia,2018,14.58
CZE,Creative and multimedia,2019,8.93
CZE,Creative and multimedia,2020,10.81
CZE,Creative and multimedia,2021,18.75
CZE,Creative and multimedia,2022,44.11
CZE,Creative and multimedia,2023,15.49
CZE,Creative and multimedia,2024,13.68
CZE,Professional services,2018,21.33
CZE,Professional services,2019,14.62
CZE,Professional services,2020,11.13
CZE,Professional services,2022,7.03
CZE,Professional services,2023,5.14
CZE,Professional services,2024,5.14
CZE,Sales and marketing support,2017,33.24
CZE,Sales and marketing support,2018,14.43
CZE,Sales and marketing support,2019,2.51
CZE,Sales and marketing support,2020,23.86
CZE,Sales and marketing support,2021,17.51
CZE,Sales and marketing support,2022,13.68
CZE,Sales and marketing support,2023,1.18
CZE,Sales and marketing support,2024,0.44
CZE,Software development and technology,2017,42.69
CZE,Software development and technology,2018,63.56
CZE,Software development and technology,2019,148.73
CZE,Software development and technology,2020,109.82
CZE,Software development and technology,2021,55.48
CZE,Software development and technology,2022,63.02
CZE,Software development and technology,2023,79.73
CZE,Software development and technology,2024,228.72
CZE,Writing and translation,2017,15.82
CZE,Writing and translation,2018,27.02
CZE,Writing and translation,2019,20.47
CZE,Writing and translation,2020,26.32
CZE,Writing and translation,2021,27.85
CZE,Writing and translation,2022,4.96
CZE,Writing and translation,2023,0.45
CZE,Writing and translation,2024,0.32
DEU,Clerical and data entry,2017,31.77
DEU,Clerical and data entry,2018,44.23
DEU,Clerical and data entry,2019,86.77
DEU,Clerical and data entry,2020,32.47
DEU,Clerical and data entry,2021,51.18
DEU,Clerical and data entry,2022,59.01
DEU,Clerical and data entry,2023,7.26
DEU,Clerical and data entry,2024,4.49
DEU,Creative and multimedia,2017,331.77
DEU,Creative and multimedia,2018,409.5
DEU,Creative and multimedia,2019,371.44
DEU,Creative and multimedia,2020,373.24
DEU,Creative and multimedia,2021,286.79
DEU,Creative and multimedia,2022,321.75
DEU,Creative and multimedia,2023,188.07
DEU,Creative and multimedia,2024,81.49
DEU,Professional services,2017,51.6
DEU,Professional services,2018,43.54
DEU,Professional services,2019,65.5
DEU,Professional services,2020,27.78
DEU,Professional services,2021,8.65
DEU,Professional services,2022,29.98
DEU,Professional services,2023,14.9
DEU,Professional services,2024,9.39
DEU,Sales and marketing support,2017,664.58
DEU,Sales and marketing support,2018,598.74
DEU,Sales and marketing support,2019,562.86
DEU,Sales and marketing support,2020,189.07
DEU,Sales and marketing support,2021,106.05
DEU,Sales and marketing support,2022,102.56
DEU,Sales and marketing support,2023,21.83
DEU,Sales and marketing support,2024,28.32
DEU,Software development and technology,2017,268.68
DEU,Software development and technology,2018,375.64
DEU,Software development and technology,2019,437.18
DEU,Software development and technology,2020,719.07
DEU,Software development and technology,2021,491.2
DEU,Software development and technology,2022,1051.09
DEU,Software development and technology,2023,334.11
DEU,Software development and technology,2024,349.66
DEU,Writing and translation,2017,337.09
DEU,Writing and translation,2018,479.86
DEU,Writing and translation,2019,476.21
DEU,Writing and translation,2020,391.48
DEU,Writing and translation,2021,540.16
DEU,Writing and translation,2022,610.9
DEU,Writing and translation,2023,320.12
DEU,Writing and translation,2024,308.28
DJI,Sales and marketing support,2023,0.1
DJI,Sales and marketing support,2024,0.18
DJI,Writing and translation,2022,0.14
DJI,Writing and translation,2023,0.18
DMA,Creative and multimedia,2023,3.63
DMA,Professional services,2023,0.42
DMA,Professional services,2024,1.06
DMA,Sales and marketing support,2024,0.18
DNK,Clerical and data entry,2022,0.4
DNK,Creative and multimedia,2017,68.81
DNK,Creative and multimedia,2018,58.92
DNK,Creative and multimedia,2019,102.55
DNK,Creative and multimedia,2020,36.7
DNK,Creative and multimedia,2021,24.79
DNK,Creative and multimedia,2022,13.17
DNK,Creative and multimedia,2023,1.83
DNK,Creative and multimedia,2024,2.28
DNK,Professional services,2017,13.84
DNK,Professional services,2018,25.7
DNK,Professional services,2019,21.21
DNK,Professional services,2020,0.71
DNK,Professional services,2022,0.37
DNK,Professional services,2023,0.4
DNK,Professional services,2024,0.75
DNK,Sales and marketing support,2017,12.88
DNK,Sales and marketing support,2018,21.58
DNK,Sales and marketing support,2019,16.75
DNK,Sales and marketing support,2020,3.04
DNK,Sales and marketing support,2022,4.05
DNK,Sales and marketing support,2023,0.78
DNK,Sales and marketing support,2024,1.18
DNK,Software development and technology,2017,24.85
DNK,Software development and technology,2018,52.46
DNK,Software development and technology,2019,13.3
DNK,Software development and technology,2020,32.33
DNK,Software development and technology,2021,32.12
DNK,Software development and technology,2022,18.07
DNK,Software development and technology,2023,11.91
DNK,Software development and technology,2024,41.84
DNK,Writing and translation,2017,18.64
DNK,Writing and translation,2018,55.31
DNK,Writing and translation,2019,72.26
DNK,Writing and translation,2020,5.5
DNK,Writing and translation,2021,4.86
DNK,Writing and translation,2022,2.76
DNK,Writing and translation,2023,7.14
DNK,Writing and translation,2024,3.17
DOM,Clerical and data entry,2019,11.12
DOM,Clerical and data entry,2020,2.59
DOM,Clerical and data entry,2021,5.52
DOM,Clerical and data entry,2022,7.05
DOM,Clerical and data entry,2023,1.18
DOM,Clerical and data entry,2024,0.1
DOM,Creative and multimedia,2017,279.25
DOM,Creative and multimedia,2018,123.86
DOM,Creative and multimedia,2019,123.24
DOM,Creative and multimedia,2020,83.28
DOM,Creative and multimedia,2021,75.64
DOM,Creative and multimedia,2022,172.82
DOM,Creative and multimedia,2023,123.08
DOM,Creative and multimedia,2024,24.35
DOM,Professional services,2018,48.0
DOM,Professional services,2020,0.59
DOM,Professional services,2023,0.15
DOM,Professional services,2024,1.45
DOM,Sales and marketing support,2017,16.42
DOM,Sales and marketing support,2019,7.32
DOM,Sales and marketing support,2020,8.68
DOM,Sales and marketing support,2021,6.07
DOM,Sales and marketing support,2022,8.0
DOM,Sales and marketing support,2023,2.59
DOM,Sales and marketing support,2024,5.74
DOM,Software development and technology,2017,40.01
DOM,Software development and technology,2018,19.2
DOM,Software development and technology,2019,153.02
DOM,Software development and technology,2020,130.08
DOM,Software development and technology,2021,133.16
DOM,Software development and technology,2022,129.79
DOM,Software development and technology,2023,180.75
DOM,Software development and technology,2024,169.31
DOM,Writing and translation,2017,15.31
DOM,Writing and translation,2018,34.86
DOM,Writing and translation,2019,12.67
DOM,Writing and translation,2020,9.32
DOM,Writing and translation,2021,5.3
DOM,Writing and translation,2022,13.6
DOM,Writing and translation,2023,9.55
DOM,Writing and translation,2024,8.58
DZA,Clerical and data entry,2017,13.79
DZA,Clerical and data entry,2018,9.9
DZA,Clerical and data entry,2019,12.61
DZA,Clerical and data entry,2020,5.43
DZA,Clerical and data entry,2021,33.8
DZA,Clerical and data entry,2022,27.1
DZA,Clerical and data entry,2023,6.28
DZA,Clerical and data entry,2024,9.71
DZA,Creative and multimedia,2017,146.8
DZA,Creative and multimedia,2018,236.52
DZA,Creative and multimedia,2019,385.0
DZA,Creative and multimedia,2020,466.79
DZA,Creative and multimedia,2021,485.99
DZA,Creative and multimedia,2022,466.66
DZA,Creative and multimedia,2023,398.14
DZA,Creative and multimedia,2024,315.68
DZA,Professional services,2017,17.08
DZA,Professional services,2018,31.4
DZA,Professional services,2019,7.14
DZA,Professional services,2020,10.09
DZA,Professional services,2022,12.72
DZA,Professional services,2023,0.51
DZA,Professional services,2024,0.17
DZA,Sales and marketing support,2017,35.03
DZA,Sales and marketing support,2018,19.86
DZA,Sales and marketing support,2019,25.01
DZA,Sales and marketing support,2020,2.69
DZA,Sales and marketing support,2021,0.86
DZA,Sales and marketing support,2022,3.22
DZA,Sales and marketing support,2023,0.77
DZA,Sales and marketing support,2024,3.92
DZA,Software development and technology,2017,23.9
DZA,Software development and technology,2018,49.82
DZA,Software development and technology,2019,173.41
DZA,Software development and technology,2020,100.24
DZA,Software development and technology,2021,360.63
DZA,Software development and technology,2022,436.29
DZA,Software development and technology,2023,309.33
DZA,Software development and technology,2024,308.41
DZA,Writing and translation,2017,89.82
DZA,Writing and translation,2018,56.62
DZA,Writing and translation,2019,122.96
DZA,Writing and translation,2020,97.79
DZA,Writing and translation,2021,40.63
DZA,Writing and translation,2022,79.05
DZA,Writing and translation,2023,30.93
DZA,Writing and translation,2024,17.55
ECU,Clerical and data entry,2019,3.95
ECU,Clerical and data entry,2020,4.55
ECU,Clerical and data entry,2021,11.27
ECU,Clerical and data entry,2022,23.06
ECU,Clerical and data entry,2024,0.67
ECU,Creative and multimedia,2017,30.95
ECU,Creative and multimedia,2018,21.12
ECU,Creative and multimedia,2019,140.2
ECU,Creative and multimedia,2020,223.87
ECU,Creative and multimedia,2021,138.73
ECU,Creative and multimedia,2022,247.51
ECU,Creative and multimedia,2023,157.76
ECU,Creative and multimedia,2024,176.57
ECU,Professional services,2022,0.31
ECU,Professional services,2023,0.16
ECU,Professional services,2024,0.07
ECU,Sales and marketing support,2017,8.67
ECU,Sales and marketing support,2020,8.75
ECU,Sales and marketing support,2021,18.67
ECU,Sales and marketing support,2022,39.39
ECU,Sales and marketing support,2023,0.24
ECU,Sales and marketing support,2024,0.1
ECU,Software development and technology,2017,48.11
ECU,Software development and technology,2018,41.51
ECU,Software development and technology,2019,21.78
ECU,Software development and technology,2020,115.36
ECU,Software development and technology,2021,423.17
ECU,Software development and technology,2022,352.15
ECU,Software development and technology,2023,297.66
ECU,Software development and technology,2024,163.27
ECU,Writing and translation,2019,33.97
ECU,Writing and translation,2020,10.85
ECU,Writing and translation,2021,25.71
ECU,Writing and translation,2022,80.88
ECU,Writing and translation,2023,10.71
ECU,Writing and translation,2024,4.32
EGY,Clerical and data entry,2017,91.3
EGY,Clerical and data entry,2018,37.51
EGY,Clerical and data entry,2019,90.91
EGY,Clerical and data entry,2020,95.58
EGY,Clerical and data entry,2021,145.44
EGY,Clerical and data entry,2022,312.05
EGY,Clerical and data entry,2023,147.85
EGY,Clerical and data entry,2024,135.73
EGY,Creative and multimedia,2017,406.88
EGY,Creative and multimedia,2018,776.56
EGY,Creative and multimedia,2019,1602.44
EGY,Creative and multimedia,2020,2490.48
EGY,Creative and multimedia,2021,3920.36
EGY,Creative and multimedia,2022,5579.59
EGY,Creative and multimedia,2023,4735.36
EGY,Creative and multimedia,2024,4902.29
EGY,Professional services,2017,104.91
EGY,Professional services,2018,86.76
EGY,Professional services,2019,83.29
EGY,Professional services,2020,143.68
EGY,Professional services,2021,159.71
EGY,Professional services,2022,115.72
EGY,Professional services,2023,52.41
EGY,Professional services,2024,11.47
EGY,Sales and marketing support,2017,184.82
EGY,Sales and marketing support,2018,193.87
EGY,Sales and marketing support,2019,119.6
EGY,Sales and marketing support,2020,257.76
EGY,Sales and marketing support,2021,134.04
EGY,Sales and marketing support,2022,230.18
EGY,Sales and marketing support,2023,81.4
EGY,Sales and marketing support,2024,91.35
EGY,Software development and technology,2017,378.09
EGY,Software development and technology,2018,519.17
EGY,Software development and technology,2019,1209.66
EGY,Software development and technology,2020,2412.41
EGY,Software development and technology,2021,2349.52
EGY,Software development and technology,2022,2593.66
EGY,Software development and technology,2023,2616.95
EGY,Software development and technology,2024,2646.18
EGY,Writing and translation,2017,511.71
EGY,Writing and translation,2018,716.04
EGY,Writing and translation,2019,735.99
EGY,Writing and translation,2020,751.69
EGY,Writing and translation,2021,381.64
EGY,Writing and translation,2022,439.79
EGY,Writing and translation,2023,314.31
EGY,Writing and translation,2024,380.33
ERI,Creative and multimedia,2021,3.02
ERI,Creative and multimedia,2024,0.99
ERI,Software development and technology,2021,2.51
ERI,Writing and translation,2022,1.18
ERI,Writing and translation,2023,1.11
ERI,Writing and translation,2024,0.46
ESP,Clerical and data entry,2017,73.4
ESP,Clerical and data entry,2018,63.84
ESP,Clerical and data entry,2019,38.96
ESP,Clerical and data entry,2020,18.81
ESP,Clerical and data entry,2021,20.48
ESP,Clerical and data entry,2022,24.64
ESP,Clerical and data entry,2023,10.59
ESP,Clerical and data entry,2024,16.93
ESP,Creative and multimedia,2017,287.72
ESP,Creative and multimedia,2018,520.92
ESP,Creative and multimedia,2019,388.51
ESP,Creative and multimedia,2020,649.67
ESP,Creative and multimedia,2021,606.72
ESP,Creative and multimedia,2022,450.26
ESP,Creative and multimedia,2023,217.16
ESP,Creative and multimedia,2024,173.69
ESP,Professional services,2017,112.85
ESP,Professional services,2018,159.99
ESP,Professional services,2019,184.18
ESP,Professional services,2020,136.6
ESP,Professional services,2021,49.71
ESP,Professional services,2022,44.33
ESP,Professional services,2023,9.92
ESP,Professional services,2024,9.0
ESP,Sales and marketing support,2017,308.22
ESP,Sales and marketing support,2018,343.39
ESP,Sales and marketing support,2019,246.56
ESP,Sales and marketing support,2020,109.21
ESP,Sales and marketing support,2021,66.5
ESP,Sales and marketing support,2022,52.19
ESP,Sales and marketing support,2023,20.39
ESP,Sales and marketing support,2024,29.9
ESP,Software development and technology,2017,203.39
ESP,Software development and technology,2018,94.96
ESP,Software development and technology,2019,258.81
ESP,Software development and technology,2020,705.57
ESP,Software development and technology,2021,816.9
ESP,Software development and technology,2022,1200.14
ESP,Software development and technology,2023,575.32
ESP,Software development and technology,2024,309.39
ESP,Writing and translation,2017,501.78
ESP,Writing and translation,2018,601.76
ESP,Writing and translation,2019,556.04
ESP,Writing and translation,2020,385.86
ESP,Writing and translation,2021,218.05
ESP,Writing and translation,2022,136.61
ESP,Writing and translation,2023,64.42
ESP,Writing and translation,2024,45.14
EST,Clerical and data entry,2024,7.47
EST,Creative and multimedia,2017,24.02
EST,Creative and multimedia,2018,29.32
EST,Creative and multimedia,2019,19.76
EST,Creative and multimedia,2020,7.63
EST,Creative and multimedia,2021,13.63
EST,Creative and multimedia,2022,13.43
EST,Creative and multimedia,2023,17.91
EST,Creative and multimedia,2024,57.4
EST,Professional services,2017,17.57
EST,Professional services,2018,18.49
EST,Professional services,2019,31.64
EST,Professional services,2023,0.1
EST,Sales and marketing support,2017,185.67
EST,Sales and marketing support,2018,34.4
EST,Sales and marketing support,2019,68.5
EST,Sales and marketing support,2022,4.23
EST,Sales and marketing support,2023,0.1
EST,Sales and marketing support,2024,0.25
EST,Software development and technology,2017,16.38
EST,Software development and technology,2018,31.48
EST,Software development and technology,2019,295.87
EST,Software development and technology,2020,396.34
EST,Software development and technology,2021,227.87
EST,Software development and technology,2022,198.99
EST,Software development and technology,2023,96.67
EST,Software development and technology,2024,196.51
EST,Writing and translation,2017,15.69
EST,Writing and translation,2018,21.11
EST,Writing and translation,2019,7.4
EST,Writing and translation,2020,2.03
EST,Writing and translation,2021,8.84
EST,Writing and translation,2022,1.17
EST,Writing and translation,2023,0.38
EST,Writing and translation,2024,0.51
ETH,Clerical and data entry,2022,2.56
ETH,Clerical and data entry,2024,6.97
ETH,Creative and multimedia,2018,14.19
ETH,Creative and multimedia,2020,13.98
ETH,Creative and multimedia,2021,21.79
ETH,Creative and multimedia,2022,56.3
ETH,Creative and multimedia,2023,28.51
ETH,Creative and multimedia,2024,29.36
ETH,Professional services,2018,35.07
ETH,Professional services,2020,5.03
ETH,Professional services,2022,0.16
ETH,Professional services,2023,1.97
ETH,Professional services,2024,1.8
ETH,Sales and marketing support,2019,18.06
ETH,Sales and marketing support,2021,8.0
ETH,Sales and marketing support,2023,0.22
ETH,Sales and marketing support,2024,0.52
ETH,Software development and technology,2017,1.0
ETH,Software development and technology,2019,17.62
ETH,Software development and technology,2020,18.87
ETH,Software development and technology,2021,8.45
ETH,Software development and technology,2022,72.7
ETH,Software development and technology,2023,68.76
ETH,Software development and technology,2024,117.17
ETH,Writing and translation,2018,18.36
ETH,Writing and translation,2019,8.71
ETH,Writing and translation,2020,11.69
ETH,Writing and translation,2021,12.46
ETH,Writing and translation,2022,3.01
ETH,Writing and translation,2023,5.98
ETH,Writing and translation,2024,25.69
FIN,Clerical and data entry,2021,37.57
FIN,Creative and multimedia,2017,21.72
FIN,Creative and multimedia,2018,36.54
FIN,Creative and multimedia,2019,33.61
FIN,Creative and multimedia,2020,13.8
FIN,Creative and multimedia,2021,23.27
FIN,Creative and multimedia,2022,26.07
FIN,Creative and multimedia,2023,10.21
FIN,Creative and multimedia,2024,8.43
FIN,Professional services,2022,1.7
FIN,Professional services,2023,0.3
FIN,Professional services,2024,0.26
FIN,Sales and marketing support,2019,7.0
FIN,Sales and marketing support,2020,6.88
FIN,Sales and marketing support,2021,4.83
FIN,Sales and marketing support,2022,5.29
FIN,Sales and marketing support,2023,0.77
FIN,Sales and marketing support,2024,0.12
FIN,Software development and technology,2017,20.17
FIN,Software development and technology,2018,22.82
FIN,Software development and technology,2019,20.87
FIN,Software development and technology,2020,72.7
FIN,Software development and technology,2021,93.35
FIN,Software development and technology,2022,83.17
FIN,Software development and technology,2023,47.45
FIN,Software development and technology,2024,60.47
FIN,Writing and translation,2017,67.31
FIN,Writing and translation,2018,23.65
FIN,Writing and translation,2019,26.88
FIN,Writing and translation,2020,19.66
FIN,Writing and translation,2021,10.52
FIN,Writing and translation,2022,7.21
FIN,Writing and translation,2023,2.82
FIN,Writing and translation,2024,1.76
FJI,Sales and marketing support,2022,14.79
FJI,Software development and technology,2022,0.38
FJI,Software development and technology,2023,7.06
FJI,Software development and technology,2024,0.1
FJI,Writing and translation,2021,8.0
FJI,Writing and translation,2022,55.86
FJI,Writing and translation,2023,6.36
FJI,Writing and translation,2024,23.49
FLK,Professional services,2024,0.2
FRA,Clerical and data entry,2017,22.83
FRA,Clerical and data entry,2018,37.63
FRA,Clerical and data entry,2019,10.96
FRA,Clerical and data entry,2020,6.51
FRA,Clerical and data entry,2021,26.48
FRA,Clerical and data entry,2022,31.5
FRA,Clerical and data entry,2023,4.78
FRA,Clerical and data entry,2024,5.52
FRA,Creative and multimedia,2017,158.62
FRA,Creative and multimedia,2018,202.28
FRA,Creative and multimedia,2019,350.69
FRA,Creative and multimedia,2020,142.56
FRA,Creative and multimedia,2021,209.55
FRA,Creative and multimedia,2022,183.05
FRA,Creative and multimedia,2023,85.86
FRA,Creative and multimedia,2024,219.15
FRA,Professional services,2017,32.63
FRA,Professional services,2018,64.76
FRA,Professional services,2019,51.41
FRA,Professional services,2020,22.06
FRA,Professional services,2021,10.2
FRA,Professional services,2022,17.58
FRA,Professional services,2023,15.07
FRA,Professional services,2024,15.05
FRA,Sales and marketing support,2017,147.69
FRA,Sales and marketing support,2018,154.55
FRA,Sales and marketing support,2019,253.77
FRA,Sales and marketing support,2020,230.11
FRA,Sales and marketing support,2021,32.57
FRA,Sales and marketing support,2022,30.12
FRA,Sales and marketing support,2023,9.55
FRA,Sales and marketing support,2024,18.76
FRA,Software development and technology,2017,96.41
FRA,Software development and technology,2018,75.28
FRA,Software development and technology,2019,136.39
FRA,Software development and technology,2020,254.47
FRA,Software development and technology,2021,397.58
FRA,Software development and technology,2022,439.37
FRA,Software development and technology,2023,294.4
FRA,Software development and technology,2024,260.76
FRA,Writing and translation,2017,351.38
FRA,Writing and translation,2018,496.45
FRA,Writing and translation,2019,463.86
FRA,Writing and translation,2020,246.81
FRA,Writing and translation,2021,170.72
FRA,Writing and translation,2022,163.8
FRA,Writing and translation,2023,133.64
FRA,Writing and translation,2024,83.97
FRO,Software development and technology,2024,6.87
GAB,Creative and multimedia,2018,59.43
GAB,Creative and multimedia,2019,63.77
GAB,Creative and multimedia,2020,45.8
GAB,Creative and multimedia,2021,22.83
GAB,Creative and multimedia,2023,0.59
GAB,Creative and multimedia,2024,0.83
GAB,Sales and marketing support,2019,40.22
GAB,Software development and technology,2023,0.1
GAB,Writing and translation,2024,3.63
GBR,Clerical and data entry,2017,569.04
GBR,Clerical and data entry,2018,119.02
GBR,Clerical and data entry,2019,214.06
GBR,Clerical and data entry,2020,419.67
GBR,Clerical and data entry,2021,2337.35
GBR,Clerical and data entry,2022,1408.13
GBR,Clerical and data entry,2023,26.64
GBR,Clerical and data entry,2024,50.34
GBR,Creative and multimedia,2017,3002.6
GBR,Creative and multimedia,2018,1267.51
GBR,Creative and multimedia,2019,1918.11
GBR,Creative and multimedia,2020,3670.56
GBR,Creative and multimedia,2021,4359.28
GBR,Creative and multimedia,2022,3132.73
GBR,Creative and multimedia,2023,1802.4
GBR,Creative and multimedia,2024,2125.62
GBR,Professional services,2017,2042.14
GBR,Professional services,2018,877.13
GBR,Professional services,2019,1710.82
GBR,Professional services,2020,2595.57
GBR,Professional services,2021,211.42
GBR,Professional services,2022,329.36
GBR,Professional services,2023,491.71
GBR,Professional services,2024,429.35
GBR,Sales and marketing support,2017,3131.26
GBR,Sales and marketing support,2018,1537.96
GBR,Sales and marketing support,2019,2513.02
GBR,Sales and marketing support,2020,4070.26
GBR,Sales and marketing support,2021,2996.68
GBR,Sales and marketing support,2022,1745.21
GBR,Sales and marketing support,2023,407.82
GBR,Sales and marketing support,2024,403.98
GBR,Software development and technology,2017,2078.56
GBR,Software development and technology,2018,906.4
GBR,Software development and technology,2019,1478.82
GBR,Software development and technology,2020,3517.81
GBR,Software development and technology,2021,4709.3
GBR,Software development and technology,2022,3846.44
GBR,Software development and technology,2023,1698.95
GBR,Software development and technology,2024,1761.24
GBR,Writing and translation,2017,2344.79
GBR,Writing and translation,2018,1093.67
GBR,Writing and translation,2019,1956.93
GBR,Writing and translation,2020,3358.63
GBR,Writing and translation,2021,2979.84
GBR,Writing and translation,2022,1958.56
GBR,Writing and translation,2023,897.07
GBR,Writing and translation,2024,800.86
GEO,Clerical and data entry,2017,36.34
GEO,Clerical and data entry,2018,48.99
GEO,Clerical and data entry,2019,100.31
GEO,Clerical and data entry,2020,38.4
GEO,Clerical and data entry,2021,8.57
GEO,Clerical and data entry,2022,58.13
GEO,Clerical and data entry,2023,7.23
GEO,Clerical and data entry,2024,9.42
GEO,Creative and multimedia,2017,79.68
GEO,Creative and multimedia,2018,69.25
GEO,Creative and multimedia,2019,73.1
GEO,Creative and multimedia,2020,57.63
GEO,Creative and multimedia,2021,124.84
GEO,Creative and multimedia,2022,281.48
GEO,Creative and multimedia,2023,329.33
GEO,Creative and multimedia,2024,270.5
GEO,Professional services,2017,32.26
GEO,Professional services,2018,57.97
GEO,Professional services,2019,35.45
GEO,Professional services,2020,202.23
GEO,Professional services,2021,107.72
GEO,Professional services,2022,23.43
GEO,Professional services,2023,11.7
GEO,Professional services,2024,10.29
GEO,Sales and marketing support,2019,12.67
GEO,Sales and marketing support,2020,23.79
GEO,Sales and marketing support,2021,0.77
GEO,Sales and marketing support,2022,3.03
GEO,Sales and marketing support,2023,3.07
GEO,Sales and marketing support,2024,2.32
GEO,Software development and technology,2017,55.6
GEO,Software development and technology,2018,98.64
GEO,Software development and technology,2019,166.81
GEO,Software development and technology,2020,235.76
GEO,Software development and technology,2021,588.53
GEO,Software development and technology,2022,834.18
GEO,Software development and technology,2023,460.9
GEO,Software development and technology,2024,492.48
GEO,Writing and translation,2017,19.18
GEO,Writing and translation,2019,35.16
GEO,Writing and translation,2020,3.08
GEO,Writing and translation,2021,12.52
GEO,Writing and translation,2022,21.55
GEO,Writing and translation,2023,15.02
GEO,Writing and translation,2024,11.78
GGY,Creative and multimedia,2023,0.1
GGY,Professional services,2018,1.0
GGY,Professional services,2022,0.1
GGY,Professional services,2023,0.12
GGY,Professional services,2024,0.11
GGY,Sales and marketing support,2019,5.47
GGY,Sales and marketing support,2020,1.71
GGY,Writing and translation,2022,0.1
GGY,Writing and translation,2024,0.1
GHA,Clerical and data entry,2017,13.84
GHA,Clerical and data entry,2019,4.35
GHA,Clerical and data entry,2020,65.79
GHA,Clerical and data entry,2021,74.72
GHA,Clerical and data entry,2022,44.19
GHA,Clerical and data entry,2023,3.63
GHA,Clerical and data entry,2024,5.12
GHA,Creative and multimedia,2018,18.77
GHA,Creative and multimedia,2019,33.91
GHA,Creative and multimedia,2020,23.06
GHA,Creative and multimedia,2021,30.04
GHA,Creative and multimedia,2022,83.8
GHA,Creative and multimedia,2023,91.91
GHA,Creative and multimedia,2024,55.32
GHA,Professional services,2017,7.08
GHA,Professional services,2018,16.65
GHA,Professional services,2019,20.8
GHA,Professional services,2020,6.05
GHA,Professional services,2022,1.33
GHA,Professional services,2023,1.38
GHA,Professional services,2024,0.81
GHA,Sales and marketing support,2017,7.08
GHA,Sales and marketing support,2019,5.82
GHA,Sales and marketing support,2020,5.24
GHA,Sales and marketing support,2021,4.47
GHA,Sales and marketing support,2022,8.38
GHA,Sales and marketing support,2023,2.06
GHA,Sales and marketing support,2024,9.81
GHA,Software development and technology,2017,24.76
GHA,Software development and technology,2018,27.07
GHA,Software development and technology,2019,5.97
GHA,Software development and technology,2020,10.73
GHA,Software development and technology,2021,32.7
GHA,Software development and technology,2022,31.42
GHA,Software development and technology,2023,48.83
GHA,Software development and technology,2024,45.14
GHA,Writing and translation,2017,17.47
GHA,Writing and translation,2018,16.26
GHA,Writing and translation,2019,28.82
GHA,Writing and translation,2020,14.93
GHA,Writing and translation,2021,20.52
GHA,Writing and translation,2022,16.03
GHA,Writing and translation,2023,2.89
GHA,Writing and translation,2024,9.16
GIB,Creative and multimedia,2017,17.41
GIB,Creative and multimedia,2018,5.5
GIB,Creative and multimedia,2023,0.35
GIB,Creative and multimedia,2024,0.22
GIB,Professional services,2019,2.31
GIB,Professional services,2022,0.1
GIB,Professional services,2023,0.1
GIB,Professional services,2024,0.1
GIB,Sales and marketing support,2019,8.38
GIB,Sales and marketing support,2020,3.4
GIB,Sales and marketing support,2023,0.23
GIB,Software development and technology,2023,1.18
GIN,Sales and marketing support,2017,10.96
GIN,Sales and marketing support,2022,0.46
GIN,Sales and marketing support,2023,0.17
GIN,Sales and marketing support,2024,0.16
GLP,Software development and technology,2022,11.88
GLP,Software development and technology,2023,11.74
GLP,Writing and translation,2020,0.4
GMB,Creative and multimedia,2019,26.14
GMB,Creative and multimedia,2020,8.0
GMB,Creative and multimedia,2024,57.26
GMB,Professional services,2023,0.24
GMB,Sales and marketing support,2020,18.75
GMB,Sales and marketing support,2021,5.76
GMB,Sales and marketing support,2022,3.29
GMB,Software development and technology,2023,0.14
GNQ,Creative and multimedia,2023,0.1
GNQ,Creative and multimedia,2024,0.1
GNQ,Writing and translation,2023,0.19
GNQ,Writing and translation,2024,0.18
GRC,Clerical and data entry,2017,59.34
GRC,Clerical and data entry,2018,43.54
GRC,Clerical and data entry,2019,124.94
GRC,Clerical and data entry,2020,247.28
GRC,Clerical and data entry,2021,161.89
GRC,Clerical and data entry,2022,52.63
GRC,Clerical and data entry,2023,11.36
GRC,Creative and multimedia,2017,253.84
GRC,Creative and multimedia,2018,324.79
GRC,Creative and multimedia,2019,254.91
GRC,Creative and multimedia,2020,268.39
GRC,Creative and multimedia,2021,260.2
GRC,Creative and multimedia,2022,88.3
GRC,Creative and multimedia,2023,84.59
GRC,Creative and multimedia,2024,67.76
GRC,Professional services,2017,67.15
GRC,Professional services,2018,58.73
GRC,Professional services,2019,30.82
GRC,Professional services,2020,16.41
GRC,Professional services,2021,5.22
GRC,Professional services,2022,9.4
GRC,Professional services,2023,3.97
GRC,Professional services,2024,2.72
GRC,Sales and marketing support,2017,252.35
GRC,Sales and marketing support,2018,344.28
GRC,Sales and marketing support,2019,206.08
GRC,Sales and marketing support,2020,78.42
GRC,Sales and marketing support,2021,103.07
GRC,Sales and marketing support,2022,87.06
GRC,Sales and marketing support,2023,5.17
GRC,Sales and marketing support,2024,4.97
GRC,Software development and technology,2017,230.26
GRC,Software development and technology,2018,282.53
GRC,Software development and technology,2019,306.83
GRC,Software development and technology,2020,413.89
GRC,Software development and technology,2021,696.6
GRC,Software development and technology,2022,320.96
GRC,Software development and technology,2023,293.97
GRC,Software development and technology,2024,252.15
GRC,Writing and translation,2017,122.02
GRC,Writing and translation,2018,57.05
GRC,Writing and translation,2019,106.07
GRC,Writing and translation,2020,118.0
GRC,Writing and translation,2021,103.59
GRC,Writing and translation,2022,25.68
GRC,Writing and translation,2023,11.87
GRC,Writing and translation,2024,9.96
GRD,Creative and multimedia,2023,0.99
GRD,Software development and technology,2023,60.46
GRD,Software development and technology,2024,21.01
GRD,Writing and translation,2020,2.18
GRD,Writing and translation,2021,1.28
GTM,Clerical and data entry,2019,5.79
GTM,Clerical and data entry,2020,5.48
GTM,Clerical and data entry,2021,5.43
GTM,Clerical and data entry,2022,6.23
GTM,Clerical and data entry,2023,3.03
GTM,Creative and multimedia,2018,25.4
GTM,Creative and multimedia,2019,23.82
GTM,Creative and multimedia,2020,9.82
GTM,Creative and multimedia,2021,16.45
GTM,Creative and multimedia,2022,6.66
GTM,Creative and multimedia,2023,45.76
GTM,Creative and multimedia,2024,108.85
GTM,Professional services,2020,0.2
GTM,Professional services,2022,7.24
GTM,Professional services,2023,52.36
GTM,Professional services,2024,0.04
GTM,Sales and marketing support,2019,157.6
GTM,Sales and marketing support,2020,92.39
GTM,Sales and marketing support,2021,5.53
GTM,Sales and marketing support,2022,7.26
GTM,Sales and marketing support,2023,2.04
GTM,Software development and technology,2017,30.97
GTM,Software development and technology,2018,22.44
GTM,Software development and technology,2019,5.77
GTM,Software development and technology,2020,7.47
GTM,Software development and technology,2021,42.52
GTM,Software development and technology,2022,55.57
GTM,Software development and technology,2023,32.51
GTM,Software development and technology,2024,48.47
GTM,Writing and translation,2017,24.2
GTM,Writing and translation,2018,22.18
GTM,Writing and translation,2019,6.96
GTM,Writing and translation,2020,1.99
GTM,Writing and translation,2021,5.14
GTM,Writing and translation,2022,3.28
GTM,Writing and translation,2023,41.06
GTM,Writing and translation,2024,22.08
GUY,Clerical and data entry,2022,42.4
GUY,Creative and multimedia,2017,13.84
GUY,Creative and multimedia,2019,4.27
GUY,Creative and multimedia,2023,0.19
GUY,Professional services,2018,15.78
GUY,Professional services,2019,1.0
GUY,Professional services,2022,0.1
GUY,Professional services,2024,0.18
GUY,Sales and marketing support,2020,0.77
GUY,Sales and marketing support,2023,0.19
GUY,Writing and translation,2021,8.0
GUY,Writing and translation,2022,0.1
GUY,Writing and translation,2023,2.04
GUY,Writing and translation,2024,0.1
HKG,Clerical and data entry,2017,21.05
HKG,Clerical and data entry,2018,19.59
HKG,Clerical and data entry,2019,4.85
HKG,Clerical and data entry,2020,3.79
HKG,Clerical and data entry,2021,12.26
HKG,Clerical and data entry,2022,16.59
HKG,Clerical and data entry,2023,6.55
HKG,Clerical and data entry,2024,2.82
HKG,Creative and multimedia,2017,78.05
HKG,Creative and multimedia,2018,45.61
HKG,Creative and multimedia,2019,70.9
HKG,Creative and multimedia,2020,14.76
HKG,Creative and multimedia,2021,15.6
HKG,Creative and multimedia,2022,65.42
HKG,Creative and multimedia,2023,12.61
HKG,Creative and multimedia,2024,9.35
HKG,Professional services,2017,12.46
HKG,Professional services,2018,25.22
HKG,Professional services,2019,62.71
HKG,Professional services,2020,21.53
HKG,Professional services,2021,5.21
HKG,Professional services,2022,4.97
HKG,Professional services,2023,0.41
HKG,Professional services,2024,1.46
HKG,Sales and marketing support,2017,18.46
HKG,Sales and marketing support,2018,29.43
HKG,Sales and marketing support,2019,0.73
HKG,Sales and marketing support,2020,16.63
HKG,Sales and marketing support,2021,14.74
HKG,Sales and marketing support,2022,16.63
HKG,Sales and marketing support,2023,4.02
HKG,Sales and marketing support,2024,3.7
HKG,Software development and technology,2017,49.23
HKG,Software development and technology,2018,84.18
HKG,Software development and technology,2019,313.66
HKG,Software development and technology,2020,83.48
HKG,Software development and technology,2021,145.5
HKG,Software development and technology,2022,154.15
HKG,Software development and technology,2023,109.42
HKG,Software development and technology,2024,84.16
HKG,Writing and translation,2017,82.27
HKG,Writing and translation,2018,78.76
HKG,Writing and translation,2019,37.07
HKG,Writing and translation,2020,30.79
HKG,Writing and translation,2021,55.58
HKG,Writing and translation,2022,70.21
HKG,Writing and translation,2023,23.22
HKG,Writing and translation,2024,16.39
HND,Clerical and data entry,2024,1.51
HND,Creative and multimedia,2018,14.24
HND,Creative and multimedia,2019,340.99
HND,Creative and multimedia,2020,190.26
HND,Creative and multimedia,2021,143.19
HND,Creative and multimedia,2022,87.26
HND,Creative and multimedia,2023,24.85
HND,Creative and multimedia,2024,17.87
HND,Professional services,2019,18.76
HND,Professional services,2022,3.59
HND,Professional services,2023,0.11
HND,Professional services,2024,0.02
HND,Sales and marketing support,2019,3.32
HND,Sales and marketing support,2020,0.4
HND,Sales and marketing support,2023,0.12
HND,Sales and marketing support,2024,0.02
HND,Software development and technology,2017,13.0
HND,Software development and technology,2018,17.73
HND,Software development and technology,2019,19.3
HND,Software development and technology,2020,9.7
HND,Software development and technology,2022,6.89
HND,Software development and technology,2023,7.54
HND,Software development and technology,2024,0.1
HND,Writing and translation,2019,18.86
HND,Writing and translation,2020,9.39
HND,Writing and translation,2022,1.93
HND,Writing and translation,2023,0.67
HND,Writing and translation,2024,0.19
HRV,Clerical and data entry,2017,13.79
HRV,Clerical and data entry,2018,21.48
HRV,Clerical and data entry,2019,2.57
HRV,Clerical and data entry,2020,4.98
HRV,Clerical and data entry,2021,11.73
HRV,Clerical and data entry,2022,4.72
HRV,Clerical and data entry,2023,38.59
HRV,Creative and multimedia,2017,162.08
HRV,Creative and multimedia,2018,196.15
HRV,Creative and multimedia,2019,114.62
HRV,Creative and multimedia,2020,98.41
HRV,Creative and multimedia,2021,123.66
HRV,Creative and multimedia,2022,115.62
HRV,Creative and multimedia,2023,143.46
HRV,Creative and multimedia,2024,154.08
HRV,Professional services,2017,12.99
HRV,Professional services,2018,22.79
HRV,Professional services,2019,36.15
HRV,Professional services,2020,15.98
HRV,Professional services,2021,5.13
HRV,Professional services,2022,6.86
HRV,Professional services,2023,1.38
HRV,Professional services,2024,0.52
HRV,Sales and marketing support,2017,49.23
HRV,Sales and marketing support,2018,58.85
HRV,Sales and marketing support,2019,47.51
HRV,Sales and marketing support,2020,14.26
HRV,Sales and marketing support,2021,5.23
HRV,Sales and marketing support,2022,5.25
HRV,Sales and marketing support,2023,0.89
HRV,Sales and marketing support,2024,3.27
HRV,Software development and technology,2017,88.34
HRV,Software development and technology,2018,66.32
HRV,Software development and technology,2019,62.38
HRV,Software development and technology,2020,32.14
HRV,Software development and technology,2021,247.19
HRV,Software development and technology,2022,74.57
HRV,Software development and technology,2023,39.41
HRV,Software development and technology,2024,150.8
HRV,Writing and translation,2017,64.03
HRV,Writing and translation,2018,18.54
HRV,Writing and translation,2019,24.97
HRV,Writing and translation,2020,8.6
HRV,Writing and translation,2021,5.93
HRV,Writing and translation,2022,1.9
HRV,Writing and translation,2023,3.08
HRV,Writing and translation,2024,0.96
HTI,Clerical and data entry,2018,7.0
HTI,Clerical and data entry,2021,5.34
HTI,Clerical and data entry,2022,4.67
HTI,Creative and multimedia,2018,16.33
HTI,Creative and multimedia,2019,8.0
HTI,Creative and multimedia,2020,8.02
HTI,Creative and multimedia,2022,0.3
HTI,Creative and multimedia,2023,0.13
HTI,Creative and multimedia,2024,0.37
HTI,Professional services,2023,0.15
HTI,Sales and marketing support,2022,9.41
HTI,Software development and technology,2017,13.84
HTI,Software development and technology,2021,11.95
HTI,Software development and technology,2022,14.19
HTI,Software development and technology,2023,43.93
HTI,Software development and technology,2024,26.67
HTI,Writing and translation,2020,7.95
HTI,Writing and translation,2021,8.0
HTI,Writing and translation,2022,6.39
HTI,Writing and translation,2023,14.84
HTI,Writing and translation,2024,1.05
HUN,Clerical and data entry,2019,29.4
HUN,Clerical and data entry,2020,11.02
HUN,Clerical and data entry,2021,8.24
HUN,Clerical and data entry,2022,7.86
HUN,Clerical and data entry,2023,6.28
HUN,Clerical and data entry,2024,6.75
HUN,Creative and multimedia,2017,143.19
HUN,Creative and multimedia,2018,119.91
HUN,Creative and multimedia,2019,103.49
HUN,Creative and multimedia,2020,289.01
HUN,Creative and multimedia,2021,154.88
HUN,Creative and multimedia,2022,143.53
HUN,Creative and multimedia,2023,103.55
HUN,Creative and multimedia,2024,119.08
HUN,Professional services,2018,16.33
HUN,Professional services,2019,11.0
HUN,Professional services,2020,6.59
HUN,Professional services,2022,0.37
HUN,Professional services,2023,0.43
HUN,Professional services,2024,0.15
HUN,Sales and marketing support,2017,35.47
HUN,Sales and marketing support,2018,32.21
HUN,Sales and marketing support,2019,18.36
HUN,Sales and marketing support,2020,13.63
HUN,Sales and marketing support,2021,20.44
HUN,Sales and marketing support,2022,3.71
HUN,Sales and marketing support,2023,0.56
HUN,Sales and marketing support,2024,0.51
HUN,Software development and technology,2017,81.1
HUN,Software development and technology,2018,64.75
HUN,Software development and technology,2019,41.95
HUN,Software development and technology,2020,92.79
HUN,Software development and technology,2021,81.95
HUN,Software development and technology,2022,151.46
HUN,Software development and technology,2023,115.86
HUN,Software development and technology,2024,53.74
HUN,Writing and translation,2017,76.43
HUN,Writing and translation,2018,35.42
HUN,Writing and translation,2019,73.32
HUN,Writing and translation,2020,0.39
HUN,Writing and translation,2021,20.86
HUN,Writing and translation,2022,41.21
HUN,Writing and translation,2023,2.99
HUN,Writing and translation,2024,0.87
IDN,Clerical and data entry,2017,48.44
IDN,Clerical and data entry,2018,51.39
IDN,Clerical and data entry,2019,211.02
IDN,Clerical and data entry,2020,353.32
IDN,Clerical and data entry,2021,396.25
IDN,Clerical and data entry,2022,448.4
IDN,Clerical and data entry,2023,213.63
IDN,Clerical and data entry,2024,243.51
IDN,Creative and multimedia,2017,396.3
IDN,Creative and multimedia,2018,364.21
IDN,Creative and multimedia,2019,2079.58
IDN,Creative and multimedia,2020,4398.26
IDN,Creative and multimedia,2021,4842.75
IDN,Creative and multimedia,2022,6422.92
IDN,Creative and multimedia,2023,6150.92
IDN,Creative and multimedia,2024,7188.1
IDN,Professional services,2017,24.83
IDN,Professional services,2018,63.08
IDN,Professional services,2019,149.75
IDN,Professional services,2020,207.79
IDN,Professional services,2021,100.88
IDN,Professional services,2022,79.85
IDN,Professional services,2023,19.91
IDN,Professional services,2024,23.71
IDN,Sales and marketing support,2017,175.34
IDN,Sales and marketing support,2018,56.41
IDN,Sales and marketing support,2019,307.4
IDN,Sales and marketing support,2020,248.08
IDN,Sales and marketing support,2021,16.15
IDN,Sales and marketing support,2022,214.63
IDN,Sales and marketing support,2023,20.05
IDN,Sales and marketing support,2024,17.23
IDN,Software development and technology,2017,191.49
IDN,Software development and technology,2018,205.26
IDN,Software development and technology,2019,312.67
IDN,Software development and technology,2020,640.37
IDN,Software development and technology,2021,625.84
IDN,Software development and technology,2022,1317.15
IDN,Software development and technology,2023,1304.74
IDN,Software development and technology,2024,1547.54
IDN,Writing and translation,2017,123.7
IDN,Writing and translation,2018,54.04
IDN,Writing and translation,2019,34.14
IDN,Writing and translation,2020,43.44
IDN,Writing and translation,2021,31.59
IDN,Writing and translation,2022,219.6
IDN,Writing and translation,2023,171.66
IDN,Writing and translation,2024,128.0
IMN,Clerical and data entry,2020,10.37
IMN,Clerical and data entry,2021,43.14
IMN,Clerical and data entry,2022,31.09
IMN,Creative and multimedia,2019,18.74
IMN,Creative and multimedia,2020,1.57
IMN,Creative and multimedia,2022,0.2
IMN,Creative and multimedia,2023,0.24
IMN,Professional services,2017,28.47
IMN,Professional services,2020,13.43
IMN,Professional services,2022,0.39
IMN,Professional services,2023,0.48
IMN,Professional services,2024,0.21
IMN,Sales and marketing support,2017,8.44
IMN,Sales and marketing support,2018,15.83
IMN,Sales and marketing support,2020,4.07
IMN,Software development and technology,2017,15.31
IMN,Software development and technology,2020,12.31
IMN,Writing and translation,2019,14.69
IMN,Writing and translation,2020,0.78
IMN,Writing and translation,2023,0.27
IMN,Writing and translation,2024,0.14
IND,Clerical and data entry,2017,2438.4
IND,Clerical and data entry,2018,2409.24
IND,Clerical and data entry,2019,3757.9
IND,Clerical and data entry,2020,5081.09
IND,Clerical and data entry,2021,5159.47
IND,Clerical and data entry,2022,5235.75
IND,Clerical and data entry,2023,1600.56
IND,Clerical and data entry,2024,1528.55
IND,Creative and multimedia,2017,8450.17
IND,Creative and multimedia,2018,10174.02
IND,Creative and multimedia,2019,18016.09
IND,Creative and multimedia,2020,28538.29
IND,Creative and multimedia,2021,21977.61
IND,Creative and multimedia,2022,22206.4
IND,Creative and multimedia,2023,12490.72
IND,Creative and multimedia,2024,13144.37
IND,Professional services,2017,2362.99
IND,Professional services,2018,4286.43
IND,Professional services,2019,2899.56
IND,Professional services,2020,1970.13
IND,Professional services,2021,924.82
IND,Professional services,2022,1483.1
IND,Professional services,2023,609.52
IND,Professional services,2024,485.0
IND,Sales and marketing support,2017,8576.67
IND,Sales and marketing support,2018,10151.35
IND,Sales and marketing support,2019,11620.89
IND,Sales and marketing support,2020,15630.14
IND,Sales and marketing support,2021,11281.06
IND,Sales and marketing support,2022,10697.2
IND,Sales and marketing support,2023,5962.44
IND,Sales and marketing support,2024,5936.34
IND,Software development and technology,2017,23520.79
IND,Software development and technology,2018,27517.77
IND,Software development and technology,2019,46739.62
IND,Software development and technology,2020,76123.25
IND,Software development and technology,2021,54304.07
IND,Software development and technology,2022,42856.93
IND,Software development and technology,2023,30255.08
IND,Software development and technology,2024,30297.56
IND,Writing and translation,2017,2256.22
IND,Writing and translation,2018,3135.77
IND,Writing and translation,2019,3420.93
IND,Writing and translation,2020,4325.34
IND,Writing and translation,2021,3813.25
IND,Writing and translation,2022,3409.94
IND,Writing and translation,2023,1175.18
IND,Writing and translation,2024,950.35
IRL,Clerical and data entry,2017,17.49
IRL,Clerical and data entry,2019,5.87
IRL,Clerical and data entry,2020,5.87
IRL,Clerical and data entry,2021,33.95
IRL,Clerical and data entry,2022,51.82
IRL,Creative and multimedia,2017,560.13
IRL,Creative and multimedia,2018,397.44
IRL,Creative and multimedia,2019,296.18
IRL,Creative and multimedia,2020,323.79
IRL,Creative and multimedia,2021,298.86
IRL,Creative and multimedia,2022,214.97
IRL,Creative and multimedia,2023,35.7
IRL,Creative and multimedia,2024,48.31
IRL,Professional services,2017,28.16
IRL,Professional services,2018,19.52
IRL,Professional services,2019,45.04
IRL,Professional services,2020,82.06
IRL,Professional services,2021,112.05
IRL,Professional services,2022,105.99
IRL,Professional services,2023,4.79
IRL,Professional services,2024,2.32
IRL,Sales and marketing support,2017,184.23
IRL,Sales and marketing support,2018,201.97
IRL,Sales and marketing support,2019,184.33
IRL,Sales and marketing support,2020,123.79
IRL,Sales and marketing support,2021,99.92
IRL,Sales and marketing support,2022,80.7
IRL,Sales and marketing support,2023,7.81
IRL,Sales and marketing support,2024,8.26
IRL,Software development and technology,2017,211.94
IRL,Software development and technology,2018,168.83
IRL,Software development and technology,2019,139.43
IRL,Software development and technology,2020,149.45
IRL,Software development and technology,2021,485.35
IRL,Software development and technology,2022,617.07
IRL,Software development and technology,2023,306.82
IRL,Software development and technology,2024,217.39
IRL,Writing and translation,2017,238.86
IRL,Writing and translation,2018,363.25
IRL,Writing and translation,2019,319.54
IRL,Writing and translation,2020,112.66
IRL,Writing and translation,2021,226.61
IRL,Writing and translation,2022,137.86
IRL,Writing and translation,2023,8.27
IRL,Writing and translation,2024,3.54
IRN,Creative and multimedia,2020,6.32
IRN,Creative and multimedia,2021,11.26
IRN,Creative and multimedia,2022,0.17
IRN,Creative and multimedia,2023,0.94
IRN,Creative and multimedia,2024,1.58
IRN,Professional services,2022,0.1
IRN,Professional services,2023,1.95
IRN,Professional services,2024,2.19
IRN,Sales and marketing support,2024,0.1
IRN,Software development and technology,2022,0.35
IRN,Software development and technology,2023,0.34
IRN,Software development and technology,2024,1.57
IRN,Writing and translation,2020,6.51
IRN,Writing and translation,2021,3.38
IRN,Writing and translation,2022,0.84
IRN,Writing and translation,2023,0.2
IRN,Writing and translation,2024,0.32
IRQ,Clerical and data entry,2021,42.12
IRQ,Clerical and data entry,2022,76.12
IRQ,Clerical and data entry,2023,11.49
IRQ,Clerical and data entry,2024,14.52
IRQ,Creative and multimedia,2018,12.53
IRQ,Creative and multimedia,2019,13.09
IRQ,Creative and multimedia,2020,16.27
IRQ,Creative and multimedia,2021,3.94
IRQ,Creative and multimedia,2022,17.79
IRQ,Creative and multimedia,2023,11.63
IRQ,Creative and multimedia,2024,10.52
IRQ,Professional services,2019,14.09
IRQ,Professional services,2022,5.94
IRQ,Professional services,2023,0.16
IRQ,Professional services,2024,0.16
IRQ,Sales and marketing support,2018,2.0
IRQ,Sales and marketing support,2019,6.53
IRQ,Sales and marketing support,2020,6.54
IRQ,Sales and marketing support,2023,0.1
IRQ,Sales and marketing support,2024,1.46
IRQ,Software development and technology,2017,1.0
IRQ,Software development and technology,2018,93.03
IRQ,Software development and technology,2019,21.91
IRQ,Software development and technology,2020,31.91
IRQ,Software development and technology,2021,25.51
IRQ,Software development and technology,2022,51.09
IRQ,Software development and technology,2023,27.78
IRQ,Software development and technology,2024,12.44
IRQ,Writing and translation,2017,13.36
IRQ,Writing and translation,2018,1.0
IRQ,Writing and translation,2019,22.63
IRQ,Writing and translation,2020,15.32
IRQ,Writing and translation,2021,6.17
IRQ,Writing and translation,2022,32.75
IRQ,Writing and translation,2023,1.49
IRQ,Writing and translation,2024,3.23
ISL,Creative and multimedia,2020,12.8
ISL,Creative and multimedia,2022,0.27
ISL,Creative and multimedia,2023,0.26
ISL,Professional services,2018,19.05
ISL,Professional services,2020,2.61
ISL,Professional services,2022,0.1
ISL,Professional services,2023,1.17
ISL,Sales and marketing support,2018,4.38
ISL,Sales and marketing support,2019,24.76
ISL,Sales and marketing support,2020,4.49
ISL,Sales and marketing support,2022,0.65
ISL,Sales and marketing support,2023,0.19
ISL,Sales and marketing support,2024,0.45
ISL,Software development and technology,2019,6.07
ISL,Software development and technology,2020,6.92
ISL,Software development and technology,2021,6.82
ISL,Software development and technology,2023,3.63
ISL,Writing and translation,2021,9.9
ISL,Writing and translation,2022,8.09
ISL,Writing and translation,2023,4.38
ISL,Writing and translation,2024,0.43
ISR,Clerical and data entry,2019,11.41
ISR,Clerical and data entry,2020,6.08
ISR,Clerical and data entry,2021,7.46
ISR,Clerical and data entry,2022,8.54
ISR,Clerical and data entry,2023,6.55
ISR,Creative and multimedia,2017,32.24
ISR,Creative and multimedia,2018,55.87
ISR,Creative and multimedia,2019,101.0
ISR,Creative and multimedia,2020,69.05
ISR,Creative and multimedia,2021,37.01
ISR,Creative and multimedia,2022,25.87
ISR,Creative and multimedia,2023,19.87
ISR,Creative and multimedia,2024,31.6
ISR,Professional services,2019,22.26
ISR,Professional services,2020,4.06
ISR,Professional services,2022,0.4
ISR,Professional services,2023,0.34
ISR,Professional services,2024,0.49
ISR,Sales and marketing support,2017,15.88
ISR,Sales and marketing support,2018,37.71
ISR,Sales and marketing support,2019,7.51
ISR,Sales and marketing support,2020,13.72
ISR,Sales and marketing support,2021,6.49
ISR,Sales and marketing support,2022,8.5
ISR,Sales and marketing support,2023,1.45
ISR,Sales and marketing support,2024,1.05
ISR,Software development and technology,2017,85.64
ISR,Software development and technology,2018,69.12
ISR,Software development and technology,2019,49.83
ISR,Software development and technology,2020,32.01
ISR,Software development and technology,2021,26.8
ISR,Software development and technology,2022,182.8
ISR,Software development and technology,2023,104.43
ISR,Software development and technology,2024,18.18
ISR,Writing and translation,2017,25.04
ISR,Writing and translation,2018,28.75
ISR,Writing and translation,2019,19.05
ISR,Writing and translation,2020,18.98
ISR,Writing and translation,2021,3.2
ISR,Writing and translation,2022,4.89
ISR,Writing and translation,2023,3.53
ISR,Writing and translation,2024,8.79
ITA,Clerical and data entry,2017,45.28
ITA,Clerical and data entry,2018,41.9
ITA,Clerical and data entry,2019,71.89
ITA,Clerical and data entry,2020,12.69
ITA,Clerical and data entry,2021,25.11
ITA,Clerical and data entry,2022,16.68
ITA,Clerical and data entry,2023,12.3
ITA,Clerical and data entry,2024,12.5
ITA,Creative and multimedia,2017,476.85
ITA,Creative and multimedia,2018,499.07
ITA,Creative and multimedia,2019,452.11
ITA,Creative and multimedia,2020,554.36
ITA,Creative and multimedia,2021,731.63
ITA,Creative and multimedia,2022,292.35
ITA,Creative and multimedia,2023,137.87
ITA,Creative and multimedia,2024,196.04
ITA,Professional services,2017,49.45
ITA,Professional services,2018,72.2
ITA,Professional services,2019,59.15
ITA,Professional services,2020,36.35
ITA,Professional services,2021,12.35
ITA,Professional services,2022,18.17
ITA,Professional services,2023,6.74
ITA,Professional services,2024,6.43
ITA,Sales and marketing support,2017,160.83
ITA,Sales and marketing support,2018,298.75
ITA,Sales and marketing support,2019,138.81
ITA,Sales and marketing support,2020,91.37
ITA,Sales and marketing support,2021,82.58
ITA,Sales and marketing support,2022,50.72
ITA,Sales and marketing support,2023,7.45
ITA,Sales and marketing support,2024,7.58
ITA,Software development and technology,2017,119.72
ITA,Software development and technology,2018,155.55
ITA,Software development and technology,2019,203.9
ITA,Software development and technology,2020,592.87
ITA,Software development and technology,2021,425.98
ITA,Software development and technology,2022,264.19
ITA,Software development and technology,2023,179.95
ITA,Software development and technology,2024,270.65
ITA,Writing and translation,2017,729.5
ITA,Writing and translation,2018,713.88
ITA,Writing and translation,2019,768.06
ITA,Writing and translation,2020,453.39
ITA,Writing and translation,2021,342.13
ITA,Writing and translation,2022,171.63
ITA,Writing and translation,2023,123.82
ITA,Writing and translation,2024,115.66
JAM,Clerical and data entry,2017,45.55
JAM,Clerical and data entry,2018,34.4
JAM,Clerical and data entry,2019,27.82
JAM,Clerical and data entry,2020,23.54
JAM,Clerical and data entry,2021,47.19
JAM,Clerical and data entry,2022,48.15
JAM,Clerical and data entry,2023,15.47
JAM,Clerical and data entry,2024,9.39
JAM,Creative and multimedia,2017,20.33
JAM,Creative and multimedia,2018,31.39
JAM,Creative and multimedia,2019,74.49
JAM,Creative and multimedia,2020,41.09
JAM,Creative and multimedia,2021,35.47
JAM,Creative and multimedia,2022,152.94
JAM,Creative and multimedia,2023,73.16
JAM,Creative and multimedia,2024,28.32
JAM,Professional services,2017,51.59
JAM,Professional services,2018,54.24
JAM,Professional services,2019,55.13
JAM,Professional services,2020,5.34
JAM,Professional services,2021,8.52
JAM,Professional services,2022,17.58
JAM,Professional services,2023,2.26
JAM,Professional services,2024,1.41
JAM,Sales and marketing support,2017,70.71
JAM,Sales and marketing support,2018,54.33
JAM,Sales and marketing support,2019,37.15
JAM,Sales and marketing support,2020,15.47
JAM,Sales and marketing support,2021,24.53
JAM,Sales and marketing support,2022,24.09
JAM,Sales and marketing support,2023,14.87
JAM,Sales and marketing support,2024,3.77
JAM,Software development and technology,2017,23.66
JAM,Software development and technology,2018,8.0
JAM,Software development and technology,2019,43.28
JAM,Software development and technology,2020,2.1
JAM,Software development and technology,2021,8.0
JAM,Software development and technology,2022,70.88
JAM,Software development and technology,2023,81.31
JAM,Software development and technology,2024,73.26
JAM,Writing and translation,2017,158.87
JAM,Writing and translation,2018,84.57
JAM,Writing and translation,2019,79.35
JAM,Writing and translation,2020,160.73
JAM,Writing and translation,2021,158.42
JAM,Writing and translation,2022,82.46
JAM,Writing and translation,2023,115.82
JAM,Writing and translation,2024,76.57
JEY,Creative and multimedia,2024,0.49
JEY,Professional services,2022,0.61
JEY,Professional services,2023,0.42
JEY,Professional services,2024,0.37
JEY,Sales and marketing support,2017,34.62
JEY,Sales and marketing support,2018,19.43
JEY,Sales and marketing support,2022,0.6
JEY,Sales and marketing support,2023,0.36
JEY,Sales and marketing support,2024,0.46
JEY,Software development and technology,2020,26.05
JEY,Writing and translation,2017,17.99
JEY,Writing and translation,2018,17.31
JEY,Writing and translation,2019,4.0
JEY,Writing and translation,2020,9.51
JEY,Writing and translation,2021,2.37
JEY,Writing and translation,2022,0.3
JEY,Writing and translation,2023,0.1
JEY,Writing and translation,2024,0.16
JOR,Clerical and data entry,2019,8.21
JOR,Clerical and data entry,2020,6.12
JOR,Clerical and data entry,2021,5.57
JOR,Clerical and data entry,2022,21.31
JOR,Clerical and data entry,2023,20.3
JOR,Clerical and data entry,2024,6.98
JOR,Creative and multimedia,2017,19.63
JOR,Creative and multimedia,2018,79.65
JOR,Creative and multimedia,2019,108.36
JOR,Creative and multimedia,2020,66.58
JOR,Creative and multimedia,2021,73.82
JOR,Creative and multimedia,2022,248.21
JOR,Creative and multimedia,2023,152.11
JOR,Creative and multimedia,2024,139.92
JOR,Professional services,2019,10.27
JOR,Professional services,2020,6.22
JOR,Professional services,2021,10.05
JOR,Professional services,2022,6.83
JOR,Professional services,2023,3.57
JOR,Professional services,2024,0.19
JOR,Sales and marketing support,2018,4.91
JOR,Sales and marketing support,2019,70.43
JOR,Sales and marketing support,2020,64.11
JOR,Sales and marketing support,2021,2.38
JOR,Sales and marketing support,2022,52.2
JOR,Sales and marketing support,2023,11.29
JOR,Sales and marketing support,2024,3.72
JOR,Software development and technology,2017,1.0
JOR,Software development and technology,2018,19.45
JOR,Software development and technology,2019,71.12
JOR,Software development and technology,2020,157.88
JOR,Software development and technology,2021,209.98
JOR,Software development and technology,2022,156.73
JOR,Software development and technology,2023,116.1
JOR,Software development and technology,2024,91.23
JOR,Writing and translation,2017,20.44
JOR,Writing and translation,2018,41.57
JOR,Writing and translation,2019,36.88
JOR,Writing and translation,2020,7.95
JOR,Writing and translation,2021,4.8
JOR,Writing and translation,2022,8.8
JOR,Writing and translation,2023,7.78
JOR,Writing and translation,2024,7.37
JPN,Clerical and data entry,2019,9.28
JPN,Clerical and data entry,2020,19.67
JPN,Clerical and data entry,2021,13.38
JPN,Clerical and data entry,2022,8.86
JPN,Clerical and data entry,2024,15.34
JPN,Creative and multimedia,2017,54.82
JPN,Creative and multimedia,2018,31.24
JPN,Creative and multimedia,2019,62.45
JPN,Creative and multimedia,2020,33.96
JPN,Creative and multimedia,2021,70.97
JPN,Creative and multimedia,2022,56.37
JPN,Creative and multimedia,2023,31.07
JPN,Creative and multimedia,2024,62.99
JPN,Professional services,2017,13.84
JPN,Professional services,2018,4.38
JPN,Professional services,2019,10.39
JPN,Professional services,2020,11.72
JPN,Professional services,2021,9.92
JPN,Professional services,2022,14.68
JPN,Professional services,2023,2.05
JPN,Professional services,2024,0.58
JPN,Sales and marketing support,2017,22.9
JPN,Sales and marketing support,2018,20.96
JPN,Sales and marketing support,2019,36.8
JPN,Sales and marketing support,2020,28.98
JPN,Sales and marketing support,2021,17.87
JPN,Sales and marketing support,2022,13.74
JPN,Sales and marketing support,2023,3.47
JPN,Sales and marketing support,2024,5.92
JPN,Software development and technology,2017,75.67
JPN,Software development and technology,2018,145.51
JPN,Software development and technology,2019,167.13
JPN,Software development and technology,2020,278.37
JPN,Software development and technology,2021,382.27
JPN,Software development and technology,2022,369.26
JPN,Software development and technology,2023,280.81
JPN,Software development and technology,2024,333.5
JPN,Writing and translation,2017,51.12
JPN,Writing and translation,2018,49.16
JPN,Writing and translation,2019,93.03
JPN,Writing and translation,2020,173.96
JPN,Writing and translation,2021,68.84
JPN,Writing and translation,2022,32.45
JPN,Writing and translation,2023,23.4
JPN,Writing and translation,2024,35.78
KAZ,Clerical and data entry,2019,5.81
KAZ,Clerical and data entry,2020,10.57
KAZ,Clerical and data entry,2021,5.52
KAZ,Clerical and data entry,2022,7.05
KAZ,Clerical and data entry,2023,7.17
KAZ,Clerical and data entry,2024,8.9
KAZ,Creative and multimedia,2017,18.66
KAZ,Creative and multimedia,2018,26.44
KAZ,Creative and multimedia,2019,205.67
KAZ,Creative and multimedia,2020,428.4
KAZ,Creative and multimedia,2021,428.19
KAZ,Creative and multimedia,2022,510.15
KAZ,Creative and multimedia,2023,275.62
KAZ,Creative and multimedia,2024,183.37
KAZ,Professional services,2020,8.05
KAZ,Sales and marketing support,2020,69.6
KAZ,Sales and marketing support,2021,5.07
KAZ,Sales and marketing support,2022,25.02
KAZ,Sales and marketing support,2023,21.95
KAZ,Sales and marketing support,2024,15.94
KAZ,Software development and technology,2017,1.0
KAZ,Software development and technology,2018,21.32
KAZ,Software development and technology,2019,38.41
KAZ,Software development and technology,2020,291.22
KAZ,Software development and technology,2021,1169.25
KAZ,Software development and technology,2022,2154.7
KAZ,Software development and technology,2023,734.05
KAZ,Software development and technology,2024,366.39
KAZ,Writing and translation,2017,18.17
KAZ,Writing and translation,2018,35.17
KAZ,Writing and translation,2019,51.94
KAZ,Writing and translation,2020,6.69
KAZ,Writing and translation,2021,19.58
KAZ,Writing and translation,2022,34.56
KAZ,Writing and translation,2023,3.97
KAZ,Writing and translation,2024,16.16
KEN,Clerical and data entry,2017,99.43
KEN,Clerical and data entry,2018,73.88
KEN,Clerical and data entry,2019,140.75
KEN,Clerical and data entry,2020,231.71
KEN,Clerical and data entry,2021,195.41
KEN,Clerical and data entry,2022,269.77
KEN,Clerical and data entry,2023,95.5
KEN,Clerical and data entry,2024,122.85
KEN,Creative and multimedia,2017,205.12
KEN,Creative and multimedia,2018,214.45
KEN,Creative and multimedia,2019,122.27
KEN,Creative and multimedia,2020,89.98
KEN,Creative and multimedia,2021,120.25
KEN,Creative and multimedia,2022,177.75
KEN,Creative and multimedia,2023,210.82
KEN,Creative and multimedia,2024,153.16
KEN,Professional services,2017,156.54
KEN,Professional services,2018,203.79
KEN,Professional services,2019,208.03
KEN,Professional services,2020,153.25
KEN,Professional services,2021,83.9
KEN,Professional services,2022,63.87
KEN,Professional services,2023,68.78
KEN,Professional services,2024,61.54
KEN,Sales and marketing support,2017,103.64
KEN,Sales and marketing support,2018,159.33
KEN,Sales and marketing support,2019,156.22
KEN,Sales and marketing support,2020,70.24
KEN,Sales and marketing support,2021,88.61
KEN,Sales and marketing support,2022,126.61
KEN,Sales and marketing support,2023,71.26
KEN,Sales and marketing support,2024,109.29
KEN,Software development and technology,2017,246.61
KEN,Software development and technology,2018,268.12
KEN,Software development and technology,2019,242.5
KEN,Software development and technology,2020,327.11
KEN,Software development and technology,2021,504.1
KEN,Software development and technology,2022,597.03
KEN,Software development and technology,2023,694.54
KEN,Software development and technology,2024,734.38
KEN,Writing and translation,2017,799.37
KEN,Writing and translation,2018,1012.78
KEN,Writing and translation,2019,2224.59
KEN,Writing and translation,2020,3682.79
KEN,Writing and translation,2021,3262.27
KEN,Writing and translation,2022,2175.03
KEN,Writing and translation,2023,1187.98
KEN,Writing and translation,2024,1122.64
KGZ,Creative and multimedia,2022,16.75
KGZ,Creative and multimedia,2023,15.42
KGZ,Creative and multimedia,2024,6.16
KGZ,Professional services,2022,0.1
KGZ,Professional services,2023,0.49
KGZ,Professional services,2024,0.1
KGZ,Sales and marketing support,2023,0.51
KGZ,Sales and marketing support,2024,20.64
KGZ,Software development and technology,2019,16.51
KGZ,Software development and technology,2020,17.42
KGZ,Software development and technology,2021,31.02
KGZ,Software development and technology,2022,47.98
KGZ,Software development and technology,2023,21.49
KGZ,Software development and technology,2024,14.86
KGZ,Writing and translation,2019,14.22
KGZ,Writing and translation,2022,29.67
KGZ,Writing and translation,2023,8.66
KGZ,Writing and translation,2024,12.0
KHM,Clerical and data entry,2019,27.66
KHM,Clerical and data entry,2020,129.39
KHM,Clerical and data entry,2021,16.46
KHM,Clerical and data entry,2022,16.38
KHM,Creative and multimedia,2017,23.92
KHM,Creative and multimedia,2018,22.46
KHM,Creative and multimedia,2019,73.17
KHM,Creative and multimedia,2020,75.97
KHM,Creative and multimedia,2021,9.24
KHM,Creative and multimedia,2022,27.18
KHM,Creative and multimedia,2023,2.44
KHM,Creative and multimedia,2024,1.31
KHM,Professional services,2023,0.74
KHM,Professional services,2024,0.31
KHM,Sales and marketing support,2018,17.88
KHM,Sales and marketing support,2019,19.77
KHM,Sales and marketing support,2023,0.62
KHM,Sales and marketing support,2024,0.3
KHM,Software development and technology,2017,19.93
KHM,Software development and technology,2018,57.99
KHM,Software development and technology,2019,174.89
KHM,Software development and technology,2020,354.69
KHM,Software development and technology,2021,120.46
KHM,Software development and technology,2022,107.06
KHM,Software development and technology,2023,65.61
KHM,Software development and technology,2024,14.5
KHM,Writing and translation,2019,17.96
KHM,Writing and translation,2020,12.6
KHM,Writing and translation,2022,9.41
KHM,Writing and translation,2023,9.39
KHM,Writing and translation,2024,0.27
KNA,Clerical and data entry,2019,3.07
KNA,Clerical and data entry,2020,2.64
KNA,Clerical and data entry,2021,4.22
KNA,Clerical and data entry,2022,6.86
KNA,Clerical and data entry,2023,6.55
KOR,Clerical and data entry,2018,14.74
KOR,Clerical and data entry,2021,24.1
KOR,Clerical and data entry,2022,26.09
KOR,Clerical and data entry,2023,0.08
KOR,Clerical and data entry,2024,0.04
KOR,Creative and multimedia,2017,32.46
KOR,Creative and multimedia,2018,16.16
KOR,Creative and multimedia,2019,27.02
KOR,Creative and multimedia,2020,6.09
KOR,Creative and multimedia,2021,23.34
KOR,Creative and multimedia,2022,6.09
KOR,Creative and multimedia,2023,2.54
KOR,Creative and multimedia,2024,0.62
KOR,Professional services,2017,18.28
KOR,Professional services,2018,39.91
KOR,Professional services,2019,39.74
KOR,Professional services,2020,5.52
KOR,Professional services,2022,0.65
KOR,Professional services,2023,0.55
KOR,Professional services,2024,0.29
KOR,Sales and marketing support,2017,13.36
KOR,Sales and marketing support,2018,18.28
KOR,Sales and marketing support,2019,17.05
KOR,Sales and marketing support,2020,6.32
KOR,Sales and marketing support,2022,3.42
KOR,Sales and marketing support,2023,1.55
KOR,Sales and marketing support,2024,0.36
KOR,Software development and technology,2017,21.26
KOR,Software development and technology,2018,35.97
KOR,Software development and technology,2019,37.03
KOR,Software development and technology,2020,59.35
KOR,Software development and technology,2021,88.14
KOR,Software development and technology,2022,56.8
KOR,Software development and technology,2023,14.49
KOR,Software development and technology,2024,10.31
KOR,Writing and translation,2017,24.18
KOR,Writing and translation,2018,19.09
KOR,Writing and translation,2019,14.94
KOR,Writing and translation,2020,24.19
KOR,Writing and translation,2021,14.51
KOR,Writing and translation,2022,11.66
KOR,Writing and translation,2023,8.72
KOR,Writing and translation,2024,8.61
KWT,Clerical and data entry,2017,12.37
KWT,Clerical and data entry,2019,4.37
KWT,Clerical and data entry,2020,0.4
KWT,Clerical and data entry,2021,0.77
KWT,Creative and multimedia,2017,18.26
KWT,Creative and multimedia,2018,23.73
KWT,Creative and multimedia,2019,52.56
KWT,Creative and multimedia,2020,138.23
KWT,Creative and multimedia,2021,92.62
KWT,Creative and multimedia,2022,80.4
KWT,Creative and multimedia,2023,3.4
KWT,Creative and multimedia,2024,4.7
KWT,Professional services,2017,13.84
KWT,Professional services,2019,17.92
KWT,Professional services,2020,1.04
KWT,Professional services,2021,23.16
KWT,Professional services,2022,15.61
KWT,Professional services,2023,0.13
KWT,Professional services,2024,0.3
KWT,Sales and marketing support,2018,16.88
KWT,Sales and marketing support,2020,7.96
KWT,Sales and marketing support,2021,11.0
KWT,Sales and marketing support,2022,12.64
KWT,Sales and marketing support,2023,2.17
KWT,Sales and marketing support,2024,0.2
KWT,Software development and technology,2018,1.0
KWT,Software development and technology,2019,94.99
KWT,Software development and technology,2020,71.33
KWT,Software development and technology,2021,17.34
KWT,Software development and technology,2022,23.86
KWT,Software development and technology,2023,14.11
KWT,Software development and technology,2024,8.34
KWT,Writing and translation,2017,9.91
KWT,Writing and translation,2018,30.63
KWT,Writing and translation,2019,17.22
KWT,Writing and translation,2020,10.48
KWT,Writing and translation,2021,22.25
KWT,Writing and translation,2022,15.47
KWT,Writing and translation,2023,2.59
KWT,Writing and translation,2024,2.68
LAO,Clerical and data entry,2022,14.45
LAO,Creative and multimedia,2021,13.18
LAO,Software development and technology,2017,13.84
LAO,Software development and technology,2019,1209.38
LAO,Software development and technology,2020,512.51
LAO,Software development and technology,2021,127.49
LAO,Software development and technology,2022,20.5
LAO,Software development and technology,2023,20.14
LAO,Software development and technology,2024,10.5
LAO,Writing and translation,2019,21.8
LAO,Writing and translation,2022,15.45
LAO,Writing and translation,2023,0.19
LAO,Writing and translation,2024,0.1
LBN,Clerical and data entry,2017,20.11
LBN,Clerical and data entry,2018,18.98
LBN,Clerical and data entry,2020,27.03
LBN,Clerical and data entry,2021,124.02
LBN,Clerical and data entry,2022,83.71
LBN,Clerical and data entry,2023,19.75
LBN,Clerical and data entry,2024,3.63
LBN,Creative and multimedia,2017,321.84
LBN,Creative and multimedia,2018,661.6
LBN,Creative and multimedia,2019,531.93
LBN,Creative and multimedia,2020,189.25
LBN,Creative and multimedia,2021,335.73
LBN,Creative and multimedia,2022,219.57
LBN,Creative and multimedia,2023,54.67
LBN,Creative and multimedia,2024,58.12
LBN,Professional services,2017,35.02
LBN,Professional services,2018,76.7
LBN,Professional services,2019,93.47
LBN,Professional services,2020,34.1
LBN,Professional services,2022,1.78
LBN,Professional services,2023,0.54
LBN,Professional services,2024,0.34
LBN,Sales and marketing support,2017,258.06
LBN,Sales and marketing support,2018,431.48
LBN,Sales and marketing support,2019,406.48
LBN,Sales and marketing support,2020,113.15
LBN,Sales and marketing support,2021,225.44
LBN,Sales and marketing support,2022,163.69
LBN,Sales and marketing support,2023,3.58
LBN,Sales and marketing support,2024,1.71
LBN,Software development and technology,2017,247.39
LBN,Software development and technology,2018,499.55
LBN,Software development and technology,2019,381.88
LBN,Software development and technology,2020,241.52
LBN,Software development and technology,2021,360.65
LBN,Software development and technology,2022,275.91
LBN,Software development and technology,2023,114.78
LBN,Software development and technology,2024,58.68
LBN,Writing and translation,2017,64.02
LBN,Writing and translation,2018,104.94
LBN,Writing and translation,2019,61.41
LBN,Writing and translation,2020,22.99
LBN,Writing and translation,2021,38.28
LBN,Writing and translation,2022,46.97
LBN,Writing and translation,2023,1.11
LBN,Writing and translation,2024,12.15
LBR,Professional services,2023,0.66
LBR,Writing and translation,2022,7.53
LBY,Clerical and data entry,2018,1.0
LBY,Clerical and data entry,2022,14.93
LBY,Clerical and data entry,2023,4.85
LBY,Clerical and data entry,2024,5.79
LBY,Creative and multimedia,2019,219.62
LBY,Creative and multimedia,2020,61.89
LBY,Creative and multimedia,2021,1.75
LBY,Creative and multimedia,2022,136.69
LBY,Creative and multimedia,2023,52.97
LBY,Creative and multimedia,2024,3.55
LBY,Professional services,2017,18.08
LBY,Professional services,2018,5.5
LBY,Professional services,2022,1.78
LBY,Professional services,2023,0.55
LBY,Professional services,2024,0.26
LBY,Sales and marketing support,2017,20.95
LBY,Sales and marketing support,2022,0.1
LBY,Sales and marketing support,2023,0.21
LBY,Sales and marketing support,2024,0.36
LBY,Software development and technology,2017,16.05
LBY,Software development and technology,2018,12.5
LBY,Software development and technology,2021,13.18
LBY,Software development and technology,2022,16.2
LBY,Software development and technology,2023,12.4
LBY,Software development and technology,2024,0.97
LBY,Writing and translation,2017,15.04
LBY,Writing and translation,2018,31.58
LBY,Writing and translation,2019,19.27
LBY,Writing and translation,2023,0.27
LBY,Writing and translation,2024,0.88
LCA,Clerical and data entry,2019,11.47
LCA,Clerical and data entry,2020,12.6
LCA,Clerical and data entry,2021,13.86
LCA,Clerical and data entry,2022,14.22
LCA,Clerical and data entry,2023,9.69
LCA,Clerical and data entry,2024,8.98
LCA,Creative and multimedia,2020,5.09
LCA,Creative and multimedia,2021,3.54
LCA,Creative and multimedia,2022,21.83
LCA,Creative and multimedia,2023,13.96
LCA,Professional services,2019,4.03
LCA,Professional services,2020,5.45
LCA,Professional services,2021,5.57
LCA,Professional services,2022,6.69
LCA,Professional services,2023,2.55
LCA,Software development and technology,2017,18.77
LCA,Software development and technology,2018,15.26
LCA,Writing and translation,2021,5.24
LCA,Writing and translation,2022,7.04
LCA,Writing and translation,2023,6.55
LCA,Writing and translation,2024,0.94
LKA,Clerical and data entry,2017,153.78
LKA,Clerical and data entry,2018,90.48
LKA,Clerical and data entry,2019,90.56
LKA,Clerical and data entry,2020,175.17
LKA,Clerical and data entry,2021,266.87
LKA,Clerical and data entry,2022,265.49
LKA,Clerical and data entry,2023,117.49
LKA,Clerical and data entry,2024,99.15
LKA,Creative and multimedia,2017,738.05
LKA,Creative and multimedia,2018,861.69
LKA,Creative and multimedia,2019,1722.33
LKA,Creative and multimedia,2020,3054.89
LKA,Creative and multimedia,2021,2300.54
LKA,Creative and multimedia,2022,2745.97
LKA,Creative and multimedia,2023,2373.02
LKA,Creative and multimedia,2024,2085.49
LKA,Professional services,2017,100.0
LKA,Professional services,2018,106.57
LKA,Professional services,2019,128.45
LKA,Professional services,2020,58.91
LKA,Professional services,2021,13.6
LKA,Professional services,2022,35.52
LKA,Professional services,2023,15.79
LKA,Professional services,2024,15.31
LKA,Sales and marketing support,2017,227.65
LKA,Sales and marketing support,2018,640.91
LKA,Sales and marketing support,2019,377.92
LKA,Sales and marketing support,2020,200.99
LKA,Sales and marketing support,2021,234.2
LKA,Sales and marketing support,2022,188.41
LKA,Sales and marketing support,2023,15.86
LKA,Sales and marketing support,2024,12.67
LKA,Software development and technology,2017,314.71
LKA,Software development and technology,2018,393.14
LKA,Software development and technology,2019,657.56
LKA,Software development and technology,2020,1208.03
LKA,Software development and technology,2021,1389.83
LKA,Software development and technology,2022,1345.62
LKA,Software development and technology,2023,953.14
LKA,Software development and technology,2024,885.86
LKA,Writing and translation,2017,46.08
LKA,Writing and translation,2018,56.45
LKA,Writing and translation,2019,37.19
LKA,Writing and translation,2020,63.2
LKA,Writing and translation,2021,63.63
LKA,Writing and translation,2022,136.84
LKA,Writing and translation,2023,86.27
LKA,Writing and translation,2024,99.93
LSO,Creative and multimedia,2022,7.01
LSO,Creative and multimedia,2023,0.1
LSO,Creative and multimedia,2024,0.27
LSO,Professional services,2023,0.1
LSO,Sales and marketing support,2023,0.1
LSO,Writing and translation,2024,0.5
LTU,Clerical and data entry,2020,5.14
LTU,Clerical and data entry,2021,4.6
LTU,Clerical and data entry,2023,6.16
LTU,Creative and multimedia,2017,120.65
LTU,Creative and multimedia,2018,119.65
LTU,Creative and multimedia,2019,177.29
LTU,Creative and multimedia,2020,160.76
LTU,Creative and multimedia,2021,31.2
LTU,Creative and multimedia,2022,22.85
LTU,Creative and multimedia,2023,13.3
LTU,Creative and multimedia,2024,10.2
LTU,Professional services,2018,14.88
LTU,Professional services,2019,16.01
LTU,Professional services,2020,5.12
LTU,Professional services,2021,4.6
LTU,Professional services,2023,0.13
LTU,Professional services,2024,0.2
LTU,Sales and marketing support,2017,20.19
LTU,Sales and marketing support,2018,20.56
LTU,Sales and marketing support,2019,34.61
LTU,Sales and marketing support,2020,8.01
LTU,Sales and marketing support,2021,6.48
LTU,Sales and marketing support,2022,1.29
LTU,Sales and marketing support,2023,0.64
LTU,Software development and technology,2017,30.15
LTU,Software development and technology,2018,43.72
LTU,Software development and technology,2019,63.31
LTU,Software development and technology,2020,19.53
LTU,Software development and technology,2021,20.02
LTU,Software development and technology,2022,8.81
LTU,Software development and technology,2023,30.91
LTU,Software development and technology,2024,33.93
LTU,Writing and translation,2018,41.24
LTU,Writing and translation,2019,10.41
LTU,Writing and translation,2021,7.38
LTU,Writing and translation,2022,3.32
LTU,Writing and translation,2023,1.06
LTU,Writing and translation,2024,0.34
LUX,Clerical and data entry,2020,3.31
LUX,Clerical and data entry,2021,17.83
LUX,Clerical and data entry,2022,10.01
LUX,Creative and multimedia,2020,41.91
LUX,Creative and multimedia,2021,24.74
LUX,Creative and multimedia,2022,6.71
LUX,Creative and multimedia,2023,1.73
LUX,Creative and multimedia,2024,0.96
LUX,Professional services,2022,1.1
LUX,Professional services,2023,1.0
LUX,Professional services,2024,0.58
LUX,Sales and marketing support,2018,1.0
LUX,Sales and marketing support,2020,1.2
LUX,Sales and marketing support,2021,5.87
LUX,Software development and technology,2017,20.8
LUX,Software development and technology,2018,24.85
LUX,Software development and technology,2019,8.5
LUX,Software development and technology,2020,2.47
LUX,Software development and technology,2021,9.75
LUX,Software development and technology,2022,7.18
LUX,Software development and technology,2023,7.49
LUX,Software development and technology,2024,6.38
LUX,Writing and translation,2021,8.0
LUX,Writing and translation,2022,1.28
LUX,Writing and translation,2023,0.3
LVA,Clerical and data entry,2018,7.88
LVA,Clerical and data entry,2019,5.79
LVA,Clerical and data entry,2020,5.46
LVA,Clerical and data entry,2021,6.03
LVA,Clerical and data entry,2022,7.06
LVA,Clerical and data entry,2023,6.55
LVA,Creative and multimedia,2017,82.72
LVA,Creative and multimedia,2018,51.71
LVA,Creative and multimedia,2019,61.34
LVA,Creative and multimedia,2020,44.95
LVA,Creative and multimedia,2021,27.52
LVA,Creative and multimedia,2022,22.98
LVA,Creative and multimedia,2023,47.5
LVA,Creative and multimedia,2024,57.22
LVA,Professional services,2018,93.27
LVA,Professional services,2019,101.55
LVA,Professional services,2020,5.3
LVA,Professional services,2021,5.05
LVA,Professional services,2022,7.33
LVA,Professional services,2023,6.55
LVA,Sales and marketing support,2017,9.38
LVA,Sales and marketing support,2018,15.11
LVA,Sales and marketing support,2019,11.33
LVA,Sales and marketing support,2020,2.24
LVA,Sales and marketing support,2022,0.32
LVA,Sales and marketing support,2023,0.91
LVA,Sales and marketing support,2024,1.41
LVA,Software development and technology,2017,58.26
LVA,Software development and technology,2018,126.85
LVA,Software development and technology,2019,149.43
LVA,Software development and technology,2020,37.69
LVA,Software development and technology,2021,21.45
LVA,Software development and technology,2022,230.43
LVA,Software development and technology,2023,174.22
LVA,Software development and technology,2024,170.33
LVA,Writing and translation,2017,41.92
LVA,Writing and translation,2018,42.36
LVA,Writing and translation,2019,22.74
LVA,Writing and translation,2020,5.88
LVA,Writing and translation,2021,5.39
LVA,Writing and translation,2022,1.88
LVA,Writing and translation,2023,1.92
LVA,Writing and translation,2024,1.98
MAC,Creative and multimedia,2022,30.75
MAC,Creative and multimedia,2023,68.8
MAC,Writing and translation,2024,0.1
MAR,Clerical and data entry,2017,13.84
MAR,Clerical and data entry,2018,12.88
MAR,Clerical and data entry,2019,33.25
MAR,Clerical and data entry,2020,9.73
MAR,Clerical and data entry,2021,6.21
MAR,Clerical and data entry,2022,21.4
MAR,Clerical and data entry,2023,11.32
MAR,Clerical and data entry,2024,9.3
MAR,Creative and multimedia,2017,94.35
MAR,Creative and multimedia,2018,210.77
MAR,Creative and multimedia,2019,390.73
MAR,Creative and multimedia,2020,478.36
MAR,Creative and multimedia,2021,837.61
MAR,Creative and multimedia,2022,972.71
MAR,Creative and multimedia,2023,858.02
MAR,Creative and multimedia,2024,867.46
MAR,Professional services,2017,11.53
MAR,Professional services,2018,73.15
MAR,Professional services,2019,50.57
MAR,Professional services,2020,11.05
MAR,Professional services,2021,15.48
MAR,Professional services,2022,39.2
MAR,Professional services,2023,39.18
MAR,Professional services,2024,15.66
MAR,Sales and marketing support,2017,165.61
MAR,Sales and marketing support,2018,304.74
MAR,Sales and marketing support,2019,222.95
MAR,Sales and marketing support,2020,82.75
MAR,Sales and marketing support,2021,111.99
MAR,Sales and marketing support,2022,86.49
MAR,Sales and marketing support,2023,6.36
MAR,Sales and marketing support,2024,6.43
MAR,Software development and technology,2017,201.96
MAR,Software development and technology,2018,280.15
MAR,Software development and technology,2019,228.53
MAR,Software development and technology,2020,482.72
MAR,Software development and technology,2021,570.79
MAR,Software development and technology,2022,980.28
MAR,Software development and technology,2023,853.46
MAR,Software development and technology,2024,963.73
MAR,Writing and translation,2017,110.15
MAR,Writing and translation,2018,202.33
MAR,Writing and translation,2019,279.84
MAR,Writing and translation,2020,133.44
MAR,Writing and translation,2021,49.28
MAR,Writing and translation,2022,100.41
MAR,Writing and translation,2023,64.37
MAR,Writing and translation,2024,37.74
MCO,Creative and multimedia,2022,0.35
MCO,Software development and technology,2022,0.71
MCO,Writing and translation,2022,0.35
MCO,Writing and translation,2023,0.19
MCO,Writing and translation,2024,0.27
MDA,Clerical and data entry,2017,27.58
MDA,Clerical and data entry,2018,24.18
MDA,Clerical and data entry,2019,25.42
MDA,Clerical and data entry,2020,5.99
MDA,Clerical and data entry,2021,15.4
MDA,Clerical and data entry,2022,10.31
MDA,Creative and multimedia,2017,87.89
MDA,Creative and multimedia,2018,89.06
MDA,Creative and multimedia,2019,97.84
MDA,Creative and multimedia,2020,217.43
MDA,Creative and multimedia,2021,215.07
MDA,Creative and multimedia,2022,137.89
MDA,Creative and multimedia,2023,105.68
MDA,Creative and multimedia,2024,124.22
MDA,Professional services,2017,58.16
MDA,Professional services,2018,56.79
MDA,Professional services,2019,23.71
MDA,Professional services,2020,12.24
MDA,Professional services,2022,0.11
MDA,Professional services,2023,0.11
MDA,Professional services,2024,0.12
MDA,Sales and marketing support,2017,47.91
MDA,Sales and marketing support,2018,45.31
MDA,Sales and marketing support,2019,23.27
MDA,Sales and marketing support,2020,1.99
MDA,Sales and marketing support,2021,8.62
MDA,Sales and marketing support,2022,8.49
MDA,Sales and marketing support,2023,1.8
MDA,Sales and marketing support,2024,0.43
MDA,Software development and technology,2017,85.04
MDA,Software development and technology,2018,80.01
MDA,Software development and technology,2019,274.68
MDA,Software development and technology,2020,336.94
MDA,Software development and technology,2021,410.77
MDA,Software development and technology,2022,612.79
MDA,Software development and technology,2023,426.76
MDA,Software development and technology,2024,606.34
MDA,Writing and translation,2017,13.84
MDA,Writing and translation,2019,22.68
MDA,Writing and translation,2020,54.55
MDA,Writing and translation,2021,19.49
MDA,Writing and translation,2022,20.11
MDA,Writing and translation,2023,12.36
MDA,Writing and translation,2024,5.89
MDG,Clerical and data entry,2017,7.08
MDG,Clerical and data entry,2020,12.74
MDG,Clerical and data entry,2021,5.82
MDG,Clerical and data entry,2022,7.07
MDG,Clerical and data entry,2023,6.55
MDG,Clerical and data entry,2024,3.63
MDG,Creative and multimedia,2018,20.8
MDG,Creative and multimedia,2019,18.14
MDG,Creative and multimedia,2020,19.58
MDG,Creative and multimedia,2021,99.77
MDG,Creative and multimedia,2022,5.66
MDG,Creative and multimedia,2023,8.89
MDG,Creative and multimedia,2024,12.2
MDG,Professional services,2020,0.4
MDG,Professional services,2024,0.19
MDG,Sales and marketing support,2020,29.06
MDG,Sales and marketing support,2021,14.25
MDG,Sales and marketing support,2022,4.51
MDG,Sales and marketing support,2023,1.25
MDG,Sales and marketing support,2024,0.12
MDG,Software development and technology,2017,32.96
MDG,Software development and technology,2018,40.13
MDG,Software development and technology,2019,6.62
MDG,Software development and technology,2020,25.8
MDG,Software development and technology,2021,12.24
MDG,Software development and technology,2022,6.99
MDG,Software development and technology,2023,12.22
MDG,Software development and technology,2024,10.02
MDG,Writing and translation,2017,13.84
MDG,Writing and translation,2018,19.45
MDG,Writing and translation,2019,42.93
MDG,Writing and translation,2020,4.75
MDG,Writing and translation,2021,4.72
MDG,Writing and translation,2022,14.95
MDG,Writing and translation,2023,7.45
MDG,Writing and translation,2024,8.96
MDV,Clerical and data entry,2020,8.46
MDV,Clerical and data entry,2021,8.98
MDV,Creative and multimedia,2018,20.31
MDV,Creative and multimedia,2019,61.91
MDV,Creative and multimedia,2020,51.46
MDV,Creative and multimedia,2021,10.18
MDV,Creative and multimedia,2023,67.5
MDV,Creative and multimedia,2024,75.35
MDV,Professional services,2017,9.39
MDV,Professional services,2018,17.98
MDV,Professional services,2019,23.19
MDV,Professional services,2020,2.2
MDV,Professional services,2023,0.13
MDV,Sales and marketing support,2019,15.37
MDV,Software development and technology,2018,47.18
MDV,Software development and technology,2019,32.63
MDV,Software development and technology,2020,2.38
MDV,Software development and technology,2022,0.67
MDV,Software development and technology,2023,0.18
MDV,Software development and technology,2024,0.11
MDV,Writing and translation,2019,17.19
MDV,Writing and translation,2020,5.21
MDV,Writing and translation,2022,0.73
MDV,Writing and translation,2023,0.18
MDV,Writing and translation,2024,0.21
MEX,Clerical and data entry,2017,17.4
MEX,Clerical and data entry,2019,11.48
MEX,Clerical and data entry,2020,12.34
MEX,Clerical and data entry,2021,59.65
MEX,Clerical and data entry,2022,83.42
MEX,Clerical and data entry,2023,23.53
MEX,Clerical and data entry,2024,12.38
MEX,Creative and multimedia,2017,142.84
MEX,Creative and multimedia,2018,86.88
MEX,Creative and multimedia,2019,309.13
MEX,Creative and multimedia,2020,725.36
MEX,Creative and multimedia,2021,1077.78
MEX,Creative and multimedia,2022,1618.38
MEX,Creative and multimedia,2023,1029.32
MEX,Creative and multimedia,2024,971.69
MEX,Professional services,2017,7.08
MEX,Professional services,2018,49.32
MEX,Professional services,2019,18.08
MEX,Professional services,2020,8.88
MEX,Professional services,2021,6.75
MEX,Professional services,2022,13.18
MEX,Professional services,2023,4.24
MEX,Professional services,2024,2.69
MEX,Sales and marketing support,2017,47.29
MEX,Sales and marketing support,2018,48.35
MEX,Sales and marketing support,2019,76.2
MEX,Sales and marketing support,2020,167.89
MEX,Sales and marketing support,2021,17.22
MEX,Sales and marketing support,2022,39.68
MEX,Sales and marketing support,2023,15.11
MEX,Sales and marketing support,2024,20.66
MEX,Software development and technology,2017,187.69
MEX,Software development and technology,2018,130.16
MEX,Software development and technology,2019,371.03
MEX,Software development and technology,2020,462.36
MEX,Software development and technology,2021,584.45
MEX,Software development and technology,2022,635.4
MEX,Software development and technology,2023,501.85
MEX,Software development and technology,2024,667.91
MEX,Writing and translation,2017,153.11
MEX,Writing and translation,2018,184.45
MEX,Writing and translation,2019,337.52
MEX,Writing and translation,2020,263.84
MEX,Writing and translation,2021,180.49
MEX,Writing and translation,2022,137.03
MEX,Writing and translation,2023,121.0
MEX,Writing and translation,2024,80.3
MKD,Clerical and data entry,2017,16.63
MKD,Clerical and data entry,2018,22.59
MKD,Clerical and data entry,2019,62.97
MKD,Clerical and data entry,2020,59.1
MKD,Clerical and data entry,2021,81.35
MKD,Clerical and data entry,2022,80.54
MKD,Clerical and data entry,2023,56.71
MKD,Clerical and data entry,2024,55.71
MKD,Creative and multimedia,2017,260.22
MKD,Creative and multimedia,2018,363.56
MKD,Creative and multimedia,2019,247.51
MKD,Creative and multimedia,2020,275.99
MKD,Creative and multimedia,2021,151.14
MKD,Creative and multimedia,2022,105.15
MKD,Creative and multimedia,2023,69.12
MKD,Creative and multimedia,2024,81.04
MKD,Professional services,2017,59.38
MKD,Professional services,2018,127.9
MKD,Professional services,2019,23.8
MKD,Professional services,2020,7.77
MKD,Professional services,2021,4.3
MKD,Professional services,2022,4.51
MKD,Professional services,2023,3.52
MKD,Professional services,2024,3.09
MKD,Sales and marketing support,2017,817.7
MKD,Sales and marketing support,2018,753.21
MKD,Sales and marketing support,2019,201.99
MKD,Sales and marketing support,2020,140.53
MKD,Sales and marketing support,2021,198.24
MKD,Sales and marketing support,2022,68.79
MKD,Sales and marketing support,2023,25.04
MKD,Sales and marketing support,2024,9.21
MKD,Software development and technology,2017,113.94
MKD,Software development and technology,2018,238.26
MKD,Software development and technology,2019,89.71
MKD,Software development and technology,2020,50.04
MKD,Software development and technology,2021,115.6
MKD,Software development and technology,2022,262.32
MKD,Software development and technology,2023,164.79
MKD,Software development and technology,2024,79.9
MKD,Writing and translation,2017,35.48
MKD,Writing and translation,2018,35.26
MKD,Writing and translation,2019,42.96
MKD,Writing and translation,2020,8.99
MKD,Writing and translation,2021,19.19
MKD,Writing and translation,2022,22.61
MKD,Writing and translation,2023,4.0
MKD,Writing and translation,2024,3.03
MLI,Creative and multimedia,2018,39.25
MLI,Creative and multimedia,2019,69.3
MLI,Creative and multimedia,2022,0.36
MLI,Creative and multimedia,2023,0.45
MLI,Professional services,2023,0.29
MLI,Professional services,2024,0.38
MLI,Sales and marketing support,2019,5.44
MLI,Sales and marketing support,2024,0.1
MLI,Software development and technology,2021,0.4
MLI,Software development and technology,2023,0.13
MLI,Writing and translation,2024,0.1
MLT,Clerical and data entry,2019,16.58
MLT,Clerical and data entry,2022,10.7
MLT,Clerical and data entry,2023,37.51
MLT,Creative and multimedia,2017,23.13
MLT,Creative and multimedia,2018,32.37
MLT,Creative and multimedia,2019,53.71
MLT,Creative and multimedia,2020,17.24
MLT,Creative and multimedia,2021,10.35
MLT,Creative and multimedia,2022,6.18
MLT,Creative and multimedia,2023,4.33
MLT,Creative and multimedia,2024,10.2
MLT,Professional services,2019,61.45
MLT,Professional services,2020,4.86
MLT,Professional services,2022,0.6
MLT,Professional services,2023,0.57
MLT,Professional services,2024,0.48
MLT,Sales and marketing support,2017,18.17
MLT,Sales and marketing support,2018,21.91
MLT,Sales and marketing support,2019,19.11
MLT,Sales and marketing support,2020,2.55
MLT,Sales and marketing support,2021,3.44
MLT,Sales and marketing support,2022,4.23
MLT,Sales and marketing support,2023,3.84
MLT,Sales and marketing support,2024,1.88
MLT,Software development and technology,2017,18.17
MLT,Software development and technology,2018,24.56
MLT,Software development and technology,2019,4.27
MLT,Software development and technology,2020,14.28
MLT,Software development and technology,2021,10.61
MLT,Software development and technology,2022,4.6
MLT,Software development and technology,2023,1.17
MLT,Software development and technology,2024,2.37
MLT,Writing and translation,2017,13.84
MLT,Writing and translation,2018,51.37
MLT,Writing and translation,2019,64.5
MLT,Writing and translation,2020,25.36
MLT,Writing and translation,2021,23.84
MLT,Writing and translation,2022,6.57
MLT,Writing and translation,2023,1.87
MLT,Writing and translation,2024,0.24
MMR,Clerical and data entry,2021,0.4
MMR,Creative and multimedia,2018,45.61
MMR,Creative and multimedia,2019,15.45
MMR,Creative and multimedia,2020,34.02
MMR,Creative and multimedia,2021,5.3
MMR,Creative and multimedia,2022,6.89
MMR,Creative and multimedia,2023,7.01
MMR,Creative and multimedia,2024,2.11
MMR,Professional services,2021,8.0
MMR,Sales and marketing support,2020,0.4
MMR,Software development and technology,2020,28.98
MMR,Software development and technology,2021,36.52
MMR,Software development and technology,2023,0.12
MMR,Writing and translation,2020,10.34
MMR,Writing and translation,2021,3.38
MMR,Writing and translation,2023,3.93
MMR,Writing and translation,2024,7.11
MNE,Clerical and data entry,2020,4.2
MNE,Clerical and data entry,2021,10.42
MNE,Creative and multimedia,2017,34.94
MNE,Creative and multimedia,2018,32.3
MNE,Creative and multimedia,2019,8.96
MNE,Creative and multimedia,2020,36.87
MNE,Creative and multimedia,2021,43.11
MNE,Creative and multimedia,2022,6.7
MNE,Creative and multimedia,2023,4.28
MNE,Creative and multimedia,2024,5.37
MNE,Professional services,2020,0.78
MNE,Professional services,2022,0.19
MNE,Professional services,2024,0.13
MNE,Sales and marketing support,2017,13.84
MNE,Sales and marketing support,2018,1.93
MNE,Sales and marketing support,2019,16.74
MNE,Sales and marketing support,2020,5.54
MNE,Sales and marketing support,2023,0.1
MNE,Software development and technology,2017,47.0
MNE,Software development and technology,2018,43.74
MNE,Software development and technology,2019,17.72
MNE,Software development and technology,2020,4.68
MNE,Software development and technology,2021,15.06
MNE,Software development and technology,2022,9.13
MNE,Software development and technology,2023,21.37
MNE,Software development and technology,2024,81.21
MNE,Writing and translation,2018,15.23
MNE,Writing and translation,2019,5.0
MNE,Writing and translation,2020,9.61
MNE,Writing and translation,2021,22.95
MNE,Writing and translation,2022,6.0
MNE,Writing and translation,2023,4.66
MNE,Writing and translation,2024,5.29
MNG,Clerical and data entry,2022,6.75
MNG,Creative and multimedia,2017,22.27
MNG,Creative and multimedia,2019,131.48
MNG,Creative and multimedia,2020,21.08
MNG,Creative and multimedia,2022,8.12
MNG,Creative and multimedia,2023,1.75
MNG,Professional services,2023,0.1
MNG,Sales and marketing support,2022,0.1
MNG,Sales and marketing support,2023,0.1
MNG,Sales and marketing support,2024,0.1
MNG,Software development and technology,2017,23.46
MNG,Software development and technology,2018,9.0
MNG,Software development and technology,2019,356.09
MNG,Software development and technology,2020,10.72
MNG,Software development and technology,2022,3.81
MNG,Software development and technology,2023,1.85
MNG,Software development and technology,2024,0.88
MNP,Writing and translation,2018,29.08
MOZ,Clerical and data entry,2019,15.8
MOZ,Clerical and data entry,2020,15.15
MOZ,Clerical and data entry,2023,11.16
MOZ,Creative and multimedia,2018,17.0
MOZ,Creative and multimedia,2024,0.19
MOZ,Professional services,2018,15.69
MOZ,Professional services,2019,6.77
MOZ,Professional services,2023,0.22
MOZ,Professional services,2024,0.12
MOZ,Sales and marketing support,2019,5.75
MOZ,Sales and marketing support,2020,4.42
MOZ,Sales and marketing support,2021,9.56
MOZ,Sales and marketing support,2022,2.62
MOZ,Sales and marketing support,2023,0.17
MOZ,Software development and technology,2017,13.84
MOZ,Software development and technology,2019,6.44
MOZ,Software development and technology,2021,18.71
MOZ,Software development and technology,2022,13.65
MOZ,Software development and technology,2023,5.68
MOZ,Software development and technology,2024,6.28
MOZ,Writing and translation,2022,0.21
MOZ,Writing and translation,2023,0.13
MOZ,Writing and translation,2024,0.13
MRT,Clerical and data entry,2022,8.0
MRT,Sales and marketing support,2024,0.1
MRT,Software development and technology,2019,1.0
MRT,Software development and technology,2022,8.0
MRT,Software development and technology,2023,0.36
MRT,Software development and technology,2024,0.31
MRT,Writing and translation,2020,4.92
MRT,Writing and translation,2023,0.19
MSR,Professional services,2022,0.18
MSR,Professional services,2023,0.37
MSR,Professional services,2024,0.1
MSR,Writing and translation,2024,0.2
MTQ,Writing and translation,2022,0.16
MTQ,Writing and translation,2023,0.1
MTQ,Writing and translation,2024,0.19
MUS,Clerical and data entry,2019,4.76
MUS,Clerical and data entry,2020,2.49
MUS,Clerical and data entry,2021,3.32
MUS,Clerical and data entry,2022,0.57
MUS,Creative and multimedia,2018,59.28
MUS,Creative and multimedia,2021,8.0
MUS,Creative and multimedia,2022,11.52
MUS,Creative and multimedia,2023,0.18
MUS,Creative and multimedia,2024,0.17
MUS,Professional services,2019,4.07
MUS,Professional services,2020,2.05
MUS,Professional services,2022,1.0
MUS,Professional services,2023,0.85
MUS,Professional services,2024,0.7
MUS,Sales and marketing support,2017,36.13
MUS,Sales and marketing support,2018,37.55
MUS,Sales and marketing support,2019,14.53
MUS,Sales and marketing support,2020,7.68
MUS,Sales and marketing support,2021,6.57
MUS,Sales and marketing support,2022,7.66
MUS,Sales and marketing support,2023,0.23
MUS,Sales and marketing support,2024,0.19
MUS,Software development and technology,2017,24.43
MUS,Software development and technology,2018,24.8
MUS,Software development and technology,2019,25.66
MUS,Software development and technology,2020,15.77
MUS,Software development and technology,2022,0.16
MUS,Software development and technology,2023,1.62
MUS,Software development and technology,2024,1.6
MUS,Writing and translation,2017,29.54
MUS,Writing and translation,2018,29.89
MUS,Writing and translation,2019,134.95
MUS,Writing and translation,2020,204.47
MUS,Writing and translation,2021,190.39
MUS,Writing and translation,2022,114.74
MUS,Writing and translation,2023,97.07
MUS,Writing and translation,2024,99.83
MWI,Creative and multimedia,2020,15.87
MWI,Creative and multimedia,2021,13.54
MWI,Creative and multimedia,2022,3.01
MWI,Creative and multimedia,2023,0.85
MWI,Creative and multimedia,2024,0.52
MWI,Professional services,2018,5.76
MWI,Professional services,2019,1.0
MWI,Professional services,2024,0.13
MWI,Sales and marketing support,2018,18.9
MWI,Sales and marketing support,2024,0.27
MWI,Software development and technology,2019,16.0
MWI,Software development and technology,2020,26.31
MWI,Software development and technology,2021,14.23
MWI,Software development and technology,2022,26.15
MWI,Software development and technology,2023,10.17
MWI,Software development and technology,2024,7.52
MWI,Writing and translation,2022,2.06
MWI,Writing and translation,2023,0.39
MWI,Writing and translation,2024,0.8
MYS,Clerical and data entry,2017,30.89
MYS,Clerical and data entry,2018,36.2
MYS,Clerical and data entry,2019,25.05
MYS,Clerical and data entry,2020,25.4
MYS,Clerical and data entry,2021,48.04
MYS,Clerical and data entry,2022,58.74
MYS,Clerical and data entry,2023,10.55
MYS,Clerical and data entry,2024,14.44
MYS,Creative and multimedia,2017,179.23
MYS,Creative and multimedia,2018,161.9
MYS,Creative and multimedia,2019,397.09
MYS,Creative and multimedia,2020,784.45
MYS,Creative and multimedia,2021,649.65
MYS,Creative and multimedia,2022,827.86
MYS,Creative and multimedia,2023,769.42
MYS,Creative and multimedia,2024,786.37
MYS,Professional services,2017,34.92
MYS,Professional services,2018,74.63
MYS,Professional services,2019,55.25
MYS,Professional services,2020,19.98
MYS,Professional services,2021,64.65
MYS,Professional services,2022,8.52
MYS,Professional services,2023,3.45
MYS,Professional services,2024,3.52
MYS,Sales and marketing support,2017,69.86
MYS,Sales and marketing support,2018,110.13
MYS,Sales and marketing support,2019,84.36
MYS,Sales and marketing support,2020,116.19
MYS,Sales and marketing support,2021,168.44
MYS,Sales and marketing support,2022,83.55
MYS,Sales and marketing support,2023,18.7
MYS,Sales and marketing support,2024,11.42
MYS,Software development and technology,2017,148.1
MYS,Software development and technology,2018,161.91
MYS,Software development and technology,2019,323.66
MYS,Software development and technology,2020,842.97
MYS,Software development and technology,2021,797.44
MYS,Software development and technology,2022,875.5
MYS,Software development and technology,2023,531.83
MYS,Software development and technology,2024,438.24
MYS,Writing and translation,2017,212.84
MYS,Writing and translation,2018,112.96
MYS,Writing and translation,2019,170.57
MYS,Writing and translation,2020,111.13
MYS,Writing and translation,2021,132.81
MYS,Writing and translation,2022,160.93
MYS,Writing and translation,2023,68.43
MYS,Writing and translation,2024,51.23
NAM,Creative and multimedia,2019,7.44
NAM,Creative and multimedia,2020,5.37
NAM,Creative and multimedia,2022,0.98
NAM,Creative and multimedia,2023,0.1
NAM,Creative and multimedia,2024,0.1
NAM,Professional services,2019,6.82
NAM,Professional services,2020,1.12
NAM,Professional services,2022,0.77
NAM,Professional services,2023,0.71
NAM,Professional services,2024,0.2
NAM,Sales and marketing support,2019,9.9
NAM,Sales and marketing support,2020,3.2
NAM,Sales and marketing support,2021,5.13
NAM,Sales and marketing support,2022,0.3
NAM,Sales and marketing support,2023,0.53
NAM,Software development and technology,2020,6.53
NAM,Software development and technology,2021,2.47
NAM,Software development and technology,2023,0.27
NAM,Writing and translation,2019,6.36
NAM,Writing and translation,2021,5.15
NAM,Writing and translation,2022,0.62
NAM,Writing and translation,2023,0.24
NAM,Writing and translation,2024,0.51
NCL,Creative and multimedia,2024,0.1
NCL,Software development and technology,2021,1.54
NER,Creative and multimedia,2022,0.18
NER,Creative and multimedia,2023,0.33
NER,Software development and technology,2023,0.57
NER,Software development and technology,2024,0.49
NGA,Clerical and data entry,2017,101.55
NGA,Clerical and data entry,2018,46.97
NGA,Clerical and data entry,2019,152.3
NGA,Clerical and data entry,2020,195.86
NGA,Clerical and data entry,2021,303.48
NGA,Clerical and data entry,2022,258.5
NGA,Clerical and data entry,2023,166.25
NGA,Clerical and data entry,2024,153.0
NGA,Creative and multimedia,2017,520.6
NGA,Creative and multimedia,2018,543.93
NGA,Creative and multimedia,2019,436.0
NGA,Creative and multimedia,2020,383.41
NGA,Creative and multimedia,2021,453.36
NGA,Creative and multimedia,2022,858.95
NGA,Creative and multimedia,2023,457.52
NGA,Creative and multimedia,2024,432.59
NGA,Professional services,2017,184.76
NGA,Professional services,2018,225.13
NGA,Professional services,2019,107.6
NGA,Professional services,2020,218.55
NGA,Professional services,2021,251.86
NGA,Professional services,2022,237.81
NGA,Professional services,2023,68.23
NGA,Professional services,2024,45.53
NGA,Sales and marketing support,2017,190.82
NGA,Sales and marketing support,2018,777.58
NGA,Sales and marketing support,2019,688.86
NGA,Sales and marketing support,2020,206.24
NGA,Sales and marketing support,2021,116.26
NGA,Sales and marketing support,2022,108.64
NGA,Sales and marketing support,2023,85.49
NGA,Sales and marketing support,2024,61.19
NGA,Software development and technology,2017,183.27
NGA,Software development and technology,2018,336.38
NGA,Software development and technology,2019,668.29
NGA,Software development and technology,2020,740.82
NGA,Software development and technology,2021,560.82
NGA,Software development and technology,2022,702.01
NGA,Software development and technology,2023,579.86
NGA,Software development and technology,2024,587.79
NGA,Writing and translation,2017,728.12
NGA,Writing and translation,2018,795.93
NGA,Writing and translation,2019,689.75
NGA,Writing and translation,2020,634.56
NGA,Writing and translation,2021,636.83
NGA,Writing and translation,2022,595.57
NGA,Writing and translation,2023,265.74
NGA,Writing and translation,2024,271.55
NIC,Clerical and data entry,2019,4.54
NIC,Clerical and data entry,2020,6.52
NIC,Clerical and data entry,2021,10.27
NIC,Clerical and data entry,2022,10.09
NIC,Clerical and data entry,2024,2.15
NIC,Creative and multimedia,2018,19.94
NIC,Creative and multimedia,2019,66.63
NIC,Creative and multimedia,2020,113.04
NIC,Creative and multimedia,2021,169.11
NIC,Creative and multimedia,2022,132.59
NIC,Creative and multimedia,2023,61.61
NIC,Creative and multimedia,2024,60.33
NIC,Professional services,2019,10.11
NIC,Professional services,2020,5.23
NIC,Professional services,2022,4.05
NIC,Professional services,2024,5.32
NIC,Sales and marketing support,2018,12.96
NIC,Sales and marketing support,2019,3.71
NIC,Sales and marketing support,2020,9.45
NIC,Sales and marketing support,2021,5.25
NIC,Sales and marketing support,2022,2.66
NIC,Sales and marketing support,2023,0.05
NIC,Sales and marketing support,2024,0.1
NIC,Software development and technology,2017,23.47
NIC,Software development and technology,2018,23.8
NIC,Software development and technology,2019,17.3
NIC,Software development and technology,2020,33.3
NIC,Software development and technology,2021,98.22
NIC,Software development and technology,2022,90.24
NIC,Software development and technology,2023,42.77
NIC,Software development and technology,2024,37.49
NIC,Writing and translation,2017,4.33
NIC,Writing and translation,2019,43.54
NIC,Writing and translation,2020,30.57
NIC,Writing and translation,2021,12.52
NIC,Writing and translation,2022,20.97
NIC,Writing and translation,2023,0.1
NIC,Writing and translation,2024,27.58
NLD,Clerical and data entry,2017,13.66
NLD,Clerical and data entry,2018,4.38
NLD,Clerical and data entry,2019,13.84
NLD,Clerical and data entry,2020,17.52
NLD,Clerical and data entry,2021,10.28
NLD,Clerical and data entry,2022,15.4
NLD,Clerical and data entry,2023,19.93
NLD,Clerical and data entry,2024,0.68
NLD,Creative and multimedia,2017,265.55
NLD,Creative and multimedia,2018,370.28
NLD,Creative and multimedia,2019,540.82
NLD,Creative and multimedia,2020,180.95
NLD,Creative and multimedia,2021,95.54
NLD,Creative and multimedia,2022,135.15
NLD,Creative and multimedia,2023,54.75
NLD,Creative and multimedia,2024,54.58
NLD,Professional services,2017,28.77
NLD,Professional services,2018,24.15
NLD,Professional services,2019,22.2
NLD,Professional services,2020,11.93
NLD,Professional services,2022,4.63
NLD,Professional services,2023,12.77
NLD,Professional services,2024,7.73
NLD,Sales and marketing support,2017,105.95
NLD,Sales and marketing support,2018,116.87
NLD,Sales and marketing support,2019,185.02
NLD,Sales and marketing support,2020,55.26
NLD,Sales and marketing support,2021,13.19
NLD,Sales and marketing support,2022,6.86
NLD,Sales and marketing support,2023,7.62
NLD,Sales and marketing support,2024,7.75
NLD,Software development and technology,2017,191.61
NLD,Software development and technology,2018,191.82
NLD,Software development and technology,2019,223.47
NLD,Software development and technology,2020,140.71
NLD,Software development and technology,2021,184.82
NLD,Software development and technology,2022,411.32
NLD,Software development and technology,2023,185.03
NLD,Software development and technology,2024,176.43
NLD,Writing and translation,2017,248.82
NLD,Writing and translation,2018,219.24
NLD,Writing and translation,2019,219.8
NLD,Writing and translation,2020,163.31
NLD,Writing and translation,2021,329.52
NLD,Writing and translation,2022,255.39
NLD,Writing and translation,2023,149.63
NLD,Writing and translation,2024,120.88
NOR,Clerical and data entry,2022,11.0
NOR,Clerical and data entry,2024,3.63
NOR,Creative and multimedia,2017,39.84
NOR,Creative and multimedia,2018,17.11
NOR,Creative and multimedia,2019,17.2
NOR,Creative and multimedia,2020,12.51
NOR,Creative and multimedia,2021,13.99
NOR,Creative and multimedia,2022,12.97
NOR,Creative and multimedia,2023,8.44
NOR,Creative and multimedia,2024,8.24
NOR,Professional services,2017,36.34
NOR,Professional services,2018,42.58
NOR,Professional services,2020,4.27
NOR,Professional services,2021,4.12
NOR,Professional services,2022,7.99
NOR,Professional services,2023,6.62
NOR,Sales and marketing support,2017,110.28
NOR,Sales and marketing support,2018,139.6
NOR,Sales and marketing support,2019,24.74
NOR,Sales and marketing support,2020,6.39
NOR,Sales and marketing support,2021,2.17
NOR,Sales and marketing support,2022,4.05
NOR,Sales and marketing support,2023,0.24
NOR,Sales and marketing support,2024,0.18
NOR,Software development and technology,2017,29.42
NOR,Software development and technology,2018,60.96
NOR,Software development and technology,2019,27.84
NOR,Software development and technology,2020,50.05
NOR,Software development and technology,2021,23.17
NOR,Software development and technology,2022,19.1
NOR,Software development and technology,2023,91.62
NOR,Software development and technology,2024,23.57
NOR,Writing and translation,2017,41.88
NOR,Writing and translation,2018,82.98
NOR,Writing and translation,2019,24.92
NOR,Writing and translation,2020,9.28
NOR,Writing and translation,2021,32.89
NOR,Writing and translation,2022,19.06
NOR,Writing and translation,2023,1.58
NOR,Writing and translation,2024,1.05
NPL,Clerical and data entry,2017,1.0
NPL,Clerical and data entry,2018,21.43
NPL,Clerical and data entry,2019,96.52
NPL,Clerical and data entry,2020,89.75
NPL,Clerical and data entry,2021,90.76
NPL,Clerical and data entry,2022,134.91
NPL,Clerical and data entry,2023,12.71
NPL,Clerical and data entry,2024,10.09
NPL,Creative and multimedia,2017,25.28
NPL,Creative and multimedia,2018,27.08
NPL,Creative and multimedia,2019,37.87
NPL,Creative and multimedia,2020,140.92
NPL,Creative and multimedia,2021,73.67
NPL,Creative and multimedia,2022,97.48
NPL,Creative and multimedia,2023,66.64
NPL,Creative and multimedia,2024,96.33
NPL,Professional services,2017,16.68
NPL,Professional services,2018,94.81
NPL,Professional services,2019,93.83
NPL,Professional services,2020,14.89
NPL,Professional services,2022,6.72
NPL,Professional services,2023,6.99
NPL,Professional services,2024,6.48
NPL,Sales and marketing support,2017,66.74
NPL,Sales and marketing support,2018,67.45
NPL,Sales and marketing support,2019,56.62
NPL,Sales and marketing support,2020,17.96
NPL,Sales and marketing support,2021,37.51
NPL,Sales and marketing support,2022,48.12
NPL,Sales and marketing support,2023,31.27
NPL,Sales and marketing support,2024,14.17
NPL,Software development and technology,2017,164.96
NPL,Software development and technology,2018,108.88
NPL,Software development and technology,2019,115.86
NPL,Software development and technology,2020,203.37
NPL,Software development and technology,2021,236.29
NPL,Software development and technology,2022,309.95
NPL,Software development and technology,2023,245.16
NPL,Software development and technology,2024,264.44
NPL,Writing and translation,2017,40.09
NPL,Writing and translation,2018,26.24
NPL,Writing and translation,2019,15.18
NPL,Writing and translation,2020,43.34
NPL,Writing and translation,2021,17.58
NPL,Writing and translation,2022,46.75
NPL,Writing and translation,2023,9.95
NPL,Writing and translation,2024,52.76
NZL,Clerical and data entry,2017,32.35
NZL,Clerical and data entry,2018,62.17
NZL,Clerical and data entry,2019,27.8
NZL,Clerical and data entry,2020,10.49
NZL,Clerical and data entry,2021,23.86
NZL,Clerical and data entry,2022,6.68
NZL,Clerical and data entry,2023,3.63
NZL,Clerical and data entry,2024,5.38
NZL,Creative and multimedia,2017,93.01
NZL,Creative and multimedia,2018,59.74
NZL,Creative and multimedia,2019,48.48
NZL,Creative and multimedia,2020,125.23
NZL,Creative and multimedia,2021,110.41
NZL,Creative and multimedia,2022,30.05
NZL,Creative and multimedia,2023,51.07
NZL,Creative and multimedia,2024,14.56
NZL,Professional services,2017,69.63
NZL,Professional services,2018,77.08
NZL,Professional services,2019,4.11
NZL,Professional services,2020,10.87
NZL,Professional services,2021,4.75
NZL,Professional services,2022,19.39
NZL,Professional services,2023,7.3
NZL,Professional services,2024,1.82
NZL,Sales and marketing support,2017,29.65
NZL,Sales and marketing support,2018,87.27
NZL,Sales and marketing support,2019,53.33
NZL,Sales and marketing support,2020,15.31
NZL,Sales and marketing support,2021,1.28
NZL,Sales and marketing support,2022,10.68
NZL,Sales and marketing support,2023,1.38
NZL,Sales and marketing support,2024,3.7
NZL,Software development and technology,2017,27.27
NZL,Software development and technology,2018,81.38
NZL,Software development and technology,2019,117.76
NZL,Software development and technology,2020,110.91
NZL,Software development and technology,2021,37.0
NZL,Software development and technology,2022,31.16
NZL,Software development and technology,2023,35.82
NZL,Software development and technology,2024,85.21
NZL,Writing and translation,2017,103.36
NZL,Writing and translation,2018,179.55
NZL,Writing and translation,2019,106.11
NZL,Writing and translation,2020,226.84
NZL,Writing and translation,2021,177.36
NZL,Writing and translation,2022,125.75
NZL,Writing and translation,2023,64.23
NZL,Writing and translation,2024,30.52
OMN,Clerical and data entry,2024,7.36
OMN,Creative and multimedia,2017,13.84
OMN,Creative and multimedia,2019,27.41
OMN,Creative and multimedia,2020,14.54
OMN,Creative and multimedia,2021,7.79
OMN,Creative and multimedia,2022,8.25
OMN,Creative and multimedia,2023,11.71
OMN,Creative and multimedia,2024,2.97
OMN,Professional services,2018,18.55
OMN,Professional services,2019,0.4
OMN,Professional services,2020,5.04
OMN,Professional services,2022,0.26
OMN,Professional services,2023,0.57
OMN,Professional services,2024,0.92
OMN,Sales and marketing support,2019,21.46
OMN,Sales and marketing support,2020,4.36
OMN,Sales and marketing support,2021,8.17
OMN,Sales and marketing support,2022,16.67
OMN,Sales and marketing support,2023,9.99
OMN,Sales and marketing support,2024,6.22
OMN,Software development and technology,2017,23.05
OMN,Software development and technology,2018,44.71
OMN,Software development and technology,2019,20.59
OMN,Software development and technology,2020,6.92
OMN,Software development and technology,2021,19.44
OMN,Software development and technology,2022,0.41
OMN,Software development and technology,2023,0.75
OMN,Software development and technology,2024,11.23
OMN,Writing and translation,2018,30.83
OMN,Writing and translation,2019,45.73
OMN,Writing and translation,2020,47.83
OMN,Writing and translation,2021,20.79
OMN,Writing and translation,2022,12.43
OMN,Writing and translation,2023,1.46
OMN,Writing and translation,2024,1.2
PAK,Clerical and data entry,2017,877.96
PAK,Clerical and data entry,2018,1458.41
PAK,Clerical and data entry,2019,1612.25
PAK,Clerical and data entry,2020,2194.04
PAK,Clerical and data entry,2021,3380.13
PAK,Clerical and data entry,2022,3798.66
PAK,Clerical and data entry,2023,2094.0
PAK,Clerical and data entry,2024,2045.03
PAK,Creative and multimedia,2017,6176.85
PAK,Creative and multimedia,2018,9489.79
PAK,Creative and multimedia,2019,9645.45
PAK,Creative and multimedia,2020,13886.26
PAK,Creative and multimedia,2021,15030.43
PAK,Creative and multimedia,2022,15086.96
PAK,Creative and multimedia,2023,11808.58
PAK,Creative and multimedia,2024,14016.36
PAK,Professional services,2017,1037.37
PAK,Professional services,2018,2321.23
PAK,Professional services,2019,1892.52
PAK,Professional services,2020,1113.0
PAK,Professional services,2021,982.44
PAK,Professional services,2022,1363.11
PAK,Professional services,2023,898.14
PAK,Professional services,2024,1073.84
PAK,Sales and marketing support,2017,2349.37
PAK,Sales and marketing support,2018,3754.7
PAK,Sales and marketing support,2019,2631.3
PAK,Sales and marketing support,2020,1857.84
PAK,Sales and marketing support,2021,1705.03
PAK,Sales and marketing support,2022,1870.58
PAK,Sales and marketing support,2023,1064.37
PAK,Sales and marketing support,2024,1416.92
PAK,Software development and technology,2017,6854.74
PAK,Software development and technology,2018,9447.63
PAK,Software development and technology,2019,12798.11
PAK,Software development and technology,2020,20183.36
PAK,Software development and technology,2021,20252.23
PAK,Software development and technology,2022,17485.97
PAK,Software development and technology,2023,13981.71
PAK,Software development and technology,2024,15962.45
PAK,Writing and translation,2017,1227.56
PAK,Writing and translation,2018,2115.37
PAK,Writing and translation,2019,3631.45
PAK,Writing and translation,2020,5966.42
PAK,Writing and translation,2021,7557.24
PAK,Writing and translation,2022,7400.67
PAK,Writing and translation,2023,3737.76
PAK,Writing and translation,2024,3263.28
PAN,Clerical and data entry,2020,24.04
PAN,Clerical and data entry,2021,2.58
PAN,Clerical and data entry,2022,0.8
PAN,Clerical and data entry,2023,48.69
PAN,Clerical and data entry,2024,31.65
PAN,Creative and multimedia,2018,19.28
PAN,Creative and multimedia,2019,13.65
PAN,Creative and multimedia,2020,5.31
PAN,Creative and multimedia,2021,7.15
PAN,Creative and multimedia,2022,9.78
PAN,Creative and multimedia,2023,10.67
PAN,Creative and multimedia,2024,3.01
PAN,Professional services,2019,15.21
PAN,Professional services,2020,4.66
PAN,Professional services,2021,5.25
PAN,Professional services,2022,9.73
PAN,Professional services,2023,2.35
PAN,Professional services,2024,0.07
PAN,Sales and marketing support,2017,12.75
PAN,Sales and marketing support,2019,25.37
PAN,Sales and marketing support,2020,5.33
PAN,Sales and marketing support,2023,0.09
PAN,Sales and marketing support,2024,0.09
PAN,Software development and technology,2019,47.24
PAN,Software development and technology,2020,19.48
PAN,Software development and technology,2021,16.15
PAN,Software development and technology,2022,43.11
PAN,Software development and technology,2023,53.17
PAN,Software development and technology,2024,60.11
PAN,Writing and translation,2017,47.77
PAN,Writing and translation,2018,37.2
PAN,Writing and translation,2019,19.04
PAN,Writing and translation,2020,4.76
PAN,Writing and translation,2021,5.16
PAN,Writing and translation,2022,9.42
PAN,Writing and translation,2023,2.6
PAN,Writing and translation,2024,0.32
PER,Clerical and data entry,2018,19.78
PER,Clerical and data entry,2019,20.47
PER,Clerical and data entry,2020,26.42
PER,Clerical and data entry,2021,5.13
PER,Clerical and data entry,2022,15.64
PER,Clerical and data entry,2023,2.5
PER,Clerical and data entry,2024,1.16
PER,Creative and multimedia,2017,53.28
PER,Creative and multimedia,2018,106.5
PER,Creative and multimedia,2019,120.52
PER,Creative and multimedia,2020,218.54
PER,Creative and multimedia,2021,514.53
PER,Creative and multimedia,2022,1070.46
PER,Creative and multimedia,2023,880.95
PER,Creative and multimedia,2024,695.25
PER,Professional services,2018,24.12
PER,Professional services,2019,5.0
PER,Professional services,2022,0.15
PER,Professional services,2023,0.18
PER,Professional services,2024,1.06
PER,Sales and marketing support,2019,18.14
PER,Sales and marketing support,2020,6.68
PER,Sales and marketing support,2021,5.25
PER,Sales and marketing support,2022,53.28
PER,Sales and marketing support,2023,31.78
PER,Sales and marketing support,2024,8.74
PER,Software development and technology,2017,27.49
PER,Software development and technology,2019,153.21
PER,Software development and technology,2020,147.86
PER,Software development and technology,2021,523.57
PER,Software development and technology,2022,821.98
PER,Software development and technology,2023,413.46
PER,Software development and technology,2024,495.58
PER,Writing and translation,2017,78.57
PER,Writing and translation,2018,126.53
PER,Writing and translation,2019,56.42
PER,Writing and translation,2020,36.63
PER,Writing and translation,2021,164.18
PER,Writing and translation,2022,123.79
PER,Writing and translation,2023,24.85
PER,Writing and translation,2024,19.79
PHL,Clerical and data entry,2017,2067.85
PHL,Clerical and data entry,2018,2405.88
PHL,Clerical and data entry,2019,2899.18
PHL,Clerical and data entry,2020,2435.76
PHL,Clerical and data entry,2021,2408.45
PHL,Clerical and data entry,2022,1925.41
PHL,Clerical and data entry,2023,671.26
PHL,Clerical and data entry,2024,589.43
PHL,Creative and multimedia,2017,4640.58
PHL,Creative and multimedia,2018,4646.05
PHL,Creative and multimedia,2019,5121.29
PHL,Creative and multimedia,2020,4492.06
PHL,Creative and multimedia,2021,4423.84
PHL,Creative and multimedia,2022,4297.14
PHL,Creative and multimedia,2023,2582.75
PHL,Creative and multimedia,2024,2212.92
PHL,Professional services,2017,593.8
PHL,Professional services,2018,1310.32
PHL,Professional services,2019,1405.82
PHL,Professional services,2020,565.44
PHL,Professional services,2021,232.66
PHL,Professional services,2022,219.09
PHL,Professional services,2023,104.43
PHL,Professional services,2024,109.14
PHL,Sales and marketing support,2017,935.29
PHL,Sales and marketing support,2018,842.1
PHL,Sales and marketing support,2019,875.56
PHL,Sales and marketing support,2020,943.05
PHL,Sales and marketing support,2021,648.59
PHL,Sales and marketing support,2022,449.4
PHL,Sales and marketing support,2023,176.51
PHL,Sales and marketing support,2024,176.35
PHL,Software development and technology,2017,1581.7
PHL,Software development and technology,2018,2527.53
PHL,Software development and technology,2019,1571.98
PHL,Software development and technology,2020,1516.21
PHL,Software development and technology,2021,1610.21
PHL,Software development and technology,2022,1295.59
PHL,Software development and technology,2023,1174.39
PHL,Software development and technology,2024,1103.3
PHL,Writing and translation,2017,899.79
PHL,Writing and translation,2018,917.88
PHL,Writing and translation,2019,1197.37
PHL,Writing and translation,2020,730.89
PHL,Writing and translation,2021,596.75
PHL,Writing and translation,2022,619.63
PHL,Writing and translation,2023,298.09
PHL,Writing and translation,2024,118.44
PLW,Sales and marketing support,2024,0.38
PNG,Creative and multimedia,2022,0.12
PNG,Professional services,2023,0.1
PNG,Software development and technology,2023,0.19
PNG,Writing and translation,2023,0.2
POL,Clerical and data entry,2017,29.0
POL,Clerical and data entry,2018,7.83
POL,Clerical and data entry,2019,11.45
POL,Clerical and data entry,2020,6.6
POL,Clerical and data entry,2021,9.87
POL,Clerical and data entry,2022,7.86
POL,Clerical and data entry,2023,6.55
POL,Creative and multimedia,2017,203.65
POL,Creative and multimedia,2018,330.04
POL,Creative and multimedia,2019,429.13
POL,Creative and multimedia,2020,633.56
POL,Creative and multimedia,2021,461.04
POL,Creative and multimedia,2022,238.7
POL,Creative and multimedia,2023,103.91
POL,Creative and multimedia,2024,58.92
POL,Professional services,2017,14.76
POL,Professional services,2018,33.46
POL,Professional services,2019,16.54
POL,Professional services,2020,8.68
POL,Professional services,2021,5.57
POL,Professional services,2022,8.69
POL,Professional services,2023,3.11
POL,Professional services,2024,4.41
POL,Sales and marketing support,2018,25.71
POL,Sales and marketing support,2019,11.02
POL,Sales and marketing support,2020,7.43
POL,Sales and marketing support,2021,8.14
POL,Sales and marketing support,2022,13.7
POL,Sales and marketing support,2023,5.56
POL,Sales and marketing support,2024,1.33
POL,Software development and technology,2017,204.85
POL,Software development and technology,2018,157.94
POL,Software development and technology,2019,209.17
POL,Software development and technology,2020,586.22
POL,Software development and technology,2021,1180.5
POL,Software development and technology,2022,1452.48
POL,Software development and technology,2023,366.51
POL,Software development and technology,2024,198.83
POL,Writing and translation,2017,56.18
POL,Writing and translation,2018,35.11
POL,Writing and translation,2019,81.92
POL,Writing and translation,2020,120.25
POL,Writing and translation,2021,48.1
POL,Writing and translation,2022,55.16
POL,Writing and translation,2023,13.52
POL,Writing and translation,2024,13.33
PRI,Creative and multimedia,2017,5.45
PRI,Creative and multimedia,2019,12.31
PRI,Creative and multimedia,2020,45.21
PRI,Creative and multimedia,2021,16.81
PRI,Creative and multimedia,2022,11.39
PRI,Creative and multimedia,2023,19.67
PRI,Creative and multimedia,2024,0.19
PRI,Professional services,2019,2.8
PRI,Sales and marketing support,2019,1.42
PRI,Sales and marketing support,2020,8.01
PRI,Sales and marketing support,2021,2.65
PRI,Sales and marketing support,2022,0.28
PRI,Sales and marketing support,2023,0.22
PRI,Sales and marketing support,2024,0.1
PRI,Software development and technology,2018,39.37
PRI,Software development and technology,2020,36.2
PRI,Software development and technology,2021,25.64
PRI,Software development and technology,2022,1.24
PRI,Software development and technology,2023,0.34
PRI,Writing and translation,2019,0.77
PRI,Writing and translation,2020,0.4
PRT,Clerical and data entry,2017,50.52
PRT,Clerical and data entry,2018,20.26
PRT,Clerical and data entry,2019,15.99
PRT,Clerical and data entry,2020,9.82
PRT,Clerical and data entry,2021,16.97
PRT,Clerical and data entry,2022,22.36
PRT,Clerical and data entry,2023,8.85
PRT,Clerical and data entry,2024,14.35
PRT,Creative and multimedia,2017,77.54
PRT,Creative and multimedia,2018,113.4
PRT,Creative and multimedia,2019,319.1
PRT,Creative and multimedia,2020,399.9
PRT,Creative and multimedia,2021,368.0
PRT,Creative and multimedia,2022,439.66
PRT,Creative and multimedia,2023,260.73
PRT,Creative and multimedia,2024,313.98
PRT,Professional services,2017,111.88
PRT,Professional services,2018,81.93
PRT,Professional services,2019,39.18
PRT,Professional services,2020,15.19
PRT,Professional services,2021,7.7
PRT,Professional services,2022,18.79
PRT,Professional services,2023,12.87
PRT,Professional services,2024,17.9
PRT,Sales and marketing support,2017,85.79
PRT,Sales and marketing support,2018,133.1
PRT,Sales and marketing support,2019,38.37
PRT,Sales and marketing support,2020,20.49
PRT,Sales and marketing support,2021,142.06
PRT,Sales and marketing support,2022,99.75
PRT,Sales and marketing support,2023,20.26
PRT,Sales and marketing support,2024,25.24
PRT,Software development and technology,2017,105.95
PRT,Software development and technology,2018,150.72
PRT,Software development and technology,2019,141.69
PRT,Software development and technology,2020,295.83
PRT,Software development and technology,2021,113.31
PRT,Software development and technology,2022,173.61
PRT,Software development and technology,2023,220.94
PRT,Software development and technology,2024,51.71
PRT,Writing and translation,2017,235.78
PRT,Writing and translation,2018,220.26
PRT,Writing and translation,2019,136.58
PRT,Writing and translation,2020,73.72
PRT,Writing and translation,2021,33.22
PRT,Writing and translation,2022,46.12
PRT,Writing and translation,2023,30.89
PRT,Writing and translation,2024,21.68
PRY,Clerical and data entry,2022,0.05
PRY,Clerical and data entry,2023,0.02
PRY,Creative and multimedia,2019,23.82
PRY,Creative and multimedia,2020,6.82
PRY,Creative and multimedia,2021,76.03
PRY,Creative and multimedia,2022,58.71
PRY,Creative and multimedia,2023,22.01
PRY,Creative and multimedia,2024,23.74
PRY,Professional services,2023,6.83
PRY,Professional services,2024,3.63
PRY,Sales and marketing support,2022,41.62
PRY,Sales and marketing support,2023,0.1
PRY,Sales and marketing support,2024,1.25
PRY,Software development and technology,2021,23.89
PRY,Software development and technology,2022,19.5
PRY,Software development and technology,2023,4.11
PRY,Software development and technology,2024,4.25
PRY,Writing and translation,2017,18.17
PRY,Writing and translation,2018,21.57
PRY,Writing and translation,2019,6.26
PRY,Writing and translation,2020,4.35
PRY,Writing and translation,2022,2.05
PRY,Writing and translation,2023,2.24
PRY,Writing and translation,2024,2.36
PSE,Clerical and data entry,2017,9.84
PSE,Clerical and data entry,2019,11.86
PSE,Clerical and data entry,2020,6.47
PSE,Clerical and data entry,2021,5.94
PSE,Clerical and data entry,2022,5.82
PSE,Creative and multimedia,2017,41.38
PSE,Creative and multimedia,2018,182.7
PSE,Creative and multimedia,2019,356.71
PSE,Creative and multimedia,2020,363.49
PSE,Creative and multimedia,2021,119.23
PSE,Creative and multimedia,2022,144.27
PSE,Creative and multimedia,2023,58.51
PSE,Creative and multimedia,2024,8.94
PSE,Professional services,2018,16.8
PSE,Professional services,2019,80.38
PSE,Professional services,2020,108.64
PSE,Professional services,2021,92.84
PSE,Professional services,2022,41.7
PSE,Professional services,2023,0.24
PSE,Professional services,2024,0.15
PSE,Sales and marketing support,2017,19.52
PSE,Sales and marketing support,2018,13.5
PSE,Sales and marketing support,2019,29.77
PSE,Sales and marketing support,2020,80.04
PSE,Sales and marketing support,2021,6.52
PSE,Sales and marketing support,2022,1.56
PSE,Sales and marketing support,2023,0.54
PSE,Sales and marketing support,2024,0.1
PSE,Software development and technology,2017,88.58
PSE,Software development and technology,2018,103.41
PSE,Software development and technology,2019,161.63
PSE,Software development and technology,2020,248.02
PSE,Software development and technology,2021,177.7
PSE,Software development and technology,2022,266.91
PSE,Software development and technology,2023,187.21
PSE,Software development and technology,2024,14.47
PSE,Writing and translation,2017,31.05
PSE,Writing and translation,2018,106.55
PSE,Writing and translation,2019,247.74
PSE,Writing and translation,2020,200.64
PSE,Writing and translation,2021,63.89
PSE,Writing and translation,2022,104.4
PSE,Writing and translation,2023,55.01
PSE,Writing and translation,2024,14.78
PYF,Professional services,2022,0.1
PYF,Professional services,2023,0.1
PYF,Writing and translation,2018,12.59
PYF,Writing and translation,2020,7.99
PYF,Writing and translation,2021,2.0
PYF,Writing and translation,2022,2.37
PYF,Writing and translation,2023,1.08
PYF,Writing and translation,2024,0.25
QAT,Clerical and data entry,2017,6.2
QAT,Clerical and data entry,2018,16.4
QAT,Clerical and data entry,2019,5.72
QAT,Clerical and data entry,2020,7.29
QAT,Clerical and data entry,2021,62.04
QAT,Clerical and data entry,2022,47.31
QAT,Clerical and data entry,2023,3.63
QAT,Clerical and data entry,2024,3.63
QAT,Creative and multimedia,2017,12.09
QAT,Creative and multimedia,2018,20.6
QAT,Creative and multimedia,2019,28.04
QAT,Creative and multimedia,2020,10.87
QAT,Creative and multimedia,2021,4.61
QAT,Creative and multimedia,2022,13.47
QAT,Creative and multimedia,2023,3.97
QAT,Creative and multimedia,2024,24.48
QAT,Professional services,2017,18.91
QAT,Professional services,2018,17.04
QAT,Professional services,2019,11.62
QAT,Professional services,2020,13.48
QAT,Professional services,2022,3.22
QAT,Professional services,2023,5.41
QAT,Professional services,2024,59.21
QAT,Sales and marketing support,2017,10.14
QAT,Sales and marketing support,2018,34.63
QAT,Sales and marketing support,2019,23.2
QAT,Sales and marketing support,2020,2.08
QAT,Sales and marketing support,2021,22.55
QAT,Sales and marketing support,2022,17.25
QAT,Sales and marketing support,2023,0.89
QAT,Sales and marketing support,2024,0.44
QAT,Software development and technology,2017,61.9
QAT,Software development and technology,2018,86.04
QAT,Software development and technology,2019,20.6
QAT,Software development and technology,2020,8.57
QAT,Software development and technology,2021,62.06
QAT,Software development and technology,2022,42.17
QAT,Software development and technology,2023,8.46
QAT,Software development and technology,2024,6.83
QAT,Writing and translation,2017,19.3
QAT,Writing and translation,2018,40.47
QAT,Writing and translation,2019,15.68
QAT,Writing and translation,2020,21.82
QAT,Writing and translation,2021,9.04
QAT,Writing and translation,2022,5.7
QAT,Writing and translation,2023,1.57
QAT,Writing and translation,2024,3.24
REU,Creative and multimedia,2020,3.71
REU,Creative and multimedia,2021,1.07
REU,Creative and multimedia,2023,0.22
REU,Creative and multimedia,2024,0.18
REU,Professional services,2017,49.61
REU,Professional services,2018,74.63
REU,Professional services,2019,4.5
REU,Professional services,2022,1.46
REU,Professional services,2023,1.96
REU,Professional services,2024,1.64
REU,Sales and marketing support,2020,6.11
REU,Sales and marketing support,2021,0.4
REU,Writing and translation,2021,0.4
REU,Writing and translation,2022,0.27
REU,Writing and translation,2023,0.14
ROU,Clerical and data entry,2017,10.0
ROU,Clerical and data entry,2018,26.77
ROU,Clerical and data entry,2019,111.52
ROU,Clerical and data entry,2020,218.78
ROU,Clerical and data entry,2021,213.29
ROU,Clerical and data entry,2022,155.54
ROU,Clerical and data entry,2023,41.34
ROU,Clerical and data entry,2024,47.45
ROU,Creative and multimedia,2017,805.33
ROU,Creative and multimedia,2018,754.47
ROU,Creative and multimedia,2019,670.39
ROU,Creative and multimedia,2020,1155.43
ROU,Creative and multimedia,2021,839.44
ROU,Creative and multimedia,2022,660.04
ROU,Creative and multimedia,2023,403.86
ROU,Creative and multimedia,2024,401.14
ROU,Professional services,2017,23.69
ROU,Professional services,2018,22.87
ROU,Professional services,2019,83.06
ROU,Professional services,2020,67.4
ROU,Professional services,2021,17.73
ROU,Professional services,2022,12.78
ROU,Professional services,2023,5.46
ROU,Professional services,2024,3.3
ROU,Sales and marketing support,2017,74.55
ROU,Sales and marketing support,2018,177.78
ROU,Sales and marketing support,2019,169.7
ROU,Sales and marketing support,2020,250.33
ROU,Sales and marketing support,2021,136.86
ROU,Sales and marketing support,2022,78.64
ROU,Sales and marketing support,2023,18.32
ROU,Sales and marketing support,2024,14.56
ROU,Software development and technology,2017,564.04
ROU,Software development and technology,2018,642.29
ROU,Software development and technology,2019,817.58
ROU,Software development and technology,2020,1274.43
ROU,Software development and technology,2021,963.76
ROU,Software development and technology,2022,562.73
ROU,Software development and technology,2023,427.26
ROU,Software development and technology,2024,371.13
ROU,Writing and translation,2017,264.37
ROU,Writing and translation,2018,313.16
ROU,Writing and translation,2019,357.99
ROU,Writing and translation,2020,143.35
ROU,Writing and translation,2021,82.57
ROU,Writing and translation,2022,77.47
ROU,Writing and translation,2023,74.0
ROU,Writing and translation,2024,34.1
RUS,Clerical and data entry,2018,19.43
RUS,Clerical and data entry,2019,21.33
RUS,Clerical and data entry,2020,23.61
RUS,Clerical and data entry,2021,58.59
RUS,Clerical and data entry,2022,31.24
RUS,Clerical and data entry,2023,8.02
RUS,Clerical and data entry,2024,28.24
RUS,Creative and multimedia,2017,374.6
RUS,Creative and multimedia,2018,330.62
RUS,Creative and multimedia,2019,924.76
RUS,Creative and multimedia,2020,1422.6
RUS,Creative and multimedia,2021,1582.07
RUS,Creative and multimedia,2022,3631.92
RUS,Creative and multimedia,2023,6949.91
RUS,Creative and multimedia,2024,6672.36
RUS,Professional services,2017,15.4
RUS,Professional services,2018,14.44
RUS,Professional services,2019,74.86
RUS,Professional services,2020,222.55
RUS,Professional services,2021,134.14
RUS,Professional services,2022,66.13
RUS,Professional services,2023,139.55
RUS,Professional services,2024,168.06
RUS,Sales and marketing support,2017,43.64
RUS,Sales and marketing support,2018,26.68
RUS,Sales and marketing support,2019,231.41
RUS,Sales and marketing support,2020,475.5
RUS,Sales and marketing support,2021,51.08
RUS,Sales and marketing support,2022,724.41
RUS,Sales and marketing support,2023,2017.55
RUS,Sales and marketing support,2024,2222.58
RUS,Software development and technology,2017,587.93
RUS,Software development and technology,2018,521.37
RUS,Software development and technology,2019,4006.38
RUS,Software development and technology,2020,5833.74
RUS,Software development and technology,2021,10237.0
RUS,Software development and technology,2022,7644.28
RUS,Software development and technology,2023,6429.16
RUS,Software development and technology,2024,6258.3
RUS,Writing and translation,2017,269.58
RUS,Writing and translation,2018,270.42
RUS,Writing and translation,2019,234.29
RUS,Writing and translation,2020,140.0
RUS,Writing and translation,2021,59.29
RUS,Writing and translation,2022,376.45
RUS,Writing and translation,2023,862.54
RUS,Writing and translation,2024,919.7
RWA,Clerical and data entry,2020,10.81
RWA,Clerical and data entry,2022,2.96
RWA,Creative and multimedia,2019,6.38
RWA,Creative and multimedia,2021,3.65
RWA,Creative and multimedia,2023,5.97
RWA,Creative and multimedia,2024,12.89
RWA,Professional services,2020,8.0
RWA,Professional services,2024,0.4
RWA,Sales and marketing support,2022,0.53
RWA,Sales and marketing support,2023,0.61
RWA,Sales and marketing support,2024,2.05
RWA,Software development and technology,2020,0.4
RWA,Software development and technology,2023,0.25
RWA,Writing and translation,2020,4.82
RWA,Writing and translation,2021,2.15
RWA,Writing and translation,2022,0.1
RWA,Writing and translation,2023,0.52
RWA,Writing and translation,2024,1.46
SAU,Clerical and data entry,2017,22.35
SAU,Clerical and data entry,2018,44.82
SAU,Clerical and data entry,2019,67.6
SAU,Clerical and data entry,2020,7.73
SAU,Clerical and data entry,2021,44.21
SAU,Clerical and data entry,2022,16.85
SAU,Clerical and data entry,2023,73.09
SAU,Clerical and data entry,2024,61.81
SAU,Creative and multimedia,2017,44.39
SAU,Creative and multimedia,2018,72.74
SAU,Creative and multimedia,2019,65.02
SAU,Creative and multimedia,2020,105.96
SAU,Creative and multimedia,2021,48.88
SAU,Creative and multimedia,2022,265.36
SAU,Creative and multimedia,2023,268.71
SAU,Creative and multimedia,2024,318.23
SAU,Professional services,2017,8.9
SAU,Professional services,2018,88.4
SAU,Professional services,2019,32.96
SAU,Professional services,2020,4.48
SAU,Professional services,2022,27.31
SAU,Professional services,2023,16.06
SAU,Professional services,2024,10.84
SAU,Sales and marketing support,2017,88.19
SAU,Sales and marketing support,2018,87.97
SAU,Sales and marketing support,2019,15.29
SAU,Sales and marketing support,2020,80.42
SAU,Sales and marketing support,2021,68.31
SAU,Sales and marketing support,2022,89.84
SAU,Sales and marketing support,2023,9.59
SAU,Sales and marketing support,2024,9.12
SAU,Software development and technology,2017,18.33
SAU,Software development and technology,2018,51.2
SAU,Software development and technology,2019,22.18
SAU,Software development and technology,2020,39.73
SAU,Software development and technology,2021,51.7
SAU,Software development and technology,2022,244.08
SAU,Software development and technology,2023,106.27
SAU,Software development and technology,2024,118.92
SAU,Writing and translation,2017,54.14
SAU,Writing and translation,2018,46.81
SAU,Writing and translation,2019,19.73
SAU,Writing and translation,2020,20.15
SAU,Writing and translation,2021,35.34
SAU,Writing and translation,2022,8.13
SAU,Writing and translation,2023,6.05
SAU,Writing and translation,2024,8.96
SDN,Clerical and data entry,2020,4.12
SDN,Clerical and data entry,2021,2.48
SDN,Professional services,2020,2.18
SDN,Professional services,2022,0.1
SDN,Professional services,2023,0.1
SDN,Software development and technology,2020,11.34
SDN,Software development and technology,2021,9.88
SDN,Software development and technology,2022,0.76
SDN,Software development and technology,2023,0.81
SDN,Software development and technology,2024,1.01
SDN,Writing and translation,2019,0.4
SDN,Writing and translation,2020,3.58
SDN,Writing and translation,2021,8.78
SDN,Writing and translation,2023,0.14
SEN,Creative and multimedia,2020,21.46
SEN,Creative and multimedia,2021,85.9
SEN,Creative and multimedia,2022,62.29
SEN,Creative and multimedia,2023,20.17
SEN,Creative and multimedia,2024,49.05
SEN,Professional services,2023,0.25
SEN,Professional services,2024,0.1
SEN,Software development and technology,2022,17.25
SEN,Software development and technology,2023,8.98
SEN,Software development and technology,2024,0.81
SEN,Writing and translation,2019,9.1
SEN,Writing and translation,2022,0.65
SEN,Writing and translation,2023,1.29
SEN,Writing and translation,2024,0.16
SGP,Clerical and data entry,2017,13.84
SGP,Clerical and data entry,2018,20.62
SGP,Clerical and data entry,2019,12.74
SGP,Clerical and data entry,2020,24.04
SGP,Clerical and data entry,2021,47.99
SGP,Clerical and data entry,2022,102.59
SGP,Clerical and data entry,2023,9.97
SGP,Clerical and data entry,2024,10.44
SGP,Creative and multimedia,2017,41.31
SGP,Creative and multimedia,2018,47.42
SGP,Creative and multimedia,2019,92.87
SGP,Creative and multimedia,2020,144.98
SGP,Creative and multimedia,2021,78.83
SGP,Creative and multimedia,2022,134.62
SGP,Creative and multimedia,2023,22.98
SGP,Creative and multimedia,2024,31.42
SGP,Professional services,2018,30.26
SGP,Professional services,2019,55.93
SGP,Professional services,2020,20.98
SGP,Professional services,2021,4.82
SGP,Professional services,2022,10.85
SGP,Professional services,2023,8.85
SGP,Professional services,2024,9.01
SGP,Sales and marketing support,2017,50.72
SGP,Sales and marketing support,2018,65.08
SGP,Sales and marketing support,2019,101.81
SGP,Sales and marketing support,2020,81.9
SGP,Sales and marketing support,2021,207.05
SGP,Sales and marketing support,2022,107.95
SGP,Sales and marketing support,2023,19.26
SGP,Sales and marketing support,2024,22.65
SGP,Software development and technology,2017,121.97
SGP,Software development and technology,2018,117.31
SGP,Software development and technology,2019,379.9
SGP,Software development and technology,2020,361.53
SGP,Software development and technology,2021,169.06
SGP,Software development and technology,2022,84.37
SGP,Software development and technology,2023,54.86
SGP,Software development and technology,2024,70.25
SGP,Writing and translation,2017,31.56
SGP,Writing and translation,2018,22.67
SGP,Writing and translation,2019,42.13
SGP,Writing and translation,2020,43.54
SGP,Writing and translation,2021,113.2
SGP,Writing and translation,2022,177.49
SGP,Writing and translation,2023,117.06
SGP,Writing and translation,2024,64.64
SLB,Software development and technology,2023,0.19
SLE,Clerical and data entry,2024,3.63
SLE,Creative and multimedia,2022,0.1
SLE,Creative and multimedia,2024,0.14
SLE,Sales and marketing support,2023,0.11
SLE,Software development and technology,2022,7.38
SLE,Writing and translation,2023,0.1
SLE,Writing and translation,2024,0.14
SLV,Clerical and data entry,2017,13.84
SLV,Clerical and data entry,2019,5.2
SLV,Clerical and data entry,2020,12.64
SLV,Clerical and data entry,2021,6.23
SLV,Clerical and data entry,2022,38.86
SLV,Clerical and data entry,2023,24.28
SLV,Clerical and data entry,2024,35.42
SLV,Creative and multimedia,2017,23.66
SLV,Creative and multimedia,2018,27.6
SLV,Creative and multimedia,2019,32.81
SLV,Creative and multimedia,2020,11.88
SLV,Creative and multimedia,2021,21.04
SLV,Creative and multimedia,2022,3.67
SLV,Creative and multimedia,2023,3.67
SLV,Creative and multimedia,2024,8.26
SLV,Professional services,2017,14.27
SLV,Professional services,2024,0.18
SLV,Sales and marketing support,2017,3.52
SLV,Sales and marketing support,2019,3.01
SLV,Sales and marketing support,2020,5.59
SLV,Sales and marketing support,2021,4.58
SLV,Sales and marketing support,2022,19.03
SLV,Sales and marketing support,2023,1.21
SLV,Sales and marketing support,2024,0.2
SLV,Software development and technology,2019,168.92
SLV,Software development and technology,2020,96.83
SLV,Software development and technology,2021,102.48
SLV,Software development and technology,2022,33.5
SLV,Software development and technology,2023,11.91
SLV,Software development and technology,2024,2.4
SLV,Writing and translation,2017,12.76
SLV,Writing and translation,2018,27.53
SLV,Writing and translation,2019,31.75
SLV,Writing and translation,2020,3.7
SLV,Writing and translation,2021,8.0
SLV,Writing and translation,2022,8.0
SLV,Writing and translation,2023,4.05
SLV,Writing and translation,2024,30.46
SOM,Creative and multimedia,2022,1.09
SOM,Creative and multimedia,2023,0.37
SOM,Creative and multimedia,2024,7.85
SOM,Professional services,2019,16.15
SOM,Professional services,2023,0.22
SOM,Sales and marketing support,2019,9.13
SOM,Sales and marketing support,2022,1.1
SOM,Sales and marketing support,2023,0.46
SOM,Sales and marketing support,2024,0.15
SOM,Software development and technology,2017,35.04
SOM,Software development and technology,2023,0.14
SOM,Software development and technology,2024,0.56
SOM,Writing and translation,2022,1.03
SOM,Writing and translation,2023,0.83
SOM,Writing and translation,2024,1.32
SRB,Clerical and data entry,2017,56.09
SRB,Clerical and data entry,2018,52.5
SRB,Clerical and data entry,2019,78.25
SRB,Clerical and data entry,2020,207.23
SRB,Clerical and data entry,2021,263.09
SRB,Clerical and data entry,2022,195.84
SRB,Clerical and data entry,2023,59.07
SRB,Clerical and data entry,2024,30.38
SRB,Creative and multimedia,2017,562.24
SRB,Creative and multimedia,2018,563.75
SRB,Creative and multimedia,2019,986.8
SRB,Creative and multimedia,2020,1828.27
SRB,Creative and multimedia,2021,1650.92
SRB,Creative and multimedia,2022,1373.15
SRB,Creative and multimedia,2023,706.65
SRB,Creative and multimedia,2024,741.82
SRB,Professional services,2017,34.81
SRB,Professional services,2018,44.18
SRB,Professional services,2019,27.43
SRB,Professional services,2020,20.84
SRB,Professional services,2022,38.32
SRB,Professional services,2023,7.11
SRB,Professional services,2024,7.57
SRB,Sales and marketing support,2017,15.46
SRB,Sales and marketing support,2018,35.32
SRB,Sales and marketing support,2019,124.38
SRB,Sales and marketing support,2020,62.61
SRB,Sales and marketing support,2021,18.44
SRB,Sales and marketing support,2022,42.05
SRB,Sales and marketing support,2023,13.78
SRB,Sales and marketing support,2024,14.01
SRB,Software development and technology,2017,285.23
SRB,Software development and technology,2018,355.28
SRB,Software development and technology,2019,575.91
SRB,Software development and technology,2020,2513.64
SRB,Software development and technology,2021,5187.18
SRB,Software development and technology,2022,6751.72
SRB,Software development and technology,2023,2267.27
SRB,Software development and technology,2024,1441.48
SRB,Writing and translation,2017,164.86
SRB,Writing and translation,2018,157.5
SRB,Writing and translation,2019,126.64
SRB,Writing and translation,2020,79.79
SRB,Writing and translation,2021,73.66
SRB,Writing and translation,2022,79.34
SRB,Writing and translation,2023,27.66
SRB,Writing and translation,2024,101.47
SSD,Creative and multimedia,2024,0.18
SSD,Software development and technology,2019,2.27
SSD,Writing and translation,2022,0.56
SSD,Writing and translation,2023,0.22
SSD,Writing and translation,2024,0.19
SUR,Clerical and data entry,2017,18.74
SUR,Clerical and data entry,2018,13.54
SUR,Clerical and data entry,2021,2.64
SUR,Creative and multimedia,2020,4.12
SUR,Creative and multimedia,2021,2.48
SUR,Creative and multimedia,2022,0.17
SUR,Creative and multimedia,2023,3.2
SUR,Creative and multimedia,2024,0.33
SUR,Professional services,2017,1.65
SUR,Sales and marketing support,2023,0.27
SUR,Software development and technology,2023,3.63
SUR,Software development and technology,2024,3.63
SUR,Writing and translation,2019,8.95
SUR,Writing and translation,2020,11.59
SUR,Writing and translation,2021,0.8
SUR,Writing and translation,2023,3.63
SUR,Writing and translation,2024,1.65
SVK,Clerical and data entry,2019,5.81
SVK,Clerical and data entry,2020,5.44
SVK,Clerical and data entry,2021,6.39
SVK,Clerical and data entry,2022,8.26
SVK,Clerical and data entry,2023,6.55
SVK,Creative and multimedia,2017,60.08
SVK,Creative and multimedia,2018,41.15
SVK,Creative and multimedia,2019,71.1
SVK,Creative and multimedia,2020,136.58
SVK,Creative and multimedia,2021,114.74
SVK,Creative and multimedia,2022,107.11
SVK,Creative and multimedia,2023,28.73
SVK,Creative and multimedia,2024,4.06
SVK,Professional services,2018,24.63
SVK,Professional services,2019,7.31
SVK,Professional services,2020,5.8
SVK,Professional services,2021,4.88
SVK,Professional services,2022,6.73
SVK,Professional services,2023,2.21
SVK,Professional services,2024,0.26
SVK,Sales and marketing support,2020,7.5
SVK,Sales and marketing support,2021,2.36
SVK,Sales and marketing support,2022,3.74
SVK,Sales and marketing support,2024,0.81
SVK,Software development and technology,2017,46.38
SVK,Software development and technology,2018,28.45
SVK,Software development and technology,2019,4.27
SVK,Software development and technology,2020,5.3
SVK,Software development and technology,2021,132.87
SVK,Software development and technology,2022,71.05
SVK,Software development and technology,2023,39.67
SVK,Software development and technology,2024,0.1
SVK,Writing and translation,2017,27.71
SVK,Writing and translation,2018,24.88
SVK,Writing and translation,2019,29.52
SVK,Writing and translation,2020,1.75
SVK,Writing and translation,2021,0.8
SVK,Writing and translation,2022,2.23
SVK,Writing and translation,2023,0.7
SVK,Writing and translation,2024,0.32
SVN,Clerical and data entry,2019,9.59
SVN,Clerical and data entry,2020,6.06
SVN,Clerical and data entry,2022,16.07
SVN,Clerical and data entry,2023,12.04
SVN,Creative and multimedia,2017,34.75
SVN,Creative and multimedia,2018,94.81
SVN,Creative and multimedia,2019,30.01
SVN,Creative and multimedia,2020,76.1
SVN,Creative and multimedia,2021,134.18
SVN,Creative and multimedia,2022,12.35
SVN,Creative and multimedia,2023,3.81
SVN,Creative and multimedia,2024,4.44
SVN,Professional services,2018,19.88
SVN,Professional services,2022,1.84
SVN,Professional services,2023,2.29
SVN,Professional services,2024,1.4
SVN,Sales and marketing support,2017,141.31
SVN,Sales and marketing support,2018,37.62
SVN,Sales and marketing support,2019,28.3
SVN,Sales and marketing support,2020,14.3
SVN,Sales and marketing support,2021,10.86
SVN,Sales and marketing support,2022,5.16
SVN,Sales and marketing support,2023,2.81
SVN,Sales and marketing support,2024,5.38
SVN,Software development and technology,2017,20.4
SVN,Software development and technology,2018,48.41
SVN,Software development and technology,2019,26.72
SVN,Software development and technology,2020,8.74
SVN,Software development and technology,2021,72.31
SVN,Software development and technology,2022,3.24
SVN,Software development and technology,2023,14.23
SVN,Software development and technology,2024,0.83
SVN,Writing and translation,2017,6.09
SVN,Writing and translation,2018,55.85
SVN,Writing and translation,2019,23.73
SVN,Writing and translation,2020,11.53
SVN,Writing and translation,2021,11.01
SVN,Writing and translation,2022,4.69
SVN,Writing and translation,2023,1.47
SVN,Writing and translation,2024,1.98
SWE,Clerical and data entry,2019,43.85
SWE,Clerical and data entry,2020,15.93
SWE,Clerical and data entry,2021,5.7
SWE,Clerical and data entry,2022,7.25
SWE,Clerical and data entry,2023,5.2
SWE,Clerical and data entry,2024,4.73
SWE,Creative and multimedia,2017,380.04
SWE,Creative and multimedia,2018,416.7
SWE,Creative and multimedia,2019,293.68
SWE,Creative and multimedia,2020,348.72
SWE,Creative and multimedia,2021,339.73
SWE,Creative and multimedia,2022,211.71
SWE,Creative and multimedia,2023,66.8
SWE,Creative and multimedia,2024,91.8
SWE,Professional services,2019,5.13
SWE,Professional services,2020,3.65
SWE,Professional services,2022,2.28
SWE,Professional services,2023,0.62
SWE,Professional services,2024,0.79
SWE,Sales and marketing support,2017,27.25
SWE,Sales and marketing support,2018,39.17
SWE,Sales and marketing support,2019,3.93
SWE,Sales and marketing support,2020,5.73
SWE,Sales and marketing support,2021,17.31
SWE,Sales and marketing support,2022,11.48
SWE,Sales and marketing support,2023,2.94
SWE,Sales and marketing support,2024,3.82
SWE,Software development and technology,2017,184.95
SWE,Software development and technology,2018,75.85
SWE,Software development and technology,2019,101.08
SWE,Software development and technology,2020,200.59
SWE,Software development and technology,2021,452.91
SWE,Software development and technology,2022,316.14
SWE,Software development and technology,2023,98.39
SWE,Software development and technology,2024,82.91
SWE,Writing and translation,2017,27.29
SWE,Writing and translation,2018,29.5
SWE,Writing and translation,2019,37.48
SWE,Writing and translation,2020,58.31
SWE,Writing and translation,2021,46.58
SWE,Writing and translation,2022,56.23
SWE,Writing and translation,2023,8.21
SWE,Writing and translation,2024,16.01
SWZ,Clerical and data entry,2018,16.65
SWZ,Clerical and data entry,2019,24.27
SWZ,Creative and multimedia,2019,10.59
SWZ,Creative and multimedia,2020,5.68
SWZ,Creative and multimedia,2021,9.33
SWZ,Professional services,2020,10.45
SWZ,Professional services,2021,15.02
SWZ,Professional services,2022,0.18
SWZ,Sales and marketing support,2018,18.79
SWZ,Sales and marketing support,2019,2.94
SWZ,Sales and marketing support,2020,20.75
SWZ,Sales and marketing support,2021,7.08
SWZ,Sales and marketing support,2022,5.77
SWZ,Sales and marketing support,2023,2.16
SWZ,Sales and marketing support,2024,2.26
SWZ,Software development and technology,2018,18.71
SWZ,Software development and technology,2020,6.84
SWZ,Software development and technology,2023,0.5
SWZ,Software development and technology,2024,0.4
SWZ,Writing and translation,2022,3.63
SWZ,Writing and translation,2023,0.15
SXM,Creative and multimedia,2024,0.26
SYC,Clerical and data entry,2020,1.51
SYC,Creative and multimedia,2021,1.9
SYC,Creative and multimedia,2022,3.86
SYC,Creative and multimedia,2023,1.77
SYC,Creative and multimedia,2024,0.26
SYC,Professional services,2023,0.28
SYC,Professional services,2024,0.37
SYC,Sales and marketing support,2018,1.0
SYC,Sales and marketing support,2020,4.58
SYC,Sales and marketing support,2023,0.36
SYC,Software development and technology,2020,0.4
SYC,Writing and translation,2020,6.57
SYC,Writing and translation,2023,0.14
SYC,Writing and translation,2024,0.37
SYR,Creative and multimedia,2020,6.35
SYR,Creative and multimedia,2021,9.52
SYR,Creative and multimedia,2022,7.27
SYR,Creative and multimedia,2023,0.49
SYR,Creative and multimedia,2024,1.19
SYR,Professional services,2020,0.4
SYR,Professional services,2022,0.1
SYR,Professional services,2023,0.15
SYR,Sales and marketing support,2020,0.8
SYR,Software development and technology,2020,0.8
SYR,Software development and technology,2023,0.28
SYR,Writing and translation,2020,3.59
SYR,Writing and translation,2022,2.56
SYR,Writing and translation,2023,0.29
SYR,Writing and translation,2024,0.39
TCA,Professional services,2019,0.4
TCA,Professional services,2020,0.4
TCD,Software development and technology,2022,1.12
TCD,Writing and translation,2023,0.24
TGO,Creative and multimedia,2022,0.19
TGO,Creative and multimedia,2023,11.29
TGO,Creative and multimedia,2024,3.85
TGO,Professional services,2024,0.13
TGO,Sales and marketing support,2022,0.23
TGO,Sales and marketing support,2023,0.15
TGO,Sales and marketing support,2024,0.14
TGO,Software development and technology,2019,8.0
TGO,Software development and technology,2020,42.96
TGO,Software development and technology,2021,83.75
TGO,Software development and technology,2022,0.27
TGO,Software development and technology,2023,0.26
TGO,Writing and translation,2020,7.14
TGO,Writing and translation,2021,4.05
TGO,Writing and translation,2022,7.22
TGO,Writing and translation,2023,0.12
TGO,Writing and translation,2024,0.1
THA,Clerical and data entry,2017,30.25
THA,Clerical and data entry,2018,34.68
THA,Clerical and data entry,2019,17.8
THA,Clerical and data entry,2020,28.92
THA,Clerical and data entry,2021,40.9
THA,Clerical and data entry,2022,26.81
THA,Clerical and data entry,2023,6.14
THA,Clerical and data entry,2024,3.63
THA,Creative and multimedia,2017,18.89
THA,Creative and multimedia,2018,50.42
THA,Creative and multimedia,2019,112.52
THA,Creative and multimedia,2020,149.37
THA,Creative and multimedia,2021,50.02
THA,Creative and multimedia,2022,95.86
THA,Creative and multimedia,2023,94.09
THA,Creative and multimedia,2024,70.08
THA,Professional services,2017,19.37
THA,Professional services,2019,12.95
THA,Professional services,2020,32.3
THA,Professional services,2021,22.97
THA,Professional services,2022,20.35
THA,Professional services,2023,2.03
THA,Professional services,2024,5.03
THA,Sales and marketing support,2017,167.5
THA,Sales and marketing support,2018,578.93
THA,Sales and marketing support,2019,178.19
THA,Sales and marketing support,2020,50.41
THA,Sales and marketing support,2021,81.7
THA,Sales and marketing support,2022,31.93
THA,Sales and marketing support,2023,5.87
THA,Sales and marketing support,2024,34.14
THA,Software development and technology,2017,12.27
THA,Software development and technology,2018,21.4
THA,Software development and technology,2019,20.85
THA,Software development and technology,2020,81.89
THA,Software development and technology,2021,128.84
THA,Software development and technology,2022,173.3
THA,Software development and technology,2023,132.86
THA,Software development and technology,2024,31.76
THA,Writing and translation,2017,127.75
THA,Writing and translation,2018,155.56
THA,Writing and translation,2019,190.95
THA,Writing and translation,2020,46.83
THA,Writing and translation,2021,43.59
THA,Writing and translation,2022,16.56
THA,Writing and translation,2023,21.1
THA,Writing and translation,2024,21.52
TJK,Clerical and data entry,2024,3.63
TJK,Creative and multimedia,2020,18.67
TJK,Creative and multimedia,2021,40.0
TJK,Creative and multimedia,2022,27.13
TJK,Creative and multimedia,2023,48.86
TJK,Creative and multimedia,2024,67.87
TJK,Professional services,2020,3.45
TJK,Sales and marketing support,2020,8.0
TJK,Sales and marketing support,2021,9.59
TJK,Sales and marketing support,2022,0.31
TJK,Sales and marketing support,2023,0.3
TJK,Sales and marketing support,2024,14.36
TJK,Software development and technology,2019,19.17
TJK,Software development and technology,2020,14.5
TJK,Software development and technology,2021,50.24
TJK,Software development and technology,2022,81.85
TJK,Software development and technology,2023,20.8
TJK,Software development and technology,2024,14.01
TJK,Writing and translation,2018,22.05
TJK,Writing and translation,2019,13.64
TJK,Writing and translation,2020,0.4
TJK,Writing and translation,2023,14.91
TJK,Writing and translation,2024,11.18
TKM,Creative and multimedia,2019,29.69
TKM,Creative and multimedia,2020,12.02
TKM,Creative and multimedia,2021,4.44
TKM,Creative and multimedia,2022,2.0
TKM,Creative and multimedia,2023,10.5
TKM,Creative and multimedia,2024,3.63
TKM,Software development and technology,2019,7.62
TKM,Software development and technology,2021,15.45
TKM,Writing and translation,2019,3.62
TKM,Writing and translation,2020,1.81
TTO,Clerical and data entry,2017,3.67
TTO,Clerical and data entry,2019,17.18
TTO,Clerical and data entry,2020,10.17
TTO,Clerical and data entry,2021,15.68
TTO,Clerical and data entry,2022,20.7
TTO,Clerical and data entry,2023,13.1
TTO,Clerical and data entry,2024,7.62
TTO,Creative and multimedia,2019,8.79
TTO,Creative and multimedia,2020,4.6
TTO,Creative and multimedia,2021,7.43
TTO,Creative and multimedia,2022,5.39
TTO,Creative and multimedia,2023,4.41
TTO,Creative and multimedia,2024,0.14
TTO,Professional services,2018,1.0
TTO,Professional services,2019,19.52
TTO,Professional services,2020,0.73
TTO,Professional services,2022,1.66
TTO,Professional services,2023,1.77
TTO,Professional services,2024,1.92
TTO,Sales and marketing support,2017,105.24
TTO,Sales and marketing support,2018,108.4
TTO,Sales and marketing support,2019,24.11
TTO,Sales and marketing support,2020,16.29
TTO,Sales and marketing support,2021,2.65
TTO,Sales and marketing support,2023,0.53
TTO,Sales and marketing support,2024,0.5
TTO,Software development and technology,2017,13.84
TTO,Software development and technology,2018,19.94
TTO,Software development and technology,2020,5.79
TTO,Software development and technology,2021,130.43
TTO,Software development and technology,2022,144.82
TTO,Software development and technology,2023,94.15
TTO,Software development and technology,2024,32.05
TTO,Writing and translation,2017,21.26
TTO,Writing and translation,2018,25.81
TTO,Writing and translation,2019,41.24
TTO,Writing and translation,2020,8.63
TTO,Writing and translation,2021,62.91
TTO,Writing and translation,2022,62.94
TTO,Writing and translation,2023,1.68
TTO,Writing and translation,2024,1.42
TUN,Clerical and data entry,2017,12.92
TUN,Clerical and data entry,2019,29.8
TUN,Clerical and data entry,2020,81.39
TUN,Clerical and data entry,2021,63.86
TUN,Clerical and data entry,2022,35.5
TUN,Clerical and data entry,2023,5.49
TUN,Clerical and data entry,2024,3.68
TUN,Creative and multimedia,2017,145.49
TUN,Creative and multimedia,2018,143.21
TUN,Creative and multimedia,2019,126.78
TUN,Creative and multimedia,2020,197.81
TUN,Creative and multimedia,2021,202.3
TUN,Creative and multimedia,2022,318.7
TUN,Creative and multimedia,2023,225.34
TUN,Creative and multimedia,2024,169.86
TUN,Professional services,2017,6.82
TUN,Professional services,2018,20.68
TUN,Professional services,2019,33.35
TUN,Professional services,2020,37.85
TUN,Professional services,2021,59.82
TUN,Professional services,2022,76.67
TUN,Professional services,2023,0.9
TUN,Professional services,2024,0.57
TUN,Sales and marketing support,2017,17.77
TUN,Sales and marketing support,2018,38.04
TUN,Sales and marketing support,2019,32.44
TUN,Sales and marketing support,2020,18.05
TUN,Sales and marketing support,2021,13.21
TUN,Sales and marketing support,2022,1.97
TUN,Sales and marketing support,2023,0.49
TUN,Sales and marketing support,2024,0.43
TUN,Software development and technology,2017,126.05
TUN,Software development and technology,2018,179.47
TUN,Software development and technology,2019,213.59
TUN,Software development and technology,2020,174.21
TUN,Software development and technology,2021,246.29
TUN,Software development and technology,2022,202.43
TUN,Software development and technology,2023,267.25
TUN,Software development and technology,2024,266.32
TUN,Writing and translation,2017,43.29
TUN,Writing and translation,2018,48.21
TUN,Writing and translation,2019,26.42
TUN,Writing and translation,2020,40.81
TUN,Writing and translation,2021,22.06
TUN,Writing and translation,2022,22.55
TUN,Writing and translation,2023,20.84
TUN,Writing and translation,2024,11.73
TUR,Clerical and data entry,2017,13.84
TUR,Clerical and data entry,2019,38.85
TUR,Clerical and data entry,2020,55.3
TUR,Clerical and data entry,2021,41.25
TUR,Clerical and data entry,2022,53.31
TUR,Clerical and data entry,2023,13.26
TUR,Clerical and data entry,2024,12.3
TUR,Creative and multimedia,2017,204.15
TUR,Creative and multimedia,2018,321.98
TUR,Creative and multimedia,2019,914.52
TUR,Creative and multimedia,2020,1757.69
TUR,Creative and multimedia,2021,1417.69
TUR,Creative and multimedia,2022,1263.99
TUR,Creative and multimedia,2023,1118.67
TUR,Creative and multimedia,2024,1155.75
TUR,Professional services,2018,12.07
TUR,Professional services,2019,32.04
TUR,Professional services,2020,14.79
TUR,Professional services,2021,10.53
TUR,Professional services,2022,22.91
TUR,Professional services,2023,9.01
TUR,Professional services,2024,5.26
TUR,Sales and marketing support,2017,103.67
TUR,Sales and marketing support,2018,202.22
TUR,Sales and marketing support,2019,229.07
TUR,Sales and marketing support,2020,307.87
TUR,Sales and marketing support,2021,46.53
TUR,Sales and marketing support,2022,41.45
TUR,Sales and marketing support,2023,61.37
TUR,Sales and marketing support,2024,17.69
TUR,Software development and technology,2017,80.11
TUR,Software development and technology,2018,135.89
TUR,Software development and technology,2019,815.68
TUR,Software development and technology,2020,1159.8
TUR,Software development and technology,2021,1450.12
TUR,Software development and technology,2022,1350.44
TUR,Software development and technology,2023,865.74
TUR,Software development and technology,2024,767.04
TUR,Writing and translation,2017,237.04
TUR,Writing and translation,2018,201.89
TUR,Writing and translation,2019,294.34
TUR,Writing and translation,2020,225.05
TUR,Writing and translation,2021,28.09
TUR,Writing and translation,2022,88.78
TUR,Writing and translation,2023,53.63
TUR,Writing and translation,2024,65.18
TWN,Clerical and data entry,2018,23.57
TWN,Clerical and data entry,2022,12.34
TWN,Creative and multimedia,2017,10.6
TWN,Creative and multimedia,2018,123.4
TWN,Creative and multimedia,2019,4.82
TWN,Creative and multimedia,2020,19.56
TWN,Creative and multimedia,2021,16.25
TWN,Creative and multimedia,2022,128.51
TWN,Creative and multimedia,2023,17.34
TWN,Creative and multimedia,2024,2.3
TWN,Professional services,2018,8.11
TWN,Professional services,2019,53.49
TWN,Professional services,2020,107.97
TWN,Professional services,2021,168.46
TWN,Professional services,2022,127.92
TWN,Professional services,2023,16.15
TWN,Professional services,2024,7.37
TWN,Sales and marketing support,2017,18.82
TWN,Sales and marketing support,2018,22.99
TWN,Sales and marketing support,2019,15.48
TWN,Sales and marketing support,2022,0.19
TWN,Sales and marketing support,2023,2.53
TWN,Sales and marketing support,2024,1.4
TWN,Software development and technology,2017,13.21
TWN,Software development and technology,2018,15.72
TWN,Software development and technology,2019,23.55
TWN,Software development and technology,2020,49.1
TWN,Software development and technology,2021,120.19
TWN,Software development and technology,2022,102.28
TWN,Software development and technology,2023,78.9
TWN,Software development and technology,2024,2.43
TWN,Writing and translation,2017,22.04
TWN,Writing and translation,2018,49.09
TWN,Writing and translation,2019,12.68
TWN,Writing and translation,2020,18.67
TWN,Writing and translation,2021,15.3
TWN,Writing and translation,2022,44.76
TWN,Writing and translation,2023,17.73
TWN,Writing and translation,2024,9.3
TZA,Clerical and data entry,2019,1.0
TZA,Clerical and data entry,2020,4.12
TZA,Clerical and data entry,2021,5.58
TZA,Clerical and data entry,2022,4.45
TZA,Creative and multimedia,2019,13.38
TZA,Creative and multimedia,2020,10.85
TZA,Creative and multimedia,2021,31.08
TZA,Creative and multimedia,2022,11.32
TZA,Creative and multimedia,2023,5.46
TZA,Creative and multimedia,2024,5.74
TZA,Professional services,2022,0.21
TZA,Professional services,2023,1.01
TZA,Professional services,2024,0.27
TZA,Sales and marketing support,2017,14.84
TZA,Sales and marketing support,2020,60.74
TZA,Sales and marketing support,2021,86.22
TZA,Sales and marketing support,2022,12.59
TZA,Sales and marketing support,2023,8.86
TZA,Sales and marketing support,2024,18.7
TZA,Software development and technology,2018,21.65
TZA,Software development and technology,2019,33.18
TZA,Software development and technology,2020,17.9
TZA,Software development and technology,2021,16.29
TZA,Software development and technology,2022,18.9
TZA,Software development and technology,2023,2.24
TZA,Software development and technology,2024,2.3
TZA,Writing and translation,2018,12.69
TZA,Writing and translation,2019,16.95
TZA,Writing and translation,2020,15.72
TZA,Writing and translation,2021,14.08
TZA,Writing and translation,2022,1.76
TZA,Writing and translation,2023,2.79
TZA,Writing and translation,2024,3.91
UGA,Clerical and data entry,2017,10.0
UGA,Clerical and data entry,2018,22.28
UGA,Clerical and data entry,2019,23.93
UGA,Clerical and data entry,2020,47.24
UGA,Clerical and data entry,2021,78.88
UGA,Creative and multimedia,2017,16.37
UGA,Creative and multimedia,2018,35.58
UGA,Creative and multimedia,2019,15.19
UGA,Creative and multimedia,2020,7.82
UGA,Creative and multimedia,2021,8.0
UGA,Creative and multimedia,2022,5.75
UGA,Creative and multimedia,2023,1.98
UGA,Creative and multimedia,2024,1.42
UGA,Professional services,2019,5.77
UGA,Professional services,2020,5.84
UGA,Professional services,2021,6.05
UGA,Professional services,2022,7.79
UGA,Professional services,2023,1.31
UGA,Professional services,2024,1.64
UGA,Sales and marketing support,2017,18.56
UGA,Sales and marketing support,2018,29.5
UGA,Sales and marketing support,2019,26.1
UGA,Sales and marketing support,2020,12.43
UGA,Sales and marketing support,2021,25.01
UGA,Sales and marketing support,2022,1.45
UGA,Sales and marketing support,2023,1.84
UGA,Sales and marketing support,2024,0.55
UGA,Software development and technology,2018,22.25
UGA,Software development and technology,2019,6.85
UGA,Software development and technology,2020,43.36
UGA,Software development and technology,2021,12.22
UGA,Software development and technology,2022,5.76
UGA,Software development and technology,2023,17.63
UGA,Software development and technology,2024,13.24
UGA,Writing and translation,2017,1.0
UGA,Writing and translation,2018,32.95
UGA,Writing and translation,2019,2.4
UGA,Writing and translation,2020,14.64
UGA,Writing and translation,2021,9.03
UGA,Writing and translation,2022,4.83
UGA,Writing and translation,2023,1.5
UGA,Writing and translation,2024,1.23
UKR,Clerical and data entry,2017,73.57
UKR,Clerical and data entry,2018,47.63
UKR,Clerical and data entry,2019,53.63
UKR,Clerical and data entry,2020,56.17
UKR,Clerical and data entry,2021,130.79
UKR,Clerical and data entry,2022,102.35
UKR,Clerical and data entry,2023,61.96
UKR,Clerical and data entry,2024,17.21
UKR,Creative and multimedia,2017,855.43
UKR,Creative and multimedia,2018,1031.01
UKR,Creative and multimedia,2019,1748.37
UKR,Creative and multimedia,2020,3427.93
UKR,Creative and multimedia,2021,2748.51
UKR,Creative and multimedia,2022,2218.58
UKR,Creative and multimedia,2023,1049.1
UKR,Creative and multimedia,2024,733.97
UKR,Professional services,2017,1.08
UKR,Professional services,2018,40.95
UKR,Professional services,2019,92.09
UKR,Professional services,2020,160.12
UKR,Professional services,2021,67.44
UKR,Professional services,2022,42.55
UKR,Professional services,2023,7.87
UKR,Professional services,2024,36.61
UKR,Sales and marketing support,2017,178.86
UKR,Sales and marketing support,2018,288.53
UKR,Sales and marketing support,2019,571.18
UKR,Sales and marketing support,2020,533.68
UKR,Sales and marketing support,2021,176.05
UKR,Sales and marketing support,2022,123.01
UKR,Sales and marketing support,2023,95.02
UKR,Sales and marketing support,2024,66.41
UKR,Software development and technology,2017,1317.63
UKR,Software development and technology,2018,1365.1
UKR,Software development and technology,2019,2661.97
UKR,Software development and technology,2020,5163.68
UKR,Software development and technology,2021,7590.68
UKR,Software development and technology,2022,13373.08
UKR,Software development and technology,2023,4201.62
UKR,Software development and technology,2024,2415.2
UKR,Writing and translation,2017,284.35
UKR,Writing and translation,2018,194.39
UKR,Writing and translation,2019,353.67
UKR,Writing and translation,2020,206.32
UKR,Writing and translation,2021,150.11
UKR,Writing and translation,2022,157.58
UKR,Writing and translation,2023,244.99
UKR,Writing and translation,2024,199.21
URY,Clerical and data entry,2019,4.85
URY,Clerical and data entry,2020,2.94
URY,Clerical and data entry,2021,6.11
URY,Clerical and data entry,2022,7.06
URY,Clerical and data entry,2023,2.28
URY,Clerical and data entry,2024,0.04
URY,Creative and multimedia,2017,80.65
URY,Creative and multimedia,2018,87.21
URY,Creative and multimedia,2019,69.81
URY,Creative and multimedia,2020,78.38
URY,Creative and multimedia,2021,196.08
URY,Creative and multimedia,2022,201.54
URY,Creative and multimedia,2023,199.31
URY,Creative and multimedia,2024,179.27
URY,Professional services,2022,7.53
URY,Professional services,2023,0.22
URY,Professional services,2024,0.18
URY,Sales and marketing support,2018,37.8
URY,Sales and marketing support,2019,56.37
URY,Sales and marketing support,2020,4.17
URY,Sales and marketing support,2021,8.0
URY,Sales and marketing support,2022,0.27
URY,Sales and marketing support,2023,1.13
URY,Sales and marketing support,2024,0.15
URY,Software development and technology,2017,29.22
URY,Software development and technology,2019,76.07
URY,Software development and technology,2020,68.48
URY,Software development and technology,2021,181.65
URY,Software development and technology,2022,143.63
URY,Software development and technology,2023,180.16
URY,Software development and technology,2024,185.25
URY,Writing and translation,2017,15.1
URY,Writing and translation,2018,31.15
URY,Writing and translation,2019,57.46
URY,Writing and translation,2020,22.6
URY,Writing and translation,2021,8.0
URY,Writing and translation,2022,7.65
URY,Writing and translation,2023,48.01
URY,Writing and translation,2024,40.76
USA,Clerical and data entry,2017,857.18
USA,Clerical and data entry,2018,528.07
USA,Clerical and data entry,2019,1571.91
USA,Clerical and data entry,2020,2081.83
USA,Clerical and data entry,2021,2359.94
USA,Clerical and data entry,2022,2914.38
USA,Clerical and data entry,2023,409.49
USA,Clerical and data entry,2024,98.33
USA,Creative and multimedia,2017,4236.31
USA,Creative and multimedia,2018,3807.35
USA,Creative and multimedia,2019,4867.25
USA,Creative and multimedia,2020,3429.71
USA,Creative and multimedia,2021,2868.16
USA,Creative and multimedia,2022,3202.93
USA,Creative and multimedia,2023,2456.1
USA,Creative and multimedia,2024,3173.1
USA,Professional services,2017,799.42
USA,Professional services,2018,640.19
USA,Professional services,2019,1560.73
USA,Professional services,2020,2604.16
USA,Professional services,2021,1761.68
USA,Professional services,2022,2627.57
USA,Professional services,2023,545.83
USA,Professional services,2024,384.32
USA,Sales and marketing support,2017,2325.62
USA,Sales and marketing support,2018,2338.59
USA,Sales and marketing support,2019,2180.16
USA,Sales and marketing support,2020,2136.9
USA,Sales and marketing support,2021,1492.08
USA,Sales and marketing support,2022,1843.67
USA,Sales and marketing support,2023,436.65
USA,Sales and marketing support,2024,339.16
USA,Software development and technology,2017,4517.08
USA,Software development and technology,2018,3876.35
USA,Software development and technology,2019,5891.69
USA,Software development and technology,2020,6018.23
USA,Software development and technology,2021,3770.91
USA,Software development and technology,2022,5095.49
USA,Software development and technology,2023,3698.99
USA,Software development and technology,2024,3732.82
USA,Writing and translation,2017,5022.55
USA,Writing and translation,2018,4468.28
USA,Writing and translation,2019,6082.4
USA,Writing and translation,2020,4346.43
USA,Writing and translation,2021,2601.61
USA,Writing and translation,2022,2970.77
USA,Writing and translation,2023,1534.79
USA,Writing and translation,2024,1443.16
UZB,Clerical and data entry,2019,2.3
UZB,Clerical and data entry,2020,2.04
UZB,Clerical and data entry,2021,22.28
UZB,Clerical and data entry,2022,42.73
UZB,Clerical and data entry,2024,3.63
UZB,Creative and multimedia,2017,12.73
UZB,Creative and multimedia,2018,23.23
UZB,Creative and multimedia,2019,20.55
UZB,Creative and multimedia,2020,7.17
UZB,Creative and multimedia,2021,20.46
UZB,Creative and multimedia,2022,32.57
UZB,Creative and multimedia,2023,55.75
UZB,Creative and multimedia,2024,4.01
UZB,Professional services,2019,18.58
UZB,Professional services,2020,28.74
UZB,Professional services,2021,19.15
UZB,Professional services,2022,20.52
UZB,Professional services,2023,1.11
UZB,Professional services,2024,1.09
UZB,Sales and marketing support,2023,0.3
UZB,Software development and technology,2017,23.87
UZB,Software development and technology,2018,18.47
UZB,Software development and technology,2019,4.53
UZB,Software development and technology,2020,97.63
UZB,Software development and technology,2021,15.81
UZB,Software development and technology,2022,73.32
UZB,Software development and technology,2023,163.87
UZB,Software development and technology,2024,127.75
UZB,Writing and translation,2017,18.16
UZB,Writing and translation,2018,8.5
UZB,Writing and translation,2019,6.76
UZB,Writing and translation,2020,4.19
UZB,Writing and translation,2022,6.89
UZB,Writing and translation,2023,2.18
UZB,Writing and translation,2024,0.31
VCT,Clerical and data entry,2020,4.76
VCT,Clerical and data entry,2021,3.23
VCT,Professional services,2017,18.77
VCT,Professional services,2018,21.79
VCT,Software development and technology,2018,20.87
VEN,Clerical and data entry,2017,25.12
VEN,Clerical and data entry,2018,23.48
VEN,Clerical and data entry,2019,23.44
VEN,Clerical and data entry,2020,30.28
VEN,Clerical and data entry,2021,55.33
VEN,Clerical and data entry,2022,44.19
VEN,Clerical and data entry,2023,14.57
VEN,Clerical and data entry,2024,38.33
VEN,Creative and multimedia,2017,320.51
VEN,Creative and multimedia,2018,393.79
VEN,Creative and multimedia,2019,1575.23
VEN,Creative and multimedia,2020,2161.78
VEN,Creative and multimedia,2021,3061.25
VEN,Creative and multimedia,2022,3581.5
VEN,Creative and multimedia,2023,2477.67
VEN,Creative and multimedia,2024,1992.47
VEN,Professional services,2017,28.32
VEN,Professional services,2018,17.57
VEN,Professional services,2019,13.56
VEN,Professional services,2020,22.2
VEN,Professional services,2021,71.95
VEN,Professional services,2022,87.56
VEN,Professional services,2023,2.41
VEN,Professional services,2024,0.23
VEN,Sales and marketing support,2017,39.42
VEN,Sales and marketing support,2018,35.96
VEN,Sales and marketing support,2019,114.53
VEN,Sales and marketing support,2020,46.05
VEN,Sales and marketing support,2021,33.34
VEN,Sales and marketing support,2022,72.39
VEN,Sales and marketing support,2023,12.55
VEN,Sales and marketing support,2024,21.31
VEN,Software development and technology,2017,171.2
VEN,Software development and technology,2018,172.88
VEN,Software development and technology,2019,463.79
VEN,Software development and technology,2020,539.09
VEN,Software development and technology,2021,712.37
VEN,Software development and technology,2022,1350.31
VEN,Software development and technology,2023,1331.26
VEN,Software development and technology,2024,1434.61
VEN,Writing and translation,2017,251.53
VEN,Writing and translation,2018,333.45
VEN,Writing and translation,2019,436.77
VEN,Writing and translation,2020,278.33
VEN,Writing and translation,2021,178.24
VEN,Writing and translation,2022,297.06
VEN,Writing and translation,2023,410.56
VEN,Writing and translation,2024,341.39
VGB,Software development and technology,2017,13.84
VIR,Creative and multimedia,2023,0.16
VIR,Professional services,2023,3.63
VIR,Writing and translation,2023,0.17
VIR,Writing and translation,2024,0.1
VNM,Clerical and data entry,2017,14.03
VNM,Clerical and data entry,2018,15.1
VNM,Clerical and data entry,2019,101.81
VNM,Clerical and data entry,2020,132.99
VNM,Clerical and data entry,2021,156.37
VNM,Clerical and data entry,2022,148.88
VNM,Clerical and data entry,2023,29.4
VNM,Clerical and data entry,2024,116.88
VNM,Creative and multimedia,2017,320.88
VNM,Creative and multimedia,2018,248.21
VNM,Creative and multimedia,2019,932.66
VNM,Creative and multimedia,2020,1238.54
VNM,Creative and multimedia,2021,1250.13
VNM,Creative and multimedia,2022,2193.43
VNM,Creative and multimedia,2023,1226.54
VNM,Creative and multimedia,2024,1121.7
VNM,Professional services,2018,37.37
VNM,Professional services,2019,55.38
VNM,Professional services,2020,37.37
VNM,Professional services,2021,10.54
VNM,Professional services,2022,9.26
VNM,Professional services,2023,0.85
VNM,Professional services,2024,2.09
VNM,Sales and marketing support,2017,94.77
VNM,Sales and marketing support,2018,181.31
VNM,Sales and marketing support,2019,76.9
VNM,Sales and marketing support,2020,45.1
VNM,Sales and marketing support,2021,13.29
VNM,Sales and marketing support,2022,41.92
VNM,Sales and marketing support,2023,1.77
VNM,Sales and marketing support,2024,8.67
VNM,Software development and technology,2017,287.33
VNM,Software development and technology,2018,324.44
VNM,Software development and technology,2019,2080.22
VNM,Software development and technology,2020,2122.87
VNM,Software development and technology,2021,2325.55
VNM,Software development and technology,2022,2600.95
VNM,Software development and technology,2023,2008.49
VNM,Software development and technology,2024,2213.52
VNM,Writing and translation,2017,62.93
VNM,Writing and translation,2018,46.94
VNM,Writing and translation,2019,144.53
VNM,Writing and translation,2020,102.15
VNM,Writing and translation,2021,148.2
VNM,Writing and translation,2022,179.35
VNM,Writing and translation,2023,57.39
VNM,Writing and translation,2024,86.33
WSM,Writing and translation,2019,0.4
XKV,Clerical and data entry,2019,72.91
XKV,Clerical and data entry,2020,15.6
XKV,Clerical and data entry,2021,9.76
XKV,Clerical and data entry,2024,3.63
XKV,Creative and multimedia,2019,113.99
XKV,Creative and multimedia,2020,55.61
XKV,Creative and multimedia,2021,46.63
XKV,Creative and multimedia,2022,72.22
XKV,Creative and multimedia,2023,29.1
XKV,Creative and multimedia,2024,6.91
XKV,Professional services,2020,26.05
XKV,Professional services,2021,33.49
XKV,Professional services,2022,35.98
XKV,Professional services,2023,11.4
XKV,Professional services,2024,14.97
XKV,Sales and marketing support,2019,2.65
XKV,Sales and marketing support,2020,13.25
XKV,Sales and marketing support,2021,10.08
XKV,Sales and marketing support,2023,0.14
XKV,Sales and marketing support,2024,0.11
XKV,Software development and technology,2017,1.0
XKV,Software development and technology,2019,15.47
XKV,Software development and technology,2020,162.38
XKV,Software development and technology,2021,121.55
XKV,Software development and technology,2022,31.83
XKV,Software development and technology,2023,0.58
XKV,Software development and technology,2024,0.29
XKV,Writing and translation,2017,2.5
XKV,Writing and translation,2023,0.29
XKV,Writing and translation,2024,0.22
YEM,Clerical and data entry,2020,8.0
YEM,Clerical and data entry,2021,8.0
YEM,Clerical and data entry,2022,8.0
YEM,Creative and multimedia,2019,9.66
YEM,Creative and multimedia,2020,3.4
YEM,Creative and multimedia,2022,0.38
YEM,Creative and multimedia,2023,5.52
YEM,Creative and multimedia,2024,16.2
YEM,Professional services,2019,2.46
YEM,Professional services,2020,1.87
YEM,Professional services,2022,0.1
YEM,Professional services,2024,0.71
YEM,Sales and marketing support,2020,8.0
YEM,Sales and marketing support,2022,8.0
YEM,Sales and marketing support,2024,0.68
YEM,Software development and technology,2019,23.31
YEM,Software development and technology,2020,2.38
YEM,Software development and technology,2021,8.0
YEM,Software development and technology,2022,5.31
YEM,Software development and technology,2023,21.67
YEM,Software development and technology,2024,2.94
YEM,Writing and translation,2017,4.9
YEM,Writing and translation,2019,15.12
YEM,Writing and translation,2020,12.09
YEM,Writing and translation,2021,14.86
YEM,Writing and translation,2022,7.49
YEM,Writing and translation,2023,0.29
YEM,Writing and translation,2024,1.83
ZAF,Clerical and data entry,2017,96.26
ZAF,Clerical and data entry,2018,107.48
ZAF,Clerical and data entry,2019,95.66
ZAF,Clerical and data entry,2020,59.65
ZAF,Clerical and data entry,2021,78.94
ZAF,Clerical and data entry,2022,82.75
ZAF,Clerical and data entry,2023,21.25
ZAF,Clerical and data entry,2024,28.96
ZAF,Creative and multimedia,2017,165.4
ZAF,Creative and multimedia,2018,284.01
ZAF,Creative and multimedia,2019,374.25
ZAF,Creative and multimedia,2020,461.39
ZAF,Creative and multimedia,2021,285.83
ZAF,Creative and multimedia,2022,146.02
ZAF,Creative and multimedia,2023,109.36
ZAF,Creative and multimedia,2024,121.75
ZAF,Professional services,2017,65.53
ZAF,Professional services,2018,65.58
ZAF,Professional services,2019,83.4
ZAF,Professional services,2020,37.24
ZAF,Professional services,2021,5.56
ZAF,Professional services,2022,23.8
ZAF,Professional services,2023,29.36
ZAF,Professional services,2024,56.78
ZAF,Sales and marketing support,2017,113.74
ZAF,Sales and marketing support,2018,112.31
ZAF,Sales and marketing support,2019,120.98
ZAF,Sales and marketing support,2020,291.08
ZAF,Sales and marketing support,2021,55.4
ZAF,Sales and marketing support,2022,68.46
ZAF,Sales and marketing support,2023,35.56
ZAF,Sales and marketing support,2024,14.68
ZAF,Software development and technology,2017,106.28
ZAF,Software development and technology,2018,185.41
ZAF,Software development and technology,2019,155.54
ZAF,Software development and technology,2020,209.14
ZAF,Software development and technology,2021,78.83
ZAF,Software development and technology,2022,53.46
ZAF,Software development and technology,2023,101.92
ZAF,Software development and technology,2024,131.48
ZAF,Writing and translation,2017,209.05
ZAF,Writing and translation,2018,265.24
ZAF,Writing and translation,2019,263.19
ZAF,Writing and translation,2020,144.67
ZAF,Writing and translation,2021,161.92
ZAF,Writing and translation,2022,149.91
ZAF,Writing and translation,2023,68.58
ZAF,Writing and translation,2024,60.42
ZMB,Clerical and data entry,2019,26.52
ZMB,Clerical and data entry,2020,18.61
ZMB,Clerical and data entry,2021,4.88
ZMB,Creative and multimedia,2020,109.79
ZMB,Creative and multimedia,2021,77.15
ZMB,Creative and multimedia,2022,40.31
ZMB,Creative and multimedia,2023,11.48
ZMB,Creative and multimedia,2024,11.5
ZMB,Professional services,2019,0.7
ZMB,Professional services,2022,0.19
ZMB,Professional services,2023,0.14
ZMB,Professional services,2024,0.14
ZMB,Sales and marketing support,2019,21.3
ZMB,Sales and marketing support,2020,43.38
ZMB,Sales and marketing support,2022,0.43
ZMB,Sales and marketing support,2023,0.85
ZMB,Sales and marketing support,2024,0.22
ZMB,Software development and technology,2018,1.0
ZMB,Software development and technology,2020,2.62
ZMB,Software development and technology,2022,4.52
ZMB,Software development and technology,2023,0.31
ZMB,Software development and technology,2024,4.58
ZMB,Writing and translation,2018,12.0
ZMB,Writing and translation,2019,15.7
ZMB,Writing and translation,2020,6.75
ZMB,Writing and translation,2022,0.17
ZMB,Writing and translation,2023,0.36
ZMB,Writing and translation,2024,0.13
ZWE,Clerical and data entry,2018,11.09
ZWE,Clerical and data entry,2019,39.41
ZWE,Clerical and data entry,2020,5.63
ZWE,Clerical and data entry,2021,17.9
ZWE,Clerical and data entry,2022,7.85
ZWE,Clerical and data entry,2023,6.26
ZWE,Clerical and data entry,2024,8.87
ZWE,Creative and multimedia,2017,17.77
ZWE,Creative and multimedia,2018,8.0
ZWE,Creative and multimedia,2019,19.94
ZWE,Creative and multimedia,2020,10.3
ZWE,Creative and multimedia,2021,10.79
ZWE,Creative and multimedia,2022,13.18
ZWE,Creative and multimedia,2023,22.48
ZWE,Creative and multimedia,2024,37.32
ZWE,Professional services,2017,35.04
ZWE,Professional services,2018,16.48
ZWE,Professional services,2019,22.65
ZWE,Professional services,2020,2.03
ZWE,Professional services,2022,0.42
ZWE,Professional services,2023,0.33
ZWE,Professional services,2024,0.6
ZWE,Sales and marketing support,2018,14.67
ZWE,Sales and marketing support,2019,8.77
ZWE,Sales and marketing support,2020,6.88
ZWE,Sales and marketing support,2022,0.36
ZWE,Sales and marketing support,2023,0.2
ZWE,Sales and marketing support,2024,0.66
ZWE,Software development and technology,2017,13.44
ZWE,Software development and technology,2018,17.72
ZWE,Software development and technology,2019,109.88
ZWE,Software development and technology,2020,226.62
ZWE,Software development and technology,2021,183.6
ZWE,Software development and technology,2022,236.38
ZWE,Software development and technology,2023,124.87
ZWE,Software development and technology,2024,104.13
ZWE,Writing and translation,2017,18.03
ZWE,Writing and translation,2018,21.62
ZWE,Writing and translation,2019,39.01
ZWE,Writing and translation,2020,45.98
ZWE,Writing and translation,2021,15.14
ZWE,Writing and translation,2022,10.4
ZWE,Writing and translation,2023,6.26
ZWE,Writing and translation,2024,10.88
