area,variable,percentile,year,value
ARG,spllinf992,p0p100,1990,0.2832
ARG,spllinf992,p0p100,1991,0.2832
ARG,spllinf992,p0p100,1992,0.28960001
ARG,spllinf992,p0p100,1993,0.28740001
ARG,spllinf992,p0p100,1994,0.29339999
ARG,spllinf992,p0p100,1995,0.2886
ARG,spllinf992,p0p100,1996,0.29879999
ARG,spllinf992,p0p100,1997,0.29980001
ARG,spllinf992,p0p100,1998,0.30489999
ARG,spllinf992,p0p100,1999,0.30989999
ARG,spllinf992,p0p100,2000,0.315
ARG,spllinf992,p0p100,2001,0.31999999
ARG,spllinf992,p0p100,2002,0.32499999
ARG,spllinf992,p0p100,2003,0.3301
ARG,spllinf992,p0p100,2004,0.3351
ARG,spllinf992,p0p100,2005,0.33379999
ARG,spllinf992,p0p100,2006,0.33790001
ARG,spllinf992,p0p100,2007,0.34079999
ARG,spllinf992,p0p100,2008,0.3436
ARG,spllinf992,p0p100,2009,0.36039999
ARG,spllinf992,p0p100,2010,0.35299999
ARG,spllinf992,p0p100,2011,0.3497
ARG,spllinf992,p0p100,2012,0.3567
ARG,spllinf992,p0p100,2013,0.3556
ARG,spllinf992,p0p100,2014,0.3556
ARG,spllinf992,p0p100,2015,0.36219999
ARG,spllinf992,p0p100,2016,0.36880001
ARG,spllinf992,p0p100,2017,0.37540001
ARG,spllinf992,p0p100,2018,0.38
ARG,spllinf992,p0p100,2019,0.37909999
ARG,spllinf992,p0p100,2020,0.38929999
ARG,spllinf992,p0p100,2021,0.3777
ARG,spllinf992,p0p100,2022,0.3829
ARG,spllinf992,p0p100,2023,0.38800001
ARG,spllinf992,p0p100,2024,0.3849
ARG,sptincj992,p0p100,1820,1
ARG,sptincj992,p0p100,1850,1
ARG,sptincj992,p0p100,1880,1
ARG,sptincj992,p0p100,1900,1
ARG,sptincj992,p0p100,1910,1
ARG,sptincj992,p0p100,1920,1
ARG,sptincj992,p0p100,1930,1
ARG,sptincj992,p0p100,1932,1
ARG,sptincj992,p0p100,1933,1
ARG,sptincj992,p0p100,1934,1
ARG,sptincj992,p0p100,1935,1
ARG,sptincj992,p0p100,1936,1
ARG,sptincj992,p0p100,1937,1
ARG,sptincj992,p0p100,1938,1
ARG,sptincj992,p0p100,1939,1
ARG,sptincj992,p0p100,1940,1
ARG,sptincj992,p0p100,1941,1
ARG,sptincj992,p0p100,1942,1
ARG,sptincj992,p0p100,1943,1
ARG,sptincj992,p0p100,1944,1
ARG,sptincj992,p0p100,1945,1
ARG,sptincj992,p0p100,1946,1
ARG,sptincj992,p0p100,1947,1
ARG,sptincj992,p0p100,1948,1
ARG,sptincj992,p0p100,1949,1
ARG,sptincj992,p0p100,1950,1
ARG,sptincj992,p0p100,1951,1
ARG,sptincj992,p0p100,1952,1
ARG,sptincj992,p0p100,1953,1
ARG,sptincj992,p0p100,1954,1
ARG,sptincj992,p0p100,1956,1
ARG,sptincj992,p0p100,1958,1
ARG,sptincj992,p0p100,1959,1
ARG,sptincj992,p0p100,1960,1
ARG,sptincj992,p0p100,1961,1
ARG,sptincj992,p0p100,1970,1
ARG,sptincj992,p0p100,1980,1
ARG,sptincj992,p0p100,1981,1
ARG,sptincj992,p0p100,1982,1
ARG,sptincj992,p0p100,1983,1
ARG,sptincj992,p0p100,1984,1
ARG,sptincj992,p0p100,1985,1
ARG,sptincj992,p0p100,1986,1
ARG,sptincj992,p0p100,1987,1
ARG,sptincj992,p0p100,1988,1
ARG,sptincj992,p0p100,1989,1
ARG,sptincj992,p0p100,1990,1
ARG,sptincj992,p0p100,1991,1
ARG,sptincj992,p0p100,1992,1
ARG,sptincj992,p0p100,1993,1
ARG,sptincj992,p0p100,1994,1
ARG,sptincj992,p0p100,1995,1
ARG,sptincj992,p0p100,1996,1
ARG,sptincj992,p0p100,1997,1
ARG,sptincj992,p0p100,1998,1
ARG,sptincj992,p0p100,1999,1
ARG,sptincj992,p0p100,2000,1
ARG,sptincj992,p0p100,2001,1
ARG,sptincj992,p0p100,2002,1
ARG,sptincj992,p0p100,2003,1
ARG,sptincj992,p0p100,2004,1
ARG,sptincj992,p0p100,2005,1
ARG,sptincj992,p0p100,2006,1
ARG,sptincj992,p0p100,2007,1
ARG,sptincj992,p0p100,2008,1
ARG,sptincj992,p0p100,2009,1
ARG,sptincj992,p0p100,2010,1
ARG,sptincj992,p0p100,2011,1
ARG,sptincj992,p0p100,2012,1
ARG,sptincj992,p0p100,2013,1
ARG,sptincj992,p0p100,2014,1
ARG,sptincj992,p0p100,2015,1
ARG,sptincj992,p0p100,2016,1
ARG,sptincj992,p0p100,2017,1
ARG,sptincj992,p0p100,2018,1
ARG,sptincj992,p0p100,2019,1
ARG,sptincj992,p0p100,2020,1
ARG,sptincj992,p0p100,2021,1
ARG,sptincj992,p0p100,2022,1
ARG,sptincj992,p0p100,2023,1
ARG,sptincj992,p0p100,2024,1
ARG,sptincj992,p0p50,1820,0.1385
ARG,sptincj992,p0p50,1850,0.1371
ARG,sptincj992,p0p50,1880,0.1358
ARG,sptincj992,p0p50,1900,0.1345
ARG,sptincj992,p0p50,1910,0.1318
ARG,sptincj992,p0p50,1920,0.1318
ARG,sptincj992,p0p50,1930,0.1318
ARG,sptincj992,p0p50,1932,0.132
ARG,sptincj992,p0p50,1933,0.1331
ARG,sptincj992,p0p50,1934,0.1327
ARG,sptincj992,p0p50,1935,0.1323
ARG,sptincj992,p0p50,1936,0.1313
ARG,sptincj992,p0p50,1937,0.1316
ARG,sptincj992,p0p50,1938,0.1318
ARG,sptincj992,p0p50,1939,0.1314
ARG,sptincj992,p0p50,1940,0.1323
ARG,sptincj992,p0p50,1941,0.1319
ARG,sptincj992,p0p50,1942,0.1329
ARG,sptincj992,p0p50,1943,0.1316
ARG,sptincj992,p0p50,1944,0.1325
ARG,sptincj992,p0p50,1945,0.1335
ARG,sptincj992,p0p50,1946,0.1328
ARG,sptincj992,p0p50,1947,0.1333
ARG,sptincj992,p0p50,1948,0.1342
ARG,sptincj992,p0p50,1949,0.1356
ARG,sptincj992,p0p50,1950,0.1354
ARG,sptincj992,p0p50,1951,0.137
ARG,sptincj992,p0p50,1952,0.1373
ARG,sptincj992,p0p50,1953,0.1396
ARG,sptincj992,p0p50,1954,0.1399
ARG,sptincj992,p0p50,1956,0.1421
ARG,sptincj992,p0p50,1958,0.1434
ARG,sptincj992,p0p50,1959,0.1436
ARG,sptincj992,p0p50,1960,0.1447
ARG,sptincj992,p0p50,1961,0.142
ARG,sptincj992,p0p50,1970,0.1454
ARG,sptincj992,p0p50,1980,0.0817
ARG,sptincj992,p0p50,1981,0.0817
ARG,sptincj992,p0p50,1982,0.0817
ARG,sptincj992,p0p50,1983,0.0817
ARG,sptincj992,p0p50,1984,0.0817
ARG,sptincj992,p0p50,1985,0.0817
ARG,sptincj992,p0p50,1986,0.0817
ARG,sptincj992,p0p50,1987,0.0817
ARG,sptincj992,p0p50,1988,0.0817
ARG,sptincj992,p0p50,1989,0.0817
ARG,sptincj992,p0p50,1990,0.0817
ARG,sptincj992,p0p50,1991,0.0817
ARG,sptincj992,p0p50,1992,0.0817
ARG,sptincj992,p0p50,1993,0.0817
ARG,sptincj992,p0p50,1994,0.0817
ARG,sptincj992,p0p50,1995,0.0817
ARG,sptincj992,p0p50,1996,0.0817
ARG,sptincj992,p0p50,1997,0.0817
ARG,sptincj992,p0p50,1998,0.0817
ARG,sptincj992,p0p50,1999,0.0817
ARG,sptincj992,p0p50,2000,0.0817
ARG,sptincj992,p0p50,2001,0.0703
ARG,sptincj992,p0p50,2002,0.07
ARG,sptincj992,p0p50,2003,0.0965
ARG,sptincj992,p0p50,2004,0.1028
ARG,sptincj992,p0p50,2005,0.1092
ARG,sptincj992,p0p50,2006,0.1162
ARG,sptincj992,p0p50,2007,0.1145
ARG,sptincj992,p0p50,2008,0.1284
ARG,sptincj992,p0p50,2009,0.1221
ARG,sptincj992,p0p50,2010,0.1282
ARG,sptincj992,p0p50,2011,0.1366
ARG,sptincj992,p0p50,2012,0.1404
ARG,sptincj992,p0p50,2013,0.1397
ARG,sptincj992,p0p50,2014,0.1294
ARG,sptincj992,p0p50,2015,0.1312
ARG,sptincj992,p0p50,2016,0.1331
ARG,sptincj992,p0p50,2017,0.1346
ARG,sptincj992,p0p50,2018,0.1347
ARG,sptincj992,p0p50,2019,0.1266
ARG,sptincj992,p0p50,2020,0.1063
ARG,sptincj992,p0p50,2021,0.1322
ARG,sptincj992,p0p50,2022,0.1326
ARG,sptincj992,p0p50,2023,0.1221
ARG,sptincj992,p0p50,2024,0.1221
ARG,sptincj992,p0p90,1820,0.5233
ARG,sptincj992,p0p90,1850,0.5182
ARG,sptincj992,p0p90,1880,0.5132
ARG,sptincj992,p0p90,1900,0.5082
ARG,sptincj992,p0p90,1910,0.4982
ARG,sptincj992,p0p90,1920,0.4982
ARG,sptincj992,p0p90,1930,0.4982
ARG,sptincj992,p0p90,1932,0.4987
ARG,sptincj992,p0p90,1933,0.5032
ARG,sptincj992,p0p90,1934,0.5015000000000001
ARG,sptincj992,p0p90,1935,0.5001
ARG,sptincj992,p0p90,1936,0.4964
ARG,sptincj992,p0p90,1937,0.4972
ARG,sptincj992,p0p90,1938,0.4983
ARG,sptincj992,p0p90,1939,0.4967
ARG,sptincj992,p0p90,1940,0.5
ARG,sptincj992,p0p90,1941,0.4986
ARG,sptincj992,p0p90,1942,0.5021
ARG,sptincj992,p0p90,1943,0.4975
ARG,sptincj992,p0p90,1944,0.5009
ARG,sptincj992,p0p90,1945,0.5046
ARG,sptincj992,p0p90,1946,0.5018
ARG,sptincj992,p0p90,1947,0.5038
ARG,sptincj992,p0p90,1948,0.5072
ARG,sptincj992,p0p90,1949,0.5124000000000001
ARG,sptincj992,p0p90,1950,0.5116
ARG,sptincj992,p0p90,1951,0.5178
ARG,sptincj992,p0p90,1952,0.5189
ARG,sptincj992,p0p90,1953,0.5274
ARG,sptincj992,p0p90,1954,0.5286000000000001
ARG,sptincj992,p0p90,1956,0.5369
ARG,sptincj992,p0p90,1958,0.5419
ARG,sptincj992,p0p90,1959,0.5429
ARG,sptincj992,p0p90,1960,0.547
ARG,sptincj992,p0p90,1961,0.5459
ARG,sptincj992,p0p90,1970,0.5496
ARG,sptincj992,p0p90,1980,0.4943
ARG,sptincj992,p0p90,1981,0.4943
ARG,sptincj992,p0p90,1982,0.4943
ARG,sptincj992,p0p90,1983,0.4943
ARG,sptincj992,p0p90,1984,0.4943
ARG,sptincj992,p0p90,1985,0.4943
ARG,sptincj992,p0p90,1986,0.4943
ARG,sptincj992,p0p90,1987,0.4943
ARG,sptincj992,p0p90,1988,0.4943
ARG,sptincj992,p0p90,1989,0.4943
ARG,sptincj992,p0p90,1990,0.4943
ARG,sptincj992,p0p90,1991,0.4943
ARG,sptincj992,p0p90,1992,0.4943
ARG,sptincj992,p0p90,1993,0.4943
ARG,sptincj992,p0p90,1994,0.4943
ARG,sptincj992,p0p90,1995,0.4943
ARG,sptincj992,p0p90,1996,0.4943
ARG,sptincj992,p0p90,1997,0.4943
ARG,sptincj992,p0p90,1998,0.4943
ARG,sptincj992,p0p90,1999,0.4943
ARG,sptincj992,p0p90,2000,0.4943
ARG,sptincj992,p0p90,2001,0.4834
ARG,sptincj992,p0p90,2002,0.4676
ARG,sptincj992,p0p90,2003,0.4975
ARG,sptincj992,p0p90,2004,0.505
ARG,sptincj992,p0p90,2005,0.5326000000000001
ARG,sptincj992,p0p90,2006,0.5545
ARG,sptincj992,p0p90,2007,0.5258
ARG,sptincj992,p0p90,2008,0.5860000000000001
ARG,sptincj992,p0p90,2009,0.5829
ARG,sptincj992,p0p90,2010,0.5742
ARG,sptincj992,p0p90,2011,0.5997
ARG,sptincj992,p0p90,2012,0.6119
ARG,sptincj992,p0p90,2013,0.6015
ARG,sptincj992,p0p90,2014,0.5840000000000001
ARG,sptincj992,p0p90,2015,0.5835
ARG,sptincj992,p0p90,2016,0.5828
ARG,sptincj992,p0p90,2017,0.5821000000000001
ARG,sptincj992,p0p90,2018,0.5824
ARG,sptincj992,p0p90,2019,0.5630000000000001
ARG,sptincj992,p0p90,2020,0.5489
ARG,sptincj992,p0p90,2021,0.5733
ARG,sptincj992,p0p90,2022,0.5677
ARG,sptincj992,p0p90,2023,0.5489
ARG,sptincj992,p0p90,2024,0.5489
ARG,sptincj992,p0p99,1820,0.8025
ARG,sptincj992,p0p99,1850,0.8004
ARG,sptincj992,p0p99,1880,0.7983
ARG,sptincj992,p0p99,1900,0.7963
ARG,sptincj992,p0p99,1910,0.7921
ARG,sptincj992,p0p99,1920,0.7921
ARG,sptincj992,p0p99,1930,0.7921
ARG,sptincj992,p0p99,1932,0.793
ARG,sptincj992,p0p99,1933,0.8
ARG,sptincj992,p0p99,1934,0.7975
ARG,sptincj992,p0p99,1935,0.7952
ARG,sptincj992,p0p99,1936,0.7892
ARG,sptincj992,p0p99,1937,0.7905000000000001
ARG,sptincj992,p0p99,1938,0.7923
ARG,sptincj992,p0p99,1939,0.7898000000000001
ARG,sptincj992,p0p99,1940,0.795
ARG,sptincj992,p0p99,1941,0.7927000000000001
ARG,sptincj992,p0p99,1942,0.7984
ARG,sptincj992,p0p99,1943,0.7911
ARG,sptincj992,p0p99,1944,0.7965
ARG,sptincj992,p0p99,1945,0.8024
ARG,sptincj992,p0p99,1946,0.7978000000000001
ARG,sptincj992,p0p99,1947,0.8011
ARG,sptincj992,p0p99,1948,0.8065
ARG,sptincj992,p0p99,1949,0.8147000000000001
ARG,sptincj992,p0p99,1950,0.8134
ARG,sptincj992,p0p99,1951,0.8233
ARG,sptincj992,p0p99,1952,0.8250000000000001
ARG,sptincj992,p0p99,1953,0.8386
ARG,sptincj992,p0p99,1954,0.8405
ARG,sptincj992,p0p99,1956,0.8537
ARG,sptincj992,p0p99,1958,0.8616
ARG,sptincj992,p0p99,1959,0.8632000000000001
ARG,sptincj992,p0p99,1960,0.8697
ARG,sptincj992,p0p99,1961,0.8713000000000001
ARG,sptincj992,p0p99,1970,0.8739
ARG,sptincj992,p0p99,1980,0.8514
ARG,sptincj992,p0p99,1981,0.8514
ARG,sptincj992,p0p99,1982,0.8514
ARG,sptincj992,p0p99,1983,0.8514
ARG,sptincj992,p0p99,1984,0.8514
ARG,sptincj992,p0p99,1985,0.8514
ARG,sptincj992,p0p99,1986,0.8514
ARG,sptincj992,p0p99,1987,0.8514
ARG,sptincj992,p0p99,1988,0.8514
ARG,sptincj992,p0p99,1989,0.8514
ARG,sptincj992,p0p99,1990,0.8514
ARG,sptincj992,p0p99,1991,0.8514
ARG,sptincj992,p0p99,1992,0.8514
ARG,sptincj992,p0p99,1993,0.8514
ARG,sptincj992,p0p99,1994,0.8514
ARG,sptincj992,p0p99,1995,0.8514
ARG,sptincj992,p0p99,1996,0.8514
ARG,sptincj992,p0p99,1997,0.8514
ARG,sptincj992,p0p99,1998,0.8514
ARG,sptincj992,p0p99,1999,0.8514
ARG,sptincj992,p0p99,2000,0.8514
ARG,sptincj992,p0p99,2001,0.8542000000000001
ARG,sptincj992,p0p99,2002,0.8339000000000001
ARG,sptincj992,p0p99,2003,0.8390000000000001
ARG,sptincj992,p0p99,2004,0.8347
ARG,sptincj992,p0p99,2005,0.8646
ARG,sptincj992,p0p99,2006,0.8867
ARG,sptincj992,p0p99,2007,0.8332
ARG,sptincj992,p0p99,2008,0.8432000000000001
ARG,sptincj992,p0p99,2009,0.8694000000000001
ARG,sptincj992,p0p99,2010,0.8683000000000001
ARG,sptincj992,p0p99,2011,0.8748
ARG,sptincj992,p0p99,2012,0.9084000000000001
ARG,sptincj992,p0p99,2013,0.8884000000000001
ARG,sptincj992,p0p99,2014,0.8763000000000001
ARG,sptincj992,p0p99,2015,0.8675
ARG,sptincj992,p0p99,2016,0.8585
ARG,sptincj992,p0p99,2017,0.8808
ARG,sptincj992,p0p99,2018,0.8762000000000001
ARG,sptincj992,p0p99,2019,0.8518
ARG,sptincj992,p0p99,2020,0.8528
ARG,sptincj992,p0p99,2021,0.8562000000000001
ARG,sptincj992,p0p99,2022,0.8748
ARG,sptincj992,p0p99,2023,0.8190000000000001
ARG,sptincj992,p0p99,2024,0.8190000000000001
ARG,sptincj992,p50p90,1820,0.3848
ARG,sptincj992,p50p90,1850,0.3811
ARG,sptincj992,p50p90,1880,0.3774
ARG,sptincj992,p50p90,1900,0.3737
ARG,sptincj992,p50p90,1910,0.3664
ARG,sptincj992,p50p90,1920,0.3664
ARG,sptincj992,p50p90,1930,0.3664
ARG,sptincj992,p50p90,1932,0.3668
ARG,sptincj992,p50p90,1933,0.37
ARG,sptincj992,p50p90,1934,0.3688
ARG,sptincj992,p50p90,1935,0.3678
ARG,sptincj992,p50p90,1936,0.365
ARG,sptincj992,p50p90,1937,0.3656
ARG,sptincj992,p50p90,1938,0.3664
ARG,sptincj992,p50p90,1939,0.3653
ARG,sptincj992,p50p90,1940,0.3677
ARG,sptincj992,p50p90,1941,0.3667
ARG,sptincj992,p50p90,1942,0.3693
ARG,sptincj992,p50p90,1943,0.3659
ARG,sptincj992,p50p90,1944,0.3684
ARG,sptincj992,p50p90,1945,0.3711
ARG,sptincj992,p50p90,1946,0.369
ARG,sptincj992,p50p90,1947,0.3705
ARG,sptincj992,p50p90,1948,0.373
ARG,sptincj992,p50p90,1949,0.3768
ARG,sptincj992,p50p90,1950,0.3762
ARG,sptincj992,p50p90,1951,0.3808
ARG,sptincj992,p50p90,1952,0.3816
ARG,sptincj992,p50p90,1953,0.3879
ARG,sptincj992,p50p90,1954,0.3887
ARG,sptincj992,p50p90,1956,0.3948
ARG,sptincj992,p50p90,1958,0.3985
ARG,sptincj992,p50p90,1959,0.3992
ARG,sptincj992,p50p90,1960,0.4022
ARG,sptincj992,p50p90,1961,0.4039
ARG,sptincj992,p50p90,1970,0.4042
ARG,sptincj992,p50p90,1980,0.4127
ARG,sptincj992,p50p90,1981,0.4127
ARG,sptincj992,p50p90,1982,0.4127
ARG,sptincj992,p50p90,1983,0.4127
ARG,sptincj992,p50p90,1984,0.4127
ARG,sptincj992,p50p90,1985,0.4127
ARG,sptincj992,p50p90,1986,0.4127
ARG,sptincj992,p50p90,1987,0.4127
ARG,sptincj992,p50p90,1988,0.4127
ARG,sptincj992,p50p90,1989,0.4127
ARG,sptincj992,p50p90,1990,0.4127
ARG,sptincj992,p50p90,1991,0.4127
ARG,sptincj992,p50p90,1992,0.4127
ARG,sptincj992,p50p90,1993,0.4127
ARG,sptincj992,p50p90,1994,0.4127
ARG,sptincj992,p50p90,1995,0.4127
ARG,sptincj992,p50p90,1996,0.4127
ARG,sptincj992,p50p90,1997,0.4127
ARG,sptincj992,p50p90,1998,0.4127
ARG,sptincj992,p50p90,1999,0.4127
ARG,sptincj992,p50p90,2000,0.4127
ARG,sptincj992,p50p90,2001,0.4131
ARG,sptincj992,p50p90,2002,0.3976
ARG,sptincj992,p50p90,2003,0.4011
ARG,sptincj992,p50p90,2004,0.4022
ARG,sptincj992,p50p90,2005,0.4234
ARG,sptincj992,p50p90,2006,0.4383
ARG,sptincj992,p50p90,2007,0.4113
ARG,sptincj992,p50p90,2008,0.4576
ARG,sptincj992,p50p90,2009,0.4608
ARG,sptincj992,p50p90,2010,0.4459
ARG,sptincj992,p50p90,2011,0.463
ARG,sptincj992,p50p90,2012,0.4715
ARG,sptincj992,p50p90,2013,0.4618
ARG,sptincj992,p50p90,2014,0.4546
ARG,sptincj992,p50p90,2015,0.4522
ARG,sptincj992,p50p90,2016,0.4497
ARG,sptincj992,p50p90,2017,0.4475
ARG,sptincj992,p50p90,2018,0.4477
ARG,sptincj992,p50p90,2019,0.4364
ARG,sptincj992,p50p90,2020,0.4426
ARG,sptincj992,p50p90,2021,0.4411
ARG,sptincj992,p50p90,2022,0.4351
ARG,sptincj992,p50p90,2023,0.4268
ARG,sptincj992,p50p90,2024,0.4268
ARG,sptincj992,p90p100,1820,0.4767
ARG,sptincj992,p90p100,1850,0.4818
ARG,sptincj992,p90p100,1880,0.4868
ARG,sptincj992,p90p100,1900,0.4918
ARG,sptincj992,p90p100,1910,0.5018
ARG,sptincj992,p90p100,1920,0.5018
ARG,sptincj992,p90p100,1930,0.5018
ARG,sptincj992,p90p100,1932,0.5013000000000001
ARG,sptincj992,p90p100,1933,0.4968
ARG,sptincj992,p90p100,1934,0.4985
ARG,sptincj992,p90p100,1935,0.4999
ARG,sptincj992,p90p100,1936,0.5036
ARG,sptincj992,p90p100,1937,0.5028
ARG,sptincj992,p90p100,1938,0.5017
ARG,sptincj992,p90p100,1939,0.5033
ARG,sptincj992,p90p100,1940,0.5
ARG,sptincj992,p90p100,1941,0.5014000000000001
ARG,sptincj992,p90p100,1942,0.4979
ARG,sptincj992,p90p100,1943,0.5025000000000001
ARG,sptincj992,p90p100,1944,0.4991
ARG,sptincj992,p90p100,1945,0.4954
ARG,sptincj992,p90p100,1946,0.4982
ARG,sptincj992,p90p100,1947,0.4962
ARG,sptincj992,p90p100,1948,0.4928
ARG,sptincj992,p90p100,1949,0.4876
ARG,sptincj992,p90p100,1950,0.4884
ARG,sptincj992,p90p100,1951,0.4822
ARG,sptincj992,p90p100,1952,0.4811
ARG,sptincj992,p90p100,1953,0.4726
ARG,sptincj992,p90p100,1954,0.4714
ARG,sptincj992,p90p100,1956,0.4631
ARG,sptincj992,p90p100,1958,0.4581
ARG,sptincj992,p90p100,1959,0.4571
ARG,sptincj992,p90p100,1960,0.453
ARG,sptincj992,p90p100,1961,0.4541
ARG,sptincj992,p90p100,1970,0.4504
ARG,sptincj992,p90p100,1980,0.5057
ARG,sptincj992,p90p100,1981,0.5057
ARG,sptincj992,p90p100,1982,0.5057
ARG,sptincj992,p90p100,1983,0.5057
ARG,sptincj992,p90p100,1984,0.5057
ARG,sptincj992,p90p100,1985,0.5057
ARG,sptincj992,p90p100,1986,0.5057
ARG,sptincj992,p90p100,1987,0.5057
ARG,sptincj992,p90p100,1988,0.5057
ARG,sptincj992,p90p100,1989,0.5057
ARG,sptincj992,p90p100,1990,0.5057
ARG,sptincj992,p90p100,1991,0.5057
ARG,sptincj992,p90p100,1992,0.5057
ARG,sptincj992,p90p100,1993,0.5057
ARG,sptincj992,p90p100,1994,0.5057
ARG,sptincj992,p90p100,1995,0.5057
ARG,sptincj992,p90p100,1996,0.5057
ARG,sptincj992,p90p100,1997,0.5057
ARG,sptincj992,p90p100,1998,0.5057
ARG,sptincj992,p90p100,1999,0.5057
ARG,sptincj992,p90p100,2000,0.5057
ARG,sptincj992,p90p100,2001,0.5166000000000001
ARG,sptincj992,p90p100,2002,0.5324
ARG,sptincj992,p90p100,2003,0.5025000000000001
ARG,sptincj992,p90p100,2004,0.4950000000000001
ARG,sptincj992,p90p100,2005,0.4674
ARG,sptincj992,p90p100,2006,0.4455
ARG,sptincj992,p90p100,2007,0.4742
ARG,sptincj992,p90p100,2008,0.414
ARG,sptincj992,p90p100,2009,0.4171
ARG,sptincj992,p90p100,2010,0.4258
ARG,sptincj992,p90p100,2011,0.4003
ARG,sptincj992,p90p100,2012,0.3881
ARG,sptincj992,p90p100,2013,0.3985
ARG,sptincj992,p90p100,2014,0.416
ARG,sptincj992,p90p100,2015,0.4165
ARG,sptincj992,p90p100,2016,0.4172
ARG,sptincj992,p90p100,2017,0.4179
ARG,sptincj992,p90p100,2018,0.4176
ARG,sptincj992,p90p100,2019,0.437
ARG,sptincj992,p90p100,2020,0.4511
ARG,sptincj992,p90p100,2021,0.4267
ARG,sptincj992,p90p100,2022,0.4323
ARG,sptincj992,p90p100,2023,0.4511
ARG,sptincj992,p90p100,2024,0.4511
ARG,sptincj992,p99p100,1820,0.1975
ARG,sptincj992,p99p100,1850,0.1996
ARG,sptincj992,p99p100,1880,0.2017
ARG,sptincj992,p99p100,1900,0.2037
ARG,sptincj992,p99p100,1910,0.2079
ARG,sptincj992,p99p100,1920,0.2079
ARG,sptincj992,p99p100,1930,0.2079
ARG,sptincj992,p99p100,1932,0.207
ARG,sptincj992,p99p100,1933,0.2
ARG,sptincj992,p99p100,1934,0.2025
ARG,sptincj992,p99p100,1935,0.2048
ARG,sptincj992,p99p100,1936,0.2108
ARG,sptincj992,p99p100,1937,0.2095
ARG,sptincj992,p99p100,1938,0.2077
ARG,sptincj992,p99p100,1939,0.2102
ARG,sptincj992,p99p100,1940,0.205
ARG,sptincj992,p99p100,1941,0.2073
ARG,sptincj992,p99p100,1942,0.2016
ARG,sptincj992,p99p100,1943,0.2089
ARG,sptincj992,p99p100,1944,0.2035
ARG,sptincj992,p99p100,1945,0.1976
ARG,sptincj992,p99p100,1946,0.2022
ARG,sptincj992,p99p100,1947,0.1989
ARG,sptincj992,p99p100,1948,0.1935
ARG,sptincj992,p99p100,1949,0.1853
ARG,sptincj992,p99p100,1950,0.1866
ARG,sptincj992,p99p100,1951,0.1767
ARG,sptincj992,p99p100,1952,0.175
ARG,sptincj992,p99p100,1953,0.1614
ARG,sptincj992,p99p100,1954,0.1595
ARG,sptincj992,p99p100,1956,0.1463
ARG,sptincj992,p99p100,1958,0.1384
ARG,sptincj992,p99p100,1959,0.1368
ARG,sptincj992,p99p100,1960,0.1303
ARG,sptincj992,p99p100,1961,0.1287
ARG,sptincj992,p99p100,1970,0.1261
ARG,sptincj992,p99p100,1980,0.1486
ARG,sptincj992,p99p100,1981,0.1486
ARG,sptincj992,p99p100,1982,0.1486
ARG,sptincj992,p99p100,1983,0.1486
ARG,sptincj992,p99p100,1984,0.1486
ARG,sptincj992,p99p100,1985,0.1486
ARG,sptincj992,p99p100,1986,0.1486
ARG,sptincj992,p99p100,1987,0.1486
ARG,sptincj992,p99p100,1988,0.1486
ARG,sptincj992,p99p100,1989,0.1486
ARG,sptincj992,p99p100,1990,0.1486
ARG,sptincj992,p99p100,1991,0.1486
ARG,sptincj992,p99p100,1992,0.1486
ARG,sptincj992,p99p100,1993,0.1486
ARG,sptincj992,p99p100,1994,0.1486
ARG,sptincj992,p99p100,1995,0.1486
ARG,sptincj992,p99p100,1996,0.1486
ARG,sptincj992,p99p100,1997,0.1486
ARG,sptincj992,p99p100,1998,0.1486
ARG,sptincj992,p99p100,1999,0.1486
ARG,sptincj992,p99p100,2000,0.1486
ARG,sptincj992,p99p100,2001,0.1458
ARG,sptincj992,p99p100,2002,0.1661
ARG,sptincj992,p99p100,2003,0.161
ARG,sptincj992,p99p100,2004,0.1653
ARG,sptincj992,p99p100,2005,0.1354
ARG,sptincj992,p99p100,2006,0.1133
ARG,sptincj992,p99p100,2007,0.1668
ARG,sptincj992,p99p100,2008,0.1568
ARG,sptincj992,p99p100,2009,0.1306
ARG,sptincj992,p99p100,2010,0.1317
ARG,sptincj992,p99p100,2011,0.1252
ARG,sptincj992,p99p100,2012,0.0916
ARG,sptincj992,p99p100,2013,0.1116
ARG,sptincj992,p99p100,2014,0.1237
ARG,sptincj992,p99p100,2015,0.1325
ARG,sptincj992,p99p100,2016,0.1415
ARG,sptincj992,p99p100,2017,0.1192
ARG,sptincj992,p99p100,2018,0.1238
ARG,sptincj992,p99p100,2019,0.1482
ARG,sptincj992,p99p100,2020,0.1472
ARG,sptincj992,p99p100,2021,0.1438
ARG,sptincj992,p99p100,2022,0.1252
ARG,sptincj992,p99p100,2023,0.181
ARG,sptincj992,p99p100,2024,0.181
AUT,spllinf992,p0p100,1990,0.29719999
AUT,spllinf992,p0p100,1991,0.29719999
AUT,spllinf992,p0p100,1992,0.30219999
AUT,spllinf992,p0p100,1993,0.30419999
AUT,spllinf992,p0p100,1994,0.3127
AUT,spllinf992,p0p100,1995,0.3141
AUT,spllinf992,p0p100,1996,0.3134
AUT,spllinf992,p0p100,1997,0.3125
AUT,spllinf992,p0p100,1998,0.296
AUT,spllinf992,p0p100,1999,0.31999999
AUT,spllinf992,p0p100,2000,0.3136
AUT,spllinf992,p0p100,2001,0.324
AUT,spllinf992,p0p100,2002,0.33219999
AUT,spllinf992,p0p100,2003,0.33939999
AUT,spllinf992,p0p100,2004,0.33570001
AUT,spllinf992,p0p100,2005,0.3414
AUT,spllinf992,p0p100,2006,0.3321
AUT,spllinf992,p0p100,2007,0.33970001
AUT,spllinf992,p0p100,2008,0.33750001
AUT,spllinf992,p0p100,2009,0.34490001
AUT,spllinf992,p0p100,2010,0.35089999
AUT,spllinf992,p0p100,2011,0.33989999
AUT,spllinf992,p0p100,2012,0.34279999
AUT,spllinf992,p0p100,2013,0.34979999
AUT,spllinf992,p0p100,2014,0.34209999
AUT,spllinf992,p0p100,2015,0.34490001
AUT,spllinf992,p0p100,2016,0.3436
AUT,spllinf992,p0p100,2017,0.35030001
AUT,spllinf992,p0p100,2018,0.34999999
AUT,spllinf992,p0p100,2019,0.36269999
AUT,spllinf992,p0p100,2020,0.36939999
AUT,spllinf992,p0p100,2021,0.36480001
AUT,spllinf992,p0p100,2022,0.36579999
AUT,spllinf992,p0p100,2023,0.36939999
AUT,spllinf992,p0p100,2024,0.36970001
AUT,sptincj992,p0p100,1980,1
AUT,sptincj992,p0p100,1981,1
AUT,sptincj992,p0p100,1982,1
AUT,sptincj992,p0p100,1983,1
AUT,sptincj992,p0p100,1984,1
AUT,sptincj992,p0p100,1985,1
AUT,sptincj992,p0p100,1986,1
AUT,sptincj992,p0p100,1987,1
AUT,sptincj992,p0p100,1988,1
AUT,sptincj992,p0p100,1989,1
AUT,sptincj992,p0p100,1990,1
AUT,sptincj992,p0p100,1991,1
AUT,sptincj992,p0p100,1992,1
AUT,sptincj992,p0p100,1993,1
AUT,sptincj992,p0p100,1994,1
AUT,sptincj992,p0p100,1995,1
AUT,sptincj992,p0p100,1996,1
AUT,sptincj992,p0p100,1997,1
AUT,sptincj992,p0p100,1998,1
AUT,sptincj992,p0p100,1999,1
AUT,sptincj992,p0p100,2000,1
AUT,sptincj992,p0p100,2001,1
AUT,sptincj992,p0p100,2002,1
AUT,sptincj992,p0p100,2003,1
AUT,sptincj992,p0p100,2004,1
AUT,sptincj992,p0p100,2005,1
AUT,sptincj992,p0p100,2006,1
AUT,sptincj992,p0p100,2007,1
AUT,sptincj992,p0p100,2008,1
AUT,sptincj992,p0p100,2009,1
AUT,sptincj992,p0p100,2010,1
AUT,sptincj992,p0p100,2011,1
AUT,sptincj992,p0p100,2012,1
AUT,sptincj992,p0p100,2013,1
AUT,sptincj992,p0p100,2014,1
AUT,sptincj992,p0p100,2015,1
AUT,sptincj992,p0p100,2016,1
AUT,sptincj992,p0p100,2017,1
AUT,sptincj992,p0p100,2018,1
AUT,sptincj992,p0p100,2019,1
AUT,sptincj992,p0p100,2020,1
AUT,sptincj992,p0p100,2021,1
AUT,sptincj992,p0p100,2022,1
AUT,sptincj992,p0p100,2023,1
AUT,sptincj992,p0p100,2024,1
AUT,sptincj992,p0p50,1980,0.2318
AUT,sptincj992,p0p50,1981,0.2315
AUT,sptincj992,p0p50,1982,0.2311
AUT,sptincj992,p0p50,1983,0.2312
AUT,sptincj992,p0p50,1984,0.2311
AUT,sptincj992,p0p50,1985,0.2304
AUT,sptincj992,p0p50,1986,0.2297
AUT,sptincj992,p0p50,1987,0.2358
AUT,sptincj992,p0p50,1988,0.2378
AUT,sptincj992,p0p50,1989,0.2321
AUT,sptincj992,p0p50,1990,0.234
AUT,sptincj992,p0p50,1991,0.2347
AUT,sptincj992,p0p50,1992,0.235
AUT,sptincj992,p0p50,1993,0.2316
AUT,sptincj992,p0p50,1994,0.2322
AUT,sptincj992,p0p50,1995,0.2299
AUT,sptincj992,p0p50,1996,0.2297
AUT,sptincj992,p0p50,1997,0.2279
AUT,sptincj992,p0p50,1998,0.228
AUT,sptincj992,p0p50,1999,0.2344
AUT,sptincj992,p0p50,2000,0.2291
AUT,sptincj992,p0p50,2001,0.2331
AUT,sptincj992,p0p50,2002,0.2292
AUT,sptincj992,p0p50,2003,0.2287
AUT,sptincj992,p0p50,2004,0.229
AUT,sptincj992,p0p50,2005,0.2303
AUT,sptincj992,p0p50,2006,0.2265
AUT,sptincj992,p0p50,2007,0.226
AUT,sptincj992,p0p50,2008,0.2252
AUT,sptincj992,p0p50,2009,0.228
AUT,sptincj992,p0p50,2010,0.2237
AUT,sptincj992,p0p50,2011,0.2244
AUT,sptincj992,p0p50,2012,0.228
AUT,sptincj992,p0p50,2013,0.2304
AUT,sptincj992,p0p50,2014,0.2318
AUT,sptincj992,p0p50,2015,0.2306
AUT,sptincj992,p0p50,2016,0.226
AUT,sptincj992,p0p50,2017,0.2302
AUT,sptincj992,p0p50,2018,0.2294
AUT,sptincj992,p0p50,2019,0.2326
AUT,sptincj992,p0p50,2020,0.2326
AUT,sptincj992,p0p50,2021,0.2332
AUT,sptincj992,p0p50,2022,0.2334
AUT,sptincj992,p0p50,2023,0.2319
AUT,sptincj992,p0p50,2024,0.2319
AUT,sptincj992,p0p90,1980,0.684
AUT,sptincj992,p0p90,1981,0.6847000000000001
AUT,sptincj992,p0p90,1982,0.6854
AUT,sptincj992,p0p90,1983,0.6855
AUT,sptincj992,p0p90,1984,0.686
AUT,sptincj992,p0p90,1985,0.6857000000000001
AUT,sptincj992,p0p90,1986,0.6857000000000001
AUT,sptincj992,p0p90,1987,0.684
AUT,sptincj992,p0p90,1988,0.6852
AUT,sptincj992,p0p90,1989,0.6854
AUT,sptincj992,p0p90,1990,0.6858000000000001
AUT,sptincj992,p0p90,1991,0.6859000000000001
AUT,sptincj992,p0p90,1992,0.6874
AUT,sptincj992,p0p90,1993,0.6861
AUT,sptincj992,p0p90,1994,0.687
AUT,sptincj992,p0p90,1995,0.6883
AUT,sptincj992,p0p90,1996,0.687
AUT,sptincj992,p0p90,1997,0.6828000000000001
AUT,sptincj992,p0p90,1998,0.6779000000000001
AUT,sptincj992,p0p90,1999,0.6903
AUT,sptincj992,p0p90,2000,0.6776
AUT,sptincj992,p0p90,2001,0.6839000000000001
AUT,sptincj992,p0p90,2002,0.6784
AUT,sptincj992,p0p90,2003,0.6783
AUT,sptincj992,p0p90,2004,0.6739
AUT,sptincj992,p0p90,2005,0.6795
AUT,sptincj992,p0p90,2006,0.6716000000000001
AUT,sptincj992,p0p90,2007,0.6733
AUT,sptincj992,p0p90,2008,0.6747000000000001
AUT,sptincj992,p0p90,2009,0.6869000000000001
AUT,sptincj992,p0p90,2010,0.6743
AUT,sptincj992,p0p90,2011,0.6777000000000001
AUT,sptincj992,p0p90,2012,0.6821
AUT,sptincj992,p0p90,2013,0.6845
AUT,sptincj992,p0p90,2014,0.6885
AUT,sptincj992,p0p90,2015,0.6874
AUT,sptincj992,p0p90,2016,0.6733
AUT,sptincj992,p0p90,2017,0.6842
AUT,sptincj992,p0p90,2018,0.6836
AUT,sptincj992,p0p90,2019,0.6867000000000001
AUT,sptincj992,p0p90,2020,0.6867000000000001
AUT,sptincj992,p0p90,2021,0.6871
AUT,sptincj992,p0p90,2022,0.6867000000000001
AUT,sptincj992,p0p90,2023,0.6825
AUT,sptincj992,p0p90,2024,0.6825
AUT,sptincj992,p0p99,1980,0.9053
AUT,sptincj992,p0p99,1981,0.907
AUT,sptincj992,p0p99,1982,0.9087000000000001
AUT,sptincj992,p0p99,1983,0.9087000000000001
AUT,sptincj992,p0p99,1984,0.9086000000000001
AUT,sptincj992,p0p99,1985,0.9085000000000001
AUT,sptincj992,p0p99,1986,0.9084000000000001
AUT,sptincj992,p0p99,1987,0.9085000000000001
AUT,sptincj992,p0p99,1988,0.9081
AUT,sptincj992,p0p99,1989,0.908
AUT,sptincj992,p0p99,1990,0.9079
AUT,sptincj992,p0p99,1991,0.908
AUT,sptincj992,p0p99,1992,0.9084000000000001
AUT,sptincj992,p0p99,1993,0.9083
AUT,sptincj992,p0p99,1994,0.9083
AUT,sptincj992,p0p99,1995,0.9092
AUT,sptincj992,p0p99,1996,0.9087000000000001
AUT,sptincj992,p0p99,1997,0.9064000000000001
AUT,sptincj992,p0p99,1998,0.9033
AUT,sptincj992,p0p99,1999,0.912
AUT,sptincj992,p0p99,2000,0.9031
AUT,sptincj992,p0p99,2001,0.9076000000000001
AUT,sptincj992,p0p99,2002,0.9056000000000001
AUT,sptincj992,p0p99,2003,0.9047000000000001
AUT,sptincj992,p0p99,2004,0.9036000000000001
AUT,sptincj992,p0p99,2005,0.9063
AUT,sptincj992,p0p99,2006,0.9006000000000001
AUT,sptincj992,p0p99,2007,0.9023
AUT,sptincj992,p0p99,2008,0.9041
AUT,sptincj992,p0p99,2009,0.9136000000000001
AUT,sptincj992,p0p99,2010,0.9042
AUT,sptincj992,p0p99,2011,0.9065000000000001
AUT,sptincj992,p0p99,2012,0.9073
AUT,sptincj992,p0p99,2013,0.9103
AUT,sptincj992,p0p99,2014,0.9123
AUT,sptincj992,p0p99,2015,0.9117000000000001
AUT,sptincj992,p0p99,2016,0.9022
AUT,sptincj992,p0p99,2017,0.9094000000000001
AUT,sptincj992,p0p99,2018,0.9099
AUT,sptincj992,p0p99,2019,0.9108
AUT,sptincj992,p0p99,2020,0.9108
AUT,sptincj992,p0p99,2021,0.9102
AUT,sptincj992,p0p99,2022,0.9101
AUT,sptincj992,p0p99,2023,0.911
AUT,sptincj992,p0p99,2024,0.911
AUT,sptincj992,p50p90,1980,0.4522
AUT,sptincj992,p50p90,1981,0.4532
AUT,sptincj992,p50p90,1982,0.4543
AUT,sptincj992,p50p90,1983,0.4542
AUT,sptincj992,p50p90,1984,0.4549
AUT,sptincj992,p50p90,1985,0.4553
AUT,sptincj992,p50p90,1986,0.456
AUT,sptincj992,p50p90,1987,0.4483
AUT,sptincj992,p50p90,1988,0.4474
AUT,sptincj992,p50p90,1989,0.4533
AUT,sptincj992,p50p90,1990,0.4518
AUT,sptincj992,p50p90,1991,0.4512
AUT,sptincj992,p50p90,1992,0.4524
AUT,sptincj992,p50p90,1993,0.4544
AUT,sptincj992,p50p90,1994,0.4548
AUT,sptincj992,p50p90,1995,0.4584
AUT,sptincj992,p50p90,1996,0.4573
AUT,sptincj992,p50p90,1997,0.4549
AUT,sptincj992,p50p90,1998,0.4499
AUT,sptincj992,p50p90,1999,0.4559
AUT,sptincj992,p50p90,2000,0.4486
AUT,sptincj992,p50p90,2001,0.4507
AUT,sptincj992,p50p90,2002,0.4491
AUT,sptincj992,p50p90,2003,0.4496
AUT,sptincj992,p50p90,2004,0.4449
AUT,sptincj992,p50p90,2005,0.4492
AUT,sptincj992,p50p90,2006,0.4451
AUT,sptincj992,p50p90,2007,0.4473
AUT,sptincj992,p50p90,2008,0.4495
AUT,sptincj992,p50p90,2009,0.4588
AUT,sptincj992,p50p90,2010,0.4506
AUT,sptincj992,p50p90,2011,0.4534
AUT,sptincj992,p50p90,2012,0.4542
AUT,sptincj992,p50p90,2013,0.4541
AUT,sptincj992,p50p90,2014,0.4567
AUT,sptincj992,p50p90,2015,0.4568
AUT,sptincj992,p50p90,2016,0.4473
AUT,sptincj992,p50p90,2017,0.4541
AUT,sptincj992,p50p90,2018,0.4542
AUT,sptincj992,p50p90,2019,0.4541
AUT,sptincj992,p50p90,2020,0.4541
AUT,sptincj992,p50p90,2021,0.4539
AUT,sptincj992,p50p90,2022,0.4533
AUT,sptincj992,p50p90,2023,0.4506
AUT,sptincj992,p50p90,2024,0.4506
AUT,sptincj992,p90p100,1980,0.316
AUT,sptincj992,p90p100,1981,0.3153
AUT,sptincj992,p90p100,1982,0.3146
AUT,sptincj992,p90p100,1983,0.3145
AUT,sptincj992,p90p100,1984,0.314
AUT,sptincj992,p90p100,1985,0.3143
AUT,sptincj992,p90p100,1986,0.3143
AUT,sptincj992,p90p100,1987,0.316
AUT,sptincj992,p90p100,1988,0.3148
AUT,sptincj992,p90p100,1989,0.3146
AUT,sptincj992,p90p100,1990,0.3142
AUT,sptincj992,p90p100,1991,0.3141
AUT,sptincj992,p90p100,1992,0.3126
AUT,sptincj992,p90p100,1993,0.3139
AUT,sptincj992,p90p100,1994,0.313
AUT,sptincj992,p90p100,1995,0.3117
AUT,sptincj992,p90p100,1996,0.313
AUT,sptincj992,p90p100,1997,0.3172
AUT,sptincj992,p90p100,1998,0.3221
AUT,sptincj992,p90p100,1999,0.3097
AUT,sptincj992,p90p100,2000,0.3224
AUT,sptincj992,p90p100,2001,0.3161
AUT,sptincj992,p90p100,2002,0.3216
AUT,sptincj992,p90p100,2003,0.3217
AUT,sptincj992,p90p100,2004,0.3261
AUT,sptincj992,p90p100,2005,0.3205
AUT,sptincj992,p90p100,2006,0.3284
AUT,sptincj992,p90p100,2007,0.3267
AUT,sptincj992,p90p100,2008,0.3253
AUT,sptincj992,p90p100,2009,0.3131
AUT,sptincj992,p90p100,2010,0.3257
AUT,sptincj992,p90p100,2011,0.3223
AUT,sptincj992,p90p100,2012,0.3179
AUT,sptincj992,p90p100,2013,0.3155
AUT,sptincj992,p90p100,2014,0.3115
AUT,sptincj992,p90p100,2015,0.3126
AUT,sptincj992,p90p100,2016,0.3267
AUT,sptincj992,p90p100,2017,0.3158
AUT,sptincj992,p90p100,2018,0.3164
AUT,sptincj992,p90p100,2019,0.3133
AUT,sptincj992,p90p100,2020,0.3133
AUT,sptincj992,p90p100,2021,0.3129
AUT,sptincj992,p90p100,2022,0.3133
AUT,sptincj992,p90p100,2023,0.3175
AUT,sptincj992,p90p100,2024,0.3175
AUT,sptincj992,p99p100,1980,0.0947
AUT,sptincj992,p99p100,1981,0.093
AUT,sptincj992,p99p100,1982,0.0913
AUT,sptincj992,p99p100,1983,0.0913
AUT,sptincj992,p99p100,1984,0.0914
AUT,sptincj992,p99p100,1985,0.0915
AUT,sptincj992,p99p100,1986,0.0916
AUT,sptincj992,p99p100,1987,0.0915
AUT,sptincj992,p99p100,1988,0.0919
AUT,sptincj992,p99p100,1989,0.092
AUT,sptincj992,p99p100,1990,0.0921
AUT,sptincj992,p99p100,1991,0.092
AUT,sptincj992,p99p100,1992,0.0916
AUT,sptincj992,p99p100,1993,0.0917
AUT,sptincj992,p99p100,1994,0.0917
AUT,sptincj992,p99p100,1995,0.0908
AUT,sptincj992,p99p100,1996,0.0913
AUT,sptincj992,p99p100,1997,0.0936
AUT,sptincj992,p99p100,1998,0.0967
AUT,sptincj992,p99p100,1999,0.088
AUT,sptincj992,p99p100,2000,0.0969
AUT,sptincj992,p99p100,2001,0.0924
AUT,sptincj992,p99p100,2002,0.0944
AUT,sptincj992,p99p100,2003,0.0953
AUT,sptincj992,p99p100,2004,0.0964
AUT,sptincj992,p99p100,2005,0.0937
AUT,sptincj992,p99p100,2006,0.0994
AUT,sptincj992,p99p100,2007,0.0977
AUT,sptincj992,p99p100,2008,0.0959
AUT,sptincj992,p99p100,2009,0.0864
AUT,sptincj992,p99p100,2010,0.0958
AUT,sptincj992,p99p100,2011,0.0935
AUT,sptincj992,p99p100,2012,0.0927
AUT,sptincj992,p99p100,2013,0.0897
AUT,sptincj992,p99p100,2014,0.0877
AUT,sptincj992,p99p100,2015,0.0883
AUT,sptincj992,p99p100,2016,0.0978
AUT,sptincj992,p99p100,2017,0.0906
AUT,sptincj992,p99p100,2018,0.0901
AUT,sptincj992,p99p100,2019,0.0892
AUT,sptincj992,p99p100,2020,0.0892
AUT,sptincj992,p99p100,2021,0.0898
AUT,sptincj992,p99p100,2022,0.0899
AUT,sptincj992,p99p100,2023,0.089
AUT,sptincj992,p99p100,2024,0.089
AUS,spllinf992,p0p100,1990,0.32570001
AUS,spllinf992,p0p100,1991,0.32570001
AUS,spllinf992,p0p100,1992,0.32910001
AUS,spllinf992,p0p100,1993,0.33039999
AUS,spllinf992,p0p100,1994,0.3319
AUS,spllinf992,p0p100,1995,0.33539999
AUS,spllinf992,p0p100,1996,0.3391
AUS,spllinf992,p0p100,1997,0.3427
AUS,spllinf992,p0p100,1998,0.34639999
AUS,spllinf992,p0p100,1999,0.35010001
AUS,spllinf992,p0p100,2000,0.3538
AUS,spllinf992,p0p100,2001,0.35749999
AUS,spllinf992,p0p100,2002,0.3585
AUS,spllinf992,p0p100,2003,0.35949999
AUS,spllinf992,p0p100,2004,0.3522
AUS,spllinf992,p0p100,2005,0.35190001
AUS,spllinf992,p0p100,2006,0.3515
AUS,spllinf992,p0p100,2007,0.35120001
AUS,spllinf992,p0p100,2008,0.35080001
AUS,spllinf992,p0p100,2009,0.35299999
AUS,spllinf992,p0p100,2010,0.35519999
AUS,spllinf992,p0p100,2011,0.35600001
AUS,spllinf992,p0p100,2012,0.35679999
AUS,spllinf992,p0p100,2013,0.3576
AUS,spllinf992,p0p100,2014,0.35839999
AUS,spllinf992,p0p100,2015,0.3642
AUS,spllinf992,p0p100,2016,0.37009999
AUS,spllinf992,p0p100,2017,0.37990001
AUS,spllinf992,p0p100,2018,0.3897
AUS,spllinf992,p0p100,2019,0.38940001
AUS,spllinf992,p0p100,2020,0.3892
AUS,spllinf992,p0p100,2021,0.40540001
AUS,spllinf992,p0p100,2022,0.4068
AUS,spllinf992,p0p100,2023,0.4064
AUS,spllinf992,p0p100,2024,0.40880001
AUS,sptincj992,p0p100,1820,1
AUS,sptincj992,p0p100,1850,1
AUS,sptincj992,p0p100,1880,1
AUS,sptincj992,p0p100,1900,1
AUS,sptincj992,p0p100,1910,1
AUS,sptincj992,p0p100,1911,1
AUS,sptincj992,p0p100,1912,1
AUS,sptincj992,p0p100,1913,1
AUS,sptincj992,p0p100,1914,1
AUS,sptincj992,p0p100,1915,1
AUS,sptincj992,p0p100,1916,1
AUS,sptincj992,p0p100,1917,1
AUS,sptincj992,p0p100,1918,1
AUS,sptincj992,p0p100,1919,1
AUS,sptincj992,p0p100,1920,1
AUS,sptincj992,p0p100,1921,1
AUS,sptincj992,p0p100,1922,1
AUS,sptincj992,p0p100,1923,1
AUS,sptincj992,p0p100,1924,1
AUS,sptincj992,p0p100,1925,1
AUS,sptincj992,p0p100,1926,1
AUS,sptincj992,p0p100,1927,1
AUS,sptincj992,p0p100,1928,1
AUS,sptincj992,p0p100,1929,1
AUS,sptincj992,p0p100,1930,1
AUS,sptincj992,p0p100,1931,1
AUS,sptincj992,p0p100,1932,1
AUS,sptincj992,p0p100,1933,1
AUS,sptincj992,p0p100,1934,1
AUS,sptincj992,p0p100,1935,1
AUS,sptincj992,p0p100,1936,1
AUS,sptincj992,p0p100,1937,1
AUS,sptincj992,p0p100,1938,1
AUS,sptincj992,p0p100,1939,1
AUS,sptincj992,p0p100,1940,1
AUS,sptincj992,p0p100,1941,1
AUS,sptincj992,p0p100,1942,1
AUS,sptincj992,p0p100,1943,1
AUS,sptincj992,p0p100,1944,1
AUS,sptincj992,p0p100,1945,1
AUS,sptincj992,p0p100,1946,1
AUS,sptincj992,p0p100,1947,1
AUS,sptincj992,p0p100,1948,1
AUS,sptincj992,p0p100,1949,1
AUS,sptincj992,p0p100,1950,1
AUS,sptincj992,p0p100,1951,1
AUS,sptincj992,p0p100,1952,1
AUS,sptincj992,p0p100,1953,1
AUS,sptincj992,p0p100,1954,1
AUS,sptincj992,p0p100,1955,1
AUS,sptincj992,p0p100,1956,1
AUS,sptincj992,p0p100,1957,1
AUS,sptincj992,p0p100,1958,1
AUS,sptincj992,p0p100,1959,1
AUS,sptincj992,p0p100,1960,1
AUS,sptincj992,p0p100,1961,1
AUS,sptincj992,p0p100,1962,1
AUS,sptincj992,p0p100,1963,1
AUS,sptincj992,p0p100,1964,1
AUS,sptincj992,p0p100,1965,1
AUS,sptincj992,p0p100,1966,1
AUS,sptincj992,p0p100,1967,1
AUS,sptincj992,p0p100,1968,1
AUS,sptincj992,p0p100,1969,1
AUS,sptincj992,p0p100,1970,1
AUS,sptincj992,p0p100,1971,1
AUS,sptincj992,p0p100,1972,1
AUS,sptincj992,p0p100,1973,1
AUS,sptincj992,p0p100,1974,1
AUS,sptincj992,p0p100,1975,1
AUS,sptincj992,p0p100,1976,1
AUS,sptincj992,p0p100,1977,1
AUS,sptincj992,p0p100,1978,1
AUS,sptincj992,p0p100,1979,1
AUS,sptincj992,p0p100,1980,1
AUS,sptincj992,p0p100,1981,1
AUS,sptincj992,p0p100,1982,1
AUS,sptincj992,p0p100,1983,1
AUS,sptincj992,p0p100,1984,1
AUS,sptincj992,p0p100,1985,1
AUS,sptincj992,p0p100,1986,1
AUS,sptincj992,p0p100,1987,1
AUS,sptincj992,p0p100,1988,1
AUS,sptincj992,p0p100,1989,1
AUS,sptincj992,p0p100,1990,1
AUS,sptincj992,p0p100,1991,1
AUS,sptincj992,p0p100,1992,1
AUS,sptincj992,p0p100,1993,1
AUS,sptincj992,p0p100,1994,1
AUS,sptincj992,p0p100,1995,1
AUS,sptincj992,p0p100,1996,1
AUS,sptincj992,p0p100,1997,1
AUS,sptincj992,p0p100,1998,1
AUS,sptincj992,p0p100,1999,1
AUS,sptincj992,p0p100,2000,1
AUS,sptincj992,p0p100,2001,1
AUS,sptincj992,p0p100,2002,1
AUS,sptincj992,p0p100,2003,1
AUS,sptincj992,p0p100,2004,1
AUS,sptincj992,p0p100,2005,1
AUS,sptincj992,p0p100,2006,1
AUS,sptincj992,p0p100,2007,1
AUS,sptincj992,p0p100,2008,1
AUS,sptincj992,p0p100,2009,1
AUS,sptincj992,p0p100,2010,1
AUS,sptincj992,p0p100,2011,1
AUS,sptincj992,p0p100,2012,1
AUS,sptincj992,p0p100,2013,1
AUS,sptincj992,p0p100,2014,1
AUS,sptincj992,p0p100,2015,1
AUS,sptincj992,p0p100,2016,1
AUS,sptincj992,p0p100,2017,1
AUS,sptincj992,p0p100,2018,1
AUS,sptincj992,p0p100,2019,1
AUS,sptincj992,p0p100,2020,1
AUS,sptincj992,p0p100,2021,1
AUS,sptincj992,p0p100,2022,1
AUS,sptincj992,p0p100,2023,1
AUS,sptincj992,p0p100,2024,1
AUS,sptincj992,p0p50,1820,0.1599
AUS,sptincj992,p0p50,1850,0.1571
AUS,sptincj992,p0p50,1880,0.1585
AUS,sptincj992,p0p50,1900,0.1446
AUS,sptincj992,p0p50,1910,0.1283
AUS,sptincj992,p0p50,1911,0.1371
AUS,sptincj992,p0p50,1912,0.1457
AUS,sptincj992,p0p50,1913,0.1546
AUS,sptincj992,p0p50,1914,0.1605
AUS,sptincj992,p0p50,1915,0.1658
AUS,sptincj992,p0p50,1916,0.1772
AUS,sptincj992,p0p50,1917,0.1756
AUS,sptincj992,p0p50,1918,0.1744
AUS,sptincj992,p0p50,1919,0.1467
AUS,sptincj992,p0p50,1920,0.1669
AUS,sptincj992,p0p50,1921,0.1549
AUS,sptincj992,p0p50,1922,0.1629
AUS,sptincj992,p0p50,1923,0.1541
AUS,sptincj992,p0p50,1924,0.1545
AUS,sptincj992,p0p50,1925,0.1575
AUS,sptincj992,p0p50,1926,0.1595
AUS,sptincj992,p0p50,1927,0.1547
AUS,sptincj992,p0p50,1928,0.1528
AUS,sptincj992,p0p50,1929,0.1629
AUS,sptincj992,p0p50,1930,0.1707
AUS,sptincj992,p0p50,1931,0.1741
AUS,sptincj992,p0p50,1932,0.1746
AUS,sptincj992,p0p50,1933,0.1659
AUS,sptincj992,p0p50,1934,0.1658
AUS,sptincj992,p0p50,1935,0.164
AUS,sptincj992,p0p50,1936,0.1578
AUS,sptincj992,p0p50,1937,0.1701
AUS,sptincj992,p0p50,1938,0.1656
AUS,sptincj992,p0p50,1939,0.1625
AUS,sptincj992,p0p50,1940,0.166
AUS,sptincj992,p0p50,1941,0.1625
AUS,sptincj992,p0p50,1942,0.1639
AUS,sptincj992,p0p50,1943,0.1636
AUS,sptincj992,p0p50,1944,0.1716
AUS,sptincj992,p0p50,1945,0.178
AUS,sptincj992,p0p50,1946,0.1705
AUS,sptincj992,p0p50,1947,0.1662
AUS,sptincj992,p0p50,1948,0.1673
AUS,sptincj992,p0p50,1949,0.1669
AUS,sptincj992,p0p50,1950,0.1679
AUS,sptincj992,p0p50,1951,0.1805
AUS,sptincj992,p0p50,1952,0.181
AUS,sptincj992,p0p50,1953,0.182
AUS,sptincj992,p0p50,1954,0.1831
AUS,sptincj992,p0p50,1955,0.1838
AUS,sptincj992,p0p50,1956,0.1832
AUS,sptincj992,p0p50,1957,0.1856
AUS,sptincj992,p0p50,1958,0.1761
AUS,sptincj992,p0p50,1959,0.1804
AUS,sptincj992,p0p50,1960,0.1809
AUS,sptincj992,p0p50,1961,0.1802
AUS,sptincj992,p0p50,1962,0.178
AUS,sptincj992,p0p50,1963,0.177
AUS,sptincj992,p0p50,1964,0.1803
AUS,sptincj992,p0p50,1965,0.1812
AUS,sptincj992,p0p50,1966,0.1842
AUS,sptincj992,p0p50,1967,0.1838
AUS,sptincj992,p0p50,1968,0.1853
AUS,sptincj992,p0p50,1969,0.1874
AUS,sptincj992,p0p50,1970,0.1885
AUS,sptincj992,p0p50,1971,0.1851
AUS,sptincj992,p0p50,1972,0.1881
AUS,sptincj992,p0p50,1973,0.1918
AUS,sptincj992,p0p50,1974,0.1951
AUS,sptincj992,p0p50,1975,0.1964
AUS,sptincj992,p0p50,1976,0.1987
AUS,sptincj992,p0p50,1977,0.1986
AUS,sptincj992,p0p50,1978,0.1991
AUS,sptincj992,p0p50,1979,0.1975
AUS,sptincj992,p0p50,1980,0.1955
AUS,sptincj992,p0p50,1981,0.195
AUS,sptincj992,p0p50,1982,0.1917
AUS,sptincj992,p0p50,1983,0.1945
AUS,sptincj992,p0p50,1984,0.1943
AUS,sptincj992,p0p50,1985,0.1927
AUS,sptincj992,p0p50,1986,0.1889
AUS,sptincj992,p0p50,1987,0.1826
AUS,sptincj992,p0p50,1988,0.1783
AUS,sptincj992,p0p50,1989,0.1865
AUS,sptincj992,p0p50,1990,0.1881
AUS,sptincj992,p0p50,1991,0.1876
AUS,sptincj992,p0p50,1992,0.1914
AUS,sptincj992,p0p50,1993,0.1878
AUS,sptincj992,p0p50,1994,0.1856
AUS,sptincj992,p0p50,1995,0.1847
AUS,sptincj992,p0p50,1996,0.1868
AUS,sptincj992,p0p50,1997,0.1854
AUS,sptincj992,p0p50,1998,0.182
AUS,sptincj992,p0p50,1999,0.1799
AUS,sptincj992,p0p50,2000,0.1796
AUS,sptincj992,p0p50,2001,0.1863
AUS,sptincj992,p0p50,2002,0.1768
AUS,sptincj992,p0p50,2003,0.1813
AUS,sptincj992,p0p50,2004,0.1807
AUS,sptincj992,p0p50,2005,0.1759
AUS,sptincj992,p0p50,2006,0.1758
AUS,sptincj992,p0p50,2007,0.1788
AUS,sptincj992,p0p50,2008,0.1728
AUS,sptincj992,p0p50,2009,0.1766
AUS,sptincj992,p0p50,2010,0.1765
AUS,sptincj992,p0p50,2011,0.1776
AUS,sptincj992,p0p50,2012,0.1765
AUS,sptincj992,p0p50,2013,0.1752
AUS,sptincj992,p0p50,2014,0.175
AUS,sptincj992,p0p50,2015,0.1717
AUS,sptincj992,p0p50,2016,0.1743
AUS,sptincj992,p0p50,2017,0.173
AUS,sptincj992,p0p50,2018,0.1782
AUS,sptincj992,p0p50,2019,0.1723
AUS,sptincj992,p0p50,2020,0.1773
AUS,sptincj992,p0p50,2021,0.1738
AUS,sptincj992,p0p50,2022,0.1723
AUS,sptincj992,p0p50,2023,0.1711
AUS,sptincj992,p0p50,2024,0.1711
AUS,sptincj992,p0p90,1820,0.5632
AUS,sptincj992,p0p90,1850,0.5534
AUS,sptincj992,p0p90,1880,0.5583
AUS,sptincj992,p0p90,1900,0.5092
AUS,sptincj992,p0p90,1910,0.5
AUS,sptincj992,p0p90,1911,0.5383
AUS,sptincj992,p0p90,1912,0.5760000000000001
AUS,sptincj992,p0p90,1913,0.6102000000000001
AUS,sptincj992,p0p90,1914,0.6337
AUS,sptincj992,p0p90,1915,0.6551
AUS,sptincj992,p0p90,1916,0.7009000000000001
AUS,sptincj992,p0p90,1917,0.6941
AUS,sptincj992,p0p90,1918,0.6896
AUS,sptincj992,p0p90,1919,0.5794
AUS,sptincj992,p0p90,1920,0.6602
AUS,sptincj992,p0p90,1921,0.612
AUS,sptincj992,p0p90,1922,0.6436000000000001
AUS,sptincj992,p0p90,1923,0.6079
AUS,sptincj992,p0p90,1924,0.6097
AUS,sptincj992,p0p90,1925,0.6222
AUS,sptincj992,p0p90,1926,0.6301
AUS,sptincj992,p0p90,1927,0.6109
AUS,sptincj992,p0p90,1928,0.6042000000000001
AUS,sptincj992,p0p90,1929,0.6442
AUS,sptincj992,p0p90,1930,0.6747000000000001
AUS,sptincj992,p0p90,1931,0.6878000000000001
AUS,sptincj992,p0p90,1932,0.6900000000000001
AUS,sptincj992,p0p90,1933,0.6557000000000001
AUS,sptincj992,p0p90,1934,0.6544
AUS,sptincj992,p0p90,1935,0.6485000000000001
AUS,sptincj992,p0p90,1936,0.6238
AUS,sptincj992,p0p90,1937,0.6723
AUS,sptincj992,p0p90,1938,0.6538
AUS,sptincj992,p0p90,1939,0.6425000000000001
AUS,sptincj992,p0p90,1940,0.6564
AUS,sptincj992,p0p90,1941,0.6415000000000001
AUS,sptincj992,p0p90,1942,0.6471
AUS,sptincj992,p0p90,1943,0.6462
AUS,sptincj992,p0p90,1944,0.6778000000000001
AUS,sptincj992,p0p90,1945,0.7036
AUS,sptincj992,p0p90,1946,0.6742
AUS,sptincj992,p0p90,1947,0.6579
AUS,sptincj992,p0p90,1948,0.6611
AUS,sptincj992,p0p90,1949,0.6591
AUS,sptincj992,p0p90,1950,0.6659
AUS,sptincj992,p0p90,1951,0.7265
AUS,sptincj992,p0p90,1952,0.7305
AUS,sptincj992,p0p90,1953,0.7338
AUS,sptincj992,p0p90,1954,0.7371000000000001
AUS,sptincj992,p0p90,1955,0.7402000000000001
AUS,sptincj992,p0p90,1956,0.7377
AUS,sptincj992,p0p90,1957,0.7589
AUS,sptincj992,p0p90,1958,0.6962
AUS,sptincj992,p0p90,1959,0.7136
AUS,sptincj992,p0p90,1960,0.7155
AUS,sptincj992,p0p90,1961,0.7154
AUS,sptincj992,p0p90,1962,0.7105
AUS,sptincj992,p0p90,1963,0.7065
AUS,sptincj992,p0p90,1964,0.7131000000000001
AUS,sptincj992,p0p90,1965,0.7165
AUS,sptincj992,p0p90,1966,0.7246
AUS,sptincj992,p0p90,1967,0.7225
AUS,sptincj992,p0p90,1968,0.7256
AUS,sptincj992,p0p90,1969,0.7285
AUS,sptincj992,p0p90,1970,0.7312000000000001
AUS,sptincj992,p0p90,1971,0.7287
AUS,sptincj992,p0p90,1972,0.7326
AUS,sptincj992,p0p90,1973,0.7388
AUS,sptincj992,p0p90,1974,0.7473000000000001
AUS,sptincj992,p0p90,1975,0.7553000000000001
AUS,sptincj992,p0p90,1976,0.7591
AUS,sptincj992,p0p90,1977,0.7588
AUS,sptincj992,p0p90,1978,0.76
AUS,sptincj992,p0p90,1979,0.7557
AUS,sptincj992,p0p90,1980,0.7515000000000001
AUS,sptincj992,p0p90,1981,0.7521
AUS,sptincj992,p0p90,1982,0.7491
AUS,sptincj992,p0p90,1983,0.7517
AUS,sptincj992,p0p90,1984,0.747
AUS,sptincj992,p0p90,1985,0.7448
AUS,sptincj992,p0p90,1986,0.7371000000000001
AUS,sptincj992,p0p90,1987,0.7213
AUS,sptincj992,p0p90,1988,0.7052
AUS,sptincj992,p0p90,1989,0.7247
AUS,sptincj992,p0p90,1990,0.731
AUS,sptincj992,p0p90,1991,0.7041000000000001
AUS,sptincj992,p0p90,1992,0.7074
AUS,sptincj992,p0p90,1993,0.7012
AUS,sptincj992,p0p90,1994,0.6966
AUS,sptincj992,p0p90,1995,0.6913
AUS,sptincj992,p0p90,1996,0.6906
AUS,sptincj992,p0p90,1997,0.6966
AUS,sptincj992,p0p90,1998,0.6893
AUS,sptincj992,p0p90,1999,0.6885
AUS,sptincj992,p0p90,2000,0.6811
AUS,sptincj992,p0p90,2001,0.6829000000000001
AUS,sptincj992,p0p90,2002,0.6736000000000001
AUS,sptincj992,p0p90,2003,0.6739
AUS,sptincj992,p0p90,2004,0.6671
AUS,sptincj992,p0p90,2005,0.6631
AUS,sptincj992,p0p90,2006,0.6617000000000001
AUS,sptincj992,p0p90,2007,0.6586000000000001
AUS,sptincj992,p0p90,2008,0.6569
AUS,sptincj992,p0p90,2009,0.6488
AUS,sptincj992,p0p90,2010,0.6513
AUS,sptincj992,p0p90,2011,0.6485000000000001
AUS,sptincj992,p0p90,2012,0.6492
AUS,sptincj992,p0p90,2013,0.6518
AUS,sptincj992,p0p90,2014,0.6514
AUS,sptincj992,p0p90,2015,0.6552
AUS,sptincj992,p0p90,2016,0.6626000000000001
AUS,sptincj992,p0p90,2017,0.6564
AUS,sptincj992,p0p90,2018,0.6624
AUS,sptincj992,p0p90,2019,0.6709
AUS,sptincj992,p0p90,2020,0.6594
AUS,sptincj992,p0p90,2021,0.6459
AUS,sptincj992,p0p90,2022,0.6483
AUS,sptincj992,p0p90,2023,0.6484
AUS,sptincj992,p0p90,2024,0.6484
AUS,sptincj992,p0p99,1820,0.8544
AUS,sptincj992,p0p99,1850,0.8511000000000001
AUS,sptincj992,p0p99,1880,0.8528
AUS,sptincj992,p0p99,1900,0.8364
AUS,sptincj992,p0p99,1910,0.8334
AUS,sptincj992,p0p99,1911,0.8375
AUS,sptincj992,p0p99,1912,0.8415
AUS,sptincj992,p0p99,1913,0.8545
AUS,sptincj992,p0p99,1914,0.8634000000000001
AUS,sptincj992,p0p99,1915,0.8702000000000001
AUS,sptincj992,p0p99,1916,0.8887
AUS,sptincj992,p0p99,1917,0.8852000000000001
AUS,sptincj992,p0p99,1918,0.8836
AUS,sptincj992,p0p99,1919,0.8418
AUS,sptincj992,p0p99,1920,0.8738
AUS,sptincj992,p0p99,1921,0.8563000000000001
AUS,sptincj992,p0p99,1922,0.8681000000000001
AUS,sptincj992,p0p99,1923,0.8549
AUS,sptincj992,p0p99,1924,0.8543000000000001
AUS,sptincj992,p0p99,1925,0.8595
AUS,sptincj992,p0p99,1926,0.8627
AUS,sptincj992,p0p99,1927,0.8565
AUS,sptincj992,p0p99,1928,0.8525
AUS,sptincj992,p0p99,1929,0.8686
AUS,sptincj992,p0p99,1930,0.8802000000000001
AUS,sptincj992,p0p99,1931,0.885
AUS,sptincj992,p0p99,1932,0.8859
AUS,sptincj992,p0p99,1933,0.8727
AUS,sptincj992,p0p99,1934,0.8721
AUS,sptincj992,p0p99,1935,0.8704000000000001
AUS,sptincj992,p0p99,1936,0.8611000000000001
AUS,sptincj992,p0p99,1937,0.8793000000000001
AUS,sptincj992,p0p99,1938,0.8726
AUS,sptincj992,p0p99,1939,0.8683000000000001
AUS,sptincj992,p0p99,1940,0.8734000000000001
AUS,sptincj992,p0p99,1941,0.8688
AUS,sptincj992,p0p99,1942,0.8733000000000001
AUS,sptincj992,p0p99,1943,0.8734000000000001
AUS,sptincj992,p0p99,1944,0.891
AUS,sptincj992,p0p99,1945,0.8986000000000001
AUS,sptincj992,p0p99,1946,0.886
AUS,sptincj992,p0p99,1947,0.8728
AUS,sptincj992,p0p99,1948,0.8712000000000001
AUS,sptincj992,p0p99,1949,0.8645
AUS,sptincj992,p0p99,1950,0.8313
AUS,sptincj992,p0p99,1951,0.8925000000000001
AUS,sptincj992,p0p99,1952,0.894
AUS,sptincj992,p0p99,1953,0.8994000000000001
AUS,sptincj992,p0p99,1954,0.9047000000000001
AUS,sptincj992,p0p99,1955,0.9105000000000001
AUS,sptincj992,p0p99,1956,0.9061
AUS,sptincj992,p0p99,1957,0.9179
AUS,sptincj992,p0p99,1958,0.911
AUS,sptincj992,p0p99,1959,0.9169
AUS,sptincj992,p0p99,1960,0.9204
AUS,sptincj992,p0p99,1961,0.9214
AUS,sptincj992,p0p99,1962,0.9196000000000001
AUS,sptincj992,p0p99,1963,0.9163
AUS,sptincj992,p0p99,1964,0.9198000000000001
AUS,sptincj992,p0p99,1965,0.9226000000000001
AUS,sptincj992,p0p99,1966,0.9273
AUS,sptincj992,p0p99,1967,0.9251
AUS,sptincj992,p0p99,1968,0.9272
AUS,sptincj992,p0p99,1969,0.9273
AUS,sptincj992,p0p99,1970,0.9308000000000001
AUS,sptincj992,p0p99,1971,0.9325
AUS,sptincj992,p0p99,1972,0.9314
AUS,sptincj992,p0p99,1973,0.9341
AUS,sptincj992,p0p99,1974,0.9418000000000001
AUS,sptincj992,p0p99,1975,0.9462
AUS,sptincj992,p0p99,1976,0.9480000000000001
AUS,sptincj992,p0p99,1977,0.9467000000000001
AUS,sptincj992,p0p99,1978,0.9472
AUS,sptincj992,p0p99,1979,0.9454
AUS,sptincj992,p0p99,1980,0.9453
AUS,sptincj992,p0p99,1981,0.9473
AUS,sptincj992,p0p99,1982,0.9469000000000001
AUS,sptincj992,p0p99,1983,0.9471
AUS,sptincj992,p0p99,1984,0.9436
AUS,sptincj992,p0p99,1985,0.9401
AUS,sptincj992,p0p99,1986,0.9363
AUS,sptincj992,p0p99,1987,0.9249
AUS,sptincj992,p0p99,1988,0.9078
AUS,sptincj992,p0p99,1989,0.9243
AUS,sptincj992,p0p99,1990,0.9294
AUS,sptincj992,p0p99,1991,0.93
AUS,sptincj992,p0p99,1992,0.9313
AUS,sptincj992,p0p99,1993,0.9277000000000001
AUS,sptincj992,p0p99,1994,0.9241
AUS,sptincj992,p0p99,1995,0.9212
AUS,sptincj992,p0p99,1996,0.9171
AUS,sptincj992,p0p99,1997,0.9249
AUS,sptincj992,p0p99,1998,0.9187000000000001
AUS,sptincj992,p0p99,1999,0.9167000000000001
AUS,sptincj992,p0p99,2000,0.9107000000000001
AUS,sptincj992,p0p99,2001,0.9106000000000001
AUS,sptincj992,p0p99,2002,0.9061
AUS,sptincj992,p0p99,2003,0.9052
AUS,sptincj992,p0p99,2004,0.9008
AUS,sptincj992,p0p99,2005,0.8987
AUS,sptincj992,p0p99,2006,0.9
AUS,sptincj992,p0p99,2007,0.8921
AUS,sptincj992,p0p99,2008,0.8949
AUS,sptincj992,p0p99,2009,0.8906000000000001
AUS,sptincj992,p0p99,2010,0.8927
AUS,sptincj992,p0p99,2011,0.8912
AUS,sptincj992,p0p99,2012,0.8936000000000001
AUS,sptincj992,p0p99,2013,0.8961
AUS,sptincj992,p0p99,2014,0.8927
AUS,sptincj992,p0p99,2015,0.8981
AUS,sptincj992,p0p99,2016,0.9034000000000001
AUS,sptincj992,p0p99,2017,0.8998
AUS,sptincj992,p0p99,2018,0.9033
AUS,sptincj992,p0p99,2019,0.9009
AUS,sptincj992,p0p99,2020,0.8998
AUS,sptincj992,p0p99,2021,0.8902
AUS,sptincj992,p0p99,2022,0.89
AUS,sptincj992,p0p99,2023,0.8905000000000001
AUS,sptincj992,p0p99,2024,0.8905000000000001
AUS,sptincj992,p50p90,1820,0.4033
AUS,sptincj992,p50p90,1850,0.3962
AUS,sptincj992,p50p90,1880,0.3998
AUS,sptincj992,p50p90,1900,0.3646
AUS,sptincj992,p50p90,1910,0.3717
AUS,sptincj992,p50p90,1911,0.4013
AUS,sptincj992,p50p90,1912,0.4303
AUS,sptincj992,p50p90,1913,0.4557
AUS,sptincj992,p50p90,1914,0.4732
AUS,sptincj992,p50p90,1915,0.4893
AUS,sptincj992,p50p90,1916,0.5237
AUS,sptincj992,p50p90,1917,0.5185000000000001
AUS,sptincj992,p50p90,1918,0.5152
AUS,sptincj992,p50p90,1919,0.4328
AUS,sptincj992,p50p90,1920,0.4933
AUS,sptincj992,p50p90,1921,0.4571
AUS,sptincj992,p50p90,1922,0.4807
AUS,sptincj992,p50p90,1923,0.4538
AUS,sptincj992,p50p90,1924,0.4553
AUS,sptincj992,p50p90,1925,0.4647
AUS,sptincj992,p50p90,1926,0.4706
AUS,sptincj992,p50p90,1927,0.4563
AUS,sptincj992,p50p90,1928,0.4514
AUS,sptincj992,p50p90,1929,0.4813
AUS,sptincj992,p50p90,1930,0.504
AUS,sptincj992,p50p90,1931,0.5137
AUS,sptincj992,p50p90,1932,0.5154
AUS,sptincj992,p50p90,1933,0.4898
AUS,sptincj992,p50p90,1934,0.4886
AUS,sptincj992,p50p90,1935,0.4845
AUS,sptincj992,p50p90,1936,0.4661
AUS,sptincj992,p50p90,1937,0.5021
AUS,sptincj992,p50p90,1938,0.4883
AUS,sptincj992,p50p90,1939,0.48
AUS,sptincj992,p50p90,1940,0.4904
AUS,sptincj992,p50p90,1941,0.479
AUS,sptincj992,p50p90,1942,0.4832
AUS,sptincj992,p50p90,1943,0.4826
AUS,sptincj992,p50p90,1944,0.5063
AUS,sptincj992,p50p90,1945,0.5256000000000001
AUS,sptincj992,p50p90,1946,0.5037
AUS,sptincj992,p50p90,1947,0.4917
AUS,sptincj992,p50p90,1948,0.4938
AUS,sptincj992,p50p90,1949,0.4922
AUS,sptincj992,p50p90,1950,0.498
AUS,sptincj992,p50p90,1951,0.546
AUS,sptincj992,p50p90,1952,0.5495
AUS,sptincj992,p50p90,1953,0.5518000000000001
AUS,sptincj992,p50p90,1954,0.554
AUS,sptincj992,p50p90,1955,0.5565
AUS,sptincj992,p50p90,1956,0.5545
AUS,sptincj992,p50p90,1957,0.5733
AUS,sptincj992,p50p90,1958,0.5202
AUS,sptincj992,p50p90,1959,0.5331
AUS,sptincj992,p50p90,1960,0.5346000000000001
AUS,sptincj992,p50p90,1961,0.5352
AUS,sptincj992,p50p90,1962,0.5325
AUS,sptincj992,p50p90,1963,0.5295
AUS,sptincj992,p50p90,1964,0.5328
AUS,sptincj992,p50p90,1965,0.5353
AUS,sptincj992,p50p90,1966,0.5404
AUS,sptincj992,p50p90,1967,0.5387000000000001
AUS,sptincj992,p50p90,1968,0.5403
AUS,sptincj992,p50p90,1969,0.5411
AUS,sptincj992,p50p90,1970,0.5426
AUS,sptincj992,p50p90,1971,0.5435
AUS,sptincj992,p50p90,1972,0.5445
AUS,sptincj992,p50p90,1973,0.5471
AUS,sptincj992,p50p90,1974,0.5522
AUS,sptincj992,p50p90,1975,0.559
AUS,sptincj992,p50p90,1976,0.5604
AUS,sptincj992,p50p90,1977,0.5601
AUS,sptincj992,p50p90,1978,0.5609000000000001
AUS,sptincj992,p50p90,1979,0.5582
AUS,sptincj992,p50p90,1980,0.556
AUS,sptincj992,p50p90,1981,0.5571
AUS,sptincj992,p50p90,1982,0.5574
AUS,sptincj992,p50p90,1983,0.5572
AUS,sptincj992,p50p90,1984,0.5527000000000001
AUS,sptincj992,p50p90,1985,0.5521
AUS,sptincj992,p50p90,1986,0.5482
AUS,sptincj992,p50p90,1987,0.5388000000000001
AUS,sptincj992,p50p90,1988,0.5269
AUS,sptincj992,p50p90,1989,0.5382
AUS,sptincj992,p50p90,1990,0.5429
AUS,sptincj992,p50p90,1991,0.5165000000000001
AUS,sptincj992,p50p90,1992,0.5161
AUS,sptincj992,p50p90,1993,0.5134000000000001
AUS,sptincj992,p50p90,1994,0.511
AUS,sptincj992,p50p90,1995,0.5065000000000001
AUS,sptincj992,p50p90,1996,0.5038
AUS,sptincj992,p50p90,1997,0.5113
AUS,sptincj992,p50p90,1998,0.5073
AUS,sptincj992,p50p90,1999,0.5086
AUS,sptincj992,p50p90,2000,0.5015000000000001
AUS,sptincj992,p50p90,2001,0.4966
AUS,sptincj992,p50p90,2002,0.4969
AUS,sptincj992,p50p90,2003,0.4926
AUS,sptincj992,p50p90,2004,0.4864
AUS,sptincj992,p50p90,2005,0.4871
AUS,sptincj992,p50p90,2006,0.486
AUS,sptincj992,p50p90,2007,0.4798
AUS,sptincj992,p50p90,2008,0.4842
AUS,sptincj992,p50p90,2009,0.4722
AUS,sptincj992,p50p90,2010,0.4748
AUS,sptincj992,p50p90,2011,0.4709
AUS,sptincj992,p50p90,2012,0.4727
AUS,sptincj992,p50p90,2013,0.4766
AUS,sptincj992,p50p90,2014,0.4764
AUS,sptincj992,p50p90,2015,0.4835
AUS,sptincj992,p50p90,2016,0.4884
AUS,sptincj992,p50p90,2017,0.4835
AUS,sptincj992,p50p90,2018,0.4842
AUS,sptincj992,p50p90,2019,0.4986
AUS,sptincj992,p50p90,2020,0.4822
AUS,sptincj992,p50p90,2021,0.4721
AUS,sptincj992,p50p90,2022,0.476
AUS,sptincj992,p50p90,2023,0.4773
AUS,sptincj992,p50p90,2024,0.4773
AUS,sptincj992,p90p100,1820,0.4368
AUS,sptincj992,p90p100,1850,0.4466
AUS,sptincj992,p90p100,1880,0.4417
AUS,sptincj992,p90p100,1900,0.4908
AUS,sptincj992,p90p100,1910,0.5
AUS,sptincj992,p90p100,1911,0.4617
AUS,sptincj992,p90p100,1912,0.424
AUS,sptincj992,p90p100,1913,0.3898
AUS,sptincj992,p90p100,1914,0.3663
AUS,sptincj992,p90p100,1915,0.3449
AUS,sptincj992,p90p100,1916,0.2991
AUS,sptincj992,p90p100,1917,0.3059
AUS,sptincj992,p90p100,1918,0.3104
AUS,sptincj992,p90p100,1919,0.4206
AUS,sptincj992,p90p100,1920,0.3398
AUS,sptincj992,p90p100,1921,0.388
AUS,sptincj992,p90p100,1922,0.3564
AUS,sptincj992,p90p100,1923,0.3921
AUS,sptincj992,p90p100,1924,0.3903
AUS,sptincj992,p90p100,1925,0.3778
AUS,sptincj992,p90p100,1926,0.3699
AUS,sptincj992,p90p100,1927,0.3891
AUS,sptincj992,p90p100,1928,0.3958
AUS,sptincj992,p90p100,1929,0.3558
AUS,sptincj992,p90p100,1930,0.3253
AUS,sptincj992,p90p100,1931,0.3122
AUS,sptincj992,p90p100,1932,0.31
AUS,sptincj992,p90p100,1933,0.3443
AUS,sptincj992,p90p100,1934,0.3456
AUS,sptincj992,p90p100,1935,0.3515
AUS,sptincj992,p90p100,1936,0.3762
AUS,sptincj992,p90p100,1937,0.3277
AUS,sptincj992,p90p100,1938,0.3462
AUS,sptincj992,p90p100,1939,0.3575
AUS,sptincj992,p90p100,1940,0.3436
AUS,sptincj992,p90p100,1941,0.3585
AUS,sptincj992,p90p100,1942,0.3529
AUS,sptincj992,p90p100,1943,0.3538
AUS,sptincj992,p90p100,1944,0.3222
AUS,sptincj992,p90p100,1945,0.2964
AUS,sptincj992,p90p100,1946,0.3258
AUS,sptincj992,p90p100,1947,0.3421
AUS,sptincj992,p90p100,1948,0.3389
AUS,sptincj992,p90p100,1949,0.3409
AUS,sptincj992,p90p100,1950,0.3341
AUS,sptincj992,p90p100,1951,0.2735
AUS,sptincj992,p90p100,1952,0.2695
AUS,sptincj992,p90p100,1953,0.2662
AUS,sptincj992,p90p100,1954,0.2629
AUS,sptincj992,p90p100,1955,0.2598
AUS,sptincj992,p90p100,1956,0.2623
AUS,sptincj992,p90p100,1957,0.2411
AUS,sptincj992,p90p100,1958,0.3038
AUS,sptincj992,p90p100,1959,0.2864
AUS,sptincj992,p90p100,1960,0.2845
AUS,sptincj992,p90p100,1961,0.2846
AUS,sptincj992,p90p100,1962,0.2895
AUS,sptincj992,p90p100,1963,0.2935
AUS,sptincj992,p90p100,1964,0.2869
AUS,sptincj992,p90p100,1965,0.2835
AUS,sptincj992,p90p100,1966,0.2754
AUS,sptincj992,p90p100,1967,0.2775
AUS,sptincj992,p90p100,1968,0.2744
AUS,sptincj992,p90p100,1969,0.2715
AUS,sptincj992,p90p100,1970,0.2688
AUS,sptincj992,p90p100,1971,0.2713
AUS,sptincj992,p90p100,1972,0.2674
AUS,sptincj992,p90p100,1973,0.2612
AUS,sptincj992,p90p100,1974,0.2527
AUS,sptincj992,p90p100,1975,0.2447
AUS,sptincj992,p90p100,1976,0.2409
AUS,sptincj992,p90p100,1977,0.2412
AUS,sptincj992,p90p100,1978,0.24
AUS,sptincj992,p90p100,1979,0.2443
AUS,sptincj992,p90p100,1980,0.2485
AUS,sptincj992,p90p100,1981,0.2479
AUS,sptincj992,p90p100,1982,0.2509
AUS,sptincj992,p90p100,1983,0.2483
AUS,sptincj992,p90p100,1984,0.253
AUS,sptincj992,p90p100,1985,0.2552
AUS,sptincj992,p90p100,1986,0.2629
AUS,sptincj992,p90p100,1987,0.2787
AUS,sptincj992,p90p100,1988,0.2948
AUS,sptincj992,p90p100,1989,0.2753
AUS,sptincj992,p90p100,1990,0.269
AUS,sptincj992,p90p100,1991,0.2959
AUS,sptincj992,p90p100,1992,0.2926
AUS,sptincj992,p90p100,1993,0.2988
AUS,sptincj992,p90p100,1994,0.3034
AUS,sptincj992,p90p100,1995,0.3087
AUS,sptincj992,p90p100,1996,0.3094
AUS,sptincj992,p90p100,1997,0.3034
AUS,sptincj992,p90p100,1998,0.3107
AUS,sptincj992,p90p100,1999,0.3115
AUS,sptincj992,p90p100,2000,0.3189
AUS,sptincj992,p90p100,2001,0.3171
AUS,sptincj992,p90p100,2002,0.3264
AUS,sptincj992,p90p100,2003,0.3261
AUS,sptincj992,p90p100,2004,0.3329
AUS,sptincj992,p90p100,2005,0.3369
AUS,sptincj992,p90p100,2006,0.3383
AUS,sptincj992,p90p100,2007,0.3414
AUS,sptincj992,p90p100,2008,0.3431
AUS,sptincj992,p90p100,2009,0.3512
AUS,sptincj992,p90p100,2010,0.3487
AUS,sptincj992,p90p100,2011,0.3515
AUS,sptincj992,p90p100,2012,0.3508
AUS,sptincj992,p90p100,2013,0.3482
AUS,sptincj992,p90p100,2014,0.3486
AUS,sptincj992,p90p100,2015,0.3448
AUS,sptincj992,p90p100,2016,0.3374
AUS,sptincj992,p90p100,2017,0.3436
AUS,sptincj992,p90p100,2018,0.3376
AUS,sptincj992,p90p100,2019,0.3291
AUS,sptincj992,p90p100,2020,0.3406
AUS,sptincj992,p90p100,2021,0.3541
AUS,sptincj992,p90p100,2022,0.3517
AUS,sptincj992,p90p100,2023,0.3516
AUS,sptincj992,p90p100,2024,0.3516
AUS,sptincj992,p99p100,1820,0.1456
AUS,sptincj992,p99p100,1850,0.1489
AUS,sptincj992,p99p100,1880,0.1472
AUS,sptincj992,p99p100,1900,0.1636
AUS,sptincj992,p99p100,1910,0.1666
AUS,sptincj992,p99p100,1911,0.1625
AUS,sptincj992,p99p100,1912,0.1585
AUS,sptincj992,p99p100,1913,0.1455
AUS,sptincj992,p99p100,1914,0.1366
AUS,sptincj992,p99p100,1915,0.1298
AUS,sptincj992,p99p100,1916,0.1113
AUS,sptincj992,p99p100,1917,0.1148
AUS,sptincj992,p99p100,1918,0.1164
AUS,sptincj992,p99p100,1919,0.1582
AUS,sptincj992,p99p100,1920,0.1262
AUS,sptincj992,p99p100,1921,0.1437
AUS,sptincj992,p99p100,1922,0.1319
AUS,sptincj992,p99p100,1923,0.1451
AUS,sptincj992,p99p100,1924,0.1457
AUS,sptincj992,p99p100,1925,0.1405
AUS,sptincj992,p99p100,1926,0.1373
AUS,sptincj992,p99p100,1927,0.1435
AUS,sptincj992,p99p100,1928,0.1475
AUS,sptincj992,p99p100,1929,0.1314
AUS,sptincj992,p99p100,1930,0.1198
AUS,sptincj992,p99p100,1931,0.115
AUS,sptincj992,p99p100,1932,0.1141
AUS,sptincj992,p99p100,1933,0.1273
AUS,sptincj992,p99p100,1934,0.1279
AUS,sptincj992,p99p100,1935,0.1296
AUS,sptincj992,p99p100,1936,0.1389
AUS,sptincj992,p99p100,1937,0.1207
AUS,sptincj992,p99p100,1938,0.1274
AUS,sptincj992,p99p100,1939,0.1317
AUS,sptincj992,p99p100,1940,0.1266
AUS,sptincj992,p99p100,1941,0.1312
AUS,sptincj992,p99p100,1942,0.1267
AUS,sptincj992,p99p100,1943,0.1266
AUS,sptincj992,p99p100,1944,0.109
AUS,sptincj992,p99p100,1945,0.1014
AUS,sptincj992,p99p100,1946,0.114
AUS,sptincj992,p99p100,1947,0.1272
AUS,sptincj992,p99p100,1948,0.1288
AUS,sptincj992,p99p100,1949,0.1355
AUS,sptincj992,p99p100,1950,0.1687
AUS,sptincj992,p99p100,1951,0.1075
AUS,sptincj992,p99p100,1952,0.106
AUS,sptincj992,p99p100,1953,0.1006
AUS,sptincj992,p99p100,1954,0.0953
AUS,sptincj992,p99p100,1955,0.0895
AUS,sptincj992,p99p100,1956,0.0939
AUS,sptincj992,p99p100,1957,0.0821
AUS,sptincj992,p99p100,1958,0.089
AUS,sptincj992,p99p100,1959,0.0831
AUS,sptincj992,p99p100,1960,0.0796
AUS,sptincj992,p99p100,1961,0.0786
AUS,sptincj992,p99p100,1962,0.0804
AUS,sptincj992,p99p100,1963,0.0837
AUS,sptincj992,p99p100,1964,0.0802
AUS,sptincj992,p99p100,1965,0.0774
AUS,sptincj992,p99p100,1966,0.0727
AUS,sptincj992,p99p100,1967,0.0749
AUS,sptincj992,p99p100,1968,0.0728
AUS,sptincj992,p99p100,1969,0.0727
AUS,sptincj992,p99p100,1970,0.0692
AUS,sptincj992,p99p100,1971,0.0675
AUS,sptincj992,p99p100,1972,0.0686
AUS,sptincj992,p99p100,1973,0.0659
AUS,sptincj992,p99p100,1974,0.0582
AUS,sptincj992,p99p100,1975,0.0538
AUS,sptincj992,p99p100,1976,0.052
AUS,sptincj992,p99p100,1977,0.0533
AUS,sptincj992,p99p100,1978,0.0528
AUS,sptincj992,p99p100,1979,0.0546
AUS,sptincj992,p99p100,1980,0.0547
AUS,sptincj992,p99p100,1981,0.0527
AUS,sptincj992,p99p100,1982,0.0531
AUS,sptincj992,p99p100,1983,0.0529
AUS,sptincj992,p99p100,1984,0.0564
AUS,sptincj992,p99p100,1985,0.0599
AUS,sptincj992,p99p100,1986,0.0637
AUS,sptincj992,p99p100,1987,0.0751
AUS,sptincj992,p99p100,1988,0.0922
AUS,sptincj992,p99p100,1989,0.0757
AUS,sptincj992,p99p100,1990,0.0706
AUS,sptincj992,p99p100,1991,0.07
AUS,sptincj992,p99p100,1992,0.0687
AUS,sptincj992,p99p100,1993,0.0723
AUS,sptincj992,p99p100,1994,0.0759
AUS,sptincj992,p99p100,1995,0.0788
AUS,sptincj992,p99p100,1996,0.0829
AUS,sptincj992,p99p100,1997,0.0751
AUS,sptincj992,p99p100,1998,0.0813
AUS,sptincj992,p99p100,1999,0.0833
AUS,sptincj992,p99p100,2000,0.0893
AUS,sptincj992,p99p100,2001,0.0894
AUS,sptincj992,p99p100,2002,0.0939
AUS,sptincj992,p99p100,2003,0.0948
AUS,sptincj992,p99p100,2004,0.0992
AUS,sptincj992,p99p100,2005,0.1013
AUS,sptincj992,p99p100,2006,0.1
AUS,sptincj992,p99p100,2007,0.1079
AUS,sptincj992,p99p100,2008,0.1051
AUS,sptincj992,p99p100,2009,0.1094
AUS,sptincj992,p99p100,2010,0.1073
AUS,sptincj992,p99p100,2011,0.1088
AUS,sptincj992,p99p100,2012,0.1064
AUS,sptincj992,p99p100,2013,0.1039
AUS,sptincj992,p99p100,2014,0.1073
AUS,sptincj992,p99p100,2015,0.1019
AUS,sptincj992,p99p100,2016,0.0966
AUS,sptincj992,p99p100,2017,0.1002
AUS,sptincj992,p99p100,2018,0.0967
AUS,sptincj992,p99p100,2019,0.0991
AUS,sptincj992,p99p100,2020,0.1002
AUS,sptincj992,p99p100,2021,0.1098
AUS,sptincj992,p99p100,2022,0.11
AUS,sptincj992,p99p100,2023,0.1095
AUS,sptincj992,p99p100,2024,0.1095
BEL,spllinf992,p0p100,1990,0.30289999
BEL,spllinf992,p0p100,1991,0.30289999
BEL,spllinf992,p0p100,1992,0.3132
BEL,spllinf992,p0p100,1993,0.3177
BEL,spllinf992,p0p100,1994,0.31729999
BEL,spllinf992,p0p100,1995,0.31999999
BEL,spllinf992,p0p100,1996,0.32080001
BEL,spllinf992,p0p100,1997,0.3249
BEL,spllinf992,p0p100,1998,0.32690001
BEL,spllinf992,p0p100,1999,0.33939999
BEL,spllinf992,p0p100,2000,0.3373
BEL,spllinf992,p0p100,2001,0.34999999
BEL,spllinf992,p0p100,2002,0.35479999
BEL,spllinf992,p0p100,2003,0.3581
BEL,spllinf992,p0p100,2004,0.34850001
BEL,spllinf992,p0p100,2005,0.36199999
BEL,spllinf992,p0p100,2006,0.3687
BEL,spllinf992,p0p100,2007,0.37279999
BEL,spllinf992,p0p100,2008,0.38150001
BEL,spllinf992,p0p100,2009,0.39089999
BEL,spllinf992,p0p100,2010,0.3998
BEL,spllinf992,p0p100,2011,0.3987
BEL,spllinf992,p0p100,2012,0.3987
BEL,spllinf992,p0p100,2013,0.40220001
BEL,spllinf992,p0p100,2014,0.39950001
BEL,spllinf992,p0p100,2015,0.4003
BEL,spllinf992,p0p100,2016,0.40290001
BEL,spllinf992,p0p100,2017,0.4077
BEL,spllinf992,p0p100,2018,0.41100001
BEL,spllinf992,p0p100,2019,0.419
BEL,spllinf992,p0p100,2020,0.428
BEL,spllinf992,p0p100,2021,0.42989999
BEL,spllinf992,p0p100,2022,0.42860001
BEL,spllinf992,p0p100,2023,0.43849999
BEL,spllinf992,p0p100,2024,0.43869999
BEL,sptincj992,p0p100,1980,1
BEL,sptincj992,p0p100,1981,1
BEL,sptincj992,p0p100,1982,1
BEL,sptincj992,p0p100,1983,1
BEL,sptincj992,p0p100,1984,1
BEL,sptincj992,p0p100,1985,1
BEL,sptincj992,p0p100,1986,1
BEL,sptincj992,p0p100,1987,1
BEL,sptincj992,p0p100,1988,1
BEL,sptincj992,p0p100,1989,1
BEL,sptincj992,p0p100,1990,1
BEL,sptincj992,p0p100,1991,1
BEL,sptincj992,p0p100,1992,1
BEL,sptincj992,p0p100,1993,1
BEL,sptincj992,p0p100,1994,1
BEL,sptincj992,p0p100,1995,1
BEL,sptincj992,p0p100,1996,1
BEL,sptincj992,p0p100,1997,1
BEL,sptincj992,p0p100,1998,1
BEL,sptincj992,p0p100,1999,1
BEL,sptincj992,p0p100,2000,1
BEL,sptincj992,p0p100,2001,1
BEL,sptincj992,p0p100,2002,1
BEL,sptincj992,p0p100,2003,1
BEL,sptincj992,p0p100,2004,1
BEL,sptincj992,p0p100,2005,1
BEL,sptincj992,p0p100,2006,1
BEL,sptincj992,p0p100,2007,1
BEL,sptincj992,p0p100,2008,1
BEL,sptincj992,p0p100,2009,1
BEL,sptincj992,p0p100,2010,1
BEL,sptincj992,p0p100,2011,1
BEL,sptincj992,p0p100,2012,1
BEL,sptincj992,p0p100,2013,1
BEL,sptincj992,p0p100,2014,1
BEL,sptincj992,p0p100,2015,1
BEL,sptincj992,p0p100,2016,1
BEL,sptincj992,p0p100,2017,1
BEL,sptincj992,p0p100,2018,1
BEL,sptincj992,p0p100,2019,1
BEL,sptincj992,p0p100,2020,1
BEL,sptincj992,p0p100,2021,1
BEL,sptincj992,p0p100,2022,1
BEL,sptincj992,p0p100,2023,1
BEL,sptincj992,p0p100,2024,1
BEL,sptincj992,p0p50,1980,0.225
BEL,sptincj992,p0p50,1981,0.2268
BEL,sptincj992,p0p50,1982,0.2282
BEL,sptincj992,p0p50,1983,0.2276
BEL,sptincj992,p0p50,1984,0.2261
BEL,sptincj992,p0p50,1985,0.2167
BEL,sptincj992,p0p50,1986,0.2134
BEL,sptincj992,p0p50,1987,0.2139
BEL,sptincj992,p0p50,1988,0.2068
BEL,sptincj992,p0p50,1989,0.2058
BEL,sptincj992,p0p50,1990,0.207
BEL,sptincj992,p0p50,1991,0.211
BEL,sptincj992,p0p50,1992,0.2109
BEL,sptincj992,p0p50,1993,0.2088
BEL,sptincj992,p0p50,1994,0.2094
BEL,sptincj992,p0p50,1995,0.2078
BEL,sptincj992,p0p50,1996,0.2055
BEL,sptincj992,p0p50,1997,0.2049
BEL,sptincj992,p0p50,1998,0.2015
BEL,sptincj992,p0p50,1999,0.1993
BEL,sptincj992,p0p50,2000,0.2
BEL,sptincj992,p0p50,2001,0.2029
BEL,sptincj992,p0p50,2002,0.2049
BEL,sptincj992,p0p50,2003,0.2014
BEL,sptincj992,p0p50,2004,0.2008
BEL,sptincj992,p0p50,2005,0.2023
BEL,sptincj992,p0p50,2006,0.2017
BEL,sptincj992,p0p50,2007,0.2003
BEL,sptincj992,p0p50,2008,0.21
BEL,sptincj992,p0p50,2009,0.2109
BEL,sptincj992,p0p50,2010,0.206
BEL,sptincj992,p0p50,2011,0.2115
BEL,sptincj992,p0p50,2012,0.2116
BEL,sptincj992,p0p50,2013,0.2107
BEL,sptincj992,p0p50,2014,0.2097
BEL,sptincj992,p0p50,2015,0.2096
BEL,sptincj992,p0p50,2016,0.2111
BEL,sptincj992,p0p50,2017,0.2115
BEL,sptincj992,p0p50,2018,0.2043
BEL,sptincj992,p0p50,2019,0.2038
BEL,sptincj992,p0p50,2020,0.2038
BEL,sptincj992,p0p50,2021,0.2033
BEL,sptincj992,p0p50,2022,0.2032
BEL,sptincj992,p0p50,2023,0.2033
BEL,sptincj992,p0p50,2024,0.2033
BEL,sptincj992,p0p90,1980,0.6834
BEL,sptincj992,p0p90,1981,0.6851
BEL,sptincj992,p0p90,1982,0.6920000000000001
BEL,sptincj992,p0p90,1983,0.6946
BEL,sptincj992,p0p90,1984,0.6959000000000001
BEL,sptincj992,p0p90,1985,0.6880000000000001
BEL,sptincj992,p0p90,1986,0.6777000000000001
BEL,sptincj992,p0p90,1987,0.6742
BEL,sptincj992,p0p90,1988,0.6663
BEL,sptincj992,p0p90,1989,0.6627000000000001
BEL,sptincj992,p0p90,1990,0.6714
BEL,sptincj992,p0p90,1991,0.6762
BEL,sptincj992,p0p90,1992,0.6799000000000001
BEL,sptincj992,p0p90,1993,0.679
BEL,sptincj992,p0p90,1994,0.6703
BEL,sptincj992,p0p90,1995,0.6753
BEL,sptincj992,p0p90,1996,0.6725
BEL,sptincj992,p0p90,1997,0.6715
BEL,sptincj992,p0p90,1998,0.674
BEL,sptincj992,p0p90,1999,0.6726000000000001
BEL,sptincj992,p0p90,2000,0.674
BEL,sptincj992,p0p90,2001,0.6782
BEL,sptincj992,p0p90,2002,0.6843
BEL,sptincj992,p0p90,2003,0.6846
BEL,sptincj992,p0p90,2004,0.6779000000000001
BEL,sptincj992,p0p90,2005,0.6803
BEL,sptincj992,p0p90,2006,0.6759000000000001
BEL,sptincj992,p0p90,2007,0.6666000000000001
BEL,sptincj992,p0p90,2008,0.6828000000000001
BEL,sptincj992,p0p90,2009,0.6906
BEL,sptincj992,p0p90,2010,0.6865
BEL,sptincj992,p0p90,2011,0.6886
BEL,sptincj992,p0p90,2012,0.6862
BEL,sptincj992,p0p90,2013,0.6837000000000001
BEL,sptincj992,p0p90,2014,0.6813
BEL,sptincj992,p0p90,2015,0.6817000000000001
BEL,sptincj992,p0p90,2016,0.6788000000000001
BEL,sptincj992,p0p90,2017,0.6817000000000001
BEL,sptincj992,p0p90,2018,0.6717000000000001
BEL,sptincj992,p0p90,2019,0.6705
BEL,sptincj992,p0p90,2020,0.6705
BEL,sptincj992,p0p90,2021,0.6706000000000001
BEL,sptincj992,p0p90,2022,0.6709
BEL,sptincj992,p0p90,2023,0.6707000000000001
BEL,sptincj992,p0p90,2024,0.6707000000000001
BEL,sptincj992,p0p99,1980,0.9165000000000001
BEL,sptincj992,p0p99,1981,0.9169
BEL,sptincj992,p0p99,1982,0.922
BEL,sptincj992,p0p99,1983,0.9245000000000001
BEL,sptincj992,p0p99,1984,0.9273
BEL,sptincj992,p0p99,1985,0.925
BEL,sptincj992,p0p99,1986,0.9212
BEL,sptincj992,p0p99,1987,0.9196000000000001
BEL,sptincj992,p0p99,1988,0.9109
BEL,sptincj992,p0p99,1989,0.9091
BEL,sptincj992,p0p99,1990,0.9176000000000001
BEL,sptincj992,p0p99,1991,0.9213
BEL,sptincj992,p0p99,1992,0.9243
BEL,sptincj992,p0p99,1993,0.9244
BEL,sptincj992,p0p99,1994,0.9181
BEL,sptincj992,p0p99,1995,0.9195000000000001
BEL,sptincj992,p0p99,1996,0.9169
BEL,sptincj992,p0p99,1997,0.9168000000000001
BEL,sptincj992,p0p99,1998,0.9187000000000001
BEL,sptincj992,p0p99,1999,0.9178000000000001
BEL,sptincj992,p0p99,2000,0.9181
BEL,sptincj992,p0p99,2001,0.9204
BEL,sptincj992,p0p99,2002,0.9237000000000001
BEL,sptincj992,p0p99,2003,0.9233
BEL,sptincj992,p0p99,2004,0.9148000000000001
BEL,sptincj992,p0p99,2005,0.9156000000000001
BEL,sptincj992,p0p99,2006,0.9129
BEL,sptincj992,p0p99,2007,0.9048
BEL,sptincj992,p0p99,2008,0.915
BEL,sptincj992,p0p99,2009,0.9251
BEL,sptincj992,p0p99,2010,0.9237000000000001
BEL,sptincj992,p0p99,2011,0.9206000000000001
BEL,sptincj992,p0p99,2012,0.9183
BEL,sptincj992,p0p99,2013,0.918
BEL,sptincj992,p0p99,2014,0.9166000000000001
BEL,sptincj992,p0p99,2015,0.9152
BEL,sptincj992,p0p99,2016,0.9137000000000001
BEL,sptincj992,p0p99,2017,0.915
BEL,sptincj992,p0p99,2018,0.9142
BEL,sptincj992,p0p99,2019,0.913
BEL,sptincj992,p0p99,2020,0.913
BEL,sptincj992,p0p99,2021,0.913
BEL,sptincj992,p0p99,2022,0.913
BEL,sptincj992,p0p99,2023,0.9131
BEL,sptincj992,p0p99,2024,0.9131
BEL,sptincj992,p50p90,1980,0.4584
BEL,sptincj992,p50p90,1981,0.4584
BEL,sptincj992,p50p90,1982,0.4639
BEL,sptincj992,p50p90,1983,0.4669
BEL,sptincj992,p50p90,1984,0.4698
BEL,sptincj992,p50p90,1985,0.4713
BEL,sptincj992,p50p90,1986,0.4643
BEL,sptincj992,p50p90,1987,0.4604
BEL,sptincj992,p50p90,1988,0.4595
BEL,sptincj992,p50p90,1989,0.4568
BEL,sptincj992,p50p90,1990,0.4645
BEL,sptincj992,p50p90,1991,0.4652
BEL,sptincj992,p50p90,1992,0.469
BEL,sptincj992,p50p90,1993,0.4702
BEL,sptincj992,p50p90,1994,0.4609
BEL,sptincj992,p50p90,1995,0.4675
BEL,sptincj992,p50p90,1996,0.467
BEL,sptincj992,p50p90,1997,0.4667
BEL,sptincj992,p50p90,1998,0.4725
BEL,sptincj992,p50p90,1999,0.4733
BEL,sptincj992,p50p90,2000,0.474
BEL,sptincj992,p50p90,2001,0.4754
BEL,sptincj992,p50p90,2002,0.4794
BEL,sptincj992,p50p90,2003,0.4832
BEL,sptincj992,p50p90,2004,0.4771
BEL,sptincj992,p50p90,2005,0.4779
BEL,sptincj992,p50p90,2006,0.4741
BEL,sptincj992,p50p90,2007,0.4663
BEL,sptincj992,p50p90,2008,0.4728
BEL,sptincj992,p50p90,2009,0.4797
BEL,sptincj992,p50p90,2010,0.4805
BEL,sptincj992,p50p90,2011,0.477
BEL,sptincj992,p50p90,2012,0.4746
BEL,sptincj992,p50p90,2013,0.473
BEL,sptincj992,p50p90,2014,0.4716
BEL,sptincj992,p50p90,2015,0.472
BEL,sptincj992,p50p90,2016,0.4677
BEL,sptincj992,p50p90,2017,0.4702
BEL,sptincj992,p50p90,2018,0.4674
BEL,sptincj992,p50p90,2019,0.4667
BEL,sptincj992,p50p90,2020,0.4667
BEL,sptincj992,p50p90,2021,0.4673
BEL,sptincj992,p50p90,2022,0.4677
BEL,sptincj992,p50p90,2023,0.4673
BEL,sptincj992,p50p90,2024,0.4673
BEL,sptincj992,p90p100,1980,0.3166
BEL,sptincj992,p90p100,1981,0.3149
BEL,sptincj992,p90p100,1982,0.308
BEL,sptincj992,p90p100,1983,0.3054
BEL,sptincj992,p90p100,1984,0.3041
BEL,sptincj992,p90p100,1985,0.312
BEL,sptincj992,p90p100,1986,0.3223
BEL,sptincj992,p90p100,1987,0.3258
BEL,sptincj992,p90p100,1988,0.3337
BEL,sptincj992,p90p100,1989,0.3373
BEL,sptincj992,p90p100,1990,0.3286
BEL,sptincj992,p90p100,1991,0.3238
BEL,sptincj992,p90p100,1992,0.3201
BEL,sptincj992,p90p100,1993,0.321
BEL,sptincj992,p90p100,1994,0.3297
BEL,sptincj992,p90p100,1995,0.3247
BEL,sptincj992,p90p100,1996,0.3275
BEL,sptincj992,p90p100,1997,0.3285
BEL,sptincj992,p90p100,1998,0.326
BEL,sptincj992,p90p100,1999,0.3274
BEL,sptincj992,p90p100,2000,0.326
BEL,sptincj992,p90p100,2001,0.3218
BEL,sptincj992,p90p100,2002,0.3157
BEL,sptincj992,p90p100,2003,0.3154
BEL,sptincj992,p90p100,2004,0.3221
BEL,sptincj992,p90p100,2005,0.3197
BEL,sptincj992,p90p100,2006,0.3241
BEL,sptincj992,p90p100,2007,0.3334
BEL,sptincj992,p90p100,2008,0.3172
BEL,sptincj992,p90p100,2009,0.3094
BEL,sptincj992,p90p100,2010,0.3135
BEL,sptincj992,p90p100,2011,0.3114
BEL,sptincj992,p90p100,2012,0.3138
BEL,sptincj992,p90p100,2013,0.3163
BEL,sptincj992,p90p100,2014,0.3187
BEL,sptincj992,p90p100,2015,0.3183
BEL,sptincj992,p90p100,2016,0.3212
BEL,sptincj992,p90p100,2017,0.3183
BEL,sptincj992,p90p100,2018,0.3283
BEL,sptincj992,p90p100,2019,0.3295
BEL,sptincj992,p90p100,2020,0.3295
BEL,sptincj992,p90p100,2021,0.3294
BEL,sptincj992,p90p100,2022,0.3291
BEL,sptincj992,p90p100,2023,0.3293
BEL,sptincj992,p90p100,2024,0.3293
BEL,sptincj992,p99p100,1980,0.0835
BEL,sptincj992,p99p100,1981,0.0831
BEL,sptincj992,p99p100,1982,0.078
BEL,sptincj992,p99p100,1983,0.0755
BEL,sptincj992,p99p100,1984,0.0727
BEL,sptincj992,p99p100,1985,0.075
BEL,sptincj992,p99p100,1986,0.0788
BEL,sptincj992,p99p100,1987,0.0804
BEL,sptincj992,p99p100,1988,0.0891
BEL,sptincj992,p99p100,1989,0.0909
BEL,sptincj992,p99p100,1990,0.0824
BEL,sptincj992,p99p100,1991,0.0787
BEL,sptincj992,p99p100,1992,0.0757
BEL,sptincj992,p99p100,1993,0.0756
BEL,sptincj992,p99p100,1994,0.0819
BEL,sptincj992,p99p100,1995,0.0805
BEL,sptincj992,p99p100,1996,0.0831
BEL,sptincj992,p99p100,1997,0.0832
BEL,sptincj992,p99p100,1998,0.0813
BEL,sptincj992,p99p100,1999,0.0822
BEL,sptincj992,p99p100,2000,0.0819
BEL,sptincj992,p99p100,2001,0.0796
BEL,sptincj992,p99p100,2002,0.0763
BEL,sptincj992,p99p100,2003,0.0767
BEL,sptincj992,p99p100,2004,0.0852
BEL,sptincj992,p99p100,2005,0.0844
BEL,sptincj992,p99p100,2006,0.0871
BEL,sptincj992,p99p100,2007,0.0952
BEL,sptincj992,p99p100,2008,0.085
BEL,sptincj992,p99p100,2009,0.0749
BEL,sptincj992,p99p100,2010,0.0763
BEL,sptincj992,p99p100,2011,0.0794
BEL,sptincj992,p99p100,2012,0.0817
BEL,sptincj992,p99p100,2013,0.082
BEL,sptincj992,p99p100,2014,0.0834
BEL,sptincj992,p99p100,2015,0.0848
BEL,sptincj992,p99p100,2016,0.0863
BEL,sptincj992,p99p100,2017,0.085
BEL,sptincj992,p99p100,2018,0.0858
BEL,sptincj992,p99p100,2019,0.087
BEL,sptincj992,p99p100,2020,0.087
BEL,sptincj992,p99p100,2021,0.087
BEL,sptincj992,p99p100,2022,0.087
BEL,sptincj992,p99p100,2023,0.0869
BEL,sptincj992,p99p100,2024,0.0869
BRA,spllinf992,p0p100,1990,0.2449
BRA,spllinf992,p0p100,1991,0.2606
BRA,spllinf992,p0p100,1992,0.2762
BRA,spllinf992,p0p100,1993,0.26699999
BRA,spllinf992,p0p100,1994,0.27590001
BRA,spllinf992,p0p100,1995,0.28470001
BRA,spllinf992,p0p100,1996,0.2983
BRA,spllinf992,p0p100,1997,0.2958
BRA,spllinf992,p0p100,1998,0.30239999
BRA,spllinf992,p0p100,1999,0.31439999
BRA,spllinf992,p0p100,2000,0.3193
BRA,spllinf992,p0p100,2001,0.3242
BRA,spllinf992,p0p100,2002,0.33199999
BRA,spllinf992,p0p100,2003,0.3344
BRA,spllinf992,p0p100,2004,0.3396
BRA,spllinf992,p0p100,2005,0.34400001
BRA,spllinf992,p0p100,2006,0.34900001
BRA,spllinf992,p0p100,2007,0.34909999
BRA,spllinf992,p0p100,2008,0.35030001
BRA,spllinf992,p0p100,2009,0.35499999
BRA,spllinf992,p0p100,2010,0.3592
BRA,spllinf992,p0p100,2011,0.3635
BRA,spllinf992,p0p100,2012,0.36219999
BRA,spllinf992,p0p100,2013,0.36790001
BRA,spllinf992,p0p100,2014,0.37270001
BRA,spllinf992,p0p100,2015,0.37459999
BRA,spllinf992,p0p100,2016,0.36629999
BRA,spllinf992,p0p100,2017,0.36610001
BRA,spllinf992,p0p100,2018,0.36480001
BRA,spllinf992,p0p100,2019,0.37509999
BRA,spllinf992,p0p100,2020,0.36230001
BRA,spllinf992,p0p100,2021,0.36500001
BRA,spllinf992,p0p100,2022,0.375
BRA,spllinf992,p0p100,2023,0.38640001
BRA,spllinf992,p0p100,2024,0.3867
BRA,sptincj992,p0p100,1820,1
BRA,sptincj992,p0p100,1850,1
BRA,sptincj992,p0p100,1880,1
BRA,sptincj992,p0p100,1900,1
BRA,sptincj992,p0p100,1910,1
BRA,sptincj992,p0p100,1920,1
BRA,sptincj992,p0p100,1930,1
BRA,sptincj992,p0p100,1940,1
BRA,sptincj992,p0p100,1950,1
BRA,sptincj992,p0p100,1960,1
BRA,sptincj992,p0p100,1970,1
BRA,sptincj992,p0p100,1980,1
BRA,sptincj992,p0p100,1981,1
BRA,sptincj992,p0p100,1982,1
BRA,sptincj992,p0p100,1983,1
BRA,sptincj992,p0p100,1984,1
BRA,sptincj992,p0p100,1985,1
BRA,sptincj992,p0p100,1986,1
BRA,sptincj992,p0p100,1987,1
BRA,sptincj992,p0p100,1988,1
BRA,sptincj992,p0p100,1989,1
BRA,sptincj992,p0p100,1990,1
BRA,sptincj992,p0p100,1991,1
BRA,sptincj992,p0p100,1992,1
BRA,sptincj992,p0p100,1993,1
BRA,sptincj992,p0p100,1994,1
BRA,sptincj992,p0p100,1995,1
BRA,sptincj992,p0p100,1996,1
BRA,sptincj992,p0p100,1997,1
BRA,sptincj992,p0p100,1998,1
BRA,sptincj992,p0p100,1999,1
BRA,sptincj992,p0p100,2000,1
BRA,sptincj992,p0p100,2001,1
BRA,sptincj992,p0p100,2002,1
BRA,sptincj992,p0p100,2003,1
BRA,sptincj992,p0p100,2004,1
BRA,sptincj992,p0p100,2005,1
BRA,sptincj992,p0p100,2006,1
BRA,sptincj992,p0p100,2007,1
BRA,sptincj992,p0p100,2008,1
BRA,sptincj992,p0p100,2009,1
BRA,sptincj992,p0p100,2010,1
BRA,sptincj992,p0p100,2011,1
BRA,sptincj992,p0p100,2012,1
BRA,sptincj992,p0p100,2013,1
BRA,sptincj992,p0p100,2014,1
BRA,sptincj992,p0p100,2015,1
BRA,sptincj992,p0p100,2016,1
BRA,sptincj992,p0p100,2017,1
BRA,sptincj992,p0p100,2018,1
BRA,sptincj992,p0p100,2019,1
BRA,sptincj992,p0p100,2020,1
BRA,sptincj992,p0p100,2021,1
BRA,sptincj992,p0p100,2022,1
BRA,sptincj992,p0p100,2023,1
BRA,sptincj992,p0p100,2024,1
BRA,sptincj992,p0p50,1820,0.1173
BRA,sptincj992,p0p50,1850,0.1159
BRA,sptincj992,p0p50,1880,0.1145
BRA,sptincj992,p0p50,1900,0.1131
BRA,sptincj992,p0p50,1910,0.1103
BRA,sptincj992,p0p50,1920,0.0973
BRA,sptincj992,p0p50,1930,0.0933
BRA,sptincj992,p0p50,1940,0.0879
BRA,sptincj992,p0p50,1950,0.0933
BRA,sptincj992,p0p50,1960,0.0999
BRA,sptincj992,p0p50,1970,0.0959
BRA,sptincj992,p0p50,1980,0.0912
BRA,sptincj992,p0p50,1981,0.0912
BRA,sptincj992,p0p50,1982,0.0912
BRA,sptincj992,p0p50,1983,0.0912
BRA,sptincj992,p0p50,1984,0.0912
BRA,sptincj992,p0p50,1985,0.0912
BRA,sptincj992,p0p50,1986,0.0912
BRA,sptincj992,p0p50,1987,0.0912
BRA,sptincj992,p0p50,1988,0.0912
BRA,sptincj992,p0p50,1989,0.0912
BRA,sptincj992,p0p50,1990,0.0912
BRA,sptincj992,p0p50,1991,0.0912
BRA,sptincj992,p0p50,1992,0.0912
BRA,sptincj992,p0p50,1993,0.0912
BRA,sptincj992,p0p50,1994,0.0912
BRA,sptincj992,p0p50,1995,0.0912
BRA,sptincj992,p0p50,1996,0.0912
BRA,sptincj992,p0p50,1997,0.0912
BRA,sptincj992,p0p50,1998,0.0912
BRA,sptincj992,p0p50,1999,0.0912
BRA,sptincj992,p0p50,2000,0.0912
BRA,sptincj992,p0p50,2001,0.0912
BRA,sptincj992,p0p50,2002,0.0906
BRA,sptincj992,p0p50,2003,0.0937
BRA,sptincj992,p0p50,2004,0.0956
BRA,sptincj992,p0p50,2005,0.0907
BRA,sptincj992,p0p50,2006,0.0932
BRA,sptincj992,p0p50,2007,0.0997
BRA,sptincj992,p0p50,2008,0.1018
BRA,sptincj992,p0p50,2009,0.1035
BRA,sptincj992,p0p50,2010,0.1027
BRA,sptincj992,p0p50,2011,0.102
BRA,sptincj992,p0p50,2012,0.1059
BRA,sptincj992,p0p50,2013,0.1082
BRA,sptincj992,p0p50,2014,0.1072
BRA,sptincj992,p0p50,2015,0.1033
BRA,sptincj992,p0p50,2016,0.0963
BRA,sptincj992,p0p50,2017,0.0964
BRA,sptincj992,p0p50,2018,0.0964
BRA,sptincj992,p0p50,2019,0.1003
BRA,sptincj992,p0p50,2020,0.0819
BRA,sptincj992,p0p50,2021,0.0823
BRA,sptincj992,p0p50,2022,0.0906
BRA,sptincj992,p0p50,2023,0.0926
BRA,sptincj992,p0p50,2024,0.0926
BRA,sptincj992,p0p90,1820,0.4676
BRA,sptincj992,p0p90,1850,0.462
BRA,sptincj992,p0p90,1880,0.4564
BRA,sptincj992,p0p90,1900,0.4508
BRA,sptincj992,p0p90,1910,0.4395
BRA,sptincj992,p0p90,1920,0.3877
BRA,sptincj992,p0p90,1930,0.3718
BRA,sptincj992,p0p90,1940,0.3506
BRA,sptincj992,p0p90,1950,0.3718
BRA,sptincj992,p0p90,1960,0.3984
BRA,sptincj992,p0p90,1970,0.3824
BRA,sptincj992,p0p90,1980,0.4139
BRA,sptincj992,p0p90,1981,0.4139
BRA,sptincj992,p0p90,1982,0.4139
BRA,sptincj992,p0p90,1983,0.4139
BRA,sptincj992,p0p90,1984,0.4139
BRA,sptincj992,p0p90,1985,0.4139
BRA,sptincj992,p0p90,1986,0.4139
BRA,sptincj992,p0p90,1987,0.4139
BRA,sptincj992,p0p90,1988,0.4139
BRA,sptincj992,p0p90,1989,0.4139
BRA,sptincj992,p0p90,1990,0.4139
BRA,sptincj992,p0p90,1991,0.4139
BRA,sptincj992,p0p90,1992,0.4139
BRA,sptincj992,p0p90,1993,0.4139
BRA,sptincj992,p0p90,1994,0.4139
BRA,sptincj992,p0p90,1995,0.4139
BRA,sptincj992,p0p90,1996,0.4139
BRA,sptincj992,p0p90,1997,0.4139
BRA,sptincj992,p0p90,1998,0.4139
BRA,sptincj992,p0p90,1999,0.4139
BRA,sptincj992,p0p90,2000,0.4139
BRA,sptincj992,p0p90,2001,0.4139
BRA,sptincj992,p0p90,2002,0.4066
BRA,sptincj992,p0p90,2003,0.4102
BRA,sptincj992,p0p90,2004,0.4182
BRA,sptincj992,p0p90,2005,0.3951
BRA,sptincj992,p0p90,2006,0.3961
BRA,sptincj992,p0p90,2007,0.4122
BRA,sptincj992,p0p90,2008,0.4156
BRA,sptincj992,p0p90,2009,0.4202
BRA,sptincj992,p0p90,2010,0.4125
BRA,sptincj992,p0p90,2011,0.4048
BRA,sptincj992,p0p90,2012,0.4144
BRA,sptincj992,p0p90,2013,0.4241
BRA,sptincj992,p0p90,2014,0.4208
BRA,sptincj992,p0p90,2015,0.4087
BRA,sptincj992,p0p90,2016,0.4165
BRA,sptincj992,p0p90,2017,0.4215
BRA,sptincj992,p0p90,2018,0.4258
BRA,sptincj992,p0p90,2019,0.4355
BRA,sptincj992,p0p90,2020,0.4092
BRA,sptincj992,p0p90,2021,0.4006
BRA,sptincj992,p0p90,2022,0.4061
BRA,sptincj992,p0p90,2023,0.4088
BRA,sptincj992,p0p90,2024,0.4088
BRA,sptincj992,p0p99,1820,0.7652
BRA,sptincj992,p0p99,1850,0.7627
BRA,sptincj992,p0p99,1880,0.7603000000000001
BRA,sptincj992,p0p99,1900,0.7578
BRA,sptincj992,p0p99,1910,0.7528
BRA,sptincj992,p0p99,1920,0.73
BRA,sptincj992,p0p99,1930,0.7000000000000001
BRA,sptincj992,p0p99,1940,0.66
BRA,sptincj992,p0p99,1950,0.7000000000000001
BRA,sptincj992,p0p99,1960,0.75
BRA,sptincj992,p0p99,1970,0.7200000000000001
BRA,sptincj992,p0p99,1980,0.7276
BRA,sptincj992,p0p99,1981,0.7276
BRA,sptincj992,p0p99,1982,0.7276
BRA,sptincj992,p0p99,1983,0.7276
BRA,sptincj992,p0p99,1984,0.7276
BRA,sptincj992,p0p99,1985,0.7276
BRA,sptincj992,p0p99,1986,0.7276
BRA,sptincj992,p0p99,1987,0.7276
BRA,sptincj992,p0p99,1988,0.7276
BRA,sptincj992,p0p99,1989,0.7276
BRA,sptincj992,p0p99,1990,0.7276
BRA,sptincj992,p0p99,1991,0.7276
BRA,sptincj992,p0p99,1992,0.7276
BRA,sptincj992,p0p99,1993,0.7276
BRA,sptincj992,p0p99,1994,0.7276
BRA,sptincj992,p0p99,1995,0.7276
BRA,sptincj992,p0p99,1996,0.7276
BRA,sptincj992,p0p99,1997,0.7276
BRA,sptincj992,p0p99,1998,0.7276
BRA,sptincj992,p0p99,1999,0.7276
BRA,sptincj992,p0p99,2000,0.7276
BRA,sptincj992,p0p99,2001,0.7276
BRA,sptincj992,p0p99,2002,0.7336
BRA,sptincj992,p0p99,2003,0.7266
BRA,sptincj992,p0p99,2004,0.7189
BRA,sptincj992,p0p99,2005,0.7169
BRA,sptincj992,p0p99,2006,0.7110000000000001
BRA,sptincj992,p0p99,2007,0.7001000000000001
BRA,sptincj992,p0p99,2008,0.7073
BRA,sptincj992,p0p99,2009,0.7272000000000001
BRA,sptincj992,p0p99,2010,0.7093
BRA,sptincj992,p0p99,2011,0.6915
BRA,sptincj992,p0p99,2012,0.6727000000000001
BRA,sptincj992,p0p99,2013,0.7042
BRA,sptincj992,p0p99,2014,0.6953
BRA,sptincj992,p0p99,2015,0.7242000000000001
BRA,sptincj992,p0p99,2016,0.7474000000000001
BRA,sptincj992,p0p99,2017,0.7408
BRA,sptincj992,p0p99,2018,0.753
BRA,sptincj992,p0p99,2019,0.7467
BRA,sptincj992,p0p99,2020,0.7295
BRA,sptincj992,p0p99,2021,0.7196
BRA,sptincj992,p0p99,2022,0.7425
BRA,sptincj992,p0p99,2023,0.735
BRA,sptincj992,p0p99,2024,0.735
BRA,sptincj992,p50p90,1820,0.3503
BRA,sptincj992,p50p90,1850,0.3461
BRA,sptincj992,p50p90,1880,0.3419
BRA,sptincj992,p50p90,1900,0.3377
BRA,sptincj992,p50p90,1910,0.3293
BRA,sptincj992,p50p90,1920,0.2905
BRA,sptincj992,p50p90,1930,0.2785
BRA,sptincj992,p50p90,1940,0.2626
BRA,sptincj992,p50p90,1950,0.2785
BRA,sptincj992,p50p90,1960,0.2984
BRA,sptincj992,p50p90,1970,0.2865
BRA,sptincj992,p50p90,1980,0.3227
BRA,sptincj992,p50p90,1981,0.3227
BRA,sptincj992,p50p90,1982,0.3227
BRA,sptincj992,p50p90,1983,0.3227
BRA,sptincj992,p50p90,1984,0.3227
BRA,sptincj992,p50p90,1985,0.3227
BRA,sptincj992,p50p90,1986,0.3227
BRA,sptincj992,p50p90,1987,0.3227
BRA,sptincj992,p50p90,1988,0.3227
BRA,sptincj992,p50p90,1989,0.3227
BRA,sptincj992,p50p90,1990,0.3227
BRA,sptincj992,p50p90,1991,0.3227
BRA,sptincj992,p50p90,1992,0.3227
BRA,sptincj992,p50p90,1993,0.3227
BRA,sptincj992,p50p90,1994,0.3227
BRA,sptincj992,p50p90,1995,0.3227
BRA,sptincj992,p50p90,1996,0.3227
BRA,sptincj992,p50p90,1997,0.3227
BRA,sptincj992,p50p90,1998,0.3227
BRA,sptincj992,p50p90,1999,0.3227
BRA,sptincj992,p50p90,2000,0.3227
BRA,sptincj992,p50p90,2001,0.3227
BRA,sptincj992,p50p90,2002,0.3161
BRA,sptincj992,p50p90,2003,0.3166
BRA,sptincj992,p50p90,2004,0.3226
BRA,sptincj992,p50p90,2005,0.3045
BRA,sptincj992,p50p90,2006,0.3029
BRA,sptincj992,p50p90,2007,0.3125
BRA,sptincj992,p50p90,2008,0.3138
BRA,sptincj992,p50p90,2009,0.3168
BRA,sptincj992,p50p90,2010,0.3098
BRA,sptincj992,p50p90,2011,0.3028
BRA,sptincj992,p50p90,2012,0.3085
BRA,sptincj992,p50p90,2013,0.316
BRA,sptincj992,p50p90,2014,0.3136
BRA,sptincj992,p50p90,2015,0.3053
BRA,sptincj992,p50p90,2016,0.3202
BRA,sptincj992,p50p90,2017,0.3251
BRA,sptincj992,p50p90,2018,0.3294
BRA,sptincj992,p50p90,2019,0.3352
BRA,sptincj992,p50p90,2020,0.3272
BRA,sptincj992,p50p90,2021,0.3183
BRA,sptincj992,p50p90,2022,0.3155
BRA,sptincj992,p50p90,2023,0.3162
BRA,sptincj992,p50p90,2024,0.3162
BRA,sptincj992,p90p100,1820,0.5324
BRA,sptincj992,p90p100,1850,0.538
BRA,sptincj992,p90p100,1880,0.5436
BRA,sptincj992,p90p100,1900,0.5492
BRA,sptincj992,p90p100,1910,0.5605
BRA,sptincj992,p90p100,1920,0.6123000000000001
BRA,sptincj992,p90p100,1930,0.6282
BRA,sptincj992,p90p100,1940,0.6494
BRA,sptincj992,p90p100,1950,0.6282
BRA,sptincj992,p90p100,1960,0.6016
BRA,sptincj992,p90p100,1970,0.6176
BRA,sptincj992,p90p100,1980,0.5861000000000001
BRA,sptincj992,p90p100,1981,0.5861000000000001
BRA,sptincj992,p90p100,1982,0.5861000000000001
BRA,sptincj992,p90p100,1983,0.5861000000000001
BRA,sptincj992,p90p100,1984,0.5861000000000001
BRA,sptincj992,p90p100,1985,0.5861000000000001
BRA,sptincj992,p90p100,1986,0.5861000000000001
BRA,sptincj992,p90p100,1987,0.5861000000000001
BRA,sptincj992,p90p100,1988,0.5861000000000001
BRA,sptincj992,p90p100,1989,0.5861000000000001
BRA,sptincj992,p90p100,1990,0.5861000000000001
BRA,sptincj992,p90p100,1991,0.5861000000000001
BRA,sptincj992,p90p100,1992,0.5861000000000001
BRA,sptincj992,p90p100,1993,0.5861000000000001
BRA,sptincj992,p90p100,1994,0.5861000000000001
BRA,sptincj992,p90p100,1995,0.5861000000000001
BRA,sptincj992,p90p100,1996,0.5861000000000001
BRA,sptincj992,p90p100,1997,0.5861000000000001
BRA,sptincj992,p90p100,1998,0.5861000000000001
BRA,sptincj992,p90p100,1999,0.5861000000000001
BRA,sptincj992,p90p100,2000,0.5861000000000001
BRA,sptincj992,p90p100,2001,0.5861000000000001
BRA,sptincj992,p90p100,2002,0.5934
BRA,sptincj992,p90p100,2003,0.5898
BRA,sptincj992,p90p100,2004,0.5818
BRA,sptincj992,p90p100,2005,0.6049
BRA,sptincj992,p90p100,2006,0.6039
BRA,sptincj992,p90p100,2007,0.5878
BRA,sptincj992,p90p100,2008,0.5844
BRA,sptincj992,p90p100,2009,0.5798
BRA,sptincj992,p90p100,2010,0.5875
BRA,sptincj992,p90p100,2011,0.5952000000000001
BRA,sptincj992,p90p100,2012,0.5856
BRA,sptincj992,p90p100,2013,0.5759000000000001
BRA,sptincj992,p90p100,2014,0.5792
BRA,sptincj992,p90p100,2015,0.5913
BRA,sptincj992,p90p100,2016,0.5835
BRA,sptincj992,p90p100,2017,0.5785
BRA,sptincj992,p90p100,2018,0.5742
BRA,sptincj992,p90p100,2019,0.5645
BRA,sptincj992,p90p100,2020,0.5908
BRA,sptincj992,p90p100,2021,0.5994
BRA,sptincj992,p90p100,2022,0.5939
BRA,sptincj992,p90p100,2023,0.5912000000000001
BRA,sptincj992,p90p100,2024,0.5912000000000001
BRA,sptincj992,p99p100,1820,0.2348
BRA,sptincj992,p99p100,1850,0.2373
BRA,sptincj992,p99p100,1880,0.2397
BRA,sptincj992,p99p100,1900,0.2422
BRA,sptincj992,p99p100,1910,0.2472
BRA,sptincj992,p99p100,1920,0.27
BRA,sptincj992,p99p100,1930,0.3
BRA,sptincj992,p99p100,1940,0.34
BRA,sptincj992,p99p100,1950,0.3
BRA,sptincj992,p99p100,1960,0.25
BRA,sptincj992,p99p100,1970,0.28
BRA,sptincj992,p99p100,1980,0.2724
BRA,sptincj992,p99p100,1981,0.2724
BRA,sptincj992,p99p100,1982,0.2724
BRA,sptincj992,p99p100,1983,0.2724
BRA,sptincj992,p99p100,1984,0.2724
BRA,sptincj992,p99p100,1985,0.2724
BRA,sptincj992,p99p100,1986,0.2724
BRA,sptincj992,p99p100,1987,0.2724
BRA,sptincj992,p99p100,1988,0.2724
BRA,sptincj992,p99p100,1989,0.2724
BRA,sptincj992,p99p100,1990,0.2724
BRA,sptincj992,p99p100,1991,0.2724
BRA,sptincj992,p99p100,1992,0.2724
BRA,sptincj992,p99p100,1993,0.2724
BRA,sptincj992,p99p100,1994,0.2724
BRA,sptincj992,p99p100,1995,0.2724
BRA,sptincj992,p99p100,1996,0.2724
BRA,sptincj992,p99p100,1997,0.2724
BRA,sptincj992,p99p100,1998,0.2724
BRA,sptincj992,p99p100,1999,0.2724
BRA,sptincj992,p99p100,2000,0.2724
BRA,sptincj992,p99p100,2001,0.2724
BRA,sptincj992,p99p100,2002,0.2664
BRA,sptincj992,p99p100,2003,0.2734
BRA,sptincj992,p99p100,2004,0.2811
BRA,sptincj992,p99p100,2005,0.2831
BRA,sptincj992,p99p100,2006,0.289
BRA,sptincj992,p99p100,2007,0.2999
BRA,sptincj992,p99p100,2008,0.2927
BRA,sptincj992,p99p100,2009,0.2728
BRA,sptincj992,p99p100,2010,0.2907
BRA,sptincj992,p99p100,2011,0.3085
BRA,sptincj992,p99p100,2012,0.3273
BRA,sptincj992,p99p100,2013,0.2958
BRA,sptincj992,p99p100,2014,0.3047
BRA,sptincj992,p99p100,2015,0.2758
BRA,sptincj992,p99p100,2016,0.2526
BRA,sptincj992,p99p100,2017,0.2592
BRA,sptincj992,p99p100,2018,0.247
BRA,sptincj992,p99p100,2019,0.2533
BRA,sptincj992,p99p100,2020,0.2705
BRA,sptincj992,p99p100,2021,0.2804
BRA,sptincj992,p99p100,2022,0.2575
BRA,sptincj992,p99p100,2023,0.265
BRA,sptincj992,p99p100,2024,0.265
CAN,spllinf992,p0p100,1990,0.33559999
CAN,spllinf992,p0p100,1991,0.34529999
CAN,spllinf992,p0p100,1992,0.352
CAN,spllinf992,p0p100,1993,0.3558
CAN,spllinf992,p0p100,1994,0.3441
CAN,spllinf992,p0p100,1995,0.35589999
CAN,spllinf992,p0p100,1996,0.34490001
CAN,spllinf992,p0p100,1997,0.3441
CAN,spllinf992,p0p100,1998,0.34889999
CAN,spllinf992,p0p100,1999,0.35100001
CAN,spllinf992,p0p100,2000,0.3484
CAN,spllinf992,p0p100,2001,0.3513
CAN,spllinf992,p0p100,2002,0.35429999
CAN,spllinf992,p0p100,2003,0.35800001
CAN,spllinf992,p0p100,2004,0.35710001
CAN,spllinf992,p0p100,2005,0.36199999
CAN,spllinf992,p0p100,2006,0.36520001
CAN,spllinf992,p0p100,2007,0.3707
CAN,spllinf992,p0p100,2008,0.3673
CAN,spllinf992,p0p100,2009,0.3854
CAN,spllinf992,p0p100,2010,0.38159999
CAN,spllinf992,p0p100,2011,0.377
CAN,spllinf992,p0p100,2012,0.38159999
CAN,spllinf992,p0p100,2013,0.38370001
CAN,spllinf992,p0p100,2014,0.38
CAN,spllinf992,p0p100,2015,0.38550001
CAN,spllinf992,p0p100,2016,0.38420001
CAN,spllinf992,p0p100,2017,0.38530001
CAN,spllinf992,p0p100,2018,0.3892
CAN,spllinf992,p0p100,2019,0.39539999
CAN,spllinf992,p0p100,2020,0.3994
CAN,spllinf992,p0p100,2021,0.39860001
CAN,spllinf992,p0p100,2022,0.42930001
CAN,spllinf992,p0p100,2023,0.4305
CAN,spllinf992,p0p100,2024,0.43110001
CAN,sptincj992,p0p100,1820,1
CAN,sptincj992,p0p100,1850,1
CAN,sptincj992,p0p100,1880,1
CAN,sptincj992,p0p100,1900,1
CAN,sptincj992,p0p100,1910,1
CAN,sptincj992,p0p100,1920,1
CAN,sptincj992,p0p100,1921,1
CAN,sptincj992,p0p100,1922,1
CAN,sptincj992,p0p100,1923,1
CAN,sptincj992,p0p100,1924,1
CAN,sptincj992,p0p100,1925,1
CAN,sptincj992,p0p100,1926,1
CAN,sptincj992,p0p100,1927,1
CAN,sptincj992,p0p100,1928,1
CAN,sptincj992,p0p100,1929,1
CAN,sptincj992,p0p100,1930,1
CAN,sptincj992,p0p100,1931,1
CAN,sptincj992,p0p100,1932,1
CAN,sptincj992,p0p100,1933,1
CAN,sptincj992,p0p100,1934,1
CAN,sptincj992,p0p100,1935,1
CAN,sptincj992,p0p100,1936,1
CAN,sptincj992,p0p100,1937,1
CAN,sptincj992,p0p100,1938,1
CAN,sptincj992,p0p100,1939,1
CAN,sptincj992,p0p100,1940,1
CAN,sptincj992,p0p100,1941,1
CAN,sptincj992,p0p100,1942,1
CAN,sptincj992,p0p100,1943,1
CAN,sptincj992,p0p100,1944,1
CAN,sptincj992,p0p100,1945,1
CAN,sptincj992,p0p100,1946,1
CAN,sptincj992,p0p100,1947,1
CAN,sptincj992,p0p100,1948,1
CAN,sptincj992,p0p100,1949,1
CAN,sptincj992,p0p100,1950,1
CAN,sptincj992,p0p100,1951,1
CAN,sptincj992,p0p100,1952,1
CAN,sptincj992,p0p100,1953,1
CAN,sptincj992,p0p100,1954,1
CAN,sptincj992,p0p100,1955,1
CAN,sptincj992,p0p100,1956,1
CAN,sptincj992,p0p100,1957,1
CAN,sptincj992,p0p100,1958,1
CAN,sptincj992,p0p100,1959,1
CAN,sptincj992,p0p100,1960,1
CAN,sptincj992,p0p100,1961,1
CAN,sptincj992,p0p100,1962,1
CAN,sptincj992,p0p100,1963,1
CAN,sptincj992,p0p100,1964,1
CAN,sptincj992,p0p100,1965,1
CAN,sptincj992,p0p100,1966,1
CAN,sptincj992,p0p100,1967,1
CAN,sptincj992,p0p100,1968,1
CAN,sptincj992,p0p100,1969,1
CAN,sptincj992,p0p100,1970,1
CAN,sptincj992,p0p100,1971,1
CAN,sptincj992,p0p100,1972,1
CAN,sptincj992,p0p100,1973,1
CAN,sptincj992,p0p100,1974,1
CAN,sptincj992,p0p100,1975,1
CAN,sptincj992,p0p100,1976,1
CAN,sptincj992,p0p100,1977,1
CAN,sptincj992,p0p100,1978,1
CAN,sptincj992,p0p100,1979,1
CAN,sptincj992,p0p100,1980,1
CAN,sptincj992,p0p100,1981,1
CAN,sptincj992,p0p100,1982,1
CAN,sptincj992,p0p100,1983,1
CAN,sptincj992,p0p100,1984,1
CAN,sptincj992,p0p100,1985,1
CAN,sptincj992,p0p100,1986,1
CAN,sptincj992,p0p100,1987,1
CAN,sptincj992,p0p100,1988,1
CAN,sptincj992,p0p100,1989,1
CAN,sptincj992,p0p100,1990,1
CAN,sptincj992,p0p100,1991,1
CAN,sptincj992,p0p100,1992,1
CAN,sptincj992,p0p100,1993,1
CAN,sptincj992,p0p100,1994,1
CAN,sptincj992,p0p100,1995,1
CAN,sptincj992,p0p100,1996,1
CAN,sptincj992,p0p100,1997,1
CAN,sptincj992,p0p100,1998,1
CAN,sptincj992,p0p100,1999,1
CAN,sptincj992,p0p100,2000,1
CAN,sptincj992,p0p100,2001,1
CAN,sptincj992,p0p100,2002,1
CAN,sptincj992,p0p100,2003,1
CAN,sptincj992,p0p100,2004,1
CAN,sptincj992,p0p100,2005,1
CAN,sptincj992,p0p100,2006,1
CAN,sptincj992,p0p100,2007,1
CAN,sptincj992,p0p100,2008,1
CAN,sptincj992,p0p100,2009,1
CAN,sptincj992,p0p100,2010,1
CAN,sptincj992,p0p100,2011,1
CAN,sptincj992,p0p100,2012,1
CAN,sptincj992,p0p100,2013,1
CAN,sptincj992,p0p100,2014,1
CAN,sptincj992,p0p100,2015,1
CAN,sptincj992,p0p100,2016,1
CAN,sptincj992,p0p100,2017,1
CAN,sptincj992,p0p100,2018,1
CAN,sptincj992,p0p100,2019,1
CAN,sptincj992,p0p100,2020,1
CAN,sptincj992,p0p100,2021,1
CAN,sptincj992,p0p100,2022,1
CAN,sptincj992,p0p100,2023,1
CAN,sptincj992,p0p100,2024,1
CAN,sptincj992,p0p50,1820,0.1229
CAN,sptincj992,p0p50,1850,0.1255
CAN,sptincj992,p0p50,1880,0.1205
CAN,sptincj992,p0p50,1900,0.1178
CAN,sptincj992,p0p50,1910,0.1134
CAN,sptincj992,p0p50,1920,0.1985
CAN,sptincj992,p0p50,1921,0.1634
CAN,sptincj992,p0p50,1922,0.1911
CAN,sptincj992,p0p50,1923,0.2081
CAN,sptincj992,p0p50,1924,0.2061
CAN,sptincj992,p0p50,1925,0.2094
CAN,sptincj992,p0p50,1926,0.208
CAN,sptincj992,p0p50,1927,0.2063
CAN,sptincj992,p0p50,1928,0.2037
CAN,sptincj992,p0p50,1929,0.2024
CAN,sptincj992,p0p50,1930,0.1981
CAN,sptincj992,p0p50,1931,0.1842
CAN,sptincj992,p0p50,1932,0.1689
CAN,sptincj992,p0p50,1933,0.1623
CAN,sptincj992,p0p50,1934,0.1623
CAN,sptincj992,p0p50,1935,0.1751
CAN,sptincj992,p0p50,1936,0.1751
CAN,sptincj992,p0p50,1937,0.1855
CAN,sptincj992,p0p50,1938,0.1685
CAN,sptincj992,p0p50,1939,0.1792
CAN,sptincj992,p0p50,1940,0.1929
CAN,sptincj992,p0p50,1941,0.2052
CAN,sptincj992,p0p50,1942,0.2203
CAN,sptincj992,p0p50,1943,0.2214
CAN,sptincj992,p0p50,1944,0.2257
CAN,sptincj992,p0p50,1945,0.2259
CAN,sptincj992,p0p50,1946,0.2246
CAN,sptincj992,p0p50,1947,0.224
CAN,sptincj992,p0p50,1948,0.2276
CAN,sptincj992,p0p50,1949,0.2239
CAN,sptincj992,p0p50,1950,0.2239
CAN,sptincj992,p0p50,1951,0.2287
CAN,sptincj992,p0p50,1952,0.2288
CAN,sptincj992,p0p50,1953,0.2261
CAN,sptincj992,p0p50,1954,0.223
CAN,sptincj992,p0p50,1955,0.224
CAN,sptincj992,p0p50,1956,0.2265
CAN,sptincj992,p0p50,1957,0.2247
CAN,sptincj992,p0p50,1958,0.2236
CAN,sptincj992,p0p50,1959,0.2235
CAN,sptincj992,p0p50,1960,0.2223
CAN,sptincj992,p0p50,1961,0.2208
CAN,sptincj992,p0p50,1962,0.2245
CAN,sptincj992,p0p50,1963,0.2255
CAN,sptincj992,p0p50,1964,0.2246
CAN,sptincj992,p0p50,1965,0.2265
CAN,sptincj992,p0p50,1966,0.2279
CAN,sptincj992,p0p50,1967,0.2267
CAN,sptincj992,p0p50,1968,0.2261
CAN,sptincj992,p0p50,1969,0.2259
CAN,sptincj992,p0p50,1970,0.2245
CAN,sptincj992,p0p50,1971,0.2249
CAN,sptincj992,p0p50,1972,0.2251
CAN,sptincj992,p0p50,1973,0.2254
CAN,sptincj992,p0p50,1974,0.2246
CAN,sptincj992,p0p50,1975,0.2207
CAN,sptincj992,p0p50,1976,0.2229
CAN,sptincj992,p0p50,1977,0.2247
CAN,sptincj992,p0p50,1978,0.2238
CAN,sptincj992,p0p50,1979,0.223
CAN,sptincj992,p0p50,1980,0.2197
CAN,sptincj992,p0p50,1981,0.2239
CAN,sptincj992,p0p50,1982,0.2245
CAN,sptincj992,p0p50,1983,0.2214
CAN,sptincj992,p0p50,1984,0.2217
CAN,sptincj992,p0p50,1985,0.2196
CAN,sptincj992,p0p50,1986,0.2111
CAN,sptincj992,p0p50,1987,0.2107
CAN,sptincj992,p0p50,1988,0.2093
CAN,sptincj992,p0p50,1989,0.2036
CAN,sptincj992,p0p50,1990,0.1986
CAN,sptincj992,p0p50,1991,0.1919
CAN,sptincj992,p0p50,1992,0.1899
CAN,sptincj992,p0p50,1993,0.1833
CAN,sptincj992,p0p50,1994,0.1821
CAN,sptincj992,p0p50,1995,0.1771
CAN,sptincj992,p0p50,1996,0.1752
CAN,sptincj992,p0p50,1997,0.1729
CAN,sptincj992,p0p50,1998,0.1721
CAN,sptincj992,p0p50,1999,0.1738
CAN,sptincj992,p0p50,2000,0.1702
CAN,sptincj992,p0p50,2001,0.1737
CAN,sptincj992,p0p50,2002,0.1724
CAN,sptincj992,p0p50,2003,0.1713
CAN,sptincj992,p0p50,2004,0.1701
CAN,sptincj992,p0p50,2005,0.1695
CAN,sptincj992,p0p50,2006,0.1675
CAN,sptincj992,p0p50,2007,0.1675
CAN,sptincj992,p0p50,2008,0.1703
CAN,sptincj992,p0p50,2009,0.1723
CAN,sptincj992,p0p50,2010,0.1705
CAN,sptincj992,p0p50,2011,0.1707
CAN,sptincj992,p0p50,2012,0.1721
CAN,sptincj992,p0p50,2013,0.1716
CAN,sptincj992,p0p50,2014,0.1735
CAN,sptincj992,p0p50,2015,0.1734
CAN,sptincj992,p0p50,2016,0.178
CAN,sptincj992,p0p50,2017,0.1762
CAN,sptincj992,p0p50,2018,0.1785
CAN,sptincj992,p0p50,2019,0.1791
CAN,sptincj992,p0p50,2020,0.1691
CAN,sptincj992,p0p50,2021,0.1743
CAN,sptincj992,p0p50,2022,0.1692
CAN,sptincj992,p0p50,2023,0.1692
CAN,sptincj992,p0p50,2024,0.1692
CAN,sptincj992,p0p90,1820,0.5941000000000001
CAN,sptincj992,p0p90,1850,0.6068
CAN,sptincj992,p0p90,1880,0.5823
CAN,sptincj992,p0p90,1900,0.5693
CAN,sptincj992,p0p90,1910,0.5483
CAN,sptincj992,p0p90,1920,0.6258
CAN,sptincj992,p0p90,1921,0.5054000000000001
CAN,sptincj992,p0p90,1922,0.5996
CAN,sptincj992,p0p90,1923,0.659
CAN,sptincj992,p0p90,1924,0.6524
CAN,sptincj992,p0p90,1925,0.6636000000000001
CAN,sptincj992,p0p90,1926,0.6593
CAN,sptincj992,p0p90,1927,0.6521
CAN,sptincj992,p0p90,1928,0.6437
CAN,sptincj992,p0p90,1929,0.6381
CAN,sptincj992,p0p90,1930,0.624
CAN,sptincj992,p0p90,1931,0.5752
CAN,sptincj992,p0p90,1932,0.5238
CAN,sptincj992,p0p90,1933,0.5008
CAN,sptincj992,p0p90,1934,0.5008
CAN,sptincj992,p0p90,1935,0.5443
CAN,sptincj992,p0p90,1936,0.5443
CAN,sptincj992,p0p90,1937,0.5785
CAN,sptincj992,p0p90,1938,0.5218
CAN,sptincj992,p0p90,1939,0.5574
CAN,sptincj992,p0p90,1940,0.6083000000000001
CAN,sptincj992,p0p90,1941,0.6497
CAN,sptincj992,p0p90,1942,0.7014
CAN,sptincj992,p0p90,1943,0.7038
CAN,sptincj992,p0p90,1944,0.7199
CAN,sptincj992,p0p90,1945,0.7206
CAN,sptincj992,p0p90,1946,0.7168
CAN,sptincj992,p0p90,1947,0.7133
CAN,sptincj992,p0p90,1948,0.7259
CAN,sptincj992,p0p90,1949,0.7124
CAN,sptincj992,p0p90,1950,0.7123
CAN,sptincj992,p0p90,1951,0.7293000000000001
CAN,sptincj992,p0p90,1952,0.7278
CAN,sptincj992,p0p90,1953,0.7197
CAN,sptincj992,p0p90,1954,0.7082
CAN,sptincj992,p0p90,1955,0.7135
CAN,sptincj992,p0p90,1956,0.7209
CAN,sptincj992,p0p90,1957,0.7158
CAN,sptincj992,p0p90,1958,0.7106
CAN,sptincj992,p0p90,1959,0.7100000000000001
CAN,sptincj992,p0p90,1960,0.7066
CAN,sptincj992,p0p90,1961,0.7015
CAN,sptincj992,p0p90,1962,0.7149
CAN,sptincj992,p0p90,1963,0.7184
CAN,sptincj992,p0p90,1964,0.7149
CAN,sptincj992,p0p90,1965,0.7200000000000001
CAN,sptincj992,p0p90,1966,0.7241000000000001
CAN,sptincj992,p0p90,1967,0.7212000000000001
CAN,sptincj992,p0p90,1968,0.7192000000000001
CAN,sptincj992,p0p90,1969,0.7185
CAN,sptincj992,p0p90,1970,0.7133
CAN,sptincj992,p0p90,1971,0.7149
CAN,sptincj992,p0p90,1972,0.7159
CAN,sptincj992,p0p90,1973,0.7175
CAN,sptincj992,p0p90,1974,0.7143
CAN,sptincj992,p0p90,1975,0.7016
CAN,sptincj992,p0p90,1976,0.7085
CAN,sptincj992,p0p90,1977,0.7145
CAN,sptincj992,p0p90,1978,0.7115
CAN,sptincj992,p0p90,1979,0.7087
CAN,sptincj992,p0p90,1980,0.6997
CAN,sptincj992,p0p90,1981,0.7109000000000001
CAN,sptincj992,p0p90,1982,0.7152000000000001
CAN,sptincj992,p0p90,1983,0.7114
CAN,sptincj992,p0p90,1984,0.7093
CAN,sptincj992,p0p90,1985,0.7081000000000001
CAN,sptincj992,p0p90,1986,0.7035
CAN,sptincj992,p0p90,1987,0.7010000000000001
CAN,sptincj992,p0p90,1988,0.6929000000000001
CAN,sptincj992,p0p90,1989,0.6856
CAN,sptincj992,p0p90,1990,0.6839000000000001
CAN,sptincj992,p0p90,1991,0.682
CAN,sptincj992,p0p90,1992,0.6817000000000001
CAN,sptincj992,p0p90,1993,0.6749
CAN,sptincj992,p0p90,1994,0.6732
CAN,sptincj992,p0p90,1995,0.6683
CAN,sptincj992,p0p90,1996,0.6617000000000001
CAN,sptincj992,p0p90,1997,0.6536000000000001
CAN,sptincj992,p0p90,1998,0.6514
CAN,sptincj992,p0p90,1999,0.6463
CAN,sptincj992,p0p90,2000,0.6352
CAN,sptincj992,p0p90,2001,0.635
CAN,sptincj992,p0p90,2002,0.634
CAN,sptincj992,p0p90,2003,0.6305000000000001
CAN,sptincj992,p0p90,2004,0.6244000000000001
CAN,sptincj992,p0p90,2005,0.6193000000000001
CAN,sptincj992,p0p90,2006,0.6162000000000001
CAN,sptincj992,p0p90,2007,0.6162000000000001
CAN,sptincj992,p0p90,2008,0.6242
CAN,sptincj992,p0p90,2009,0.6412
CAN,sptincj992,p0p90,2010,0.6348
CAN,sptincj992,p0p90,2011,0.6353
CAN,sptincj992,p0p90,2012,0.6418
CAN,sptincj992,p0p90,2013,0.6413
CAN,sptincj992,p0p90,2014,0.6435000000000001
CAN,sptincj992,p0p90,2015,0.6461
CAN,sptincj992,p0p90,2016,0.6587000000000001
CAN,sptincj992,p0p90,2017,0.6519
CAN,sptincj992,p0p90,2018,0.654
CAN,sptincj992,p0p90,2019,0.6562
CAN,sptincj992,p0p90,2020,0.6482
CAN,sptincj992,p0p90,2021,0.6378
CAN,sptincj992,p0p90,2022,0.6322
CAN,sptincj992,p0p90,2023,0.6322
CAN,sptincj992,p0p90,2024,0.6322
CAN,sptincj992,p0p99,1820,0.8450000000000001
CAN,sptincj992,p0p99,1850,0.86
CAN,sptincj992,p0p99,1880,0.8400000000000001
CAN,sptincj992,p0p99,1900,0.8350000000000001
CAN,sptincj992,p0p99,1910,0.8300000000000001
CAN,sptincj992,p0p99,1920,0.8959
CAN,sptincj992,p0p99,1921,0.8625
CAN,sptincj992,p0p99,1922,0.8869
CAN,sptincj992,p0p99,1923,0.8957
CAN,sptincj992,p0p99,1924,0.8946000000000001
CAN,sptincj992,p0p99,1925,0.9047000000000001
CAN,sptincj992,p0p99,1926,0.8989
CAN,sptincj992,p0p99,1927,0.894
CAN,sptincj992,p0p99,1928,0.8888
CAN,sptincj992,p0p99,1929,0.8862
CAN,sptincj992,p0p99,1930,0.8822000000000001
CAN,sptincj992,p0p99,1931,0.8748
CAN,sptincj992,p0p99,1932,0.8636
CAN,sptincj992,p0p99,1933,0.8589
CAN,sptincj992,p0p99,1934,0.8589
CAN,sptincj992,p0p99,1935,0.8701000000000001
CAN,sptincj992,p0p99,1936,0.8701000000000001
CAN,sptincj992,p0p99,1937,0.8776
CAN,sptincj992,p0p99,1938,0.8573000000000001
CAN,sptincj992,p0p99,1939,0.8716
CAN,sptincj992,p0p99,1940,0.89
CAN,sptincj992,p0p99,1941,0.9028
CAN,sptincj992,p0p99,1942,0.919
CAN,sptincj992,p0p99,1943,0.9231
CAN,sptincj992,p0p99,1944,0.9285
CAN,sptincj992,p0p99,1945,0.9273
CAN,sptincj992,p0p99,1946,0.9229
CAN,sptincj992,p0p99,1947,0.9209
CAN,sptincj992,p0p99,1948,0.9255
CAN,sptincj992,p0p99,1949,0.9227000000000001
CAN,sptincj992,p0p99,1950,0.9215000000000001
CAN,sptincj992,p0p99,1951,0.9283
CAN,sptincj992,p0p99,1952,0.9294
CAN,sptincj992,p0p99,1953,0.9289000000000001
CAN,sptincj992,p0p99,1954,0.9251
CAN,sptincj992,p0p99,1955,0.9266000000000001
CAN,sptincj992,p0p99,1956,0.9307000000000001
CAN,sptincj992,p0p99,1957,0.9301
CAN,sptincj992,p0p99,1958,0.9284
CAN,sptincj992,p0p99,1959,0.9293
CAN,sptincj992,p0p99,1960,0.9285
CAN,sptincj992,p0p99,1961,0.9273
CAN,sptincj992,p0p99,1962,0.9313
CAN,sptincj992,p0p99,1963,0.9331
CAN,sptincj992,p0p99,1964,0.9313
CAN,sptincj992,p0p99,1965,0.9329000000000001
CAN,sptincj992,p0p99,1966,0.9352
CAN,sptincj992,p0p99,1967,0.9342
CAN,sptincj992,p0p99,1968,0.934
CAN,sptincj992,p0p99,1969,0.934
CAN,sptincj992,p0p99,1970,0.9338000000000001
CAN,sptincj992,p0p99,1971,0.9351
CAN,sptincj992,p0p99,1972,0.9354
CAN,sptincj992,p0p99,1973,0.9333
CAN,sptincj992,p0p99,1974,0.9332
CAN,sptincj992,p0p99,1975,0.9258000000000001
CAN,sptincj992,p0p99,1976,0.9316000000000001
CAN,sptincj992,p0p99,1977,0.9347000000000001
CAN,sptincj992,p0p99,1978,0.933
CAN,sptincj992,p0p99,1979,0.9284
CAN,sptincj992,p0p99,1980,0.924
CAN,sptincj992,p0p99,1981,0.9292
CAN,sptincj992,p0p99,1982,0.9299000000000001
CAN,sptincj992,p0p99,1983,0.9261
CAN,sptincj992,p0p99,1984,0.9227000000000001
CAN,sptincj992,p0p99,1985,0.9234
CAN,sptincj992,p0p99,1986,0.9219
CAN,sptincj992,p0p99,1987,0.9194
CAN,sptincj992,p0p99,1988,0.9113
CAN,sptincj992,p0p99,1989,0.9052
CAN,sptincj992,p0p99,1990,0.9073
CAN,sptincj992,p0p99,1991,0.9085000000000001
CAN,sptincj992,p0p99,1992,0.9081
CAN,sptincj992,p0p99,1993,0.9043
CAN,sptincj992,p0p99,1994,0.9039
CAN,sptincj992,p0p99,1995,0.9012
CAN,sptincj992,p0p99,1996,0.8961
CAN,sptincj992,p0p99,1997,0.8887
CAN,sptincj992,p0p99,1998,0.8873000000000001
CAN,sptincj992,p0p99,1999,0.8817
CAN,sptincj992,p0p99,2000,0.8731
CAN,sptincj992,p0p99,2001,0.8729
CAN,sptincj992,p0p99,2002,0.8721
CAN,sptincj992,p0p99,2003,0.8694000000000001
CAN,sptincj992,p0p99,2004,0.8641000000000001
CAN,sptincj992,p0p99,2005,0.8598
CAN,sptincj992,p0p99,2006,0.8579
CAN,sptincj992,p0p99,2007,0.8579
CAN,sptincj992,p0p99,2008,0.8653000000000001
CAN,sptincj992,p0p99,2009,0.8814000000000001
CAN,sptincj992,p0p99,2010,0.8765000000000001
CAN,sptincj992,p0p99,2011,0.8772000000000001
CAN,sptincj992,p0p99,2012,0.8838
CAN,sptincj992,p0p99,2013,0.8839
CAN,sptincj992,p0p99,2014,0.8856
CAN,sptincj992,p0p99,2015,0.8851
CAN,sptincj992,p0p99,2016,0.901
CAN,sptincj992,p0p99,2017,0.8947
CAN,sptincj992,p0p99,2018,0.8947
CAN,sptincj992,p0p99,2019,0.8961
CAN,sptincj992,p0p99,2020,0.8941
CAN,sptincj992,p0p99,2021,0.8838
CAN,sptincj992,p0p99,2022,0.8794000000000001
CAN,sptincj992,p0p99,2023,0.8794000000000001
CAN,sptincj992,p0p99,2024,0.8794000000000001
CAN,sptincj992,p50p90,1820,0.4712
CAN,sptincj992,p50p90,1850,0.4812
CAN,sptincj992,p50p90,1880,0.4618
CAN,sptincj992,p50p90,1900,0.4515
CAN,sptincj992,p50p90,1910,0.4349
CAN,sptincj992,p50p90,1920,0.4273
CAN,sptincj992,p50p90,1921,0.342
CAN,sptincj992,p50p90,1922,0.4085
CAN,sptincj992,p50p90,1923,0.4508
CAN,sptincj992,p50p90,1924,0.4462
CAN,sptincj992,p50p90,1925,0.4542
CAN,sptincj992,p50p90,1926,0.4512
CAN,sptincj992,p50p90,1927,0.4458
CAN,sptincj992,p50p90,1928,0.4399
CAN,sptincj992,p50p90,1929,0.4357
CAN,sptincj992,p50p90,1930,0.4259
CAN,sptincj992,p50p90,1931,0.391
CAN,sptincj992,p50p90,1932,0.3549
CAN,sptincj992,p50p90,1933,0.3385
CAN,sptincj992,p50p90,1934,0.3385
CAN,sptincj992,p50p90,1935,0.3692
CAN,sptincj992,p50p90,1936,0.3692
CAN,sptincj992,p50p90,1937,0.393
CAN,sptincj992,p50p90,1938,0.3533
CAN,sptincj992,p50p90,1939,0.3783
CAN,sptincj992,p50p90,1940,0.4154
CAN,sptincj992,p50p90,1941,0.4445
CAN,sptincj992,p50p90,1942,0.4811
CAN,sptincj992,p50p90,1943,0.4824
CAN,sptincj992,p50p90,1944,0.4943
CAN,sptincj992,p50p90,1945,0.4948
CAN,sptincj992,p50p90,1946,0.4922
CAN,sptincj992,p50p90,1947,0.4892
CAN,sptincj992,p50p90,1948,0.4983
CAN,sptincj992,p50p90,1949,0.4885
CAN,sptincj992,p50p90,1950,0.4885
CAN,sptincj992,p50p90,1951,0.5006
CAN,sptincj992,p50p90,1952,0.499
CAN,sptincj992,p50p90,1953,0.4936
CAN,sptincj992,p50p90,1954,0.4852
CAN,sptincj992,p50p90,1955,0.4895
CAN,sptincj992,p50p90,1956,0.4945000000000001
CAN,sptincj992,p50p90,1957,0.4911
CAN,sptincj992,p50p90,1958,0.487
CAN,sptincj992,p50p90,1959,0.4866
CAN,sptincj992,p50p90,1960,0.4842
CAN,sptincj992,p50p90,1961,0.4807
CAN,sptincj992,p50p90,1962,0.4904
CAN,sptincj992,p50p90,1963,0.4929
CAN,sptincj992,p50p90,1964,0.4904
CAN,sptincj992,p50p90,1965,0.4935
CAN,sptincj992,p50p90,1966,0.4962
CAN,sptincj992,p50p90,1967,0.4945000000000001
CAN,sptincj992,p50p90,1968,0.4931
CAN,sptincj992,p50p90,1969,0.4926
CAN,sptincj992,p50p90,1970,0.4887
CAN,sptincj992,p50p90,1971,0.4901
CAN,sptincj992,p50p90,1972,0.4908
CAN,sptincj992,p50p90,1973,0.4921
CAN,sptincj992,p50p90,1974,0.4897
CAN,sptincj992,p50p90,1975,0.4809
CAN,sptincj992,p50p90,1976,0.4856
CAN,sptincj992,p50p90,1977,0.4898
CAN,sptincj992,p50p90,1978,0.4877
CAN,sptincj992,p50p90,1979,0.4856
CAN,sptincj992,p50p90,1980,0.4799
CAN,sptincj992,p50p90,1981,0.4871
CAN,sptincj992,p50p90,1982,0.4907
CAN,sptincj992,p50p90,1983,0.49
CAN,sptincj992,p50p90,1984,0.4876
CAN,sptincj992,p50p90,1985,0.4885
CAN,sptincj992,p50p90,1986,0.4924
CAN,sptincj992,p50p90,1987,0.4902
CAN,sptincj992,p50p90,1988,0.4836
CAN,sptincj992,p50p90,1989,0.482
CAN,sptincj992,p50p90,1990,0.4852
CAN,sptincj992,p50p90,1991,0.4901
CAN,sptincj992,p50p90,1992,0.4918
CAN,sptincj992,p50p90,1993,0.4916
CAN,sptincj992,p50p90,1994,0.4911
CAN,sptincj992,p50p90,1995,0.4913
CAN,sptincj992,p50p90,1996,0.4865
CAN,sptincj992,p50p90,1997,0.4807
CAN,sptincj992,p50p90,1998,0.4794
CAN,sptincj992,p50p90,1999,0.4725
CAN,sptincj992,p50p90,2000,0.465
CAN,sptincj992,p50p90,2001,0.4614
CAN,sptincj992,p50p90,2002,0.4617
CAN,sptincj992,p50p90,2003,0.4592
CAN,sptincj992,p50p90,2004,0.4543
CAN,sptincj992,p50p90,2005,0.4498
CAN,sptincj992,p50p90,2006,0.4487
CAN,sptincj992,p50p90,2007,0.4487
CAN,sptincj992,p50p90,2008,0.4539
CAN,sptincj992,p50p90,2009,0.4689
CAN,sptincj992,p50p90,2010,0.4643
CAN,sptincj992,p50p90,2011,0.4645
CAN,sptincj992,p50p90,2012,0.4697
CAN,sptincj992,p50p90,2013,0.4697
CAN,sptincj992,p50p90,2014,0.4699
CAN,sptincj992,p50p90,2015,0.4727
CAN,sptincj992,p50p90,2016,0.4808
CAN,sptincj992,p50p90,2017,0.4757
CAN,sptincj992,p50p90,2018,0.4755
CAN,sptincj992,p50p90,2019,0.4771
CAN,sptincj992,p50p90,2020,0.4791
CAN,sptincj992,p50p90,2021,0.4636
CAN,sptincj992,p50p90,2022,0.463
CAN,sptincj992,p50p90,2023,0.463
CAN,sptincj992,p50p90,2024,0.463
CAN,sptincj992,p90p100,1820,0.4059
CAN,sptincj992,p90p100,1850,0.3932
CAN,sptincj992,p90p100,1880,0.4177
CAN,sptincj992,p90p100,1900,0.4307
CAN,sptincj992,p90p100,1910,0.4517
CAN,sptincj992,p90p100,1920,0.3742
CAN,sptincj992,p90p100,1921,0.4946
CAN,sptincj992,p90p100,1922,0.4004
CAN,sptincj992,p90p100,1923,0.341
CAN,sptincj992,p90p100,1924,0.3476
CAN,sptincj992,p90p100,1925,0.3364
CAN,sptincj992,p90p100,1926,0.3407
CAN,sptincj992,p90p100,1927,0.3479
CAN,sptincj992,p90p100,1928,0.3563
CAN,sptincj992,p90p100,1929,0.3619
CAN,sptincj992,p90p100,1930,0.376
CAN,sptincj992,p90p100,1931,0.4248
CAN,sptincj992,p90p100,1932,0.4762
CAN,sptincj992,p90p100,1933,0.4992
CAN,sptincj992,p90p100,1934,0.4992
CAN,sptincj992,p90p100,1935,0.4557
CAN,sptincj992,p90p100,1936,0.4557
CAN,sptincj992,p90p100,1937,0.4215
CAN,sptincj992,p90p100,1938,0.4782
CAN,sptincj992,p90p100,1939,0.4426
CAN,sptincj992,p90p100,1940,0.3917
CAN,sptincj992,p90p100,1941,0.3503
CAN,sptincj992,p90p100,1942,0.2986
CAN,sptincj992,p90p100,1943,0.2962
CAN,sptincj992,p90p100,1944,0.2801
CAN,sptincj992,p90p100,1945,0.2794
CAN,sptincj992,p90p100,1946,0.2832
CAN,sptincj992,p90p100,1947,0.2867
CAN,sptincj992,p90p100,1948,0.2741
CAN,sptincj992,p90p100,1949,0.2876
CAN,sptincj992,p90p100,1950,0.2877
CAN,sptincj992,p90p100,1951,0.2707
CAN,sptincj992,p90p100,1952,0.2722
CAN,sptincj992,p90p100,1953,0.2803
CAN,sptincj992,p90p100,1954,0.2918
CAN,sptincj992,p90p100,1955,0.2865
CAN,sptincj992,p90p100,1956,0.2791
CAN,sptincj992,p90p100,1957,0.2842
CAN,sptincj992,p90p100,1958,0.2894
CAN,sptincj992,p90p100,1959,0.29
CAN,sptincj992,p90p100,1960,0.2934
CAN,sptincj992,p90p100,1961,0.2985
CAN,sptincj992,p90p100,1962,0.2851
CAN,sptincj992,p90p100,1963,0.2816
CAN,sptincj992,p90p100,1964,0.2851
CAN,sptincj992,p90p100,1965,0.28
CAN,sptincj992,p90p100,1966,0.2759
CAN,sptincj992,p90p100,1967,0.2788
CAN,sptincj992,p90p100,1968,0.2808
CAN,sptincj992,p90p100,1969,0.2815
CAN,sptincj992,p90p100,1970,0.2867
CAN,sptincj992,p90p100,1971,0.2851
CAN,sptincj992,p90p100,1972,0.2841
CAN,sptincj992,p90p100,1973,0.2825
CAN,sptincj992,p90p100,1974,0.2857
CAN,sptincj992,p90p100,1975,0.2984
CAN,sptincj992,p90p100,1976,0.2915
CAN,sptincj992,p90p100,1977,0.2855
CAN,sptincj992,p90p100,1978,0.2885
CAN,sptincj992,p90p100,1979,0.2913
CAN,sptincj992,p90p100,1980,0.3003
CAN,sptincj992,p90p100,1981,0.2891
CAN,sptincj992,p90p100,1982,0.2848
CAN,sptincj992,p90p100,1983,0.2886
CAN,sptincj992,p90p100,1984,0.2907
CAN,sptincj992,p90p100,1985,0.2919
CAN,sptincj992,p90p100,1986,0.2965
CAN,sptincj992,p90p100,1987,0.299
CAN,sptincj992,p90p100,1988,0.3071
CAN,sptincj992,p90p100,1989,0.3144
CAN,sptincj992,p90p100,1990,0.3161
CAN,sptincj992,p90p100,1991,0.318
CAN,sptincj992,p90p100,1992,0.3183
CAN,sptincj992,p90p100,1993,0.3251
CAN,sptincj992,p90p100,1994,0.3268
CAN,sptincj992,p90p100,1995,0.3317
CAN,sptincj992,p90p100,1996,0.3383
CAN,sptincj992,p90p100,1997,0.3464
CAN,sptincj992,p90p100,1998,0.3486
CAN,sptincj992,p90p100,1999,0.3537
CAN,sptincj992,p90p100,2000,0.3648
CAN,sptincj992,p90p100,2001,0.365
CAN,sptincj992,p90p100,2002,0.366
CAN,sptincj992,p90p100,2003,0.3695
CAN,sptincj992,p90p100,2004,0.3756
CAN,sptincj992,p90p100,2005,0.3807
CAN,sptincj992,p90p100,2006,0.3838
CAN,sptincj992,p90p100,2007,0.3838
CAN,sptincj992,p90p100,2008,0.3758
CAN,sptincj992,p90p100,2009,0.3588
CAN,sptincj992,p90p100,2010,0.3652
CAN,sptincj992,p90p100,2011,0.3647
CAN,sptincj992,p90p100,2012,0.3582
CAN,sptincj992,p90p100,2013,0.3587
CAN,sptincj992,p90p100,2014,0.3565
CAN,sptincj992,p90p100,2015,0.3539
CAN,sptincj992,p90p100,2016,0.3413
CAN,sptincj992,p90p100,2017,0.3481
CAN,sptincj992,p90p100,2018,0.346
CAN,sptincj992,p90p100,2019,0.3438
CAN,sptincj992,p90p100,2020,0.3518
CAN,sptincj992,p90p100,2021,0.3622
CAN,sptincj992,p90p100,2022,0.3678
CAN,sptincj992,p90p100,2023,0.3678
CAN,sptincj992,p90p100,2024,0.3678
CAN,sptincj992,p99p100,1820,0.155
CAN,sptincj992,p99p100,1850,0.14
CAN,sptincj992,p99p100,1880,0.16
CAN,sptincj992,p99p100,1900,0.165
CAN,sptincj992,p99p100,1910,0.17
CAN,sptincj992,p99p100,1920,0.1041
CAN,sptincj992,p99p100,1921,0.1375
CAN,sptincj992,p99p100,1922,0.1131
CAN,sptincj992,p99p100,1923,0.1043
CAN,sptincj992,p99p100,1924,0.1054
CAN,sptincj992,p99p100,1925,0.0953
CAN,sptincj992,p99p100,1926,0.1011
CAN,sptincj992,p99p100,1927,0.106
CAN,sptincj992,p99p100,1928,0.1112
CAN,sptincj992,p99p100,1929,0.1138
CAN,sptincj992,p99p100,1930,0.1178
CAN,sptincj992,p99p100,1931,0.1252
CAN,sptincj992,p99p100,1932,0.1364
CAN,sptincj992,p99p100,1933,0.1411
CAN,sptincj992,p99p100,1934,0.1411
CAN,sptincj992,p99p100,1935,0.1299
CAN,sptincj992,p99p100,1936,0.1299
CAN,sptincj992,p99p100,1937,0.1224
CAN,sptincj992,p99p100,1938,0.1427
CAN,sptincj992,p99p100,1939,0.1284
CAN,sptincj992,p99p100,1940,0.11
CAN,sptincj992,p99p100,1941,0.0972
CAN,sptincj992,p99p100,1942,0.081
CAN,sptincj992,p99p100,1943,0.0769
CAN,sptincj992,p99p100,1944,0.0715
CAN,sptincj992,p99p100,1945,0.0727
CAN,sptincj992,p99p100,1946,0.0771
CAN,sptincj992,p99p100,1947,0.0791
CAN,sptincj992,p99p100,1948,0.0745
CAN,sptincj992,p99p100,1949,0.0773
CAN,sptincj992,p99p100,1950,0.0785
CAN,sptincj992,p99p100,1951,0.0717
CAN,sptincj992,p99p100,1952,0.0706
CAN,sptincj992,p99p100,1953,0.0711
CAN,sptincj992,p99p100,1954,0.0749
CAN,sptincj992,p99p100,1955,0.0734
CAN,sptincj992,p99p100,1956,0.0693
CAN,sptincj992,p99p100,1957,0.0699
CAN,sptincj992,p99p100,1958,0.0716
CAN,sptincj992,p99p100,1959,0.0707
CAN,sptincj992,p99p100,1960,0.0715
CAN,sptincj992,p99p100,1961,0.0727
CAN,sptincj992,p99p100,1962,0.0687
CAN,sptincj992,p99p100,1963,0.0669
CAN,sptincj992,p99p100,1964,0.0687
CAN,sptincj992,p99p100,1965,0.0671
CAN,sptincj992,p99p100,1966,0.0648
CAN,sptincj992,p99p100,1967,0.0658
CAN,sptincj992,p99p100,1968,0.066
CAN,sptincj992,p99p100,1969,0.066
CAN,sptincj992,p99p100,1970,0.0662
CAN,sptincj992,p99p100,1971,0.0649
CAN,sptincj992,p99p100,1972,0.0646
CAN,sptincj992,p99p100,1973,0.0667
CAN,sptincj992,p99p100,1974,0.0668
CAN,sptincj992,p99p100,1975,0.0742
CAN,sptincj992,p99p100,1976,0.0684
CAN,sptincj992,p99p100,1977,0.0653
CAN,sptincj992,p99p100,1978,0.067
CAN,sptincj992,p99p100,1979,0.0716
CAN,sptincj992,p99p100,1980,0.076
CAN,sptincj992,p99p100,1981,0.0708
CAN,sptincj992,p99p100,1982,0.0701
CAN,sptincj992,p99p100,1983,0.0739
CAN,sptincj992,p99p100,1984,0.0773
CAN,sptincj992,p99p100,1985,0.0766
CAN,sptincj992,p99p100,1986,0.0781
CAN,sptincj992,p99p100,1987,0.0806
CAN,sptincj992,p99p100,1988,0.0887
CAN,sptincj992,p99p100,1989,0.0948
CAN,sptincj992,p99p100,1990,0.0927
CAN,sptincj992,p99p100,1991,0.0915
CAN,sptincj992,p99p100,1992,0.0919
CAN,sptincj992,p99p100,1993,0.0957
CAN,sptincj992,p99p100,1994,0.0961
CAN,sptincj992,p99p100,1995,0.0988
CAN,sptincj992,p99p100,1996,0.1039
CAN,sptincj992,p99p100,1997,0.1113
CAN,sptincj992,p99p100,1998,0.1127
CAN,sptincj992,p99p100,1999,0.1183
CAN,sptincj992,p99p100,2000,0.1269
CAN,sptincj992,p99p100,2001,0.1271
CAN,sptincj992,p99p100,2002,0.1279
CAN,sptincj992,p99p100,2003,0.1306
CAN,sptincj992,p99p100,2004,0.1359
CAN,sptincj992,p99p100,2005,0.1402
CAN,sptincj992,p99p100,2006,0.1421
CAN,sptincj992,p99p100,2007,0.1421
CAN,sptincj992,p99p100,2008,0.1347
CAN,sptincj992,p99p100,2009,0.1186
CAN,sptincj992,p99p100,2010,0.1235
CAN,sptincj992,p99p100,2011,0.1228
CAN,sptincj992,p99p100,2012,0.1162
CAN,sptincj992,p99p100,2013,0.1161
CAN,sptincj992,p99p100,2014,0.1144
CAN,sptincj992,p99p100,2015,0.1149
CAN,sptincj992,p99p100,2016,0.099
CAN,sptincj992,p99p100,2017,0.1053
CAN,sptincj992,p99p100,2018,0.1053
CAN,sptincj992,p99p100,2019,0.1039
CAN,sptincj992,p99p100,2020,0.1059
CAN,sptincj992,p99p100,2021,0.1162
CAN,sptincj992,p99p100,2022,0.1206
CAN,sptincj992,p99p100,2023,0.1206
CAN,sptincj992,p99p100,2024,0.1206
CHE,spllinf992,p0p100,1990,0.27059999
CHE,spllinf992,p0p100,1991,0.27059999
CHE,spllinf992,p0p100,1992,0.2647
CHE,spllinf992,p0p100,1993,0.25999999
CHE,spllinf992,p0p100,1994,0.27759999
CHE,spllinf992,p0p100,1995,0.27149999
CHE,spllinf992,p0p100,1996,0.28740001
CHE,spllinf992,p0p100,1997,0.2906
CHE,spllinf992,p0p100,1998,0.34099999
CHE,spllinf992,p0p100,1999,0.36059999
CHE,spllinf992,p0p100,2000,0.26910001
CHE,spllinf992,p0p100,2001,0.3272
CHE,spllinf992,p0p100,2002,0.29640001
CHE,spllinf992,p0p100,2003,0.32100001
CHE,spllinf992,p0p100,2004,0.3317
CHE,spllinf992,p0p100,2005,0.36770001
CHE,spllinf992,p0p100,2006,0.3116
CHE,spllinf992,p0p100,2007,0.3055
CHE,spllinf992,p0p100,2008,0.3053
CHE,spllinf992,p0p100,2009,0.31259999
CHE,spllinf992,p0p100,2010,0.3089
CHE,spllinf992,p0p100,2011,0.31720001
CHE,spllinf992,p0p100,2012,0.3188
CHE,spllinf992,p0p100,2013,0.33070001
CHE,spllinf992,p0p100,2014,0.3371
CHE,spllinf992,p0p100,2015,0.34419999
CHE,spllinf992,p0p100,2016,0.3479
CHE,spllinf992,p0p100,2017,0.35339999
CHE,spllinf992,p0p100,2018,0.35069999
CHE,spllinf992,p0p100,2019,0.36149999
CHE,spllinf992,p0p100,2020,0.36149999
CHE,spllinf992,p0p100,2021,0.3628
CHE,spllinf992,p0p100,2022,0.37279999
CHE,spllinf992,p0p100,2023,0.38800001
CHE,spllinf992,p0p100,2024,0.3937
CHE,sptincj992,p90p100,1933,0.387
CHE,sptincj992,p90p100,1934,0.3884
CHE,sptincj992,p90p100,1936,0.3902
CHE,sptincj992,p90p100,1939,0.3977
CHE,sptincj992,p90p100,1941,0.3891
CHE,sptincj992,p90p100,1943,0.3743
CHE,sptincj992,p90p100,1945,0.3608
CHE,sptincj992,p90p100,1947,0.3457
CHE,sptincj992,p90p100,1949,0.3318
CHE,sptincj992,p90p100,1951,0.325
CHE,sptincj992,p90p100,1953,0.325
CHE,sptincj992,p90p100,1955,0.3266
CHE,sptincj992,p90p100,1957,0.3275
CHE,sptincj992,p90p100,1959,0.3288
CHE,sptincj992,p90p100,1961,0.3277
CHE,sptincj992,p90p100,1963,0.3252
CHE,sptincj992,p90p100,1965,0.3217
CHE,sptincj992,p90p100,1967,0.3199
CHE,sptincj992,p90p100,1969,0.3178
CHE,sptincj992,p90p100,1971,0.3134
CHE,sptincj992,p90p100,1973,0.3084
CHE,sptincj992,p90p100,1975,0.3064
CHE,sptincj992,p90p100,1977,0.3028
CHE,sptincj992,p90p100,1979,0.3003
CHE,sptincj992,p90p100,1980,0.305
CHE,sptincj992,p90p100,1981,0.3051
CHE,sptincj992,p90p100,1982,0.3072
CHE,sptincj992,p90p100,1983,0.3092
CHE,sptincj992,p90p100,1984,0.3112
CHE,sptincj992,p90p100,1985,0.3124
CHE,sptincj992,p90p100,1986,0.3123
CHE,sptincj992,p90p100,1987,0.3117
CHE,sptincj992,p90p100,1988,0.3085
CHE,sptincj992,p90p100,1989,0.305
CHE,sptincj992,p90p100,1990,0.3029
CHE,sptincj992,p90p100,1991,0.3016
CHE,sptincj992,p90p100,1992,0.2994
CHE,sptincj992,p90p100,1993,0.2978
CHE,sptincj992,p90p100,1994,0.2983
CHE,sptincj992,p90p100,1995,0.2983
CHE,sptincj992,p90p100,1996,0.3138
CHE,sptincj992,p90p100,1997,0.3197
CHE,sptincj992,p90p100,1998,0.3242
CHE,sptincj992,p90p100,1999,0.3175
CHE,sptincj992,p90p100,2000,0.3242
CHE,sptincj992,p90p100,2001,0.3141
CHE,sptincj992,p90p100,2002,0.3049
CHE,sptincj992,p90p100,2003,0.3242
CHE,sptincj992,p90p100,2004,0.3303
CHE,sptincj992,p90p100,2005,0.3429
CHE,sptincj992,p90p100,2006,0.3502
CHE,sptincj992,p90p100,2007,0.3362
CHE,sptincj992,p90p100,2008,0.3108
CHE,sptincj992,p90p100,2009,0.3175
CHE,sptincj992,p90p100,2010,0.339
CHE,sptincj992,p90p100,2011,0.3398
CHE,sptincj992,p90p100,2012,0.3299
CHE,sptincj992,p90p100,2013,0.3311
CHE,sptincj992,p90p100,2014,0.3289
CHE,sptincj992,p90p100,2015,0.3272
CHE,sptincj992,p90p100,2016,0.3255
CHE,sptincj992,p90p100,2017,0.3215
CHE,sptincj992,p90p100,2018,0.3124
CHE,sptincj992,p90p100,2019,0.3084
CHE,sptincj992,p90p100,2020,0.3084
CHE,sptincj992,p90p100,2021,0.3104
CHE,sptincj992,p90p100,2022,0.3201
CHE,sptincj992,p90p100,2023,0.3146
CHE,sptincj992,p90p100,2024,0.3146
CHE,sptincj992,p0p100,1933,1
CHE,sptincj992,p0p100,1934,1
CHE,sptincj992,p0p100,1936,1
CHE,sptincj992,p0p100,1939,1
CHE,sptincj992,p0p100,1941,1
CHE,sptincj992,p0p100,1943,1
CHE,sptincj992,p0p100,1945,1
CHE,sptincj992,p0p100,1947,1
CHE,sptincj992,p0p100,1949,1
CHE,sptincj992,p0p100,1951,1
CHE,sptincj992,p0p100,1953,1
CHE,sptincj992,p0p100,1955,1
CHE,sptincj992,p0p100,1957,1
CHE,sptincj992,p0p100,1959,1
CHE,sptincj992,p0p100,1961,1
CHE,sptincj992,p0p100,1963,1
CHE,sptincj992,p0p100,1965,1
CHE,sptincj992,p0p100,1967,1
CHE,sptincj992,p0p100,1969,1
CHE,sptincj992,p0p100,1971,1
CHE,sptincj992,p0p100,1973,1
CHE,sptincj992,p0p100,1975,1
CHE,sptincj992,p0p100,1977,1
CHE,sptincj992,p0p100,1979,1
CHE,sptincj992,p0p100,1980,1
CHE,sptincj992,p0p100,1981,1
CHE,sptincj992,p0p100,1982,1
CHE,sptincj992,p0p100,1983,1
CHE,sptincj992,p0p100,1984,1
CHE,sptincj992,p0p100,1985,1
CHE,sptincj992,p0p100,1986,1
CHE,sptincj992,p0p100,1987,1
CHE,sptincj992,p0p100,1988,1
CHE,sptincj992,p0p100,1989,1
CHE,sptincj992,p0p100,1990,1
CHE,sptincj992,p0p100,1991,1
CHE,sptincj992,p0p100,1992,1
CHE,sptincj992,p0p100,1993,1
CHE,sptincj992,p0p100,1994,1
CHE,sptincj992,p0p100,1995,1
CHE,sptincj992,p0p100,1996,1
CHE,sptincj992,p0p100,1997,1
CHE,sptincj992,p0p100,1998,1
CHE,sptincj992,p0p100,1999,1
CHE,sptincj992,p0p100,2000,1
CHE,sptincj992,p0p100,2001,1
CHE,sptincj992,p0p100,2002,1
CHE,sptincj992,p0p100,2003,1
CHE,sptincj992,p0p100,2004,1
CHE,sptincj992,p0p100,2005,1
CHE,sptincj992,p0p100,2006,1
CHE,sptincj992,p0p100,2007,1
CHE,sptincj992,p0p100,2008,1
CHE,sptincj992,p0p100,2009,1
CHE,sptincj992,p0p100,2010,1
CHE,sptincj992,p0p100,2011,1
CHE,sptincj992,p0p100,2012,1
CHE,sptincj992,p0p100,2013,1
CHE,sptincj992,p0p100,2014,1
CHE,sptincj992,p0p100,2015,1
CHE,sptincj992,p0p100,2016,1
CHE,sptincj992,p0p100,2017,1
CHE,sptincj992,p0p100,2018,1
CHE,sptincj992,p0p100,2019,1
CHE,sptincj992,p0p100,2020,1
CHE,sptincj992,p0p100,2021,1
CHE,sptincj992,p0p100,2022,1
CHE,sptincj992,p0p100,2023,1
CHE,sptincj992,p0p100,2024,1
CHE,sptincj992,p0p50,1933,0.2078
CHE,sptincj992,p0p50,1934,0.2074
CHE,sptincj992,p0p50,1936,0.2068
CHE,sptincj992,p0p50,1939,0.2043
CHE,sptincj992,p0p50,1941,0.2072
CHE,sptincj992,p0p50,1943,0.212
CHE,sptincj992,p0p50,1945,0.2165
CHE,sptincj992,p0p50,1947,0.2214
CHE,sptincj992,p0p50,1949,0.226
CHE,sptincj992,p0p50,1951,0.2283
CHE,sptincj992,p0p50,1953,0.2283
CHE,sptincj992,p0p50,1955,0.2279
CHE,sptincj992,p0p50,1957,0.2277
CHE,sptincj992,p0p50,1959,0.2273
CHE,sptincj992,p0p50,1961,0.2284
CHE,sptincj992,p0p50,1963,0.2307
CHE,sptincj992,p0p50,1965,0.2333
CHE,sptincj992,p0p50,1967,0.2353
CHE,sptincj992,p0p50,1969,0.2374
CHE,sptincj992,p0p50,1971,0.2403
CHE,sptincj992,p0p50,1973,0.2434
CHE,sptincj992,p0p50,1975,0.2454
CHE,sptincj992,p0p50,1977,0.248
CHE,sptincj992,p0p50,1979,0.2503
CHE,sptincj992,p0p50,1980,0.2373
CHE,sptincj992,p0p50,1981,0.2371
CHE,sptincj992,p0p50,1982,0.237
CHE,sptincj992,p0p50,1983,0.2365
CHE,sptincj992,p0p50,1984,0.2345
CHE,sptincj992,p0p50,1985,0.233
CHE,sptincj992,p0p50,1986,0.2344
CHE,sptincj992,p0p50,1987,0.2346
CHE,sptincj992,p0p50,1988,0.2365
CHE,sptincj992,p0p50,1989,0.2385
CHE,sptincj992,p0p50,1990,0.2376
CHE,sptincj992,p0p50,1991,0.2398
CHE,sptincj992,p0p50,1992,0.2386
CHE,sptincj992,p0p50,1993,0.2379
CHE,sptincj992,p0p50,1994,0.2402
CHE,sptincj992,p0p50,1995,0.2419
CHE,sptincj992,p0p50,1996,0.2348
CHE,sptincj992,p0p50,1997,0.2327
CHE,sptincj992,p0p50,1998,0.23
CHE,sptincj992,p0p50,1999,0.2323
CHE,sptincj992,p0p50,2000,0.2284
CHE,sptincj992,p0p50,2001,0.2295
CHE,sptincj992,p0p50,2002,0.2328
CHE,sptincj992,p0p50,2003,0.2252
CHE,sptincj992,p0p50,2004,0.2241
CHE,sptincj992,p0p50,2005,0.2188
CHE,sptincj992,p0p50,2006,0.2178
CHE,sptincj992,p0p50,2007,0.2222
CHE,sptincj992,p0p50,2008,0.2314
CHE,sptincj992,p0p50,2009,0.2291
CHE,sptincj992,p0p50,2010,0.22
CHE,sptincj992,p0p50,2011,0.2219
CHE,sptincj992,p0p50,2012,0.225
CHE,sptincj992,p0p50,2013,0.2235
CHE,sptincj992,p0p50,2014,0.2239
CHE,sptincj992,p0p50,2015,0.225
CHE,sptincj992,p0p50,2016,0.2235
CHE,sptincj992,p0p50,2017,0.2259
CHE,sptincj992,p0p50,2018,0.2312
CHE,sptincj992,p0p50,2019,0.2331
CHE,sptincj992,p0p50,2020,0.2331
CHE,sptincj992,p0p50,2021,0.2324
CHE,sptincj992,p0p50,2022,0.228
CHE,sptincj992,p0p50,2023,0.2304
CHE,sptincj992,p0p50,2024,0.2304
CHE,sptincj992,p0p90,1933,0.613
CHE,sptincj992,p0p90,1934,0.6116
CHE,sptincj992,p0p90,1936,0.6098
CHE,sptincj992,p0p90,1939,0.6023000000000001
CHE,sptincj992,p0p90,1941,0.6109
CHE,sptincj992,p0p90,1943,0.6257
CHE,sptincj992,p0p90,1945,0.6392
CHE,sptincj992,p0p90,1947,0.6543
CHE,sptincj992,p0p90,1949,0.6682
CHE,sptincj992,p0p90,1951,0.675
CHE,sptincj992,p0p90,1953,0.675
CHE,sptincj992,p0p90,1955,0.6734
CHE,sptincj992,p0p90,1957,0.6725
CHE,sptincj992,p0p90,1959,0.6712
CHE,sptincj992,p0p90,1961,0.6723
CHE,sptincj992,p0p90,1963,0.6748000000000001
CHE,sptincj992,p0p90,1965,0.6783
CHE,sptincj992,p0p90,1967,0.6801
CHE,sptincj992,p0p90,1969,0.6822
CHE,sptincj992,p0p90,1971,0.6866
CHE,sptincj992,p0p90,1973,0.6916
CHE,sptincj992,p0p90,1975,0.6936
CHE,sptincj992,p0p90,1977,0.6972
CHE,sptincj992,p0p90,1979,0.6997
CHE,sptincj992,p0p90,1980,0.6950000000000001
CHE,sptincj992,p0p90,1981,0.6949000000000001
CHE,sptincj992,p0p90,1982,0.6928000000000001
CHE,sptincj992,p0p90,1983,0.6908000000000001
CHE,sptincj992,p0p90,1984,0.6888000000000001
CHE,sptincj992,p0p90,1985,0.6876
CHE,sptincj992,p0p90,1986,0.6877
CHE,sptincj992,p0p90,1987,0.6883
CHE,sptincj992,p0p90,1988,0.6915
CHE,sptincj992,p0p90,1989,0.6950000000000001
CHE,sptincj992,p0p90,1990,0.6971
CHE,sptincj992,p0p90,1991,0.6984
CHE,sptincj992,p0p90,1992,0.7006
CHE,sptincj992,p0p90,1993,0.7022
CHE,sptincj992,p0p90,1994,0.7017
CHE,sptincj992,p0p90,1995,0.7017
CHE,sptincj992,p0p90,1996,0.6862
CHE,sptincj992,p0p90,1997,0.6803
CHE,sptincj992,p0p90,1998,0.6758000000000001
CHE,sptincj992,p0p90,1999,0.6825
CHE,sptincj992,p0p90,2000,0.6758000000000001
CHE,sptincj992,p0p90,2001,0.6859000000000001
CHE,sptincj992,p0p90,2002,0.6951
CHE,sptincj992,p0p90,2003,0.6758000000000001
CHE,sptincj992,p0p90,2004,0.6697000000000001
CHE,sptincj992,p0p90,2005,0.6571
CHE,sptincj992,p0p90,2006,0.6498
CHE,sptincj992,p0p90,2007,0.6638000000000001
CHE,sptincj992,p0p90,2008,0.6892
CHE,sptincj992,p0p90,2009,0.6825
CHE,sptincj992,p0p90,2010,0.661
CHE,sptincj992,p0p90,2011,0.6602
CHE,sptincj992,p0p90,2012,0.6701
CHE,sptincj992,p0p90,2013,0.6689
CHE,sptincj992,p0p90,2014,0.6711
CHE,sptincj992,p0p90,2015,0.6728000000000001
CHE,sptincj992,p0p90,2016,0.6745
CHE,sptincj992,p0p90,2017,0.6785
CHE,sptincj992,p0p90,2018,0.6876
CHE,sptincj992,p0p90,2019,0.6916
CHE,sptincj992,p0p90,2020,0.6916
CHE,sptincj992,p0p90,2021,0.6896
CHE,sptincj992,p0p90,2022,0.6799000000000001
CHE,sptincj992,p0p90,2023,0.6854
CHE,sptincj992,p0p90,2024,0.6854
CHE,sptincj992,p0p99,1933,0.8432000000000001
CHE,sptincj992,p0p99,1934,0.8444
CHE,sptincj992,p0p99,1936,0.8485
CHE,sptincj992,p0p99,1939,0.8479
CHE,sptincj992,p0p99,1941,0.8573000000000001
CHE,sptincj992,p0p99,1943,0.866
CHE,sptincj992,p0p99,1945,0.873
CHE,sptincj992,p0p99,1947,0.882
CHE,sptincj992,p0p99,1949,0.8895000000000001
CHE,sptincj992,p0p99,1951,0.8942
CHE,sptincj992,p0p99,1953,0.8962
CHE,sptincj992,p0p99,1955,0.8962
CHE,sptincj992,p0p99,1957,0.8971
CHE,sptincj992,p0p99,1959,0.8975000000000001
CHE,sptincj992,p0p99,1961,0.8982
CHE,sptincj992,p0p99,1963,0.8979
CHE,sptincj992,p0p99,1965,0.8989
CHE,sptincj992,p0p99,1967,0.8977
CHE,sptincj992,p0p99,1969,0.8969
CHE,sptincj992,p0p99,1971,0.8991
CHE,sptincj992,p0p99,1973,0.902
CHE,sptincj992,p0p99,1975,0.901
CHE,sptincj992,p0p99,1977,0.9021
CHE,sptincj992,p0p99,1979,0.9019
CHE,sptincj992,p0p99,1980,0.8993
CHE,sptincj992,p0p99,1981,0.8994000000000001
CHE,sptincj992,p0p99,1982,0.8965000000000001
CHE,sptincj992,p0p99,1983,0.8936000000000001
CHE,sptincj992,p0p99,1984,0.8934000000000001
CHE,sptincj992,p0p99,1985,0.8936000000000001
CHE,sptincj992,p0p99,1986,0.893
CHE,sptincj992,p0p99,1987,0.8926000000000001
CHE,sptincj992,p0p99,1988,0.8952
CHE,sptincj992,p0p99,1989,0.8979
CHE,sptincj992,p0p99,1990,0.8985000000000001
CHE,sptincj992,p0p99,1991,0.899
CHE,sptincj992,p0p99,1992,0.9009
CHE,sptincj992,p0p99,1993,0.9027000000000001
CHE,sptincj992,p0p99,1994,0.9016000000000001
CHE,sptincj992,p0p99,1995,0.9007000000000001
CHE,sptincj992,p0p99,1996,0.89
CHE,sptincj992,p0p99,1997,0.8852000000000001
CHE,sptincj992,p0p99,1998,0.8832000000000001
CHE,sptincj992,p0p99,1999,0.8894000000000001
CHE,sptincj992,p0p99,2000,0.8853000000000001
CHE,sptincj992,p0p99,2001,0.894
CHE,sptincj992,p0p99,2002,0.9053
CHE,sptincj992,p0p99,2003,0.8852000000000001
CHE,sptincj992,p0p99,2004,0.8806
CHE,sptincj992,p0p99,2005,0.8707
CHE,sptincj992,p0p99,2006,0.8658
CHE,sptincj992,p0p99,2007,0.8815000000000001
CHE,sptincj992,p0p99,2008,0.9004000000000001
CHE,sptincj992,p0p99,2009,0.8939
CHE,sptincj992,p0p99,2010,0.8767
CHE,sptincj992,p0p99,2011,0.8757
CHE,sptincj992,p0p99,2012,0.8856
CHE,sptincj992,p0p99,2013,0.8868
CHE,sptincj992,p0p99,2014,0.8868
CHE,sptincj992,p0p99,2015,0.8846
CHE,sptincj992,p0p99,2016,0.8861
CHE,sptincj992,p0p99,2017,0.8907
CHE,sptincj992,p0p99,2018,0.8948
CHE,sptincj992,p0p99,2019,0.8981
CHE,sptincj992,p0p99,2020,0.8981
CHE,sptincj992,p0p99,2021,0.8974000000000001
CHE,sptincj992,p0p99,2022,0.8942
CHE,sptincj992,p0p99,2023,0.8967
CHE,sptincj992,p0p99,2024,0.8967
CHE,sptincj992,p50p90,1933,0.4052
CHE,sptincj992,p50p90,1934,0.4042
CHE,sptincj992,p50p90,1936,0.403
CHE,sptincj992,p50p90,1939,0.398
CHE,sptincj992,p50p90,1941,0.4038
CHE,sptincj992,p50p90,1943,0.4137
CHE,sptincj992,p50p90,1945,0.4228
CHE,sptincj992,p50p90,1947,0.4329
CHE,sptincj992,p50p90,1949,0.4422
CHE,sptincj992,p50p90,1951,0.4468
CHE,sptincj992,p50p90,1953,0.4466
CHE,sptincj992,p50p90,1955,0.4455
CHE,sptincj992,p50p90,1957,0.4448
CHE,sptincj992,p50p90,1959,0.4438
CHE,sptincj992,p50p90,1961,0.4438
CHE,sptincj992,p50p90,1963,0.4441
CHE,sptincj992,p50p90,1965,0.445
CHE,sptincj992,p50p90,1967,0.4448
CHE,sptincj992,p50p90,1969,0.4448
CHE,sptincj992,p50p90,1971,0.4463
CHE,sptincj992,p50p90,1973,0.4482
CHE,sptincj992,p50p90,1975,0.4482
CHE,sptincj992,p50p90,1977,0.4491
CHE,sptincj992,p50p90,1979,0.4494
CHE,sptincj992,p50p90,1980,0.4576
CHE,sptincj992,p50p90,1981,0.4578
CHE,sptincj992,p50p90,1982,0.4558
CHE,sptincj992,p50p90,1983,0.4543
CHE,sptincj992,p50p90,1984,0.4543
CHE,sptincj992,p50p90,1985,0.4546
CHE,sptincj992,p50p90,1986,0.4533
CHE,sptincj992,p50p90,1987,0.4537
CHE,sptincj992,p50p90,1988,0.455
CHE,sptincj992,p50p90,1989,0.4565
CHE,sptincj992,p50p90,1990,0.4595
CHE,sptincj992,p50p90,1991,0.4586
CHE,sptincj992,p50p90,1992,0.462
CHE,sptincj992,p50p90,1993,0.4643
CHE,sptincj992,p50p90,1994,0.4616
CHE,sptincj992,p50p90,1995,0.4598
CHE,sptincj992,p50p90,1996,0.4514
CHE,sptincj992,p50p90,1997,0.4477
CHE,sptincj992,p50p90,1998,0.4458
CHE,sptincj992,p50p90,1999,0.4502
CHE,sptincj992,p50p90,2000,0.4474
CHE,sptincj992,p50p90,2001,0.4564
CHE,sptincj992,p50p90,2002,0.4622
CHE,sptincj992,p50p90,2003,0.4506
CHE,sptincj992,p50p90,2004,0.4456
CHE,sptincj992,p50p90,2005,0.4383
CHE,sptincj992,p50p90,2006,0.432
CHE,sptincj992,p50p90,2007,0.4417
CHE,sptincj992,p50p90,2008,0.4579
CHE,sptincj992,p50p90,2009,0.4534
CHE,sptincj992,p50p90,2010,0.441
CHE,sptincj992,p50p90,2011,0.4383
CHE,sptincj992,p50p90,2012,0.4451
CHE,sptincj992,p50p90,2013,0.4454
CHE,sptincj992,p50p90,2014,0.4471
CHE,sptincj992,p50p90,2015,0.4478
CHE,sptincj992,p50p90,2016,0.451
CHE,sptincj992,p50p90,2017,0.4526
CHE,sptincj992,p50p90,2018,0.4564
CHE,sptincj992,p50p90,2019,0.4585
CHE,sptincj992,p50p90,2020,0.4585
CHE,sptincj992,p50p90,2021,0.4572
CHE,sptincj992,p50p90,2022,0.4519
CHE,sptincj992,p50p90,2023,0.455
CHE,sptincj992,p50p90,2024,0.455
CHE,sptincj992,p99p100,1933,0.1568
CHE,sptincj992,p99p100,1934,0.1556
CHE,sptincj992,p99p100,1936,0.1515
CHE,sptincj992,p99p100,1939,0.1521
CHE,sptincj992,p99p100,1941,0.1427
CHE,sptincj992,p99p100,1943,0.134
CHE,sptincj992,p99p100,1945,0.127
CHE,sptincj992,p99p100,1947,0.118
CHE,sptincj992,p99p100,1949,0.1105
CHE,sptincj992,p99p100,1951,0.1058
CHE,sptincj992,p99p100,1953,0.1038
CHE,sptincj992,p99p100,1955,0.1038
CHE,sptincj992,p99p100,1957,0.1029
CHE,sptincj992,p99p100,1959,0.1025
CHE,sptincj992,p99p100,1961,0.1018
CHE,sptincj992,p99p100,1963,0.1021
CHE,sptincj992,p99p100,1965,0.1011
CHE,sptincj992,p99p100,1967,0.1023
CHE,sptincj992,p99p100,1969,0.1031
CHE,sptincj992,p99p100,1971,0.1009
CHE,sptincj992,p99p100,1973,0.098
CHE,sptincj992,p99p100,1975,0.099
CHE,sptincj992,p99p100,1977,0.0979
CHE,sptincj992,p99p100,1979,0.0981
CHE,sptincj992,p99p100,1980,0.1007
CHE,sptincj992,p99p100,1981,0.1006
CHE,sptincj992,p99p100,1982,0.1035
CHE,sptincj992,p99p100,1983,0.1064
CHE,sptincj992,p99p100,1984,0.1066
CHE,sptincj992,p99p100,1985,0.1064
CHE,sptincj992,p99p100,1986,0.107
CHE,sptincj992,p99p100,1987,0.1074
CHE,sptincj992,p99p100,1988,0.1048
CHE,sptincj992,p99p100,1989,0.1021
CHE,sptincj992,p99p100,1990,0.1015
CHE,sptincj992,p99p100,1991,0.101
CHE,sptincj992,p99p100,1992,0.0991
CHE,sptincj992,p99p100,1993,0.0973
CHE,sptincj992,p99p100,1994,0.0984
CHE,sptincj992,p99p100,1995,0.0993
CHE,sptincj992,p99p100,1996,0.11
CHE,sptincj992,p99p100,1997,0.1148
CHE,sptincj992,p99p100,1998,0.1168
CHE,sptincj992,p99p100,1999,0.1106
CHE,sptincj992,p99p100,2000,0.1147
CHE,sptincj992,p99p100,2001,0.106
CHE,sptincj992,p99p100,2002,0.0947
CHE,sptincj992,p99p100,2003,0.1148
CHE,sptincj992,p99p100,2004,0.1194
CHE,sptincj992,p99p100,2005,0.1293
CHE,sptincj992,p99p100,2006,0.1342
CHE,sptincj992,p99p100,2007,0.1185
CHE,sptincj992,p99p100,2008,0.0996
CHE,sptincj992,p99p100,2009,0.1061
CHE,sptincj992,p99p100,2010,0.1233
CHE,sptincj992,p99p100,2011,0.1243
CHE,sptincj992,p99p100,2012,0.1144
CHE,sptincj992,p99p100,2013,0.1132
CHE,sptincj992,p99p100,2014,0.1132
CHE,sptincj992,p99p100,2015,0.1154
CHE,sptincj992,p99p100,2016,0.1139
CHE,sptincj992,p99p100,2017,0.1093
CHE,sptincj992,p99p100,2018,0.1052
CHE,sptincj992,p99p100,2019,0.1019
CHE,sptincj992,p99p100,2020,0.1019
CHE,sptincj992,p99p100,2021,0.1026
CHE,sptincj992,p99p100,2022,0.1058
CHE,sptincj992,p99p100,2023,0.1033
CHE,sptincj992,p99p100,2024,0.1033
CHL,spllinf992,p0p100,1990,0.24339999
CHL,spllinf992,p0p100,1991,0.2462
CHL,spllinf992,p0p100,1992,0.249
CHL,spllinf992,p0p100,1993,0.25670001
CHL,spllinf992,p0p100,1994,0.26429999
CHL,spllinf992,p0p100,1995,0.26879999
CHL,spllinf992,p0p100,1996,0.27320001
CHL,spllinf992,p0p100,1997,0.28279999
CHL,spllinf992,p0p100,1998,0.29229999
CHL,spllinf992,p0p100,1999,0.28470001
CHL,spllinf992,p0p100,2000,0.27700001
CHL,spllinf992,p0p100,2001,0.2834
CHL,spllinf992,p0p100,2002,0.28979999
CHL,spllinf992,p0p100,2003,0.29609999
CHL,spllinf992,p0p100,2004,0.3026
CHL,spllinf992,p0p100,2005,0.30899999
CHL,spllinf992,p0p100,2006,0.3154
CHL,spllinf992,p0p100,2007,0.3159
CHL,spllinf992,p0p100,2008,0.31650001
CHL,spllinf992,p0p100,2009,0.317
CHL,spllinf992,p0p100,2010,0.3258
CHL,spllinf992,p0p100,2011,0.33469999
CHL,spllinf992,p0p100,2012,0.34029999
CHL,spllinf992,p0p100,2013,0.3459
CHL,spllinf992,p0p100,2014,0.35139999
CHL,spllinf992,p0p100,2015,0.35699999
CHL,spllinf992,p0p100,2016,0.36489999
CHL,spllinf992,p0p100,2017,0.37290001
CHL,spllinf992,p0p100,2018,0.37290001
CHL,spllinf992,p0p100,2019,0.39030001
CHL,spllinf992,p0p100,2020,0.3987
CHL,spllinf992,p0p100,2021,0.36750001
CHL,spllinf992,p0p100,2022,0.37189999
CHL,spllinf992,p0p100,2023,0.3757
CHL,spllinf992,p0p100,2024,0.3748
CHL,sptincj992,p50p90,1820,0.3848
CHL,sptincj992,p50p90,1850,0.3811
CHL,sptincj992,p50p90,1880,0.3774
CHL,sptincj992,p50p90,1900,0.3737
CHL,sptincj992,p50p90,1910,0.3664
CHL,sptincj992,p50p90,1920,0.3664
CHL,sptincj992,p50p90,1930,0.3664
CHL,sptincj992,p50p90,1940,0.3677
CHL,sptincj992,p50p90,1950,0.3762
CHL,sptincj992,p50p90,1960,0.3269
CHL,sptincj992,p50p90,1964,0.3274
CHL,sptincj992,p50p90,1965,0.3261
CHL,sptincj992,p50p90,1966,0.3236
CHL,sptincj992,p50p90,1967,0.3246
CHL,sptincj992,p50p90,1968,0.3265
CHL,sptincj992,p50p90,1969,0.3286
CHL,sptincj992,p50p90,1970,0.3269
CHL,sptincj992,p50p90,1971,0.3223
CHL,sptincj992,p50p90,1972,0.3211
CHL,sptincj992,p50p90,1973,0.3217
CHL,sptincj992,p50p90,1974,0.3175
CHL,sptincj992,p50p90,1976,0.3124
CHL,sptincj992,p50p90,1978,0.3045
CHL,sptincj992,p50p90,1979,0.3038
CHL,sptincj992,p50p90,1980,0.2974
CHL,sptincj992,p50p90,1981,0.2974
CHL,sptincj992,p50p90,1982,0.2974
CHL,sptincj992,p50p90,1983,0.2974
CHL,sptincj992,p50p90,1984,0.2974
CHL,sptincj992,p50p90,1985,0.2974
CHL,sptincj992,p50p90,1986,0.2974
CHL,sptincj992,p50p90,1987,0.2974
CHL,sptincj992,p50p90,1988,0.2974
CHL,sptincj992,p50p90,1989,0.2974
CHL,sptincj992,p50p90,1990,0.2974
CHL,sptincj992,p50p90,1991,0.2974
CHL,sptincj992,p50p90,1992,0.2974
CHL,sptincj992,p50p90,1993,0.2974
CHL,sptincj992,p50p90,1994,0.2974
CHL,sptincj992,p50p90,1995,0.2974
CHL,sptincj992,p50p90,1996,0.2974
CHL,sptincj992,p50p90,1997,0.2974
CHL,sptincj992,p50p90,1998,0.2974
CHL,sptincj992,p50p90,1999,0.2974
CHL,sptincj992,p50p90,2000,0.2974
CHL,sptincj992,p50p90,2001,0.3035
CHL,sptincj992,p50p90,2002,0.3095
CHL,sptincj992,p50p90,2003,0.3155
CHL,sptincj992,p50p90,2004,0.3045
CHL,sptincj992,p50p90,2005,0.2935
CHL,sptincj992,p50p90,2006,0.2825
CHL,sptincj992,p50p90,2007,0.2867
CHL,sptincj992,p50p90,2008,0.2908
CHL,sptincj992,p50p90,2009,0.2949
CHL,sptincj992,p50p90,2010,0.2736
CHL,sptincj992,p50p90,2011,0.2522
CHL,sptincj992,p50p90,2012,0.26
CHL,sptincj992,p50p90,2013,0.2678
CHL,sptincj992,p50p90,2014,0.2708
CHL,sptincj992,p50p90,2015,0.2738
CHL,sptincj992,p50p90,2016,0.2796
CHL,sptincj992,p50p90,2017,0.2853
CHL,sptincj992,p50p90,2018,0.3041
CHL,sptincj992,p50p90,2019,0.3229
CHL,sptincj992,p50p90,2020,0.3417
CHL,sptincj992,p50p90,2021,0.3326
CHL,sptincj992,p50p90,2022,0.3235
CHL,sptincj992,p50p90,2023,0.3235
CHL,sptincj992,p50p90,2024,0.3235
CHL,sptincj992,p0p100,1820,1
CHL,sptincj992,p0p100,1850,1
CHL,sptincj992,p0p100,1880,1
CHL,sptincj992,p0p100,1900,1
CHL,sptincj992,p0p100,1910,1
CHL,sptincj992,p0p100,1920,1
CHL,sptincj992,p0p100,1930,1
CHL,sptincj992,p0p100,1940,1
CHL,sptincj992,p0p100,1950,1
CHL,sptincj992,p0p100,1960,1
CHL,sptincj992,p0p100,1964,1
CHL,sptincj992,p0p100,1965,1
CHL,sptincj992,p0p100,1966,1
CHL,sptincj992,p0p100,1967,1
CHL,sptincj992,p0p100,1968,1
CHL,sptincj992,p0p100,1969,1
CHL,sptincj992,p0p100,1970,1
CHL,sptincj992,p0p100,1971,1
CHL,sptincj992,p0p100,1972,1
CHL,sptincj992,p0p100,1973,1
CHL,sptincj992,p0p100,1974,1
CHL,sptincj992,p0p100,1976,1
CHL,sptincj992,p0p100,1978,1
CHL,sptincj992,p0p100,1979,1
CHL,sptincj992,p0p100,1980,1
CHL,sptincj992,p0p100,1981,1
CHL,sptincj992,p0p100,1982,1
CHL,sptincj992,p0p100,1983,1
CHL,sptincj992,p0p100,1984,1
CHL,sptincj992,p0p100,1985,1
CHL,sptincj992,p0p100,1986,1
CHL,sptincj992,p0p100,1987,1
CHL,sptincj992,p0p100,1988,1
CHL,sptincj992,p0p100,1989,1
CHL,sptincj992,p0p100,1990,1
CHL,sptincj992,p0p100,1991,1
CHL,sptincj992,p0p100,1992,1
CHL,sptincj992,p0p100,1993,1
CHL,sptincj992,p0p100,1994,1
CHL,sptincj992,p0p100,1995,1
CHL,sptincj992,p0p100,1996,1
CHL,sptincj992,p0p100,1997,1
CHL,sptincj992,p0p100,1998,1
CHL,sptincj992,p0p100,1999,1
CHL,sptincj992,p0p100,2000,1
CHL,sptincj992,p0p100,2001,1
CHL,sptincj992,p0p100,2002,1
CHL,sptincj992,p0p100,2003,1
CHL,sptincj992,p0p100,2004,1
CHL,sptincj992,p0p100,2005,1
CHL,sptincj992,p0p100,2006,1
CHL,sptincj992,p0p100,2007,1
CHL,sptincj992,p0p100,2008,1
CHL,sptincj992,p0p100,2009,1
CHL,sptincj992,p0p100,2010,1
CHL,sptincj992,p0p100,2011,1
CHL,sptincj992,p0p100,2012,1
CHL,sptincj992,p0p100,2013,1
CHL,sptincj992,p0p100,2014,1
CHL,sptincj992,p0p100,2015,1
CHL,sptincj992,p0p100,2016,1
CHL,sptincj992,p0p100,2017,1
CHL,sptincj992,p0p100,2018,1
CHL,sptincj992,p0p100,2019,1
CHL,sptincj992,p0p100,2020,1
CHL,sptincj992,p0p100,2021,1
CHL,sptincj992,p0p100,2022,1
CHL,sptincj992,p0p100,2023,1
CHL,sptincj992,p0p100,2024,1
CHL,sptincj992,p0p50,1820,0.1385
CHL,sptincj992,p0p50,1850,0.1371
CHL,sptincj992,p0p50,1880,0.1358
CHL,sptincj992,p0p50,1900,0.1345
CHL,sptincj992,p0p50,1910,0.1318
CHL,sptincj992,p0p50,1920,0.1318
CHL,sptincj992,p0p50,1930,0.1318
CHL,sptincj992,p0p50,1940,0.1323
CHL,sptincj992,p0p50,1950,0.1354
CHL,sptincj992,p0p50,1960,0.0951
CHL,sptincj992,p0p50,1964,0.0953
CHL,sptincj992,p0p50,1965,0.0949
CHL,sptincj992,p0p50,1966,0.0942
CHL,sptincj992,p0p50,1967,0.0945
CHL,sptincj992,p0p50,1968,0.095
CHL,sptincj992,p0p50,1969,0.0956
CHL,sptincj992,p0p50,1970,0.0951
CHL,sptincj992,p0p50,1971,0.0927
CHL,sptincj992,p0p50,1972,0.0912
CHL,sptincj992,p0p50,1973,0.0902
CHL,sptincj992,p0p50,1974,0.0878
CHL,sptincj992,p0p50,1976,0.0841
CHL,sptincj992,p0p50,1978,0.0795
CHL,sptincj992,p0p50,1979,0.0781
CHL,sptincj992,p0p50,1980,0.0752
CHL,sptincj992,p0p50,1981,0.0752
CHL,sptincj992,p0p50,1982,0.0752
CHL,sptincj992,p0p50,1983,0.0752
CHL,sptincj992,p0p50,1984,0.0752
CHL,sptincj992,p0p50,1985,0.0752
CHL,sptincj992,p0p50,1986,0.0752
CHL,sptincj992,p0p50,1987,0.0752
CHL,sptincj992,p0p50,1988,0.0752
CHL,sptincj992,p0p50,1989,0.0752
CHL,sptincj992,p0p50,1990,0.0752
CHL,sptincj992,p0p50,1991,0.0752
CHL,sptincj992,p0p50,1992,0.0752
CHL,sptincj992,p0p50,1993,0.0752
CHL,sptincj992,p0p50,1994,0.0752
CHL,sptincj992,p0p50,1995,0.0752
CHL,sptincj992,p0p50,1996,0.0752
CHL,sptincj992,p0p50,1997,0.0752
CHL,sptincj992,p0p50,1998,0.0752
CHL,sptincj992,p0p50,1999,0.0752
CHL,sptincj992,p0p50,2000,0.0752
CHL,sptincj992,p0p50,2001,0.0778
CHL,sptincj992,p0p50,2002,0.0803
CHL,sptincj992,p0p50,2003,0.0828
CHL,sptincj992,p0p50,2004,0.0792
CHL,sptincj992,p0p50,2005,0.0756
CHL,sptincj992,p0p50,2006,0.072
CHL,sptincj992,p0p50,2007,0.0719
CHL,sptincj992,p0p50,2008,0.0718
CHL,sptincj992,p0p50,2009,0.0717
CHL,sptincj992,p0p50,2010,0.0683
CHL,sptincj992,p0p50,2011,0.0649
CHL,sptincj992,p0p50,2012,0.0682
CHL,sptincj992,p0p50,2013,0.0715
CHL,sptincj992,p0p50,2014,0.0727
CHL,sptincj992,p0p50,2015,0.074
CHL,sptincj992,p0p50,2016,0.077
CHL,sptincj992,p0p50,2017,0.08
CHL,sptincj992,p0p50,2018,0.0759
CHL,sptincj992,p0p50,2019,0.0718
CHL,sptincj992,p0p50,2020,0.0677
CHL,sptincj992,p0p50,2021,0.0748
CHL,sptincj992,p0p50,2022,0.0818
CHL,sptincj992,p0p50,2023,0.0818
CHL,sptincj992,p0p50,2024,0.0818
CHL,sptincj992,p0p90,1820,0.5233
CHL,sptincj992,p0p90,1850,0.5182
CHL,sptincj992,p0p90,1880,0.5132
CHL,sptincj992,p0p90,1900,0.5082
CHL,sptincj992,p0p90,1910,0.4982
CHL,sptincj992,p0p90,1920,0.4982
CHL,sptincj992,p0p90,1930,0.4982
CHL,sptincj992,p0p90,1940,0.5
CHL,sptincj992,p0p90,1950,0.5116
CHL,sptincj992,p0p90,1960,0.422
CHL,sptincj992,p0p90,1964,0.4226
CHL,sptincj992,p0p90,1965,0.421
CHL,sptincj992,p0p90,1966,0.4178
CHL,sptincj992,p0p90,1967,0.4191
CHL,sptincj992,p0p90,1968,0.4215
CHL,sptincj992,p0p90,1969,0.4242
CHL,sptincj992,p0p90,1970,0.422
CHL,sptincj992,p0p90,1971,0.4149
CHL,sptincj992,p0p90,1972,0.4123
CHL,sptincj992,p0p90,1973,0.4119
CHL,sptincj992,p0p90,1974,0.4054
CHL,sptincj992,p0p90,1976,0.3965
CHL,sptincj992,p0p90,1978,0.384
CHL,sptincj992,p0p90,1979,0.3818
CHL,sptincj992,p0p90,1980,0.3727
CHL,sptincj992,p0p90,1981,0.3727
CHL,sptincj992,p0p90,1982,0.3727
CHL,sptincj992,p0p90,1983,0.3727
CHL,sptincj992,p0p90,1984,0.3727
CHL,sptincj992,p0p90,1985,0.3727
CHL,sptincj992,p0p90,1986,0.3727
CHL,sptincj992,p0p90,1987,0.3727
CHL,sptincj992,p0p90,1988,0.3727
CHL,sptincj992,p0p90,1989,0.3727
CHL,sptincj992,p0p90,1990,0.3727
CHL,sptincj992,p0p90,1991,0.3727
CHL,sptincj992,p0p90,1992,0.3727
CHL,sptincj992,p0p90,1993,0.3727
CHL,sptincj992,p0p90,1994,0.3727
CHL,sptincj992,p0p90,1995,0.3727
CHL,sptincj992,p0p90,1996,0.3727
CHL,sptincj992,p0p90,1997,0.3727
CHL,sptincj992,p0p90,1998,0.3727
CHL,sptincj992,p0p90,1999,0.3727
CHL,sptincj992,p0p90,2000,0.3727
CHL,sptincj992,p0p90,2001,0.3812
CHL,sptincj992,p0p90,2002,0.3898
CHL,sptincj992,p0p90,2003,0.3984
CHL,sptincj992,p0p90,2004,0.3837
CHL,sptincj992,p0p90,2005,0.3691
CHL,sptincj992,p0p90,2006,0.3545
CHL,sptincj992,p0p90,2007,0.3585
CHL,sptincj992,p0p90,2008,0.3626
CHL,sptincj992,p0p90,2009,0.3666
CHL,sptincj992,p0p90,2010,0.3419
CHL,sptincj992,p0p90,2011,0.3171
CHL,sptincj992,p0p90,2012,0.3282
CHL,sptincj992,p0p90,2013,0.3393
CHL,sptincj992,p0p90,2014,0.3436
CHL,sptincj992,p0p90,2015,0.3478
CHL,sptincj992,p0p90,2016,0.3566
CHL,sptincj992,p0p90,2017,0.3654
CHL,sptincj992,p0p90,2018,0.3801
CHL,sptincj992,p0p90,2019,0.3948
CHL,sptincj992,p0p90,2020,0.4095
CHL,sptincj992,p0p90,2021,0.4074
CHL,sptincj992,p0p90,2022,0.4053
CHL,sptincj992,p0p90,2023,0.4053
CHL,sptincj992,p0p90,2024,0.4053
CHL,sptincj992,p0p99,1820,0.8025
CHL,sptincj992,p0p99,1850,0.8004
CHL,sptincj992,p0p99,1880,0.7983
CHL,sptincj992,p0p99,1900,0.7963
CHL,sptincj992,p0p99,1910,0.7921
CHL,sptincj992,p0p99,1920,0.7921
CHL,sptincj992,p0p99,1930,0.7921
CHL,sptincj992,p0p99,1940,0.795
CHL,sptincj992,p0p99,1950,0.8134
CHL,sptincj992,p0p99,1960,0.7975
CHL,sptincj992,p0p99,1964,0.7987000000000001
CHL,sptincj992,p0p99,1965,0.7957000000000001
CHL,sptincj992,p0p99,1966,0.7896000000000001
CHL,sptincj992,p0p99,1967,0.7921
CHL,sptincj992,p0p99,1968,0.7965
CHL,sptincj992,p0p99,1969,0.8016000000000001
CHL,sptincj992,p0p99,1970,0.7975
CHL,sptincj992,p0p99,1971,0.7835000000000001
CHL,sptincj992,p0p99,1972,0.7779
CHL,sptincj992,p0p99,1973,0.7764000000000001
CHL,sptincj992,p0p99,1974,0.7634000000000001
CHL,sptincj992,p0p99,1976,0.7453000000000001
CHL,sptincj992,p0p99,1978,0.7205
CHL,sptincj992,p0p99,1979,0.7157
CHL,sptincj992,p0p99,1980,0.6977
CHL,sptincj992,p0p99,1981,0.6977
CHL,sptincj992,p0p99,1982,0.6977
CHL,sptincj992,p0p99,1983,0.6977
CHL,sptincj992,p0p99,1984,0.6977
CHL,sptincj992,p0p99,1985,0.6977
CHL,sptincj992,p0p99,1986,0.6977
CHL,sptincj992,p0p99,1987,0.6977
CHL,sptincj992,p0p99,1988,0.6977
CHL,sptincj992,p0p99,1989,0.6977
CHL,sptincj992,p0p99,1990,0.6977
CHL,sptincj992,p0p99,1991,0.6977
CHL,sptincj992,p0p99,1992,0.6977
CHL,sptincj992,p0p99,1993,0.6977
CHL,sptincj992,p0p99,1994,0.6977
CHL,sptincj992,p0p99,1995,0.6977
CHL,sptincj992,p0p99,1996,0.6977
CHL,sptincj992,p0p99,1997,0.6977
CHL,sptincj992,p0p99,1998,0.6977
CHL,sptincj992,p0p99,1999,0.6977
CHL,sptincj992,p0p99,2000,0.6977
CHL,sptincj992,p0p99,2001,0.7078
CHL,sptincj992,p0p99,2002,0.7179
CHL,sptincj992,p0p99,2003,0.728
CHL,sptincj992,p0p99,2004,0.7020000000000001
CHL,sptincj992,p0p99,2005,0.676
CHL,sptincj992,p0p99,2006,0.65
CHL,sptincj992,p0p99,2007,0.6659
CHL,sptincj992,p0p99,2008,0.6817000000000001
CHL,sptincj992,p0p99,2009,0.6973
CHL,sptincj992,p0p99,2010,0.6838000000000001
CHL,sptincj992,p0p99,2011,0.6702
CHL,sptincj992,p0p99,2012,0.6679
CHL,sptincj992,p0p99,2013,0.6657000000000001
CHL,sptincj992,p0p99,2014,0.6644
CHL,sptincj992,p0p99,2015,0.6631
CHL,sptincj992,p0p99,2016,0.6728000000000001
CHL,sptincj992,p0p99,2017,0.6825
CHL,sptincj992,p0p99,2018,0.6920000000000001
CHL,sptincj992,p0p99,2019,0.7016
CHL,sptincj992,p0p99,2020,0.7111000000000001
CHL,sptincj992,p0p99,2021,0.7220000000000001
CHL,sptincj992,p0p99,2022,0.7329
CHL,sptincj992,p0p99,2023,0.7329
CHL,sptincj992,p0p99,2024,0.7329
CHL,sptincj992,p90p100,1820,0.4767
CHL,sptincj992,p90p100,1850,0.4818
CHL,sptincj992,p90p100,1880,0.4868
CHL,sptincj992,p90p100,1900,0.4918
CHL,sptincj992,p90p100,1910,0.5018
CHL,sptincj992,p90p100,1920,0.5018
CHL,sptincj992,p90p100,1930,0.5018
CHL,sptincj992,p90p100,1940,0.5
CHL,sptincj992,p90p100,1950,0.4884
CHL,sptincj992,p90p100,1960,0.5780000000000001
CHL,sptincj992,p90p100,1964,0.5774
CHL,sptincj992,p90p100,1965,0.5790000000000001
CHL,sptincj992,p90p100,1966,0.5822
CHL,sptincj992,p90p100,1967,0.5809000000000001
CHL,sptincj992,p90p100,1968,0.5785
CHL,sptincj992,p90p100,1969,0.5758
CHL,sptincj992,p90p100,1970,0.5780000000000001
CHL,sptincj992,p90p100,1971,0.5851000000000001
CHL,sptincj992,p90p100,1972,0.5877
CHL,sptincj992,p90p100,1973,0.5881000000000001
CHL,sptincj992,p90p100,1974,0.5946
CHL,sptincj992,p90p100,1976,0.6035
CHL,sptincj992,p90p100,1978,0.616
CHL,sptincj992,p90p100,1979,0.6182000000000001
CHL,sptincj992,p90p100,1980,0.6273000000000001
CHL,sptincj992,p90p100,1981,0.6273000000000001
CHL,sptincj992,p90p100,1982,0.6273000000000001
CHL,sptincj992,p90p100,1983,0.6273000000000001
CHL,sptincj992,p90p100,1984,0.6273000000000001
CHL,sptincj992,p90p100,1985,0.6273000000000001
CHL,sptincj992,p90p100,1986,0.6273000000000001
CHL,sptincj992,p90p100,1987,0.6273000000000001
CHL,sptincj992,p90p100,1988,0.6273000000000001
CHL,sptincj992,p90p100,1989,0.6273000000000001
CHL,sptincj992,p90p100,1990,0.6273000000000001
CHL,sptincj992,p90p100,1991,0.6273000000000001
CHL,sptincj992,p90p100,1992,0.6273000000000001
CHL,sptincj992,p90p100,1993,0.6273000000000001
CHL,sptincj992,p90p100,1994,0.6273000000000001
CHL,sptincj992,p90p100,1995,0.6273000000000001
CHL,sptincj992,p90p100,1996,0.6273000000000001
CHL,sptincj992,p90p100,1997,0.6273000000000001
CHL,sptincj992,p90p100,1998,0.6273000000000001
CHL,sptincj992,p90p100,1999,0.6273000000000001
CHL,sptincj992,p90p100,2000,0.6273000000000001
CHL,sptincj992,p90p100,2001,0.6188
CHL,sptincj992,p90p100,2002,0.6102000000000001
CHL,sptincj992,p90p100,2003,0.6016
CHL,sptincj992,p90p100,2004,0.6163000000000001
CHL,sptincj992,p90p100,2005,0.6309
CHL,sptincj992,p90p100,2006,0.6455000000000001
CHL,sptincj992,p90p100,2007,0.6415000000000001
CHL,sptincj992,p90p100,2008,0.6374000000000001
CHL,sptincj992,p90p100,2009,0.6334000000000001
CHL,sptincj992,p90p100,2010,0.6581
CHL,sptincj992,p90p100,2011,0.6829000000000001
CHL,sptincj992,p90p100,2012,0.6718000000000001
CHL,sptincj992,p90p100,2013,0.6607000000000001
CHL,sptincj992,p90p100,2014,0.6564
CHL,sptincj992,p90p100,2015,0.6522
CHL,sptincj992,p90p100,2016,0.6434000000000001
CHL,sptincj992,p90p100,2017,0.6346
CHL,sptincj992,p90p100,2018,0.6199
CHL,sptincj992,p90p100,2019,0.6052000000000001
CHL,sptincj992,p90p100,2020,0.5905
CHL,sptincj992,p90p100,2021,0.5926
CHL,sptincj992,p90p100,2022,0.5947
CHL,sptincj992,p90p100,2023,0.5947
CHL,sptincj992,p90p100,2024,0.5947
CHL,sptincj992,p99p100,1820,0.1975
CHL,sptincj992,p99p100,1850,0.1996
CHL,sptincj992,p99p100,1880,0.2017
CHL,sptincj992,p99p100,1900,0.2037
CHL,sptincj992,p99p100,1910,0.2079
CHL,sptincj992,p99p100,1920,0.2079
CHL,sptincj992,p99p100,1930,0.2079
CHL,sptincj992,p99p100,1940,0.205
CHL,sptincj992,p99p100,1950,0.1866
CHL,sptincj992,p99p100,1960,0.2025
CHL,sptincj992,p99p100,1964,0.2013
CHL,sptincj992,p99p100,1965,0.2043
CHL,sptincj992,p99p100,1966,0.2104
CHL,sptincj992,p99p100,1967,0.2079
CHL,sptincj992,p99p100,1968,0.2035
CHL,sptincj992,p99p100,1969,0.1984
CHL,sptincj992,p99p100,1970,0.2025
CHL,sptincj992,p99p100,1971,0.2165
CHL,sptincj992,p99p100,1972,0.2221
CHL,sptincj992,p99p100,1973,0.2236
CHL,sptincj992,p99p100,1974,0.2366
CHL,sptincj992,p99p100,1976,0.2547
CHL,sptincj992,p99p100,1978,0.2795
CHL,sptincj992,p99p100,1979,0.2843
CHL,sptincj992,p99p100,1980,0.3023
CHL,sptincj992,p99p100,1981,0.3023
CHL,sptincj992,p99p100,1982,0.3023
CHL,sptincj992,p99p100,1983,0.3023
CHL,sptincj992,p99p100,1984,0.3023
CHL,sptincj992,p99p100,1985,0.3023
CHL,sptincj992,p99p100,1986,0.3023
CHL,sptincj992,p99p100,1987,0.3023
CHL,sptincj992,p99p100,1988,0.3023
CHL,sptincj992,p99p100,1989,0.3023
CHL,sptincj992,p99p100,1990,0.3023
CHL,sptincj992,p99p100,1991,0.3023
CHL,sptincj992,p99p100,1992,0.3023
CHL,sptincj992,p99p100,1993,0.3023
CHL,sptincj992,p99p100,1994,0.3023
CHL,sptincj992,p99p100,1995,0.3023
CHL,sptincj992,p99p100,1996,0.3023
CHL,sptincj992,p99p100,1997,0.3023
CHL,sptincj992,p99p100,1998,0.3023
CHL,sptincj992,p99p100,1999,0.3023
CHL,sptincj992,p99p100,2000,0.3023
CHL,sptincj992,p99p100,2001,0.2922
CHL,sptincj992,p99p100,2002,0.2821
CHL,sptincj992,p99p100,2003,0.272
CHL,sptincj992,p99p100,2004,0.298
CHL,sptincj992,p99p100,2005,0.324
CHL,sptincj992,p99p100,2006,0.35
CHL,sptincj992,p99p100,2007,0.3341
CHL,sptincj992,p99p100,2008,0.3183
CHL,sptincj992,p99p100,2009,0.3027
CHL,sptincj992,p99p100,2010,0.3162
CHL,sptincj992,p99p100,2011,0.3298
CHL,sptincj992,p99p100,2012,0.3321
CHL,sptincj992,p99p100,2013,0.3343
CHL,sptincj992,p99p100,2014,0.3356
CHL,sptincj992,p99p100,2015,0.3369
CHL,sptincj992,p99p100,2016,0.3272
CHL,sptincj992,p99p100,2017,0.3175
CHL,sptincj992,p99p100,2018,0.308
CHL,sptincj992,p99p100,2019,0.2984
CHL,sptincj992,p99p100,2020,0.2889
CHL,sptincj992,p99p100,2021,0.278
CHL,sptincj992,p99p100,2022,0.2671
CHL,sptincj992,p99p100,2023,0.2671
CHL,sptincj992,p99p100,2024,0.2671
CHN,spllinf992,p0p100,1990,0.40900001
CHN,spllinf992,p0p100,1991,0.40900001
CHN,spllinf992,p0p100,1992,0.40939999
CHN,spllinf992,p0p100,1993,0.40959999
CHN,spllinf992,p0p100,1994,0.40970001
CHN,spllinf992,p0p100,1995,0.40970001
CHN,spllinf992,p0p100,1996,0.40669999
CHN,spllinf992,p0p100,1997,0.40369999
CHN,spllinf992,p0p100,1998,0.4007
CHN,spllinf992,p0p100,1999,0.3976
CHN,spllinf992,p0p100,2000,0.3946
CHN,spllinf992,p0p100,2001,0.39160001
CHN,spllinf992,p0p100,2002,0.38859999
CHN,spllinf992,p0p100,2003,0.38389999
CHN,spllinf992,p0p100,2004,0.37920001
CHN,spllinf992,p0p100,2005,0.37450001
CHN,spllinf992,p0p100,2006,0.3698
CHN,spllinf992,p0p100,2007,0.3651
CHN,spllinf992,p0p100,2008,0.36520001
CHN,spllinf992,p0p100,2009,0.3653
CHN,spllinf992,p0p100,2010,0.3655
CHN,spllinf992,p0p100,2011,0.36559999
CHN,spllinf992,p0p100,2012,0.36570001
CHN,spllinf992,p0p100,2013,0.36579999
CHN,spllinf992,p0p100,2014,0.36500001
CHN,spllinf992,p0p100,2015,0.36410001
CHN,spllinf992,p0p100,2016,0.3633
CHN,spllinf992,p0p100,2017,0.36250001
CHN,spllinf992,p0p100,2018,0.36160001
CHN,spllinf992,p0p100,2019,0.3626
CHN,spllinf992,p0p100,2020,0.36250001
CHN,spllinf992,p0p100,2021,0.3637
CHN,spllinf992,p0p100,2022,0.36410001
CHN,spllinf992,p0p100,2023,0.36469999
CHN,spllinf992,p0p100,2024,0.36520001
CHN,sptincj992,p0p100,1820,1
CHN,sptincj992,p0p100,1850,1
CHN,sptincj992,p0p100,1880,1
CHN,sptincj992,p0p100,1900,1
CHN,sptincj992,p0p100,1910,1
CHN,sptincj992,p0p100,1920,1
CHN,sptincj992,p0p100,1930,1
CHN,sptincj992,p0p100,1940,1
CHN,sptincj992,p0p100,1950,1
CHN,sptincj992,p0p100,1960,1
CHN,sptincj992,p0p100,1970,1
CHN,sptincj992,p0p100,1978,1
CHN,sptincj992,p0p100,1979,1
CHN,sptincj992,p0p100,1980,1
CHN,sptincj992,p0p100,1981,1
CHN,sptincj992,p0p100,1982,1
CHN,sptincj992,p0p100,1983,1
CHN,sptincj992,p0p100,1984,1
CHN,sptincj992,p0p100,1985,1
CHN,sptincj992,p0p100,1986,1
CHN,sptincj992,p0p100,1987,1
CHN,sptincj992,p0p100,1988,1
CHN,sptincj992,p0p100,1989,1
CHN,sptincj992,p0p100,1990,1
CHN,sptincj992,p0p100,1991,1
CHN,sptincj992,p0p100,1992,1
CHN,sptincj992,p0p100,1993,1
CHN,sptincj992,p0p100,1994,1
CHN,sptincj992,p0p100,1995,1
CHN,sptincj992,p0p100,1996,1
CHN,sptincj992,p0p100,1997,1
CHN,sptincj992,p0p100,1998,1
CHN,sptincj992,p0p100,1999,1
CHN,sptincj992,p0p100,2000,1
CHN,sptincj992,p0p100,2001,1
CHN,sptincj992,p0p100,2002,1
CHN,sptincj992,p0p100,2003,1
CHN,sptincj992,p0p100,2004,1
CHN,sptincj992,p0p100,2005,1
CHN,sptincj992,p0p100,2006,1
CHN,sptincj992,p0p100,2007,1
CHN,sptincj992,p0p100,2008,1
CHN,sptincj992,p0p100,2009,1
CHN,sptincj992,p0p100,2010,1
CHN,sptincj992,p0p100,2011,1
CHN,sptincj992,p0p100,2012,1
CHN,sptincj992,p0p100,2013,1
CHN,sptincj992,p0p100,2014,1
CHN,sptincj992,p0p100,2015,1
CHN,sptincj992,p0p100,2016,1
CHN,sptincj992,p0p100,2017,1
CHN,sptincj992,p0p100,2018,1
CHN,sptincj992,p0p100,2019,1
CHN,sptincj992,p0p100,2020,1
CHN,sptincj992,p0p100,2021,1
CHN,sptincj992,p0p100,2022,1
CHN,sptincj992,p0p100,2023,1
CHN,sptincj992,p0p100,2024,1
CHN,sptincj992,p0p50,1820,0.1855
CHN,sptincj992,p0p50,1850,0.1812
CHN,sptincj992,p0p50,1880,0.1594
CHN,sptincj992,p0p50,1900,0.1571
CHN,sptincj992,p0p50,1910,0.1691
CHN,sptincj992,p0p50,1920,0.1558
CHN,sptincj992,p0p50,1930,0.1511
CHN,sptincj992,p0p50,1940,0.1791
CHN,sptincj992,p0p50,1950,0.254
CHN,sptincj992,p0p50,1960,0.254
CHN,sptincj992,p0p50,1970,0.254
CHN,sptincj992,p0p50,1978,0.2473
CHN,sptincj992,p0p50,1979,0.2466
CHN,sptincj992,p0p50,1980,0.2454
CHN,sptincj992,p0p50,1981,0.2427
CHN,sptincj992,p0p50,1982,0.2376
CHN,sptincj992,p0p50,1983,0.2402
CHN,sptincj992,p0p50,1984,0.2375
CHN,sptincj992,p0p50,1985,0.2342
CHN,sptincj992,p0p50,1986,0.2213
CHN,sptincj992,p0p50,1987,0.2169
CHN,sptincj992,p0p50,1988,0.215
CHN,sptincj992,p0p50,1989,0.2089
CHN,sptincj992,p0p50,1990,0.2109
CHN,sptincj992,p0p50,1991,0.1992
CHN,sptincj992,p0p50,1992,0.1906
CHN,sptincj992,p0p50,1993,0.1817
CHN,sptincj992,p0p50,1994,0.178
CHN,sptincj992,p0p50,1995,0.1817
CHN,sptincj992,p0p50,1996,0.1873
CHN,sptincj992,p0p50,1997,0.1876
CHN,sptincj992,p0p50,1998,0.1882
CHN,sptincj992,p0p50,1999,0.1818
CHN,sptincj992,p0p50,2000,0.1707
CHN,sptincj992,p0p50,2001,0.1652
CHN,sptincj992,p0p50,2002,0.153
CHN,sptincj992,p0p50,2003,0.1489
CHN,sptincj992,p0p50,2004,0.1489
CHN,sptincj992,p0p50,2005,0.1417
CHN,sptincj992,p0p50,2006,0.1416
CHN,sptincj992,p0p50,2007,0.1401
CHN,sptincj992,p0p50,2008,0.1397
CHN,sptincj992,p0p50,2009,0.139
CHN,sptincj992,p0p50,2010,0.136
CHN,sptincj992,p0p50,2011,0.1385
CHN,sptincj992,p0p50,2012,0.1429
CHN,sptincj992,p0p50,2013,0.1379
CHN,sptincj992,p0p50,2014,0.1414
CHN,sptincj992,p0p50,2015,0.1412
CHN,sptincj992,p0p50,2016,0.1411
CHN,sptincj992,p0p50,2017,0.1386
CHN,sptincj992,p0p50,2018,0.1393
CHN,sptincj992,p0p50,2019,0.1398
CHN,sptincj992,p0p50,2020,0.1377
CHN,sptincj992,p0p50,2021,0.1374
CHN,sptincj992,p0p50,2022,0.1351
CHN,sptincj992,p0p50,2023,0.1351
CHN,sptincj992,p0p50,2024,0.1351
CHN,sptincj992,p0p90,1820,0.5352
CHN,sptincj992,p0p90,1850,0.5228
CHN,sptincj992,p0p90,1880,0.4876
CHN,sptincj992,p0p90,1900,0.4839
CHN,sptincj992,p0p90,1910,0.488
CHN,sptincj992,p0p90,1920,0.4497
CHN,sptincj992,p0p90,1930,0.4644
CHN,sptincj992,p0p90,1940,0.5168
CHN,sptincj992,p0p90,1950,0.733
CHN,sptincj992,p0p90,1960,0.733
CHN,sptincj992,p0p90,1970,0.733
CHN,sptincj992,p0p90,1978,0.7202000000000001
CHN,sptincj992,p0p90,1979,0.7202000000000001
CHN,sptincj992,p0p90,1980,0.7195
CHN,sptincj992,p0p90,1981,0.7153
CHN,sptincj992,p0p90,1982,0.7113
CHN,sptincj992,p0p90,1983,0.7104
CHN,sptincj992,p0p90,1984,0.7055
CHN,sptincj992,p0p90,1985,0.6969000000000001
CHN,sptincj992,p0p90,1986,0.6946
CHN,sptincj992,p0p90,1987,0.6963
CHN,sptincj992,p0p90,1988,0.6929000000000001
CHN,sptincj992,p0p90,1989,0.6874
CHN,sptincj992,p0p90,1990,0.6900000000000001
CHN,sptincj992,p0p90,1991,0.6836
CHN,sptincj992,p0p90,1992,0.6716000000000001
CHN,sptincj992,p0p90,1993,0.6597000000000001
CHN,sptincj992,p0p90,1994,0.6554
CHN,sptincj992,p0p90,1995,0.6597000000000001
CHN,sptincj992,p0p90,1996,0.6595000000000001
CHN,sptincj992,p0p90,1997,0.6594
CHN,sptincj992,p0p90,1998,0.6561
CHN,sptincj992,p0p90,1999,0.6507000000000001
CHN,sptincj992,p0p90,2000,0.64
CHN,sptincj992,p0p90,2001,0.6325000000000001
CHN,sptincj992,p0p90,2002,0.602
CHN,sptincj992,p0p90,2003,0.5937
CHN,sptincj992,p0p90,2004,0.5866
CHN,sptincj992,p0p90,2005,0.5772
CHN,sptincj992,p0p90,2006,0.5752
CHN,sptincj992,p0p90,2007,0.5719000000000001
CHN,sptincj992,p0p90,2008,0.5719000000000001
CHN,sptincj992,p0p90,2009,0.5726
CHN,sptincj992,p0p90,2010,0.5705
CHN,sptincj992,p0p90,2011,0.5677
CHN,sptincj992,p0p90,2012,0.5819
CHN,sptincj992,p0p90,2013,0.5753
CHN,sptincj992,p0p90,2014,0.5832
CHN,sptincj992,p0p90,2015,0.5822
CHN,sptincj992,p0p90,2016,0.5820000000000001
CHN,sptincj992,p0p90,2017,0.5717
CHN,sptincj992,p0p90,2018,0.5747
CHN,sptincj992,p0p90,2019,0.5764
CHN,sptincj992,p0p90,2020,0.5680000000000001
CHN,sptincj992,p0p90,2021,0.5665
CHN,sptincj992,p0p90,2022,0.5654
CHN,sptincj992,p0p90,2023,0.5654
CHN,sptincj992,p0p90,2024,0.5654
CHN,sptincj992,p0p99,1820,0.8384
CHN,sptincj992,p0p99,1850,0.8265
CHN,sptincj992,p0p99,1880,0.8239000000000001
CHN,sptincj992,p0p99,1900,0.8216
CHN,sptincj992,p0p99,1910,0.7974
CHN,sptincj992,p0p99,1920,0.7822
CHN,sptincj992,p0p99,1930,0.7986000000000001
CHN,sptincj992,p0p99,1940,0.8183
CHN,sptincj992,p0p99,1950,0.9500000000000001
CHN,sptincj992,p0p99,1960,0.9500000000000001
CHN,sptincj992,p0p99,1970,0.9500000000000001
CHN,sptincj992,p0p99,1978,0.9346000000000001
CHN,sptincj992,p0p99,1979,0.9344
CHN,sptincj992,p0p99,1980,0.9339000000000001
CHN,sptincj992,p0p99,1981,0.931
CHN,sptincj992,p0p99,1982,0.9287000000000001
CHN,sptincj992,p0p99,1983,0.9269000000000001
CHN,sptincj992,p0p99,1984,0.9235000000000001
CHN,sptincj992,p0p99,1985,0.9178000000000001
CHN,sptincj992,p0p99,1986,0.9185000000000001
CHN,sptincj992,p0p99,1987,0.9196000000000001
CHN,sptincj992,p0p99,1988,0.9183
CHN,sptincj992,p0p99,1989,0.9163
CHN,sptincj992,p0p99,1990,0.9175000000000001
CHN,sptincj992,p0p99,1991,0.9154
CHN,sptincj992,p0p99,1992,0.9111
CHN,sptincj992,p0p99,1993,0.9067000000000001
CHN,sptincj992,p0p99,1994,0.9042
CHN,sptincj992,p0p99,1995,0.9058
CHN,sptincj992,p0p99,1996,0.9031
CHN,sptincj992,p0p99,1997,0.9031
CHN,sptincj992,p0p99,1998,0.9002
CHN,sptincj992,p0p99,1999,0.8994000000000001
CHN,sptincj992,p0p99,2000,0.895
CHN,sptincj992,p0p99,2001,0.89
CHN,sptincj992,p0p99,2002,0.8731
CHN,sptincj992,p0p99,2003,0.8673000000000001
CHN,sptincj992,p0p99,2004,0.8603000000000001
CHN,sptincj992,p0p99,2005,0.8566
CHN,sptincj992,p0p99,2006,0.8509
CHN,sptincj992,p0p99,2007,0.8458
CHN,sptincj992,p0p99,2008,0.8467
CHN,sptincj992,p0p99,2009,0.8444
CHN,sptincj992,p0p99,2010,0.8476
CHN,sptincj992,p0p99,2011,0.8529
CHN,sptincj992,p0p99,2012,0.8613000000000001
CHN,sptincj992,p0p99,2013,0.8607
CHN,sptincj992,p0p99,2014,0.8622000000000001
CHN,sptincj992,p0p99,2015,0.8596
CHN,sptincj992,p0p99,2016,0.8595
CHN,sptincj992,p0p99,2017,0.8484
CHN,sptincj992,p0p99,2018,0.8515
CHN,sptincj992,p0p99,2019,0.8534
CHN,sptincj992,p0p99,2020,0.8444
CHN,sptincj992,p0p99,2021,0.8428
CHN,sptincj992,p0p99,2022,0.8424
CHN,sptincj992,p0p99,2023,0.8424
CHN,sptincj992,p0p99,2024,0.8424
CHN,sptincj992,p50p90,1820,0.3497
CHN,sptincj992,p50p90,1850,0.3417
CHN,sptincj992,p50p90,1880,0.3283
CHN,sptincj992,p50p90,1900,0.3267
CHN,sptincj992,p50p90,1910,0.3189
CHN,sptincj992,p50p90,1920,0.2939
CHN,sptincj992,p50p90,1930,0.3133
CHN,sptincj992,p50p90,1940,0.3377
CHN,sptincj992,p50p90,1950,0.479
CHN,sptincj992,p50p90,1960,0.479
CHN,sptincj992,p50p90,1970,0.479
CHN,sptincj992,p50p90,1978,0.473
CHN,sptincj992,p50p90,1979,0.4736
CHN,sptincj992,p50p90,1980,0.4741
CHN,sptincj992,p50p90,1981,0.4725
CHN,sptincj992,p50p90,1982,0.4736
CHN,sptincj992,p50p90,1983,0.4702
CHN,sptincj992,p50p90,1984,0.468
CHN,sptincj992,p50p90,1985,0.4628
CHN,sptincj992,p50p90,1986,0.4733
CHN,sptincj992,p50p90,1987,0.4795
CHN,sptincj992,p50p90,1988,0.4779
CHN,sptincj992,p50p90,1989,0.4785
CHN,sptincj992,p50p90,1990,0.4792
CHN,sptincj992,p50p90,1991,0.4844
CHN,sptincj992,p50p90,1992,0.481
CHN,sptincj992,p50p90,1993,0.4779
CHN,sptincj992,p50p90,1994,0.4774
CHN,sptincj992,p50p90,1995,0.4779
CHN,sptincj992,p50p90,1996,0.4722
CHN,sptincj992,p50p90,1997,0.4718
CHN,sptincj992,p50p90,1998,0.4679
CHN,sptincj992,p50p90,1999,0.4689
CHN,sptincj992,p50p90,2000,0.4693
CHN,sptincj992,p50p90,2001,0.4673
CHN,sptincj992,p50p90,2002,0.4489
CHN,sptincj992,p50p90,2003,0.4447
CHN,sptincj992,p50p90,2004,0.4377
CHN,sptincj992,p50p90,2005,0.4354
CHN,sptincj992,p50p90,2006,0.4335
CHN,sptincj992,p50p90,2007,0.4318
CHN,sptincj992,p50p90,2008,0.4322
CHN,sptincj992,p50p90,2009,0.4336
CHN,sptincj992,p50p90,2010,0.4346
CHN,sptincj992,p50p90,2011,0.4292
CHN,sptincj992,p50p90,2012,0.439
CHN,sptincj992,p50p90,2013,0.4374
CHN,sptincj992,p50p90,2014,0.4419
CHN,sptincj992,p50p90,2015,0.441
CHN,sptincj992,p50p90,2016,0.4409
CHN,sptincj992,p50p90,2017,0.4331
CHN,sptincj992,p50p90,2018,0.4353
CHN,sptincj992,p50p90,2019,0.4366
CHN,sptincj992,p50p90,2020,0.4303
CHN,sptincj992,p50p90,2021,0.4292
CHN,sptincj992,p50p90,2022,0.4304
CHN,sptincj992,p50p90,2023,0.4304
CHN,sptincj992,p50p90,2024,0.4304
CHN,sptincj992,p90p100,1820,0.4648
CHN,sptincj992,p90p100,1850,0.4772
CHN,sptincj992,p90p100,1880,0.5124000000000001
CHN,sptincj992,p90p100,1900,0.5161
CHN,sptincj992,p90p100,1910,0.512
CHN,sptincj992,p90p100,1920,0.5503
CHN,sptincj992,p90p100,1930,0.5356000000000001
CHN,sptincj992,p90p100,1940,0.4832
CHN,sptincj992,p90p100,1950,0.267
CHN,sptincj992,p90p100,1960,0.267
CHN,sptincj992,p90p100,1970,0.267
CHN,sptincj992,p90p100,1978,0.2798
CHN,sptincj992,p90p100,1979,0.2798
CHN,sptincj992,p90p100,1980,0.2805
CHN,sptincj992,p90p100,1981,0.2847
CHN,sptincj992,p90p100,1982,0.2887
CHN,sptincj992,p90p100,1983,0.2896
CHN,sptincj992,p90p100,1984,0.2945
CHN,sptincj992,p90p100,1985,0.3031
CHN,sptincj992,p90p100,1986,0.3054
CHN,sptincj992,p90p100,1987,0.3037
CHN,sptincj992,p90p100,1988,0.3071
CHN,sptincj992,p90p100,1989,0.3126
CHN,sptincj992,p90p100,1990,0.31
CHN,sptincj992,p90p100,1991,0.3164
CHN,sptincj992,p90p100,1992,0.3284
CHN,sptincj992,p90p100,1993,0.3403
CHN,sptincj992,p90p100,1994,0.3446
CHN,sptincj992,p90p100,1995,0.3403
CHN,sptincj992,p90p100,1996,0.3405
CHN,sptincj992,p90p100,1997,0.3406
CHN,sptincj992,p90p100,1998,0.3439
CHN,sptincj992,p90p100,1999,0.3493
CHN,sptincj992,p90p100,2000,0.36
CHN,sptincj992,p90p100,2001,0.3675
CHN,sptincj992,p90p100,2002,0.398
CHN,sptincj992,p90p100,2003,0.4063
CHN,sptincj992,p90p100,2004,0.4134
CHN,sptincj992,p90p100,2005,0.4228
CHN,sptincj992,p90p100,2006,0.4248
CHN,sptincj992,p90p100,2007,0.4281
CHN,sptincj992,p90p100,2008,0.4281
CHN,sptincj992,p90p100,2009,0.4274
CHN,sptincj992,p90p100,2010,0.4295
CHN,sptincj992,p90p100,2011,0.4323
CHN,sptincj992,p90p100,2012,0.4181
CHN,sptincj992,p90p100,2013,0.4247
CHN,sptincj992,p90p100,2014,0.4168
CHN,sptincj992,p90p100,2015,0.4178
CHN,sptincj992,p90p100,2016,0.418
CHN,sptincj992,p90p100,2017,0.4283
CHN,sptincj992,p90p100,2018,0.4253
CHN,sptincj992,p90p100,2019,0.4236
CHN,sptincj992,p90p100,2020,0.432
CHN,sptincj992,p90p100,2021,0.4335
CHN,sptincj992,p90p100,2022,0.4346
CHN,sptincj992,p90p100,2023,0.4346
CHN,sptincj992,p90p100,2024,0.4346
CHN,sptincj992,p99p100,1820,0.1616
CHN,sptincj992,p99p100,1850,0.1735
CHN,sptincj992,p99p100,1880,0.1761
CHN,sptincj992,p99p100,1900,0.1784
CHN,sptincj992,p99p100,1910,0.2026
CHN,sptincj992,p99p100,1920,0.2178
CHN,sptincj992,p99p100,1930,0.2014
CHN,sptincj992,p99p100,1940,0.1817
CHN,sptincj992,p99p100,1950,0.05
CHN,sptincj992,p99p100,1960,0.05
CHN,sptincj992,p99p100,1970,0.05
CHN,sptincj992,p99p100,1978,0.0654
CHN,sptincj992,p99p100,1979,0.0656
CHN,sptincj992,p99p100,1980,0.0661
CHN,sptincj992,p99p100,1981,0.069
CHN,sptincj992,p99p100,1982,0.0713
CHN,sptincj992,p99p100,1983,0.0731
CHN,sptincj992,p99p100,1984,0.0765
CHN,sptincj992,p99p100,1985,0.0822
CHN,sptincj992,p99p100,1986,0.0815
CHN,sptincj992,p99p100,1987,0.0804
CHN,sptincj992,p99p100,1988,0.0817
CHN,sptincj992,p99p100,1989,0.0837
CHN,sptincj992,p99p100,1990,0.0825
CHN,sptincj992,p99p100,1991,0.0846
CHN,sptincj992,p99p100,1992,0.0889
CHN,sptincj992,p99p100,1993,0.0933
CHN,sptincj992,p99p100,1994,0.0958
CHN,sptincj992,p99p100,1995,0.0942
CHN,sptincj992,p99p100,1996,0.0969
CHN,sptincj992,p99p100,1997,0.0969
CHN,sptincj992,p99p100,1998,0.0998
CHN,sptincj992,p99p100,1999,0.1006
CHN,sptincj992,p99p100,2000,0.105
CHN,sptincj992,p99p100,2001,0.11
CHN,sptincj992,p99p100,2002,0.1269
CHN,sptincj992,p99p100,2003,0.1327
CHN,sptincj992,p99p100,2004,0.1397
CHN,sptincj992,p99p100,2005,0.1434
CHN,sptincj992,p99p100,2006,0.1491
CHN,sptincj992,p99p100,2007,0.1542
CHN,sptincj992,p99p100,2008,0.1533
CHN,sptincj992,p99p100,2009,0.1556
CHN,sptincj992,p99p100,2010,0.1524
CHN,sptincj992,p99p100,2011,0.1471
CHN,sptincj992,p99p100,2012,0.1387
CHN,sptincj992,p99p100,2013,0.1393
CHN,sptincj992,p99p100,2014,0.1378
CHN,sptincj992,p99p100,2015,0.1404
CHN,sptincj992,p99p100,2016,0.1405
CHN,sptincj992,p99p100,2017,0.1516
CHN,sptincj992,p99p100,2018,0.1485
CHN,sptincj992,p99p100,2019,0.1466
CHN,sptincj992,p99p100,2020,0.1556
CHN,sptincj992,p99p100,2021,0.1572
CHN,sptincj992,p99p100,2022,0.1576
CHN,sptincj992,p99p100,2023,0.1576
CHN,sptincj992,p99p100,2024,0.1576
COL,spllinf992,p0p100,1990,0.34290001
COL,spllinf992,p0p100,1991,0.34290001
COL,spllinf992,p0p100,1992,0.34119999
COL,spllinf992,p0p100,1993,0.3425
COL,spllinf992,p0p100,1994,0.33970001
COL,spllinf992,p0p100,1995,0.34560001
COL,spllinf992,p0p100,1996,0.34259999
COL,spllinf992,p0p100,1997,0.34369999
COL,spllinf992,p0p100,1998,0.34240001
COL,spllinf992,p0p100,1999,0.33849999
COL,spllinf992,p0p100,2000,0.3351
COL,spllinf992,p0p100,2001,0.33790001
COL,spllinf992,p0p100,2002,0.34079999
COL,spllinf992,p0p100,2003,0.33840001
COL,spllinf992,p0p100,2004,0.34020001
COL,spllinf992,p0p100,2005,0.34279999
COL,spllinf992,p0p100,2006,0.34209999
COL,spllinf992,p0p100,2007,0.34549999
COL,spllinf992,p0p100,2008,0.3475
COL,spllinf992,p0p100,2009,0.3545
COL,spllinf992,p0p100,2010,0.34819999
COL,spllinf992,p0p100,2011,0.35550001
COL,spllinf992,p0p100,2012,0.35139999
COL,spllinf992,p0p100,2013,0.36219999
COL,spllinf992,p0p100,2014,0.36149999
COL,spllinf992,p0p100,2015,0.36849999
COL,spllinf992,p0p100,2016,0.37169999
COL,spllinf992,p0p100,2017,0.37819999
COL,spllinf992,p0p100,2018,0.382
COL,spllinf992,p0p100,2019,0.37599999
COL,spllinf992,p0p100,2020,0.37709999
COL,spllinf992,p0p100,2021,0.3867
COL,spllinf992,p0p100,2022,0.39340001
COL,spllinf992,p0p100,2023,0.39610001
COL,spllinf992,p0p100,2024,0.39480001
COL,sptincj992,p0p100,1820,1
COL,sptincj992,p0p100,1850,1
COL,sptincj992,p0p100,1880,1
COL,sptincj992,p0p100,1900,1
COL,sptincj992,p0p100,1910,1
COL,sptincj992,p0p100,1920,1
COL,sptincj992,p0p100,1930,1
COL,sptincj992,p0p100,1940,1
COL,sptincj992,p0p100,1950,1
COL,sptincj992,p0p100,1960,1
COL,sptincj992,p0p100,1970,1
COL,sptincj992,p0p100,1980,1
COL,sptincj992,p0p100,1981,1
COL,sptincj992,p0p100,1982,1
COL,sptincj992,p0p100,1983,1
COL,sptincj992,p0p100,1984,1
COL,sptincj992,p0p100,1985,1
COL,sptincj992,p0p100,1986,1
COL,sptincj992,p0p100,1987,1
COL,sptincj992,p0p100,1988,1
COL,sptincj992,p0p100,1989,1
COL,sptincj992,p0p100,1990,1
COL,sptincj992,p0p100,1991,1
COL,sptincj992,p0p100,1992,1
COL,sptincj992,p0p100,1993,1
COL,sptincj992,p0p100,1994,1
COL,sptincj992,p0p100,1995,1
COL,sptincj992,p0p100,1996,1
COL,sptincj992,p0p100,1997,1
COL,sptincj992,p0p100,1998,1
COL,sptincj992,p0p100,1999,1
COL,sptincj992,p0p100,2000,1
COL,sptincj992,p0p100,2001,1
COL,sptincj992,p0p100,2002,1
COL,sptincj992,p0p100,2003,1
COL,sptincj992,p0p100,2004,1
COL,sptincj992,p0p100,2005,1
COL,sptincj992,p0p100,2006,1
COL,sptincj992,p0p100,2007,1
COL,sptincj992,p0p100,2008,1
COL,sptincj992,p0p100,2009,1
COL,sptincj992,p0p100,2010,1
COL,sptincj992,p0p100,2011,1
COL,sptincj992,p0p100,2012,1
COL,sptincj992,p0p100,2013,1
COL,sptincj992,p0p100,2014,1
COL,sptincj992,p0p100,2015,1
COL,sptincj992,p0p100,2016,1
COL,sptincj992,p0p100,2017,1
COL,sptincj992,p0p100,2018,1
COL,sptincj992,p0p100,2019,1
COL,sptincj992,p0p100,2020,1
COL,sptincj992,p0p100,2021,1
COL,sptincj992,p0p100,2022,1
COL,sptincj992,p0p100,2023,1
COL,sptincj992,p0p100,2024,1
COL,sptincj992,p0p50,1820,0.1218
COL,sptincj992,p0p50,1850,0.1204
COL,sptincj992,p0p50,1880,0.1189
COL,sptincj992,p0p50,1900,0.1175
COL,sptincj992,p0p50,1910,0.1146
COL,sptincj992,p0p50,1920,0.1146
COL,sptincj992,p0p50,1930,0.1125
COL,sptincj992,p0p50,1940,0.1101
COL,sptincj992,p0p50,1950,0.1143
COL,sptincj992,p0p50,1960,0.1223
COL,sptincj992,p0p50,1970,0.1207
COL,sptincj992,p0p50,1980,0.0635
COL,sptincj992,p0p50,1981,0.0635
COL,sptincj992,p0p50,1982,0.0635
COL,sptincj992,p0p50,1983,0.0635
COL,sptincj992,p0p50,1984,0.0635
COL,sptincj992,p0p50,1985,0.0635
COL,sptincj992,p0p50,1986,0.0635
COL,sptincj992,p0p50,1987,0.0635
COL,sptincj992,p0p50,1988,0.0635
COL,sptincj992,p0p50,1989,0.0635
COL,sptincj992,p0p50,1990,0.0635
COL,sptincj992,p0p50,1991,0.0635
COL,sptincj992,p0p50,1992,0.0635
COL,sptincj992,p0p50,1993,0.0635
COL,sptincj992,p0p50,1994,0.0635
COL,sptincj992,p0p50,1995,0.0635
COL,sptincj992,p0p50,1996,0.0635
COL,sptincj992,p0p50,1997,0.0635
COL,sptincj992,p0p50,1998,0.0635
COL,sptincj992,p0p50,1999,0.0635
COL,sptincj992,p0p50,2000,0.0635
COL,sptincj992,p0p50,2001,0.0635
COL,sptincj992,p0p50,2002,0.0635
COL,sptincj992,p0p50,2003,0.0751
COL,sptincj992,p0p50,2004,0.0716
COL,sptincj992,p0p50,2005,0.0776
COL,sptincj992,p0p50,2006,0.0759
COL,sptincj992,p0p50,2007,0.0742
COL,sptincj992,p0p50,2008,0.0724
COL,sptincj992,p0p50,2009,0.0776
COL,sptincj992,p0p50,2010,0.0774
COL,sptincj992,p0p50,2011,0.079
COL,sptincj992,p0p50,2012,0.086
COL,sptincj992,p0p50,2013,0.0856
COL,sptincj992,p0p50,2014,0.0937
COL,sptincj992,p0p50,2015,0.0944
COL,sptincj992,p0p50,2016,0.095
COL,sptincj992,p0p50,2017,0.0841
COL,sptincj992,p0p50,2018,0.0807
COL,sptincj992,p0p50,2019,0.0762
COL,sptincj992,p0p50,2020,0.0561
COL,sptincj992,p0p50,2021,0.0636
COL,sptincj992,p0p50,2022,0.0584
COL,sptincj992,p0p50,2023,0.0661
COL,sptincj992,p0p50,2024,0.0661
COL,sptincj992,p0p90,1820,0.4708
COL,sptincj992,p0p90,1850,0.4652
COL,sptincj992,p0p90,1880,0.4597
COL,sptincj992,p0p90,1900,0.4541
COL,sptincj992,p0p90,1910,0.443
COL,sptincj992,p0p90,1920,0.443
COL,sptincj992,p0p90,1930,0.435
COL,sptincj992,p0p90,1940,0.4253
COL,sptincj992,p0p90,1950,0.4417
COL,sptincj992,p0p90,1960,0.4727
COL,sptincj992,p0p90,1970,0.466
COL,sptincj992,p0p90,1980,0.3603
COL,sptincj992,p0p90,1981,0.3603
COL,sptincj992,p0p90,1982,0.3603
COL,sptincj992,p0p90,1983,0.3603
COL,sptincj992,p0p90,1984,0.3603
COL,sptincj992,p0p90,1985,0.3603
COL,sptincj992,p0p90,1986,0.3603
COL,sptincj992,p0p90,1987,0.3603
COL,sptincj992,p0p90,1988,0.3603
COL,sptincj992,p0p90,1989,0.3603
COL,sptincj992,p0p90,1990,0.3603
COL,sptincj992,p0p90,1991,0.3603
COL,sptincj992,p0p90,1992,0.3603
COL,sptincj992,p0p90,1993,0.3603
COL,sptincj992,p0p90,1994,0.3603
COL,sptincj992,p0p90,1995,0.3603
COL,sptincj992,p0p90,1996,0.3603
COL,sptincj992,p0p90,1997,0.3603
COL,sptincj992,p0p90,1998,0.3603
COL,sptincj992,p0p90,1999,0.3603
COL,sptincj992,p0p90,2000,0.3603
COL,sptincj992,p0p90,2001,0.3603
COL,sptincj992,p0p90,2002,0.3603
COL,sptincj992,p0p90,2003,0.3989
COL,sptincj992,p0p90,2004,0.3776
COL,sptincj992,p0p90,2005,0.3889
COL,sptincj992,p0p90,2006,0.387
COL,sptincj992,p0p90,2007,0.3851
COL,sptincj992,p0p90,2008,0.3832
COL,sptincj992,p0p90,2009,0.3942
COL,sptincj992,p0p90,2010,0.3993
COL,sptincj992,p0p90,2011,0.3944
COL,sptincj992,p0p90,2012,0.4175
COL,sptincj992,p0p90,2013,0.413
COL,sptincj992,p0p90,2014,0.4405
COL,sptincj992,p0p90,2015,0.4374
COL,sptincj992,p0p90,2016,0.433
COL,sptincj992,p0p90,2017,0.4103
COL,sptincj992,p0p90,2018,0.404
COL,sptincj992,p0p90,2019,0.4031
COL,sptincj992,p0p90,2020,0.3878
COL,sptincj992,p0p90,2021,0.3908
COL,sptincj992,p0p90,2022,0.3669
COL,sptincj992,p0p90,2023,0.4006
COL,sptincj992,p0p90,2024,0.4006
COL,sptincj992,p0p99,1820,0.773
COL,sptincj992,p0p99,1850,0.7706000000000001
COL,sptincj992,p0p99,1880,0.7682
COL,sptincj992,p0p99,1900,0.7658
COL,sptincj992,p0p99,1910,0.761
COL,sptincj992,p0p99,1920,0.761
COL,sptincj992,p0p99,1930,0.746
COL,sptincj992,p0p99,1940,0.7275
COL,sptincj992,p0p99,1950,0.7567
COL,sptincj992,p0p99,1960,0.8098000000000001
COL,sptincj992,p0p99,1970,0.7969
COL,sptincj992,p0p99,1980,0.7117
COL,sptincj992,p0p99,1981,0.7117
COL,sptincj992,p0p99,1982,0.7117
COL,sptincj992,p0p99,1983,0.7117
COL,sptincj992,p0p99,1984,0.7117
COL,sptincj992,p0p99,1985,0.7117
COL,sptincj992,p0p99,1986,0.7117
COL,sptincj992,p0p99,1987,0.7117
COL,sptincj992,p0p99,1988,0.7117
COL,sptincj992,p0p99,1989,0.7117
COL,sptincj992,p0p99,1990,0.7117
COL,sptincj992,p0p99,1991,0.7117
COL,sptincj992,p0p99,1992,0.7117
COL,sptincj992,p0p99,1993,0.7117
COL,sptincj992,p0p99,1994,0.7117
COL,sptincj992,p0p99,1995,0.7117
COL,sptincj992,p0p99,1996,0.7117
COL,sptincj992,p0p99,1997,0.7117
COL,sptincj992,p0p99,1998,0.7117
COL,sptincj992,p0p99,1999,0.7117
COL,sptincj992,p0p99,2000,0.7117
COL,sptincj992,p0p99,2001,0.7117
COL,sptincj992,p0p99,2002,0.7117
COL,sptincj992,p0p99,2003,0.7615000000000001
COL,sptincj992,p0p99,2004,0.7417
COL,sptincj992,p0p99,2005,0.7514000000000001
COL,sptincj992,p0p99,2006,0.7435
COL,sptincj992,p0p99,2007,0.7354
COL,sptincj992,p0p99,2008,0.7273000000000001
COL,sptincj992,p0p99,2009,0.7389
COL,sptincj992,p0p99,2010,0.7352000000000001
COL,sptincj992,p0p99,2011,0.7241000000000001
COL,sptincj992,p0p99,2012,0.759
COL,sptincj992,p0p99,2013,0.7565000000000001
COL,sptincj992,p0p99,2014,0.7555000000000001
COL,sptincj992,p0p99,2015,0.781
COL,sptincj992,p0p99,2016,0.7726000000000001
COL,sptincj992,p0p99,2017,0.7762
COL,sptincj992,p0p99,2018,0.773
COL,sptincj992,p0p99,2019,0.7756000000000001
COL,sptincj992,p0p99,2020,0.7934
COL,sptincj992,p0p99,2021,0.7909
COL,sptincj992,p0p99,2022,0.7304
COL,sptincj992,p0p99,2023,0.7755000000000001
COL,sptincj992,p0p99,2024,0.7755000000000001
COL,sptincj992,p50p90,1820,0.349
COL,sptincj992,p50p90,1850,0.3449
COL,sptincj992,p50p90,1880,0.3407
COL,sptincj992,p50p90,1900,0.3366
COL,sptincj992,p50p90,1910,0.3284
COL,sptincj992,p50p90,1920,0.3284
COL,sptincj992,p50p90,1930,0.3224
COL,sptincj992,p50p90,1940,0.3152
COL,sptincj992,p50p90,1950,0.3274
COL,sptincj992,p50p90,1960,0.3503
COL,sptincj992,p50p90,1970,0.3453
COL,sptincj992,p50p90,1980,0.2968
COL,sptincj992,p50p90,1981,0.2968
COL,sptincj992,p50p90,1982,0.2968
COL,sptincj992,p50p90,1983,0.2968
COL,sptincj992,p50p90,1984,0.2968
COL,sptincj992,p50p90,1985,0.2968
COL,sptincj992,p50p90,1986,0.2968
COL,sptincj992,p50p90,1987,0.2968
COL,sptincj992,p50p90,1988,0.2968
COL,sptincj992,p50p90,1989,0.2968
COL,sptincj992,p50p90,1990,0.2968
COL,sptincj992,p50p90,1991,0.2968
COL,sptincj992,p50p90,1992,0.2968
COL,sptincj992,p50p90,1993,0.2968
COL,sptincj992,p50p90,1994,0.2968
COL,sptincj992,p50p90,1995,0.2968
COL,sptincj992,p50p90,1996,0.2968
COL,sptincj992,p50p90,1997,0.2968
COL,sptincj992,p50p90,1998,0.2968
COL,sptincj992,p50p90,1999,0.2968
COL,sptincj992,p50p90,2000,0.2968
COL,sptincj992,p50p90,2001,0.2968
COL,sptincj992,p50p90,2002,0.2968
COL,sptincj992,p50p90,2003,0.3237
COL,sptincj992,p50p90,2004,0.306
COL,sptincj992,p50p90,2005,0.3113
COL,sptincj992,p50p90,2006,0.3112
COL,sptincj992,p50p90,2007,0.311
COL,sptincj992,p50p90,2008,0.3108
COL,sptincj992,p50p90,2009,0.3166
COL,sptincj992,p50p90,2010,0.3219
COL,sptincj992,p50p90,2011,0.3154
COL,sptincj992,p50p90,2012,0.3316
COL,sptincj992,p50p90,2013,0.3274
COL,sptincj992,p50p90,2014,0.3468
COL,sptincj992,p50p90,2015,0.343
COL,sptincj992,p50p90,2016,0.338
COL,sptincj992,p50p90,2017,0.3261
COL,sptincj992,p50p90,2018,0.3234
COL,sptincj992,p50p90,2019,0.3269
COL,sptincj992,p50p90,2020,0.3317
COL,sptincj992,p50p90,2021,0.3272
COL,sptincj992,p50p90,2022,0.3085
COL,sptincj992,p50p90,2023,0.3346
COL,sptincj992,p50p90,2024,0.3346
COL,sptincj992,p90p100,1820,0.5292
COL,sptincj992,p90p100,1850,0.5348
COL,sptincj992,p90p100,1880,0.5403
COL,sptincj992,p90p100,1900,0.5459
COL,sptincj992,p90p100,1910,0.557
COL,sptincj992,p90p100,1920,0.557
COL,sptincj992,p90p100,1930,0.5650000000000001
COL,sptincj992,p90p100,1940,0.5747
COL,sptincj992,p90p100,1950,0.5583
COL,sptincj992,p90p100,1960,0.5273
COL,sptincj992,p90p100,1970,0.534
COL,sptincj992,p90p100,1980,0.6397
COL,sptincj992,p90p100,1981,0.6397
COL,sptincj992,p90p100,1982,0.6397
COL,sptincj992,p90p100,1983,0.6397
COL,sptincj992,p90p100,1984,0.6397
COL,sptincj992,p90p100,1985,0.6397
COL,sptincj992,p90p100,1986,0.6397
COL,sptincj992,p90p100,1987,0.6397
COL,sptincj992,p90p100,1988,0.6397
COL,sptincj992,p90p100,1989,0.6397
COL,sptincj992,p90p100,1990,0.6397
COL,sptincj992,p90p100,1991,0.6397
COL,sptincj992,p90p100,1992,0.6397
COL,sptincj992,p90p100,1993,0.6397
COL,sptincj992,p90p100,1994,0.6397
COL,sptincj992,p90p100,1995,0.6397
COL,sptincj992,p90p100,1996,0.6397
COL,sptincj992,p90p100,1997,0.6397
COL,sptincj992,p90p100,1998,0.6397
COL,sptincj992,p90p100,1999,0.6397
COL,sptincj992,p90p100,2000,0.6397
COL,sptincj992,p90p100,2001,0.6397
COL,sptincj992,p90p100,2002,0.6397
COL,sptincj992,p90p100,2003,0.6011000000000001
COL,sptincj992,p90p100,2004,0.6224000000000001
COL,sptincj992,p90p100,2005,0.6111
COL,sptincj992,p90p100,2006,0.613
COL,sptincj992,p90p100,2007,0.6149
COL,sptincj992,p90p100,2008,0.6168
COL,sptincj992,p90p100,2009,0.6058
COL,sptincj992,p90p100,2010,0.6007
COL,sptincj992,p90p100,2011,0.6056
COL,sptincj992,p90p100,2012,0.5825
COL,sptincj992,p90p100,2013,0.5870000000000001
COL,sptincj992,p90p100,2014,0.5595
COL,sptincj992,p90p100,2015,0.5626
COL,sptincj992,p90p100,2016,0.5670000000000001
COL,sptincj992,p90p100,2017,0.5897
COL,sptincj992,p90p100,2018,0.596
COL,sptincj992,p90p100,2019,0.5969
COL,sptincj992,p90p100,2020,0.6122000000000001
COL,sptincj992,p90p100,2021,0.6092000000000001
COL,sptincj992,p90p100,2022,0.6331
COL,sptincj992,p90p100,2023,0.5994
COL,sptincj992,p90p100,2024,0.5994
COL,sptincj992,p99p100,1820,0.227
COL,sptincj992,p99p100,1850,0.2294
COL,sptincj992,p99p100,1880,0.2318
COL,sptincj992,p99p100,1900,0.2342
COL,sptincj992,p99p100,1910,0.239
COL,sptincj992,p99p100,1920,0.239
COL,sptincj992,p99p100,1930,0.254
COL,sptincj992,p99p100,1940,0.2725
COL,sptincj992,p99p100,1950,0.2433
COL,sptincj992,p99p100,1960,0.1902
COL,sptincj992,p99p100,1970,0.2031
COL,sptincj992,p99p100,1980,0.2883
COL,sptincj992,p99p100,1981,0.2883
COL,sptincj992,p99p100,1982,0.2883
COL,sptincj992,p99p100,1983,0.2883
COL,sptincj992,p99p100,1984,0.2883
COL,sptincj992,p99p100,1985,0.2883
COL,sptincj992,p99p100,1986,0.2883
COL,sptincj992,p99p100,1987,0.2883
COL,sptincj992,p99p100,1988,0.2883
COL,sptincj992,p99p100,1989,0.2883
COL,sptincj992,p99p100,1990,0.2883
COL,sptincj992,p99p100,1991,0.2883
COL,sptincj992,p99p100,1992,0.2883
COL,sptincj992,p99p100,1993,0.2883
COL,sptincj992,p99p100,1994,0.2883
COL,sptincj992,p99p100,1995,0.2883
COL,sptincj992,p99p100,1996,0.2883
COL,sptincj992,p99p100,1997,0.2883
COL,sptincj992,p99p100,1998,0.2883
COL,sptincj992,p99p100,1999,0.2883
COL,sptincj992,p99p100,2000,0.2883
COL,sptincj992,p99p100,2001,0.2883
COL,sptincj992,p99p100,2002,0.2883
COL,sptincj992,p99p100,2003,0.2385
COL,sptincj992,p99p100,2004,0.2583
COL,sptincj992,p99p100,2005,0.2486
COL,sptincj992,p99p100,2006,0.2565
COL,sptincj992,p99p100,2007,0.2646
COL,sptincj992,p99p100,2008,0.2727
COL,sptincj992,p99p100,2009,0.2611
COL,sptincj992,p99p100,2010,0.2648
COL,sptincj992,p99p100,2011,0.2759
COL,sptincj992,p99p100,2012,0.241
COL,sptincj992,p99p100,2013,0.2435
COL,sptincj992,p99p100,2014,0.2445
COL,sptincj992,p99p100,2015,0.219
COL,sptincj992,p99p100,2016,0.2274
COL,sptincj992,p99p100,2017,0.2238
COL,sptincj992,p99p100,2018,0.227
COL,sptincj992,p99p100,2019,0.2244
COL,sptincj992,p99p100,2020,0.2066
COL,sptincj992,p99p100,2021,0.2091
COL,sptincj992,p99p100,2022,0.2696
COL,sptincj992,p99p100,2023,0.2245
COL,sptincj992,p99p100,2024,0.2245
CRI,spllinf992,p0p100,1990,0.21789999
CRI,spllinf992,p0p100,1991,0.21789999
CRI,spllinf992,p0p100,1992,0.2173
CRI,spllinf992,p0p100,1993,0.22149999
CRI,spllinf992,p0p100,1994,0.2274
CRI,spllinf992,p0p100,1995,0.2306
CRI,spllinf992,p0p100,1996,0.22750001
CRI,spllinf992,p0p100,1997,0.2419
CRI,spllinf992,p0p100,1998,0.25060001
CRI,spllinf992,p0p100,1999,0.25490001
CRI,spllinf992,p0p100,2000,0.2511
CRI,spllinf992,p0p100,2001,0.26609999
CRI,spllinf992,p0p100,2002,0.30829999
CRI,spllinf992,p0p100,2003,0.30680001
CRI,spllinf992,p0p100,2004,0.30160001
CRI,spllinf992,p0p100,2005,0.3008
CRI,spllinf992,p0p100,2006,0.31110001
CRI,spllinf992,p0p100,2007,0.3075
CRI,spllinf992,p0p100,2008,0.32159999
CRI,spllinf992,p0p100,2009,0.33570001
CRI,spllinf992,p0p100,2010,0.34979999
CRI,spllinf992,p0p100,2011,0.35479999
CRI,spllinf992,p0p100,2012,0.35980001
CRI,spllinf992,p0p100,2013,0.35910001
CRI,spllinf992,p0p100,2014,0.3513
CRI,spllinf992,p0p100,2015,0.36300001
CRI,spllinf992,p0p100,2016,0.36160001
CRI,spllinf992,p0p100,2017,0.36930001
CRI,spllinf992,p0p100,2018,0.37650001
CRI,spllinf992,p0p100,2019,0.38249999
CRI,spllinf992,p0p100,2020,0.38659999
CRI,spllinf992,p0p100,2021,0.38170001
CRI,spllinf992,p0p100,2022,0.40000001
CRI,spllinf992,p0p100,2023,0.38909999
CRI,spllinf992,p0p100,2024,0.40290001
CRI,sptincj992,p0p100,1980,1
CRI,sptincj992,p0p100,1981,1
CRI,sptincj992,p0p100,1982,1
CRI,sptincj992,p0p100,1983,1
CRI,sptincj992,p0p100,1984,1
CRI,sptincj992,p0p100,1985,1
CRI,sptincj992,p0p100,1986,1
CRI,sptincj992,p0p100,1987,1
CRI,sptincj992,p0p100,1988,1
CRI,sptincj992,p0p100,1989,1
CRI,sptincj992,p0p100,1990,1
CRI,sptincj992,p0p100,1991,1
CRI,sptincj992,p0p100,1992,1
CRI,sptincj992,p0p100,1993,1
CRI,sptincj992,p0p100,1994,1
CRI,sptincj992,p0p100,1995,1
CRI,sptincj992,p0p100,1996,1
CRI,sptincj992,p0p100,1997,1
CRI,sptincj992,p0p100,1998,1
CRI,sptincj992,p0p100,1999,1
CRI,sptincj992,p0p100,2000,1
CRI,sptincj992,p0p100,2001,1
CRI,sptincj992,p0p100,2002,1
CRI,sptincj992,p0p100,2003,1
CRI,sptincj992,p0p100,2004,1
CRI,sptincj992,p0p100,2005,1
CRI,sptincj992,p0p100,2006,1
CRI,sptincj992,p0p100,2007,1
CRI,sptincj992,p0p100,2008,1
CRI,sptincj992,p0p100,2009,1
CRI,sptincj992,p0p100,2010,1
CRI,sptincj992,p0p100,2011,1
CRI,sptincj992,p0p100,2012,1
CRI,sptincj992,p0p100,2013,1
CRI,sptincj992,p0p100,2014,1
CRI,sptincj992,p0p100,2015,1
CRI,sptincj992,p0p100,2016,1
CRI,sptincj992,p0p100,2017,1
CRI,sptincj992,p0p100,2018,1
CRI,sptincj992,p0p100,2019,1
CRI,sptincj992,p0p100,2020,1
CRI,sptincj992,p0p100,2021,1
CRI,sptincj992,p0p100,2022,1
CRI,sptincj992,p0p100,2023,1
CRI,sptincj992,p0p100,2024,1
CRI,sptincj992,p0p50,1980,0.0971
CRI,sptincj992,p0p50,1981,0.0971
CRI,sptincj992,p0p50,1982,0.0971
CRI,sptincj992,p0p50,1983,0.0971
CRI,sptincj992,p0p50,1984,0.0971
CRI,sptincj992,p0p50,1985,0.0971
CRI,sptincj992,p0p50,1986,0.0971
CRI,sptincj992,p0p50,1987,0.0971
CRI,sptincj992,p0p50,1988,0.0971
CRI,sptincj992,p0p50,1989,0.0971
CRI,sptincj992,p0p50,1990,0.0971
CRI,sptincj992,p0p50,1991,0.0971
CRI,sptincj992,p0p50,1992,0.0971
CRI,sptincj992,p0p50,1993,0.0971
CRI,sptincj992,p0p50,1994,0.0971
CRI,sptincj992,p0p50,1995,0.0971
CRI,sptincj992,p0p50,1996,0.0971
CRI,sptincj992,p0p50,1997,0.0971
CRI,sptincj992,p0p50,1998,0.0971
CRI,sptincj992,p0p50,1999,0.0971
CRI,sptincj992,p0p50,2000,0.0971
CRI,sptincj992,p0p50,2001,0.0971
CRI,sptincj992,p0p50,2002,0.0971
CRI,sptincj992,p0p50,2003,0.0971
CRI,sptincj992,p0p50,2004,0.0971
CRI,sptincj992,p0p50,2005,0.0971
CRI,sptincj992,p0p50,2006,0.0971
CRI,sptincj992,p0p50,2007,0.0971
CRI,sptincj992,p0p50,2008,0.0971
CRI,sptincj992,p0p50,2009,0.0971
CRI,sptincj992,p0p50,2010,0.0971
CRI,sptincj992,p0p50,2011,0.0945
CRI,sptincj992,p0p50,2012,0.0935
CRI,sptincj992,p0p50,2013,0.0835
CRI,sptincj992,p0p50,2014,0.0846
CRI,sptincj992,p0p50,2015,0.0832
CRI,sptincj992,p0p50,2016,0.0815
CRI,sptincj992,p0p50,2017,0.0836
CRI,sptincj992,p0p50,2018,0.0826
CRI,sptincj992,p0p50,2019,0.0747
CRI,sptincj992,p0p50,2020,0.0507
CRI,sptincj992,p0p50,2021,0.0676
CRI,sptincj992,p0p50,2022,0.0862
CRI,sptincj992,p0p50,2023,0.0892
CRI,sptincj992,p0p50,2024,0.0892
CRI,sptincj992,p0p90,1980,0.4823
CRI,sptincj992,p0p90,1981,0.4823
CRI,sptincj992,p0p90,1982,0.4823
CRI,sptincj992,p0p90,1983,0.4823
CRI,sptincj992,p0p90,1984,0.4823
CRI,sptincj992,p0p90,1985,0.4823
CRI,sptincj992,p0p90,1986,0.4823
CRI,sptincj992,p0p90,1987,0.4823
CRI,sptincj992,p0p90,1988,0.4823
CRI,sptincj992,p0p90,1989,0.4823
CRI,sptincj992,p0p90,1990,0.4823
CRI,sptincj992,p0p90,1991,0.4823
CRI,sptincj992,p0p90,1992,0.4823
CRI,sptincj992,p0p90,1993,0.4823
CRI,sptincj992,p0p90,1994,0.4823
CRI,sptincj992,p0p90,1995,0.4823
CRI,sptincj992,p0p90,1996,0.4823
CRI,sptincj992,p0p90,1997,0.4823
CRI,sptincj992,p0p90,1998,0.4823
CRI,sptincj992,p0p90,1999,0.4823
CRI,sptincj992,p0p90,2000,0.4823
CRI,sptincj992,p0p90,2001,0.4823
CRI,sptincj992,p0p90,2002,0.4823
CRI,sptincj992,p0p90,2003,0.4823
CRI,sptincj992,p0p90,2004,0.4823
CRI,sptincj992,p0p90,2005,0.4823
CRI,sptincj992,p0p90,2006,0.4823
CRI,sptincj992,p0p90,2007,0.4823
CRI,sptincj992,p0p90,2008,0.4823
CRI,sptincj992,p0p90,2009,0.4823
CRI,sptincj992,p0p90,2010,0.4823
CRI,sptincj992,p0p90,2011,0.4796
CRI,sptincj992,p0p90,2012,0.4868
CRI,sptincj992,p0p90,2013,0.472
CRI,sptincj992,p0p90,2014,0.4735
CRI,sptincj992,p0p90,2015,0.4658
CRI,sptincj992,p0p90,2016,0.4521
CRI,sptincj992,p0p90,2017,0.4734
CRI,sptincj992,p0p90,2018,0.4769
CRI,sptincj992,p0p90,2019,0.4484
CRI,sptincj992,p0p90,2020,0.4392
CRI,sptincj992,p0p90,2021,0.4234
CRI,sptincj992,p0p90,2022,0.5047
CRI,sptincj992,p0p90,2023,0.5026
CRI,sptincj992,p0p90,2024,0.5026
CRI,sptincj992,p0p99,1980,0.7985
CRI,sptincj992,p0p99,1981,0.7985
CRI,sptincj992,p0p99,1982,0.7985
CRI,sptincj992,p0p99,1983,0.7985
CRI,sptincj992,p0p99,1984,0.7985
CRI,sptincj992,p0p99,1985,0.7985
CRI,sptincj992,p0p99,1986,0.7985
CRI,sptincj992,p0p99,1987,0.7985
CRI,sptincj992,p0p99,1988,0.7985
CRI,sptincj992,p0p99,1989,0.7985
CRI,sptincj992,p0p99,1990,0.7985
CRI,sptincj992,p0p99,1991,0.7985
CRI,sptincj992,p0p99,1992,0.7985
CRI,sptincj992,p0p99,1993,0.7985
CRI,sptincj992,p0p99,1994,0.7985
CRI,sptincj992,p0p99,1995,0.7985
CRI,sptincj992,p0p99,1996,0.7985
CRI,sptincj992,p0p99,1997,0.7985
CRI,sptincj992,p0p99,1998,0.7985
CRI,sptincj992,p0p99,1999,0.7985
CRI,sptincj992,p0p99,2000,0.7985
CRI,sptincj992,p0p99,2001,0.7985
CRI,sptincj992,p0p99,2002,0.7985
CRI,sptincj992,p0p99,2003,0.7985
CRI,sptincj992,p0p99,2004,0.7985
CRI,sptincj992,p0p99,2005,0.7985
CRI,sptincj992,p0p99,2006,0.7985
CRI,sptincj992,p0p99,2007,0.7985
CRI,sptincj992,p0p99,2008,0.7985
CRI,sptincj992,p0p99,2009,0.7985
CRI,sptincj992,p0p99,2010,0.7985
CRI,sptincj992,p0p99,2011,0.797
CRI,sptincj992,p0p99,2012,0.8167000000000001
CRI,sptincj992,p0p99,2013,0.8222
CRI,sptincj992,p0p99,2014,0.8147000000000001
CRI,sptincj992,p0p99,2015,0.8032
CRI,sptincj992,p0p99,2016,0.8025
CRI,sptincj992,p0p99,2017,0.8126
CRI,sptincj992,p0p99,2018,0.7857000000000001
CRI,sptincj992,p0p99,2019,0.7732
CRI,sptincj992,p0p99,2020,0.7849
CRI,sptincj992,p0p99,2021,0.7385
CRI,sptincj992,p0p99,2022,0.7968000000000001
CRI,sptincj992,p0p99,2023,0.8186
CRI,sptincj992,p0p99,2024,0.8186
CRI,sptincj992,p50p90,1980,0.3851
CRI,sptincj992,p50p90,1981,0.3851
CRI,sptincj992,p50p90,1982,0.3851
CRI,sptincj992,p50p90,1983,0.3851
CRI,sptincj992,p50p90,1984,0.3851
CRI,sptincj992,p50p90,1985,0.3851
CRI,sptincj992,p50p90,1986,0.3851
CRI,sptincj992,p50p90,1987,0.3851
CRI,sptincj992,p50p90,1988,0.3851
CRI,sptincj992,p50p90,1989,0.3851
CRI,sptincj992,p50p90,1990,0.3851
CRI,sptincj992,p50p90,1991,0.3851
CRI,sptincj992,p50p90,1992,0.3851
CRI,sptincj992,p50p90,1993,0.3851
CRI,sptincj992,p50p90,1994,0.3851
CRI,sptincj992,p50p90,1995,0.3851
CRI,sptincj992,p50p90,1996,0.3851
CRI,sptincj992,p50p90,1997,0.3851
CRI,sptincj992,p50p90,1998,0.3851
CRI,sptincj992,p50p90,1999,0.3851
CRI,sptincj992,p50p90,2000,0.3851
CRI,sptincj992,p50p90,2001,0.3851
CRI,sptincj992,p50p90,2002,0.3851
CRI,sptincj992,p50p90,2003,0.3851
CRI,sptincj992,p50p90,2004,0.3851
CRI,sptincj992,p50p90,2005,0.3851
CRI,sptincj992,p50p90,2006,0.3851
CRI,sptincj992,p50p90,2007,0.3851
CRI,sptincj992,p50p90,2008,0.3851
CRI,sptincj992,p50p90,2009,0.3851
CRI,sptincj992,p50p90,2010,0.3851
CRI,sptincj992,p50p90,2011,0.3851
CRI,sptincj992,p50p90,2012,0.3933
CRI,sptincj992,p50p90,2013,0.3884
CRI,sptincj992,p50p90,2014,0.3888
CRI,sptincj992,p50p90,2015,0.3826
CRI,sptincj992,p50p90,2016,0.3706
CRI,sptincj992,p50p90,2017,0.3898
CRI,sptincj992,p50p90,2018,0.3943
CRI,sptincj992,p50p90,2019,0.3738
CRI,sptincj992,p50p90,2020,0.3886
CRI,sptincj992,p50p90,2021,0.3559
CRI,sptincj992,p50p90,2022,0.4185
CRI,sptincj992,p50p90,2023,0.4134
CRI,sptincj992,p50p90,2024,0.4134
CRI,sptincj992,p90p100,1980,0.5177
CRI,sptincj992,p90p100,1981,0.5177
CRI,sptincj992,p90p100,1982,0.5177
CRI,sptincj992,p90p100,1983,0.5177
CRI,sptincj992,p90p100,1984,0.5177
CRI,sptincj992,p90p100,1985,0.5177
CRI,sptincj992,p90p100,1986,0.5177
CRI,sptincj992,p90p100,1987,0.5177
CRI,sptincj992,p90p100,1988,0.5177
CRI,sptincj992,p90p100,1989,0.5177
CRI,sptincj992,p90p100,1990,0.5177
CRI,sptincj992,p90p100,1991,0.5177
CRI,sptincj992,p90p100,1992,0.5177
CRI,sptincj992,p90p100,1993,0.5177
CRI,sptincj992,p90p100,1994,0.5177
CRI,sptincj992,p90p100,1995,0.5177
CRI,sptincj992,p90p100,1996,0.5177
CRI,sptincj992,p90p100,1997,0.5177
CRI,sptincj992,p90p100,1998,0.5177
CRI,sptincj992,p90p100,1999,0.5177
CRI,sptincj992,p90p100,2000,0.5177
CRI,sptincj992,p90p100,2001,0.5177
CRI,sptincj992,p90p100,2002,0.5177
CRI,sptincj992,p90p100,2003,0.5177
CRI,sptincj992,p90p100,2004,0.5177
CRI,sptincj992,p90p100,2005,0.5177
CRI,sptincj992,p90p100,2006,0.5177
CRI,sptincj992,p90p100,2007,0.5177
CRI,sptincj992,p90p100,2008,0.5177
CRI,sptincj992,p90p100,2009,0.5177
CRI,sptincj992,p90p100,2010,0.5177
CRI,sptincj992,p90p100,2011,0.5204
CRI,sptincj992,p90p100,2012,0.5132
CRI,sptincj992,p90p100,2013,0.528
CRI,sptincj992,p90p100,2014,0.5265000000000001
CRI,sptincj992,p90p100,2015,0.5342
CRI,sptincj992,p90p100,2016,0.5479
CRI,sptincj992,p90p100,2017,0.5266000000000001
CRI,sptincj992,p90p100,2018,0.5231
CRI,sptincj992,p90p100,2019,0.5516
CRI,sptincj992,p90p100,2020,0.5608000000000001
CRI,sptincj992,p90p100,2021,0.5766
CRI,sptincj992,p90p100,2022,0.4953
CRI,sptincj992,p90p100,2023,0.4974
CRI,sptincj992,p90p100,2024,0.4974
CRI,sptincj992,p99p100,1980,0.2015
CRI,sptincj992,p99p100,1981,0.2015
CRI,sptincj992,p99p100,1982,0.2015
CRI,sptincj992,p99p100,1983,0.2015
CRI,sptincj992,p99p100,1984,0.2015
CRI,sptincj992,p99p100,1985,0.2015
CRI,sptincj992,p99p100,1986,0.2015
CRI,sptincj992,p99p100,1987,0.2015
CRI,sptincj992,p99p100,1988,0.2015
CRI,sptincj992,p99p100,1989,0.2015
CRI,sptincj992,p99p100,1990,0.2015
CRI,sptincj992,p99p100,1991,0.2015
CRI,sptincj992,p99p100,1992,0.2015
CRI,sptincj992,p99p100,1993,0.2015
CRI,sptincj992,p99p100,1994,0.2015
CRI,sptincj992,p99p100,1995,0.2015
CRI,sptincj992,p99p100,1996,0.2015
CRI,sptincj992,p99p100,1997,0.2015
CRI,sptincj992,p99p100,1998,0.2015
CRI,sptincj992,p99p100,1999,0.2015
CRI,sptincj992,p99p100,2000,0.2015
CRI,sptincj992,p99p100,2001,0.2015
CRI,sptincj992,p99p100,2002,0.2015
CRI,sptincj992,p99p100,2003,0.2015
CRI,sptincj992,p99p100,2004,0.2015
CRI,sptincj992,p99p100,2005,0.2015
CRI,sptincj992,p99p100,2006,0.2015
CRI,sptincj992,p99p100,2007,0.2015
CRI,sptincj992,p99p100,2008,0.2015
CRI,sptincj992,p99p100,2009,0.2015
CRI,sptincj992,p99p100,2010,0.2015
CRI,sptincj992,p99p100,2011,0.203
CRI,sptincj992,p99p100,2012,0.1833
CRI,sptincj992,p99p100,2013,0.1778
CRI,sptincj992,p99p100,2014,0.1853
CRI,sptincj992,p99p100,2015,0.1968
CRI,sptincj992,p99p100,2016,0.1975
CRI,sptincj992,p99p100,2017,0.1874
CRI,sptincj992,p99p100,2018,0.2143
CRI,sptincj992,p99p100,2019,0.2268
CRI,sptincj992,p99p100,2020,0.2151
CRI,sptincj992,p99p100,2021,0.2615
CRI,sptincj992,p99p100,2022,0.2032
CRI,sptincj992,p99p100,2023,0.1814
CRI,sptincj992,p99p100,2024,0.1814
CZE,spllinf992,p0p100,1990,0.38119999
CZE,spllinf992,p0p100,1991,0.38119999
CZE,spllinf992,p0p100,1992,0.37909999
CZE,spllinf992,p0p100,1993,0.37689999
CZE,spllinf992,p0p100,1994,0.3761
CZE,spllinf992,p0p100,1995,0.3804
CZE,spllinf992,p0p100,1996,0.37630001
CZE,spllinf992,p0p100,1997,0.37549999
CZE,spllinf992,p0p100,1998,0.37689999
CZE,spllinf992,p0p100,1999,0.37850001
CZE,spllinf992,p0p100,2000,0.37819999
CZE,spllinf992,p0p100,2001,0.3779
CZE,spllinf992,p0p100,2002,0.377
CZE,spllinf992,p0p100,2003,0.3743
CZE,spllinf992,p0p100,2004,0.35679999
CZE,spllinf992,p0p100,2005,0.35370001
CZE,spllinf992,p0p100,2006,0.3529
CZE,spllinf992,p0p100,2007,0.3527
CZE,spllinf992,p0p100,2008,0.35960001
CZE,spllinf992,p0p100,2009,0.36140001
CZE,spllinf992,p0p100,2010,0.3592
CZE,spllinf992,p0p100,2011,0.366
CZE,spllinf992,p0p100,2012,0.36570001
CZE,spllinf992,p0p100,2013,0.3619
CZE,spllinf992,p0p100,2014,0.3698
CZE,spllinf992,p0p100,2015,0.3671
CZE,spllinf992,p0p100,2016,0.37239999
CZE,spllinf992,p0p100,2017,0.37459999
CZE,spllinf992,p0p100,2018,0.37580001
CZE,spllinf992,p0p100,2019,0.38229999
CZE,spllinf992,p0p100,2020,0.38569999
CZE,spllinf992,p0p100,2021,0.38600001
CZE,spllinf992,p0p100,2022,0.3865
CZE,spllinf992,p0p100,2023,0.38859999
CZE,spllinf992,p0p100,2024,0.3926
CZE,sptincj992,p0p100,1980,1
CZE,sptincj992,p0p100,1981,1
CZE,sptincj992,p0p100,1982,1
CZE,sptincj992,p0p100,1983,1
CZE,sptincj992,p0p100,1984,1
CZE,sptincj992,p0p100,1985,1
CZE,sptincj992,p0p100,1986,1
CZE,sptincj992,p0p100,1987,1
CZE,sptincj992,p0p100,1988,1
CZE,sptincj992,p0p100,1989,1
CZE,sptincj992,p0p100,1990,1
CZE,sptincj992,p0p100,1991,1
CZE,sptincj992,p0p100,1992,1
CZE,sptincj992,p0p100,1993,1
CZE,sptincj992,p0p100,1994,1
CZE,sptincj992,p0p100,1995,1
CZE,sptincj992,p0p100,1996,1
CZE,sptincj992,p0p100,1997,1
CZE,sptincj992,p0p100,1998,1
CZE,sptincj992,p0p100,1999,1
CZE,sptincj992,p0p100,2000,1
CZE,sptincj992,p0p100,2001,1
CZE,sptincj992,p0p100,2002,1
CZE,sptincj992,p0p100,2003,1
CZE,sptincj992,p0p100,2004,1
CZE,sptincj992,p0p100,2005,1
CZE,sptincj992,p0p100,2006,1
CZE,sptincj992,p0p100,2007,1
CZE,sptincj992,p0p100,2008,1
CZE,sptincj992,p0p100,2009,1
CZE,sptincj992,p0p100,2010,1
CZE,sptincj992,p0p100,2011,1
CZE,sptincj992,p0p100,2012,1
CZE,sptincj992,p0p100,2013,1
CZE,sptincj992,p0p100,2014,1
CZE,sptincj992,p0p100,2015,1
CZE,sptincj992,p0p100,2016,1
CZE,sptincj992,p0p100,2017,1
CZE,sptincj992,p0p100,2018,1
CZE,sptincj992,p0p100,2019,1
CZE,sptincj992,p0p100,2020,1
CZE,sptincj992,p0p100,2021,1
CZE,sptincj992,p0p100,2022,1
CZE,sptincj992,p0p100,2023,1
CZE,sptincj992,p0p100,2024,1
CZE,sptincj992,p0p50,1980,0.3092
CZE,sptincj992,p0p50,1981,0.3205
CZE,sptincj992,p0p50,1982,0.3116
CZE,sptincj992,p0p50,1983,0.3118
CZE,sptincj992,p0p50,1984,0.3129
CZE,sptincj992,p0p50,1985,0.3138
CZE,sptincj992,p0p50,1986,0.3126
CZE,sptincj992,p0p50,1987,0.3103
CZE,sptincj992,p0p50,1988,0.3088
CZE,sptincj992,p0p50,1989,0.3075
CZE,sptincj992,p0p50,1990,0.3004
CZE,sptincj992,p0p50,1991,0.2913
CZE,sptincj992,p0p50,1992,0.2766
CZE,sptincj992,p0p50,1993,0.2647
CZE,sptincj992,p0p50,1994,0.2522
CZE,sptincj992,p0p50,1995,0.2535
CZE,sptincj992,p0p50,1996,0.2497
CZE,sptincj992,p0p50,1997,0.255
CZE,sptincj992,p0p50,1998,0.2521
CZE,sptincj992,p0p50,1999,0.253
CZE,sptincj992,p0p50,2000,0.2528
CZE,sptincj992,p0p50,2001,0.2523
CZE,sptincj992,p0p50,2002,0.259
CZE,sptincj992,p0p50,2003,0.2579
CZE,sptincj992,p0p50,2004,0.2511
CZE,sptincj992,p0p50,2005,0.252
CZE,sptincj992,p0p50,2006,0.2462
CZE,sptincj992,p0p50,2007,0.2486
CZE,sptincj992,p0p50,2008,0.2417
CZE,sptincj992,p0p50,2009,0.2544
CZE,sptincj992,p0p50,2010,0.2504
CZE,sptincj992,p0p50,2011,0.2601
CZE,sptincj992,p0p50,2012,0.2529
CZE,sptincj992,p0p50,2013,0.2608
CZE,sptincj992,p0p50,2014,0.2503
CZE,sptincj992,p0p50,2015,0.2451
CZE,sptincj992,p0p50,2016,0.2536
CZE,sptincj992,p0p50,2017,0.2513
CZE,sptincj992,p0p50,2018,0.2534
CZE,sptincj992,p0p50,2019,0.2532
CZE,sptincj992,p0p50,2020,0.2532
CZE,sptincj992,p0p50,2021,0.2531
CZE,sptincj992,p0p50,2022,0.253
CZE,sptincj992,p0p50,2023,0.2531
CZE,sptincj992,p0p50,2024,0.2531
CZE,sptincj992,p0p90,1980,0.8183
CZE,sptincj992,p0p90,1981,0.8205
CZE,sptincj992,p0p90,1982,0.8191
CZE,sptincj992,p0p90,1983,0.8196
CZE,sptincj992,p0p90,1984,0.8201
CZE,sptincj992,p0p90,1985,0.8207
CZE,sptincj992,p0p90,1986,0.8190000000000001
CZE,sptincj992,p0p90,1987,0.8171
CZE,sptincj992,p0p90,1988,0.8150000000000001
CZE,sptincj992,p0p90,1989,0.8026000000000001
CZE,sptincj992,p0p90,1990,0.7903
CZE,sptincj992,p0p90,1991,0.7634000000000001
CZE,sptincj992,p0p90,1992,0.7357
CZE,sptincj992,p0p90,1993,0.7140000000000001
CZE,sptincj992,p0p90,1994,0.7008
CZE,sptincj992,p0p90,1995,0.7045
CZE,sptincj992,p0p90,1996,0.7000000000000001
CZE,sptincj992,p0p90,1997,0.7105
CZE,sptincj992,p0p90,1998,0.6962
CZE,sptincj992,p0p90,1999,0.6991
CZE,sptincj992,p0p90,2000,0.6999000000000001
CZE,sptincj992,p0p90,2001,0.6980000000000001
CZE,sptincj992,p0p90,2002,0.7063
CZE,sptincj992,p0p90,2003,0.7057
CZE,sptincj992,p0p90,2004,0.7012
CZE,sptincj992,p0p90,2005,0.6975
CZE,sptincj992,p0p90,2006,0.6972
CZE,sptincj992,p0p90,2007,0.6962
CZE,sptincj992,p0p90,2008,0.6774
CZE,sptincj992,p0p90,2009,0.7007
CZE,sptincj992,p0p90,2010,0.7013
CZE,sptincj992,p0p90,2011,0.7092
CZE,sptincj992,p0p90,2012,0.6960000000000001
CZE,sptincj992,p0p90,2013,0.7025
CZE,sptincj992,p0p90,2014,0.6961
CZE,sptincj992,p0p90,2015,0.6917
CZE,sptincj992,p0p90,2016,0.7011000000000001
CZE,sptincj992,p0p90,2017,0.7036
CZE,sptincj992,p0p90,2018,0.7114
CZE,sptincj992,p0p90,2019,0.7103
CZE,sptincj992,p0p90,2020,0.7103
CZE,sptincj992,p0p90,2021,0.7097
CZE,sptincj992,p0p90,2022,0.7097
CZE,sptincj992,p0p90,2023,0.7089000000000001
CZE,sptincj992,p0p90,2024,0.7089000000000001
CZE,sptincj992,p0p99,1980,0.9744
CZE,sptincj992,p0p99,1981,0.9747
CZE,sptincj992,p0p99,1982,0.9746
CZE,sptincj992,p0p99,1983,0.9746
CZE,sptincj992,p0p99,1984,0.9747
CZE,sptincj992,p0p99,1985,0.9749000000000001
CZE,sptincj992,p0p99,1986,0.9734
CZE,sptincj992,p0p99,1987,0.9717
CZE,sptincj992,p0p99,1988,0.9702000000000001
CZE,sptincj992,p0p99,1989,0.9615
CZE,sptincj992,p0p99,1990,0.9525
CZE,sptincj992,p0p99,1991,0.9319000000000001
CZE,sptincj992,p0p99,1992,0.9105000000000001
CZE,sptincj992,p0p99,1993,0.8944000000000001
CZE,sptincj992,p0p99,1994,0.8856
CZE,sptincj992,p0p99,1995,0.8901
CZE,sptincj992,p0p99,1996,0.8889
CZE,sptincj992,p0p99,1997,0.8972
CZE,sptincj992,p0p99,1998,0.8844000000000001
CZE,sptincj992,p0p99,1999,0.8868
CZE,sptincj992,p0p99,2000,0.8881
CZE,sptincj992,p0p99,2001,0.8863000000000001
CZE,sptincj992,p0p99,2002,0.8926000000000001
CZE,sptincj992,p0p99,2003,0.8932
CZE,sptincj992,p0p99,2004,0.8905000000000001
CZE,sptincj992,p0p99,2005,0.8831
CZE,sptincj992,p0p99,2006,0.8931
CZE,sptincj992,p0p99,2007,0.8855000000000001
CZE,sptincj992,p0p99,2008,0.8627
CZE,sptincj992,p0p99,2009,0.8846
CZE,sptincj992,p0p99,2010,0.8913000000000001
CZE,sptincj992,p0p99,2011,0.8961
CZE,sptincj992,p0p99,2012,0.8874000000000001
CZE,sptincj992,p0p99,2013,0.8945000000000001
CZE,sptincj992,p0p99,2014,0.8926000000000001
CZE,sptincj992,p0p99,2015,0.8861
CZE,sptincj992,p0p99,2016,0.8907
CZE,sptincj992,p0p99,2017,0.8912
CZE,sptincj992,p0p99,2018,0.8968
CZE,sptincj992,p0p99,2019,0.8964000000000001
CZE,sptincj992,p0p99,2020,0.8964000000000001
CZE,sptincj992,p0p99,2021,0.8977
CZE,sptincj992,p0p99,2022,0.8965000000000001
CZE,sptincj992,p0p99,2023,0.8988
CZE,sptincj992,p0p99,2024,0.8988
CZE,sptincj992,p50p90,1980,0.5091
CZE,sptincj992,p50p90,1981,0.4999
CZE,sptincj992,p50p90,1982,0.5075000000000001
CZE,sptincj992,p50p90,1983,0.5078
CZE,sptincj992,p50p90,1984,0.5071
CZE,sptincj992,p50p90,1985,0.507
CZE,sptincj992,p50p90,1986,0.5064000000000001
CZE,sptincj992,p50p90,1987,0.5068
CZE,sptincj992,p50p90,1988,0.5062
CZE,sptincj992,p50p90,1989,0.4951
CZE,sptincj992,p50p90,1990,0.4899
CZE,sptincj992,p50p90,1991,0.4721
CZE,sptincj992,p50p90,1992,0.4591
CZE,sptincj992,p50p90,1993,0.4493
CZE,sptincj992,p50p90,1994,0.4487
CZE,sptincj992,p50p90,1995,0.4509
CZE,sptincj992,p50p90,1996,0.4503
CZE,sptincj992,p50p90,1997,0.4554
CZE,sptincj992,p50p90,1998,0.4441
CZE,sptincj992,p50p90,1999,0.4461
CZE,sptincj992,p50p90,2000,0.4471
CZE,sptincj992,p50p90,2001,0.4457
CZE,sptincj992,p50p90,2002,0.4473
CZE,sptincj992,p50p90,2003,0.4478
CZE,sptincj992,p50p90,2004,0.4501
CZE,sptincj992,p50p90,2005,0.4455
CZE,sptincj992,p50p90,2006,0.4511
CZE,sptincj992,p50p90,2007,0.4476
CZE,sptincj992,p50p90,2008,0.4358
CZE,sptincj992,p50p90,2009,0.4462
CZE,sptincj992,p50p90,2010,0.4508
CZE,sptincj992,p50p90,2011,0.4491
CZE,sptincj992,p50p90,2012,0.4431
CZE,sptincj992,p50p90,2013,0.4417
CZE,sptincj992,p50p90,2014,0.4458
CZE,sptincj992,p50p90,2015,0.4466
CZE,sptincj992,p50p90,2016,0.4475
CZE,sptincj992,p50p90,2017,0.4523
CZE,sptincj992,p50p90,2018,0.458
CZE,sptincj992,p50p90,2019,0.4571
CZE,sptincj992,p50p90,2020,0.4571
CZE,sptincj992,p50p90,2021,0.4566
CZE,sptincj992,p50p90,2022,0.4567
CZE,sptincj992,p50p90,2023,0.4558
CZE,sptincj992,p50p90,2024,0.4558
CZE,sptincj992,p90p100,1980,0.1817
CZE,sptincj992,p90p100,1981,0.1795
CZE,sptincj992,p90p100,1982,0.1809
CZE,sptincj992,p90p100,1983,0.1804
CZE,sptincj992,p90p100,1984,0.1799
CZE,sptincj992,p90p100,1985,0.1793
CZE,sptincj992,p90p100,1986,0.181
CZE,sptincj992,p90p100,1987,0.1829
CZE,sptincj992,p90p100,1988,0.185
CZE,sptincj992,p90p100,1989,0.1974
CZE,sptincj992,p90p100,1990,0.2097
CZE,sptincj992,p90p100,1991,0.2366
CZE,sptincj992,p90p100,1992,0.2643
CZE,sptincj992,p90p100,1993,0.286
CZE,sptincj992,p90p100,1994,0.2992
CZE,sptincj992,p90p100,1995,0.2955
CZE,sptincj992,p90p100,1996,0.3
CZE,sptincj992,p90p100,1997,0.2895
CZE,sptincj992,p90p100,1998,0.3038
CZE,sptincj992,p90p100,1999,0.3009
CZE,sptincj992,p90p100,2000,0.3001
CZE,sptincj992,p90p100,2001,0.302
CZE,sptincj992,p90p100,2002,0.2937
CZE,sptincj992,p90p100,2003,0.2943
CZE,sptincj992,p90p100,2004,0.2988
CZE,sptincj992,p90p100,2005,0.3025
CZE,sptincj992,p90p100,2006,0.3028
CZE,sptincj992,p90p100,2007,0.3038
CZE,sptincj992,p90p100,2008,0.3226
CZE,sptincj992,p90p100,2009,0.2993
CZE,sptincj992,p90p100,2010,0.2987
CZE,sptincj992,p90p100,2011,0.2908
CZE,sptincj992,p90p100,2012,0.304
CZE,sptincj992,p90p100,2013,0.2975
CZE,sptincj992,p90p100,2014,0.3039
CZE,sptincj992,p90p100,2015,0.3083
CZE,sptincj992,p90p100,2016,0.2989
CZE,sptincj992,p90p100,2017,0.2964
CZE,sptincj992,p90p100,2018,0.2886
CZE,sptincj992,p90p100,2019,0.2897
CZE,sptincj992,p90p100,2020,0.2897
CZE,sptincj992,p90p100,2021,0.2903
CZE,sptincj992,p90p100,2022,0.2903
CZE,sptincj992,p90p100,2023,0.2911
CZE,sptincj992,p90p100,2024,0.2911
CZE,sptincj992,p99p100,1980,0.0256
CZE,sptincj992,p99p100,1981,0.0253
CZE,sptincj992,p99p100,1982,0.0254
CZE,sptincj992,p99p100,1983,0.0254
CZE,sptincj992,p99p100,1984,0.0253
CZE,sptincj992,p99p100,1985,0.0251
CZE,sptincj992,p99p100,1986,0.0266
CZE,sptincj992,p99p100,1987,0.0283
CZE,sptincj992,p99p100,1988,0.0298
CZE,sptincj992,p99p100,1989,0.0385
CZE,sptincj992,p99p100,1990,0.0475
CZE,sptincj992,p99p100,1991,0.0681
CZE,sptincj992,p99p100,1992,0.0895
CZE,sptincj992,p99p100,1993,0.1056
CZE,sptincj992,p99p100,1994,0.1144
CZE,sptincj992,p99p100,1995,0.1099
CZE,sptincj992,p99p100,1996,0.1111
CZE,sptincj992,p99p100,1997,0.1028
CZE,sptincj992,p99p100,1998,0.1156
CZE,sptincj992,p99p100,1999,0.1132
CZE,sptincj992,p99p100,2000,0.1119
CZE,sptincj992,p99p100,2001,0.1137
CZE,sptincj992,p99p100,2002,0.1074
CZE,sptincj992,p99p100,2003,0.1068
CZE,sptincj992,p99p100,2004,0.1095
CZE,sptincj992,p99p100,2005,0.1169
CZE,sptincj992,p99p100,2006,0.1069
CZE,sptincj992,p99p100,2007,0.1145
CZE,sptincj992,p99p100,2008,0.1373
CZE,sptincj992,p99p100,2009,0.1154
CZE,sptincj992,p99p100,2010,0.1087
CZE,sptincj992,p99p100,2011,0.1039
CZE,sptincj992,p99p100,2012,0.1126
CZE,sptincj992,p99p100,2013,0.1055
CZE,sptincj992,p99p100,2014,0.1074
CZE,sptincj992,p99p100,2015,0.1139
CZE,sptincj992,p99p100,2016,0.1093
CZE,sptincj992,p99p100,2017,0.1088
CZE,sptincj992,p99p100,2018,0.1032
CZE,sptincj992,p99p100,2019,0.1036
CZE,sptincj992,p99p100,2020,0.1036
CZE,sptincj992,p99p100,2021,0.1023
CZE,sptincj992,p99p100,2022,0.1035
CZE,sptincj992,p99p100,2023,0.1012
CZE,sptincj992,p99p100,2024,0.1012
DEU,spllinf992,p0p100,1990,0.28690001
DEU,spllinf992,p0p100,1991,0.30160001
DEU,spllinf992,p0p100,1992,0.29890001
DEU,spllinf992,p0p100,1993,0.3057
DEU,spllinf992,p0p100,1994,0.30809999
DEU,spllinf992,p0p100,1995,0.30689999
DEU,spllinf992,p0p100,1996,0.30360001
DEU,spllinf992,p0p100,1997,0.3114
DEU,spllinf992,p0p100,1998,0.31150001
DEU,spllinf992,p0p100,1999,0.3087
DEU,spllinf992,p0p100,2000,0.31259999
DEU,spllinf992,p0p100,2001,0.31420001
DEU,spllinf992,p0p100,2002,0.31529999
DEU,spllinf992,p0p100,2003,0.31830001
DEU,spllinf992,p0p100,2004,0.3281
DEU,spllinf992,p0p100,2005,0.3224
DEU,spllinf992,p0p100,2006,0.32249999
DEU,spllinf992,p0p100,2007,0.32600001
DEU,spllinf992,p0p100,2008,0.33520001
DEU,spllinf992,p0p100,2009,0.3441
DEU,spllinf992,p0p100,2010,0.3414
DEU,spllinf992,p0p100,2011,0.347
DEU,spllinf992,p0p100,2012,0.35229999
DEU,spllinf992,p0p100,2013,0.34819999
DEU,spllinf992,p0p100,2014,0.35690001
DEU,spllinf992,p0p100,2015,0.36059999
DEU,spllinf992,p0p100,2016,0.35980001
DEU,spllinf992,p0p100,2017,0.36480001
DEU,spllinf992,p0p100,2018,0.3633
DEU,spllinf992,p0p100,2019,0.3642
DEU,spllinf992,p0p100,2020,0.37439999
DEU,spllinf992,p0p100,2021,0.37169999
DEU,spllinf992,p0p100,2022,0.37369999
DEU,spllinf992,p0p100,2023,0.37400001
DEU,spllinf992,p0p100,2024,0.3734
DEU,sptincj992,p0p90,1820,0.5295
DEU,sptincj992,p0p90,1850,0.5192
DEU,sptincj992,p0p90,1871,0.5309
DEU,sptincj992,p0p90,1872,0.5315
DEU,sptincj992,p0p90,1873,0.532
DEU,sptincj992,p0p90,1874,0.5326000000000001
DEU,sptincj992,p0p90,1875,0.5334
DEU,sptincj992,p0p90,1876,0.5347000000000001
DEU,sptincj992,p0p90,1877,0.5353
DEU,sptincj992,p0p90,1878,0.5354
DEU,sptincj992,p0p90,1879,0.5357000000000001
DEU,sptincj992,p0p90,1880,0.5358
DEU,sptincj992,p0p90,1881,0.5334
DEU,sptincj992,p0p90,1882,0.531
DEU,sptincj992,p0p90,1883,0.528
DEU,sptincj992,p0p90,1884,0.5258
DEU,sptincj992,p0p90,1885,0.5241
DEU,sptincj992,p0p90,1886,0.5217
DEU,sptincj992,p0p90,1887,0.5195000000000001
DEU,sptincj992,p0p90,1888,0.5166000000000001
DEU,sptincj992,p0p90,1889,0.5137
DEU,sptincj992,p0p90,1890,0.5114000000000001
DEU,sptincj992,p0p90,1891,0.5098
DEU,sptincj992,p0p90,1892,0.5082
DEU,sptincj992,p0p90,1893,0.5086
DEU,sptincj992,p0p90,1894,0.5058
DEU,sptincj992,p0p90,1895,0.5021
DEU,sptincj992,p0p90,1896,0.5016
DEU,sptincj992,p0p90,1897,0.4982
DEU,sptincj992,p0p90,1898,0.4945000000000001
DEU,sptincj992,p0p90,1899,0.4916
DEU,sptincj992,p0p90,1900,0.4895
DEU,sptincj992,p0p90,1901,0.4925
DEU,sptincj992,p0p90,1902,0.4945000000000001
DEU,sptincj992,p0p90,1903,0.4988
DEU,sptincj992,p0p90,1904,0.5002
DEU,sptincj992,p0p90,1905,0.5008
DEU,sptincj992,p0p90,1906,0.5023
DEU,sptincj992,p0p90,1907,0.505
DEU,sptincj992,p0p90,1908,0.509
DEU,sptincj992,p0p90,1909,0.512
DEU,sptincj992,p0p90,1910,0.5132
DEU,sptincj992,p0p90,1911,0.5129
DEU,sptincj992,p0p90,1912,0.5113
DEU,sptincj992,p0p90,1913,0.5079
DEU,sptincj992,p0p90,1914,0.5068
DEU,sptincj992,p0p90,1915,0.5069
DEU,sptincj992,p0p90,1916,0.5007
DEU,sptincj992,p0p90,1917,0.5015000000000001
DEU,sptincj992,p0p90,1918,0.5031
DEU,sptincj992,p0p90,1919,0.4996
DEU,sptincj992,p0p90,1920,0.503
DEU,sptincj992,p0p90,1925,0.5780000000000001
DEU,sptincj992,p0p90,1926,0.598
DEU,sptincj992,p0p90,1927,0.6105
DEU,sptincj992,p0p90,1928,0.6231
DEU,sptincj992,p0p90,1929,0.6394000000000001
DEU,sptincj992,p0p90,1930,0.6503
DEU,sptincj992,p0p90,1932,0.6323000000000001
DEU,sptincj992,p0p90,1933,0.6276
DEU,sptincj992,p0p90,1934,0.6174000000000001
DEU,sptincj992,p0p90,1935,0.6059
DEU,sptincj992,p0p90,1936,0.5941000000000001
DEU,sptincj992,p0p90,1937,0.5831000000000001
DEU,sptincj992,p0p90,1938,0.5753
DEU,sptincj992,p0p90,1940,0.5592
DEU,sptincj992,p0p90,1949,0.5989
DEU,sptincj992,p0p90,1950,0.5988
DEU,sptincj992,p0p90,1954,0.6298
DEU,sptincj992,p0p90,1957,0.6495000000000001
DEU,sptincj992,p0p90,1960,0.6677000000000001
DEU,sptincj992,p0p90,1961,0.6683
DEU,sptincj992,p0p90,1965,0.6798000000000001
DEU,sptincj992,p0p90,1968,0.6898000000000001
DEU,sptincj992,p0p90,1970,0.7029000000000001
DEU,sptincj992,p0p90,1971,0.6965
DEU,sptincj992,p0p90,1974,0.7067
DEU,sptincj992,p0p90,1977,0.7138
DEU,sptincj992,p0p90,1980,0.7140000000000001
DEU,sptincj992,p0p90,1981,0.7186
DEU,sptincj992,p0p90,1982,0.7196
DEU,sptincj992,p0p90,1983,0.7153
DEU,sptincj992,p0p90,1984,0.7151000000000001
DEU,sptincj992,p0p90,1985,0.7129000000000001
DEU,sptincj992,p0p90,1986,0.7063
DEU,sptincj992,p0p90,1987,0.6985
DEU,sptincj992,p0p90,1988,0.6841
DEU,sptincj992,p0p90,1989,0.6754
DEU,sptincj992,p0p90,1990,0.6745
DEU,sptincj992,p0p90,1991,0.6851
DEU,sptincj992,p0p90,1992,0.6904
DEU,sptincj992,p0p90,1993,0.6957
DEU,sptincj992,p0p90,1994,0.7003
DEU,sptincj992,p0p90,1995,0.7021000000000001
DEU,sptincj992,p0p90,1996,0.6936
DEU,sptincj992,p0p90,1997,0.6846
DEU,sptincj992,p0p90,1998,0.6783
DEU,sptincj992,p0p90,1999,0.6787000000000001
DEU,sptincj992,p0p90,2000,0.6771
DEU,sptincj992,p0p90,2001,0.6761
DEU,sptincj992,p0p90,2002,0.6759000000000001
DEU,sptincj992,p0p90,2003,0.6835
DEU,sptincj992,p0p90,2004,0.6711
DEU,sptincj992,p0p90,2005,0.6519
DEU,sptincj992,p0p90,2006,0.6469
DEU,sptincj992,p0p90,2007,0.6309
DEU,sptincj992,p0p90,2008,0.6324000000000001
DEU,sptincj992,p0p90,2009,0.6275000000000001
DEU,sptincj992,p0p90,2010,0.6331
DEU,sptincj992,p0p90,2011,0.6321
DEU,sptincj992,p0p90,2012,0.6368
DEU,sptincj992,p0p90,2013,0.6224000000000001
DEU,sptincj992,p0p90,2014,0.6174000000000001
DEU,sptincj992,p0p90,2015,0.6183000000000001
DEU,sptincj992,p0p90,2016,0.6189
DEU,sptincj992,p0p90,2017,0.6219
DEU,sptincj992,p0p90,2018,0.6263000000000001
DEU,sptincj992,p0p90,2019,0.6255000000000001
DEU,sptincj992,p0p90,2020,0.6255000000000001
DEU,sptincj992,p0p90,2021,0.6258
DEU,sptincj992,p0p90,2022,0.6236
DEU,sptincj992,p0p90,2023,0.6235
DEU,sptincj992,p0p90,2024,0.6235
DEU,sptincj992,p0p100,1820,1
DEU,sptincj992,p0p100,1850,1
DEU,sptincj992,p0p100,1871,1
DEU,sptincj992,p0p100,1872,1
DEU,sptincj992,p0p100,1873,1
DEU,sptincj992,p0p100,1874,1
DEU,sptincj992,p0p100,1875,1
DEU,sptincj992,p0p100,1876,1
DEU,sptincj992,p0p100,1877,1
DEU,sptincj992,p0p100,1878,1
DEU,sptincj992,p0p100,1879,1
DEU,sptincj992,p0p100,1880,1
DEU,sptincj992,p0p100,1881,1
DEU,sptincj992,p0p100,1882,1
DEU,sptincj992,p0p100,1883,1
DEU,sptincj992,p0p100,1884,1
DEU,sptincj992,p0p100,1885,1
DEU,sptincj992,p0p100,1886,1
DEU,sptincj992,p0p100,1887,1
DEU,sptincj992,p0p100,1888,1
DEU,sptincj992,p0p100,1889,1
DEU,sptincj992,p0p100,1890,1
DEU,sptincj992,p0p100,1891,1
DEU,sptincj992,p0p100,1892,1
DEU,sptincj992,p0p100,1893,1
DEU,sptincj992,p0p100,1894,1
DEU,sptincj992,p0p100,1895,1
DEU,sptincj992,p0p100,1896,1
DEU,sptincj992,p0p100,1897,1
DEU,sptincj992,p0p100,1898,1
DEU,sptincj992,p0p100,1899,1
DEU,sptincj992,p0p100,1900,1
DEU,sptincj992,p0p100,1901,1
DEU,sptincj992,p0p100,1902,1
DEU,sptincj992,p0p100,1903,1
DEU,sptincj992,p0p100,1904,1
DEU,sptincj992,p0p100,1905,1
DEU,sptincj992,p0p100,1906,1
DEU,sptincj992,p0p100,1907,1
DEU,sptincj992,p0p100,1908,1
DEU,sptincj992,p0p100,1909,1
DEU,sptincj992,p0p100,1910,1
DEU,sptincj992,p0p100,1911,1
DEU,sptincj992,p0p100,1912,1
DEU,sptincj992,p0p100,1913,1
DEU,sptincj992,p0p100,1914,1
DEU,sptincj992,p0p100,1915,1
DEU,sptincj992,p0p100,1916,1
DEU,sptincj992,p0p100,1917,1
DEU,sptincj992,p0p100,1918,1
DEU,sptincj992,p0p100,1919,1
DEU,sptincj992,p0p100,1920,1
DEU,sptincj992,p0p100,1925,1
DEU,sptincj992,p0p100,1926,1
DEU,sptincj992,p0p100,1927,1
DEU,sptincj992,p0p100,1928,1
DEU,sptincj992,p0p100,1929,1
DEU,sptincj992,p0p100,1930,1
DEU,sptincj992,p0p100,1932,1
DEU,sptincj992,p0p100,1933,1
DEU,sptincj992,p0p100,1934,1
DEU,sptincj992,p0p100,1935,1
DEU,sptincj992,p0p100,1936,1
DEU,sptincj992,p0p100,1937,1
DEU,sptincj992,p0p100,1938,1
DEU,sptincj992,p0p100,1940,1
DEU,sptincj992,p0p100,1949,1
DEU,sptincj992,p0p100,1950,1
DEU,sptincj992,p0p100,1954,1
DEU,sptincj992,p0p100,1957,1
DEU,sptincj992,p0p100,1960,1
DEU,sptincj992,p0p100,1961,1
DEU,sptincj992,p0p100,1965,1
DEU,sptincj992,p0p100,1968,1
DEU,sptincj992,p0p100,1970,1
DEU,sptincj992,p0p100,1971,1
DEU,sptincj992,p0p100,1974,1
DEU,sptincj992,p0p100,1977,1
DEU,sptincj992,p0p100,1980,1
DEU,sptincj992,p0p100,1981,1
DEU,sptincj992,p0p100,1982,1
DEU,sptincj992,p0p100,1983,1
DEU,sptincj992,p0p100,1984,1
DEU,sptincj992,p0p100,1985,1
DEU,sptincj992,p0p100,1986,1
DEU,sptincj992,p0p100,1987,1
DEU,sptincj992,p0p100,1988,1
DEU,sptincj992,p0p100,1989,1
DEU,sptincj992,p0p100,1990,1
DEU,sptincj992,p0p100,1991,1
DEU,sptincj992,p0p100,1992,1
DEU,sptincj992,p0p100,1993,1
DEU,sptincj992,p0p100,1994,1
DEU,sptincj992,p0p100,1995,1
DEU,sptincj992,p0p100,1996,1
DEU,sptincj992,p0p100,1997,1
DEU,sptincj992,p0p100,1998,1
DEU,sptincj992,p0p100,1999,1
DEU,sptincj992,p0p100,2000,1
DEU,sptincj992,p0p100,2001,1
DEU,sptincj992,p0p100,2002,1
DEU,sptincj992,p0p100,2003,1
DEU,sptincj992,p0p100,2004,1
DEU,sptincj992,p0p100,2005,1
DEU,sptincj992,p0p100,2006,1
DEU,sptincj992,p0p100,2007,1
DEU,sptincj992,p0p100,2008,1
DEU,sptincj992,p0p100,2009,1
DEU,sptincj992,p0p100,2010,1
DEU,sptincj992,p0p100,2011,1
DEU,sptincj992,p0p100,2012,1
DEU,sptincj992,p0p100,2013,1
DEU,sptincj992,p0p100,2014,1
DEU,sptincj992,p0p100,2015,1
DEU,sptincj992,p0p100,2016,1
DEU,sptincj992,p0p100,2017,1
DEU,sptincj992,p0p100,2018,1
DEU,sptincj992,p0p100,2019,1
DEU,sptincj992,p0p100,2020,1
DEU,sptincj992,p0p100,2021,1
DEU,sptincj992,p0p100,2022,1
DEU,sptincj992,p0p100,2023,1
DEU,sptincj992,p0p100,2024,1
DEU,sptincj992,p0p50,1820,0.1815
DEU,sptincj992,p0p50,1850,0.178
DEU,sptincj992,p0p50,1871,0.182
DEU,sptincj992,p0p50,1872,0.1822
DEU,sptincj992,p0p50,1873,0.1824
DEU,sptincj992,p0p50,1874,0.1826
DEU,sptincj992,p0p50,1875,0.1828
DEU,sptincj992,p0p50,1876,0.1833
DEU,sptincj992,p0p50,1877,0.1835
DEU,sptincj992,p0p50,1878,0.1835
DEU,sptincj992,p0p50,1879,0.1836
DEU,sptincj992,p0p50,1880,0.1836
DEU,sptincj992,p0p50,1881,0.1828
DEU,sptincj992,p0p50,1882,0.182
DEU,sptincj992,p0p50,1883,0.181
DEU,sptincj992,p0p50,1884,0.1802
DEU,sptincj992,p0p50,1885,0.1796
DEU,sptincj992,p0p50,1886,0.1788
DEU,sptincj992,p0p50,1887,0.1781
DEU,sptincj992,p0p50,1888,0.1771
DEU,sptincj992,p0p50,1889,0.1761
DEU,sptincj992,p0p50,1890,0.1753
DEU,sptincj992,p0p50,1891,0.1747
DEU,sptincj992,p0p50,1892,0.1742
DEU,sptincj992,p0p50,1893,0.1743
DEU,sptincj992,p0p50,1894,0.1734
DEU,sptincj992,p0p50,1895,0.1721
DEU,sptincj992,p0p50,1896,0.1719
DEU,sptincj992,p0p50,1897,0.1708
DEU,sptincj992,p0p50,1898,0.1695
DEU,sptincj992,p0p50,1899,0.1685
DEU,sptincj992,p0p50,1900,0.1678
DEU,sptincj992,p0p50,1901,0.1688
DEU,sptincj992,p0p50,1902,0.1695
DEU,sptincj992,p0p50,1903,0.171
DEU,sptincj992,p0p50,1904,0.1715
DEU,sptincj992,p0p50,1905,0.1716
DEU,sptincj992,p0p50,1906,0.1722
DEU,sptincj992,p0p50,1907,0.1731
DEU,sptincj992,p0p50,1908,0.1745
DEU,sptincj992,p0p50,1909,0.1755
DEU,sptincj992,p0p50,1910,0.1759
DEU,sptincj992,p0p50,1911,0.1758
DEU,sptincj992,p0p50,1912,0.1753
DEU,sptincj992,p0p50,1913,0.1741
DEU,sptincj992,p0p50,1914,0.1737
DEU,sptincj992,p0p50,1915,0.1738
DEU,sptincj992,p0p50,1916,0.1716
DEU,sptincj992,p0p50,1917,0.1719
DEU,sptincj992,p0p50,1918,0.1724
DEU,sptincj992,p0p50,1919,0.1712
DEU,sptincj992,p0p50,1920,0.1724
DEU,sptincj992,p0p50,1925,0.1981
DEU,sptincj992,p0p50,1926,0.205
DEU,sptincj992,p0p50,1927,0.2092
DEU,sptincj992,p0p50,1928,0.2136
DEU,sptincj992,p0p50,1929,0.2192
DEU,sptincj992,p0p50,1930,0.2229
DEU,sptincj992,p0p50,1932,0.2167
DEU,sptincj992,p0p50,1933,0.2151
DEU,sptincj992,p0p50,1934,0.2116
DEU,sptincj992,p0p50,1935,0.2077
DEU,sptincj992,p0p50,1936,0.2036
DEU,sptincj992,p0p50,1937,0.1999
DEU,sptincj992,p0p50,1938,0.1972
DEU,sptincj992,p0p50,1940,0.1917
DEU,sptincj992,p0p50,1949,0.2191
DEU,sptincj992,p0p50,1950,0.2205
DEU,sptincj992,p0p50,1954,0.2251
DEU,sptincj992,p0p50,1957,0.2272
DEU,sptincj992,p0p50,1960,0.2289
DEU,sptincj992,p0p50,1961,0.229
DEU,sptincj992,p0p50,1965,0.2327
DEU,sptincj992,p0p50,1968,0.236
DEU,sptincj992,p0p50,1970,0.2409
DEU,sptincj992,p0p50,1971,0.2382
DEU,sptincj992,p0p50,1974,0.2415
DEU,sptincj992,p0p50,1977,0.2438
DEU,sptincj992,p0p50,1980,0.2325
DEU,sptincj992,p0p50,1981,0.2338
DEU,sptincj992,p0p50,1982,0.236
DEU,sptincj992,p0p50,1983,0.2342
DEU,sptincj992,p0p50,1984,0.237
DEU,sptincj992,p0p50,1985,0.2359
DEU,sptincj992,p0p50,1986,0.2334
DEU,sptincj992,p0p50,1987,0.2304
DEU,sptincj992,p0p50,1988,0.2239
DEU,sptincj992,p0p50,1989,0.2177
DEU,sptincj992,p0p50,1990,0.2162
DEU,sptincj992,p0p50,1991,0.221
DEU,sptincj992,p0p50,1992,0.224
DEU,sptincj992,p0p50,1993,0.2273
DEU,sptincj992,p0p50,1994,0.229
DEU,sptincj992,p0p50,1995,0.2309
DEU,sptincj992,p0p50,1996,0.2248
DEU,sptincj992,p0p50,1997,0.2201
DEU,sptincj992,p0p50,1998,0.2151
DEU,sptincj992,p0p50,1999,0.2155
DEU,sptincj992,p0p50,2000,0.2162
DEU,sptincj992,p0p50,2001,0.2153
DEU,sptincj992,p0p50,2002,0.2096
DEU,sptincj992,p0p50,2003,0.2149
DEU,sptincj992,p0p50,2004,0.2105
DEU,sptincj992,p0p50,2005,0.198
DEU,sptincj992,p0p50,2006,0.1972
DEU,sptincj992,p0p50,2007,0.191
DEU,sptincj992,p0p50,2008,0.1909
DEU,sptincj992,p0p50,2009,0.1911
DEU,sptincj992,p0p50,2010,0.1931
DEU,sptincj992,p0p50,2011,0.1908
DEU,sptincj992,p0p50,2012,0.1897
DEU,sptincj992,p0p50,2013,0.1827
DEU,sptincj992,p0p50,2014,0.1814
DEU,sptincj992,p0p50,2015,0.1824
DEU,sptincj992,p0p50,2016,0.1843
DEU,sptincj992,p0p50,2017,0.1858
DEU,sptincj992,p0p50,2018,0.1885
DEU,sptincj992,p0p50,2019,0.188
DEU,sptincj992,p0p50,2020,0.188
DEU,sptincj992,p0p50,2021,0.1882
DEU,sptincj992,p0p50,2022,0.1878
DEU,sptincj992,p0p50,2023,0.1877
DEU,sptincj992,p0p50,2024,0.1877
DEU,sptincj992,p0p99,1820,0.8231
DEU,sptincj992,p0p99,1850,0.8192
DEU,sptincj992,p0p99,1871,0.8238000000000001
DEU,sptincj992,p0p99,1872,0.8240000000000001
DEU,sptincj992,p0p99,1873,0.8242
DEU,sptincj992,p0p99,1874,0.8245
DEU,sptincj992,p0p99,1875,0.8251000000000001
DEU,sptincj992,p0p99,1876,0.8263
DEU,sptincj992,p0p99,1877,0.8266
DEU,sptincj992,p0p99,1878,0.8261000000000001
DEU,sptincj992,p0p99,1879,0.8260000000000001
DEU,sptincj992,p0p99,1880,0.8255
DEU,sptincj992,p0p99,1881,0.8228000000000001
DEU,sptincj992,p0p99,1882,0.8203
DEU,sptincj992,p0p99,1883,0.8166
DEU,sptincj992,p0p99,1884,0.8143
DEU,sptincj992,p0p99,1885,0.8128000000000001
DEU,sptincj992,p0p99,1886,0.8102
DEU,sptincj992,p0p99,1887,0.8079000000000001
DEU,sptincj992,p0p99,1888,0.8044
DEU,sptincj992,p0p99,1889,0.801
DEU,sptincj992,p0p99,1890,0.7985
DEU,sptincj992,p0p99,1891,0.7972
DEU,sptincj992,p0p99,1892,0.7959
DEU,sptincj992,p0p99,1893,0.7976000000000001
DEU,sptincj992,p0p99,1894,0.7944
DEU,sptincj992,p0p99,1895,0.7896000000000001
DEU,sptincj992,p0p99,1896,0.7899
DEU,sptincj992,p0p99,1897,0.7858
DEU,sptincj992,p0p99,1898,0.7811
DEU,sptincj992,p0p99,1899,0.7778
DEU,sptincj992,p0p99,1900,0.7756000000000001
DEU,sptincj992,p0p99,1901,0.7776000000000001
DEU,sptincj992,p0p99,1902,0.778
DEU,sptincj992,p0p99,1903,0.7822
DEU,sptincj992,p0p99,1904,0.7817000000000001
DEU,sptincj992,p0p99,1905,0.7799
DEU,sptincj992,p0p99,1906,0.7797000000000001
DEU,sptincj992,p0p99,1907,0.7812
DEU,sptincj992,p0p99,1908,0.7848
DEU,sptincj992,p0p99,1909,0.7868
DEU,sptincj992,p0p99,1910,0.786
DEU,sptincj992,p0p99,1911,0.7867000000000001
DEU,sptincj992,p0p99,1912,0.7853
DEU,sptincj992,p0p99,1913,0.7812
DEU,sptincj992,p0p99,1914,0.7807000000000001
DEU,sptincj992,p0p99,1915,0.782
DEU,sptincj992,p0p99,1916,0.7735000000000001
DEU,sptincj992,p0p99,1917,0.7758
DEU,sptincj992,p0p99,1918,0.7794000000000001
DEU,sptincj992,p0p99,1919,0.7751
DEU,sptincj992,p0p99,1920,0.7815000000000001
DEU,sptincj992,p0p99,1925,0.8302
DEU,sptincj992,p0p99,1926,0.8471000000000001
DEU,sptincj992,p0p99,1927,0.8531000000000001
DEU,sptincj992,p0p99,1928,0.8595
DEU,sptincj992,p0p99,1929,0.871
DEU,sptincj992,p0p99,1930,0.8751
DEU,sptincj992,p0p99,1932,0.8689
DEU,sptincj992,p0p99,1933,0.8718
DEU,sptincj992,p0p99,1934,0.867
DEU,sptincj992,p0p99,1935,0.8605
DEU,sptincj992,p0p99,1936,0.8533000000000001
DEU,sptincj992,p0p99,1937,0.8473
DEU,sptincj992,p0p99,1938,0.8460000000000001
DEU,sptincj992,p0p99,1940,0.8426
DEU,sptincj992,p0p99,1949,0.8933000000000001
DEU,sptincj992,p0p99,1950,0.8922
DEU,sptincj992,p0p99,1954,0.8945000000000001
DEU,sptincj992,p0p99,1957,0.891
DEU,sptincj992,p0p99,1960,0.8857
DEU,sptincj992,p0p99,1961,0.884
DEU,sptincj992,p0p99,1965,0.8891
DEU,sptincj992,p0p99,1968,0.8948
DEU,sptincj992,p0p99,1970,0.8978
DEU,sptincj992,p0p99,1971,0.8963000000000001
DEU,sptincj992,p0p99,1974,0.9021
DEU,sptincj992,p0p99,1977,0.904
DEU,sptincj992,p0p99,1980,0.9016000000000001
DEU,sptincj992,p0p99,1981,0.9058
DEU,sptincj992,p0p99,1982,0.9078
DEU,sptincj992,p0p99,1983,0.906
DEU,sptincj992,p0p99,1984,0.9059
DEU,sptincj992,p0p99,1985,0.9045000000000001
DEU,sptincj992,p0p99,1986,0.9003
DEU,sptincj992,p0p99,1987,0.896
DEU,sptincj992,p0p99,1988,0.8871
DEU,sptincj992,p0p99,1989,0.882
DEU,sptincj992,p0p99,1990,0.8855000000000001
DEU,sptincj992,p0p99,1991,0.897
DEU,sptincj992,p0p99,1992,0.904
DEU,sptincj992,p0p99,1993,0.9079
DEU,sptincj992,p0p99,1994,0.9108
DEU,sptincj992,p0p99,1995,0.9122
DEU,sptincj992,p0p99,1996,0.9046000000000001
DEU,sptincj992,p0p99,1997,0.8973000000000001
DEU,sptincj992,p0p99,1998,0.8903000000000001
DEU,sptincj992,p0p99,1999,0.8936000000000001
DEU,sptincj992,p0p99,2000,0.8951
DEU,sptincj992,p0p99,2001,0.8972
DEU,sptincj992,p0p99,2002,0.899
DEU,sptincj992,p0p99,2003,0.9055000000000001
DEU,sptincj992,p0p99,2004,0.8942
DEU,sptincj992,p0p99,2005,0.8791
DEU,sptincj992,p0p99,2006,0.8731
DEU,sptincj992,p0p99,2007,0.8639
DEU,sptincj992,p0p99,2008,0.8655
DEU,sptincj992,p0p99,2009,0.8702000000000001
DEU,sptincj992,p0p99,2010,0.8713000000000001
DEU,sptincj992,p0p99,2011,0.872
DEU,sptincj992,p0p99,2012,0.8742000000000001
DEU,sptincj992,p0p99,2013,0.869
DEU,sptincj992,p0p99,2014,0.8674000000000001
DEU,sptincj992,p0p99,2015,0.8674000000000001
DEU,sptincj992,p0p99,2016,0.8675
DEU,sptincj992,p0p99,2017,0.8681000000000001
DEU,sptincj992,p0p99,2018,0.87
DEU,sptincj992,p0p99,2019,0.8695
DEU,sptincj992,p0p99,2020,0.8695
DEU,sptincj992,p0p99,2021,0.8691000000000001
DEU,sptincj992,p0p99,2022,0.8672000000000001
DEU,sptincj992,p0p99,2023,0.8669
DEU,sptincj992,p0p99,2024,0.8669
DEU,sptincj992,p50p90,1820,0.348
DEU,sptincj992,p50p90,1850,0.3413
DEU,sptincj992,p50p90,1871,0.349
DEU,sptincj992,p50p90,1872,0.3493
DEU,sptincj992,p50p90,1873,0.3497
DEU,sptincj992,p50p90,1874,0.3501
DEU,sptincj992,p50p90,1875,0.3506
DEU,sptincj992,p50p90,1876,0.3514
DEU,sptincj992,p50p90,1877,0.3518
DEU,sptincj992,p50p90,1878,0.3519
DEU,sptincj992,p50p90,1879,0.3521
DEU,sptincj992,p50p90,1880,0.3521
DEU,sptincj992,p50p90,1881,0.3506
DEU,sptincj992,p50p90,1882,0.349
DEU,sptincj992,p50p90,1883,0.347
DEU,sptincj992,p50p90,1884,0.3456
DEU,sptincj992,p50p90,1885,0.3445
DEU,sptincj992,p50p90,1886,0.3429
DEU,sptincj992,p50p90,1887,0.3415
DEU,sptincj992,p50p90,1888,0.3395
DEU,sptincj992,p50p90,1889,0.3376
DEU,sptincj992,p50p90,1890,0.3361
DEU,sptincj992,p50p90,1891,0.3351
DEU,sptincj992,p50p90,1892,0.334
DEU,sptincj992,p50p90,1893,0.3343
DEU,sptincj992,p50p90,1894,0.3325
DEU,sptincj992,p50p90,1895,0.33
DEU,sptincj992,p50p90,1896,0.3296
DEU,sptincj992,p50p90,1897,0.3274
DEU,sptincj992,p50p90,1898,0.325
DEU,sptincj992,p50p90,1899,0.3231
DEU,sptincj992,p50p90,1900,0.3217
DEU,sptincj992,p50p90,1901,0.3237
DEU,sptincj992,p50p90,1902,0.325
DEU,sptincj992,p50p90,1903,0.3278
DEU,sptincj992,p50p90,1904,0.3288
DEU,sptincj992,p50p90,1905,0.3291
DEU,sptincj992,p50p90,1906,0.3302
DEU,sptincj992,p50p90,1907,0.3319
DEU,sptincj992,p50p90,1908,0.3346
DEU,sptincj992,p50p90,1909,0.3365
DEU,sptincj992,p50p90,1910,0.3373
DEU,sptincj992,p50p90,1911,0.3371
DEU,sptincj992,p50p90,1912,0.336
DEU,sptincj992,p50p90,1913,0.3338
DEU,sptincj992,p50p90,1914,0.3331
DEU,sptincj992,p50p90,1915,0.3332
DEU,sptincj992,p50p90,1916,0.3291
DEU,sptincj992,p50p90,1917,0.3296
DEU,sptincj992,p50p90,1918,0.3306
DEU,sptincj992,p50p90,1919,0.3283
DEU,sptincj992,p50p90,1920,0.3306
DEU,sptincj992,p50p90,1925,0.3799
DEU,sptincj992,p50p90,1926,0.3931
DEU,sptincj992,p50p90,1927,0.4012
DEU,sptincj992,p50p90,1928,0.4095
DEU,sptincj992,p50p90,1929,0.4203
DEU,sptincj992,p50p90,1930,0.4274
DEU,sptincj992,p50p90,1932,0.4156
DEU,sptincj992,p50p90,1933,0.4125
DEU,sptincj992,p50p90,1934,0.4058
DEU,sptincj992,p50p90,1935,0.3983
DEU,sptincj992,p50p90,1936,0.3904
DEU,sptincj992,p50p90,1937,0.3832
DEU,sptincj992,p50p90,1938,0.3781
DEU,sptincj992,p50p90,1940,0.3675
DEU,sptincj992,p50p90,1949,0.3798
DEU,sptincj992,p50p90,1950,0.3783
DEU,sptincj992,p50p90,1954,0.4048
DEU,sptincj992,p50p90,1957,0.4223
DEU,sptincj992,p50p90,1960,0.4389
DEU,sptincj992,p50p90,1961,0.4393
DEU,sptincj992,p50p90,1965,0.447
DEU,sptincj992,p50p90,1968,0.4538
DEU,sptincj992,p50p90,1970,0.462
DEU,sptincj992,p50p90,1971,0.4584
DEU,sptincj992,p50p90,1974,0.4652
DEU,sptincj992,p50p90,1977,0.47
DEU,sptincj992,p50p90,1980,0.4815
DEU,sptincj992,p50p90,1981,0.4847
DEU,sptincj992,p50p90,1982,0.4835
DEU,sptincj992,p50p90,1983,0.4812
DEU,sptincj992,p50p90,1984,0.478
DEU,sptincj992,p50p90,1985,0.477
DEU,sptincj992,p50p90,1986,0.473
DEU,sptincj992,p50p90,1987,0.4682
DEU,sptincj992,p50p90,1988,0.4602
DEU,sptincj992,p50p90,1989,0.4577
DEU,sptincj992,p50p90,1990,0.4584
DEU,sptincj992,p50p90,1991,0.4641
DEU,sptincj992,p50p90,1992,0.4663
DEU,sptincj992,p50p90,1993,0.4685
DEU,sptincj992,p50p90,1994,0.4713
DEU,sptincj992,p50p90,1995,0.4712
DEU,sptincj992,p50p90,1996,0.4687
DEU,sptincj992,p50p90,1997,0.4645
DEU,sptincj992,p50p90,1998,0.4632
DEU,sptincj992,p50p90,1999,0.4632
DEU,sptincj992,p50p90,2000,0.4609
DEU,sptincj992,p50p90,2001,0.4608
DEU,sptincj992,p50p90,2002,0.4663
DEU,sptincj992,p50p90,2003,0.4686
DEU,sptincj992,p50p90,2004,0.4605
DEU,sptincj992,p50p90,2005,0.4539
DEU,sptincj992,p50p90,2006,0.4497
DEU,sptincj992,p50p90,2007,0.4399
DEU,sptincj992,p50p90,2008,0.4415
DEU,sptincj992,p50p90,2009,0.4364
DEU,sptincj992,p50p90,2010,0.44
DEU,sptincj992,p50p90,2011,0.4413
DEU,sptincj992,p50p90,2012,0.4471
DEU,sptincj992,p50p90,2013,0.4398
DEU,sptincj992,p50p90,2014,0.436
DEU,sptincj992,p50p90,2015,0.4358
DEU,sptincj992,p50p90,2016,0.4347
DEU,sptincj992,p50p90,2017,0.4361
DEU,sptincj992,p50p90,2018,0.4378
DEU,sptincj992,p50p90,2019,0.4375
DEU,sptincj992,p50p90,2020,0.4375
DEU,sptincj992,p50p90,2021,0.4375
DEU,sptincj992,p50p90,2022,0.4358
DEU,sptincj992,p50p90,2023,0.4357
DEU,sptincj992,p50p90,2024,0.4357
DEU,sptincj992,p90p100,1820,0.4705
DEU,sptincj992,p90p100,1850,0.4808
DEU,sptincj992,p90p100,1871,0.4691
DEU,sptincj992,p90p100,1872,0.4685
DEU,sptincj992,p90p100,1873,0.468
DEU,sptincj992,p90p100,1874,0.4674
DEU,sptincj992,p90p100,1875,0.4666
DEU,sptincj992,p90p100,1876,0.4653
DEU,sptincj992,p90p100,1877,0.4647
DEU,sptincj992,p90p100,1878,0.4646
DEU,sptincj992,p90p100,1879,0.4643
DEU,sptincj992,p90p100,1880,0.4642
DEU,sptincj992,p90p100,1881,0.4666
DEU,sptincj992,p90p100,1882,0.469
DEU,sptincj992,p90p100,1883,0.472
DEU,sptincj992,p90p100,1884,0.4742
DEU,sptincj992,p90p100,1885,0.4759
DEU,sptincj992,p90p100,1886,0.4783
DEU,sptincj992,p90p100,1887,0.4805
DEU,sptincj992,p90p100,1888,0.4834
DEU,sptincj992,p90p100,1889,0.4863
DEU,sptincj992,p90p100,1890,0.4886
DEU,sptincj992,p90p100,1891,0.4902
DEU,sptincj992,p90p100,1892,0.4918
DEU,sptincj992,p90p100,1893,0.4914
DEU,sptincj992,p90p100,1894,0.4942
DEU,sptincj992,p90p100,1895,0.4979
DEU,sptincj992,p90p100,1896,0.4984
DEU,sptincj992,p90p100,1897,0.5018
DEU,sptincj992,p90p100,1898,0.5055000000000001
DEU,sptincj992,p90p100,1899,0.5084000000000001
DEU,sptincj992,p90p100,1900,0.5105000000000001
DEU,sptincj992,p90p100,1901,0.5075000000000001
DEU,sptincj992,p90p100,1902,0.5055000000000001
DEU,sptincj992,p90p100,1903,0.5012
DEU,sptincj992,p90p100,1904,0.4998
DEU,sptincj992,p90p100,1905,0.4992
DEU,sptincj992,p90p100,1906,0.4977
DEU,sptincj992,p90p100,1907,0.4950000000000001
DEU,sptincj992,p90p100,1908,0.491
DEU,sptincj992,p90p100,1909,0.488
DEU,sptincj992,p90p100,1910,0.4868
DEU,sptincj992,p90p100,1911,0.4871
DEU,sptincj992,p90p100,1912,0.4887
DEU,sptincj992,p90p100,1913,0.4921
DEU,sptincj992,p90p100,1914,0.4932
DEU,sptincj992,p90p100,1915,0.4931
DEU,sptincj992,p90p100,1916,0.4993
DEU,sptincj992,p90p100,1917,0.4985
DEU,sptincj992,p90p100,1918,0.4969
DEU,sptincj992,p90p100,1919,0.5004000000000001
DEU,sptincj992,p90p100,1920,0.497
DEU,sptincj992,p90p100,1925,0.422
DEU,sptincj992,p90p100,1926,0.402
DEU,sptincj992,p90p100,1927,0.3895
DEU,sptincj992,p90p100,1928,0.3769
DEU,sptincj992,p90p100,1929,0.3606
DEU,sptincj992,p90p100,1930,0.3497
DEU,sptincj992,p90p100,1932,0.3677
DEU,sptincj992,p90p100,1933,0.3724
DEU,sptincj992,p90p100,1934,0.3826
DEU,sptincj992,p90p100,1935,0.3941
DEU,sptincj992,p90p100,1936,0.4059
DEU,sptincj992,p90p100,1937,0.4169
DEU,sptincj992,p90p100,1938,0.4247
DEU,sptincj992,p90p100,1940,0.4408
DEU,sptincj992,p90p100,1949,0.4011
DEU,sptincj992,p90p100,1950,0.4012
DEU,sptincj992,p90p100,1954,0.3702
DEU,sptincj992,p90p100,1957,0.3505
DEU,sptincj992,p90p100,1960,0.3323
DEU,sptincj992,p90p100,1961,0.3317
DEU,sptincj992,p90p100,1965,0.3202
DEU,sptincj992,p90p100,1968,0.3102
DEU,sptincj992,p90p100,1970,0.2971
DEU,sptincj992,p90p100,1971,0.3035
DEU,sptincj992,p90p100,1974,0.2933
DEU,sptincj992,p90p100,1977,0.2862
DEU,sptincj992,p90p100,1980,0.286
DEU,sptincj992,p90p100,1981,0.2814
DEU,sptincj992,p90p100,1982,0.2804
DEU,sptincj992,p90p100,1983,0.2847
DEU,sptincj992,p90p100,1984,0.2849
DEU,sptincj992,p90p100,1985,0.2871
DEU,sptincj992,p90p100,1986,0.2937
DEU,sptincj992,p90p100,1987,0.3015
DEU,sptincj992,p90p100,1988,0.3159
DEU,sptincj992,p90p100,1989,0.3246
DEU,sptincj992,p90p100,1990,0.3255
DEU,sptincj992,p90p100,1991,0.3149
DEU,sptincj992,p90p100,1992,0.3096
DEU,sptincj992,p90p100,1993,0.3043
DEU,sptincj992,p90p100,1994,0.2997
DEU,sptincj992,p90p100,1995,0.2979
DEU,sptincj992,p90p100,1996,0.3064
DEU,sptincj992,p90p100,1997,0.3154
DEU,sptincj992,p90p100,1998,0.3217
DEU,sptincj992,p90p100,1999,0.3213
DEU,sptincj992,p90p100,2000,0.3229
DEU,sptincj992,p90p100,2001,0.3239
DEU,sptincj992,p90p100,2002,0.3241
DEU,sptincj992,p90p100,2003,0.3165
DEU,sptincj992,p90p100,2004,0.3289
DEU,sptincj992,p90p100,2005,0.3481
DEU,sptincj992,p90p100,2006,0.3531
DEU,sptincj992,p90p100,2007,0.3691
DEU,sptincj992,p90p100,2008,0.3676
DEU,sptincj992,p90p100,2009,0.3725
DEU,sptincj992,p90p100,2010,0.3669
DEU,sptincj992,p90p100,2011,0.3679
DEU,sptincj992,p90p100,2012,0.3632
DEU,sptincj992,p90p100,2013,0.3776
DEU,sptincj992,p90p100,2014,0.3826
DEU,sptincj992,p90p100,2015,0.3817
DEU,sptincj992,p90p100,2016,0.3811
DEU,sptincj992,p90p100,2017,0.3781
DEU,sptincj992,p90p100,2018,0.3737
DEU,sptincj992,p90p100,2019,0.3745
DEU,sptincj992,p90p100,2020,0.3745
DEU,sptincj992,p90p100,2021,0.3742
DEU,sptincj992,p90p100,2022,0.3764
DEU,sptincj992,p90p100,2023,0.3765
DEU,sptincj992,p90p100,2024,0.3765
DEU,sptincj992,p99p100,1820,0.1769
DEU,sptincj992,p99p100,1850,0.1808
DEU,sptincj992,p99p100,1871,0.1762
DEU,sptincj992,p99p100,1872,0.176
DEU,sptincj992,p99p100,1873,0.1758
DEU,sptincj992,p99p100,1874,0.1755
DEU,sptincj992,p99p100,1875,0.1749
DEU,sptincj992,p99p100,1876,0.1737
DEU,sptincj992,p99p100,1877,0.1734
DEU,sptincj992,p99p100,1878,0.1739
DEU,sptincj992,p99p100,1879,0.174
DEU,sptincj992,p99p100,1880,0.1745
DEU,sptincj992,p99p100,1881,0.1772
DEU,sptincj992,p99p100,1882,0.1797
DEU,sptincj992,p99p100,1883,0.1834
DEU,sptincj992,p99p100,1884,0.1857
DEU,sptincj992,p99p100,1885,0.1872
DEU,sptincj992,p99p100,1886,0.1898
DEU,sptincj992,p99p100,1887,0.1921
DEU,sptincj992,p99p100,1888,0.1956
DEU,sptincj992,p99p100,1889,0.199
DEU,sptincj992,p99p100,1890,0.2015
DEU,sptincj992,p99p100,1891,0.2028
DEU,sptincj992,p99p100,1892,0.2041
DEU,sptincj992,p99p100,1893,0.2024
DEU,sptincj992,p99p100,1894,0.2056
DEU,sptincj992,p99p100,1895,0.2104
DEU,sptincj992,p99p100,1896,0.2101
DEU,sptincj992,p99p100,1897,0.2142
DEU,sptincj992,p99p100,1898,0.2189
DEU,sptincj992,p99p100,1899,0.2222
DEU,sptincj992,p99p100,1900,0.2244
DEU,sptincj992,p99p100,1901,0.2224
DEU,sptincj992,p99p100,1902,0.222
DEU,sptincj992,p99p100,1903,0.2178
DEU,sptincj992,p99p100,1904,0.2183
DEU,sptincj992,p99p100,1905,0.2201
DEU,sptincj992,p99p100,1906,0.2203
DEU,sptincj992,p99p100,1907,0.2188
DEU,sptincj992,p99p100,1908,0.2152
DEU,sptincj992,p99p100,1909,0.2132
DEU,sptincj992,p99p100,1910,0.214
DEU,sptincj992,p99p100,1911,0.2133
DEU,sptincj992,p99p100,1912,0.2147
DEU,sptincj992,p99p100,1913,0.2188
DEU,sptincj992,p99p100,1914,0.2193
DEU,sptincj992,p99p100,1915,0.218
DEU,sptincj992,p99p100,1916,0.2265
DEU,sptincj992,p99p100,1917,0.2242
DEU,sptincj992,p99p100,1918,0.2206
DEU,sptincj992,p99p100,1919,0.2249
DEU,sptincj992,p99p100,1920,0.2185
DEU,sptincj992,p99p100,1925,0.1698
DEU,sptincj992,p99p100,1926,0.1529
DEU,sptincj992,p99p100,1927,0.1469
DEU,sptincj992,p99p100,1928,0.1405
DEU,sptincj992,p99p100,1929,0.129
DEU,sptincj992,p99p100,1930,0.1249
DEU,sptincj992,p99p100,1932,0.1311
DEU,sptincj992,p99p100,1933,0.1282
DEU,sptincj992,p99p100,1934,0.133
DEU,sptincj992,p99p100,1935,0.1395
DEU,sptincj992,p99p100,1936,0.1467
DEU,sptincj992,p99p100,1937,0.1527
DEU,sptincj992,p99p100,1938,0.154
DEU,sptincj992,p99p100,1940,0.1574
DEU,sptincj992,p99p100,1949,0.1067
DEU,sptincj992,p99p100,1950,0.1078
DEU,sptincj992,p99p100,1954,0.1055
DEU,sptincj992,p99p100,1957,0.109
DEU,sptincj992,p99p100,1960,0.1143
DEU,sptincj992,p99p100,1961,0.116
DEU,sptincj992,p99p100,1965,0.1109
DEU,sptincj992,p99p100,1968,0.1052
DEU,sptincj992,p99p100,1970,0.1022
DEU,sptincj992,p99p100,1971,0.1037
DEU,sptincj992,p99p100,1974,0.0979
DEU,sptincj992,p99p100,1977,0.096
DEU,sptincj992,p99p100,1980,0.0984
DEU,sptincj992,p99p100,1981,0.0942
DEU,sptincj992,p99p100,1982,0.0922
DEU,sptincj992,p99p100,1983,0.094
DEU,sptincj992,p99p100,1984,0.0941
DEU,sptincj992,p99p100,1985,0.0955
DEU,sptincj992,p99p100,1986,0.0997
DEU,sptincj992,p99p100,1987,0.104
DEU,sptincj992,p99p100,1988,0.1129
DEU,sptincj992,p99p100,1989,0.118
DEU,sptincj992,p99p100,1990,0.1145
DEU,sptincj992,p99p100,1991,0.103
DEU,sptincj992,p99p100,1992,0.096
DEU,sptincj992,p99p100,1993,0.0921
DEU,sptincj992,p99p100,1994,0.0892
DEU,sptincj992,p99p100,1995,0.0878
DEU,sptincj992,p99p100,1996,0.0954
DEU,sptincj992,p99p100,1997,0.1027
DEU,sptincj992,p99p100,1998,0.1097
DEU,sptincj992,p99p100,1999,0.1064
DEU,sptincj992,p99p100,2000,0.1049
DEU,sptincj992,p99p100,2001,0.1028
DEU,sptincj992,p99p100,2002,0.101
DEU,sptincj992,p99p100,2003,0.0945
DEU,sptincj992,p99p100,2004,0.1058
DEU,sptincj992,p99p100,2005,0.1209
DEU,sptincj992,p99p100,2006,0.1269
DEU,sptincj992,p99p100,2007,0.1361
DEU,sptincj992,p99p100,2008,0.1345
DEU,sptincj992,p99p100,2009,0.1298
DEU,sptincj992,p99p100,2010,0.1287
DEU,sptincj992,p99p100,2011,0.128
DEU,sptincj992,p99p100,2012,0.1258
DEU,sptincj992,p99p100,2013,0.131
DEU,sptincj992,p99p100,2014,0.1326
DEU,sptincj992,p99p100,2015,0.1326
DEU,sptincj992,p99p100,2016,0.1325
DEU,sptincj992,p99p100,2017,0.1319
DEU,sptincj992,p99p100,2018,0.13
DEU,sptincj992,p99p100,2019,0.1305
DEU,sptincj992,p99p100,2020,0.1305
DEU,sptincj992,p99p100,2021,0.1309
DEU,sptincj992,p99p100,2022,0.1328
DEU,sptincj992,p99p100,2023,0.1331
DEU,sptincj992,p99p100,2024,0.1331
DNK,spllinf992,p0p100,1990,0.3987
DNK,spllinf992,p0p100,1991,0.3987
DNK,spllinf992,p0p100,1992,0.4021
DNK,spllinf992,p0p100,1993,0.40239999
DNK,spllinf992,p0p100,1994,0.38909999
DNK,spllinf992,p0p100,1995,0.37869999
DNK,spllinf992,p0p100,1996,0.38139999
DNK,spllinf992,p0p100,1997,0.38409999
DNK,spllinf992,p0p100,1998,0.38679999
DNK,spllinf992,p0p100,1999,0.38949999
DNK,spllinf992,p0p100,2000,0.39219999
DNK,spllinf992,p0p100,2001,0.3951
DNK,spllinf992,p0p100,2002,0.398
DNK,spllinf992,p0p100,2003,0.40090001
DNK,spllinf992,p0p100,2004,0.40369999
DNK,spllinf992,p0p100,2005,0.40380001
DNK,spllinf992,p0p100,2006,0.40380001
DNK,spllinf992,p0p100,2007,0.40380001
DNK,spllinf992,p0p100,2008,0.40939999
DNK,spllinf992,p0p100,2009,0.41510001
DNK,spllinf992,p0p100,2010,0.42070001
DNK,spllinf992,p0p100,2011,0.4192
DNK,spllinf992,p0p100,2012,0.41780001
DNK,spllinf992,p0p100,2013,0.4163
DNK,spllinf992,p0p100,2014,0.41839999
DNK,spllinf992,p0p100,2015,0.42039999
DNK,spllinf992,p0p100,2016,0.42649999
DNK,spllinf992,p0p100,2017,0.4165
DNK,spllinf992,p0p100,2018,0.4179
DNK,spllinf992,p0p100,2019,0.41549999
DNK,spllinf992,p0p100,2020,0.42070001
DNK,spllinf992,p0p100,2021,0.4179
DNK,spllinf992,p0p100,2022,0.4181
DNK,spllinf992,p0p100,2023,0.419
DNK,spllinf992,p0p100,2024,0.41890001
DNK,sptincj992,p0p100,1820,1
DNK,sptincj992,p0p100,1850,1
DNK,sptincj992,p0p100,1870,1
DNK,sptincj992,p0p100,1880,1
DNK,sptincj992,p0p100,1900,1
DNK,sptincj992,p0p100,1903,1
DNK,sptincj992,p0p100,1908,1
DNK,sptincj992,p0p100,1910,1
DNK,sptincj992,p0p100,1915,1
DNK,sptincj992,p0p100,1917,1
DNK,sptincj992,p0p100,1918,1
DNK,sptincj992,p0p100,1919,1
DNK,sptincj992,p0p100,1920,1
DNK,sptincj992,p0p100,1921,1
DNK,sptincj992,p0p100,1922,1
DNK,sptincj992,p0p100,1923,1
DNK,sptincj992,p0p100,1924,1
DNK,sptincj992,p0p100,1925,1
DNK,sptincj992,p0p100,1926,1
DNK,sptincj992,p0p100,1927,1
DNK,sptincj992,p0p100,1928,1
DNK,sptincj992,p0p100,1929,1
DNK,sptincj992,p0p100,1930,1
DNK,sptincj992,p0p100,1931,1
DNK,sptincj992,p0p100,1932,1
DNK,sptincj992,p0p100,1933,1
DNK,sptincj992,p0p100,1934,1
DNK,sptincj992,p0p100,1935,1
DNK,sptincj992,p0p100,1936,1
DNK,sptincj992,p0p100,1937,1
DNK,sptincj992,p0p100,1938,1
DNK,sptincj992,p0p100,1939,1
DNK,sptincj992,p0p100,1940,1
DNK,sptincj992,p0p100,1941,1
DNK,sptincj992,p0p100,1942,1
DNK,sptincj992,p0p100,1943,1
DNK,sptincj992,p0p100,1944,1
DNK,sptincj992,p0p100,1945,1
DNK,sptincj992,p0p100,1946,1
DNK,sptincj992,p0p100,1947,1
DNK,sptincj992,p0p100,1948,1
DNK,sptincj992,p0p100,1949,1
DNK,sptincj992,p0p100,1950,1
DNK,sptincj992,p0p100,1951,1
DNK,sptincj992,p0p100,1952,1
DNK,sptincj992,p0p100,1953,1
DNK,sptincj992,p0p100,1954,1
DNK,sptincj992,p0p100,1955,1
DNK,sptincj992,p0p100,1956,1
DNK,sptincj992,p0p100,1957,1
DNK,sptincj992,p0p100,1958,1
DNK,sptincj992,p0p100,1959,1
DNK,sptincj992,p0p100,1960,1
DNK,sptincj992,p0p100,1961,1
DNK,sptincj992,p0p100,1962,1
DNK,sptincj992,p0p100,1963,1
DNK,sptincj992,p0p100,1964,1
DNK,sptincj992,p0p100,1965,1
DNK,sptincj992,p0p100,1966,1
DNK,sptincj992,p0p100,1967,1
DNK,sptincj992,p0p100,1968,1
DNK,sptincj992,p0p100,1970,1
DNK,sptincj992,p0p100,1971,1
DNK,sptincj992,p0p100,1972,1
DNK,sptincj992,p0p100,1973,1
DNK,sptincj992,p0p100,1974,1
DNK,sptincj992,p0p100,1975,1
DNK,sptincj992,p0p100,1976,1
DNK,sptincj992,p0p100,1977,1
DNK,sptincj992,p0p100,1978,1
DNK,sptincj992,p0p100,1979,1
DNK,sptincj992,p0p100,1980,1
DNK,sptincj992,p0p100,1981,1
DNK,sptincj992,p0p100,1982,1
DNK,sptincj992,p0p100,1983,1
DNK,sptincj992,p0p100,1984,1
DNK,sptincj992,p0p100,1985,1
DNK,sptincj992,p0p100,1986,1
DNK,sptincj992,p0p100,1987,1
DNK,sptincj992,p0p100,1988,1
DNK,sptincj992,p0p100,1989,1
DNK,sptincj992,p0p100,1990,1
DNK,sptincj992,p0p100,1991,1
DNK,sptincj992,p0p100,1992,1
DNK,sptincj992,p0p100,1993,1
DNK,sptincj992,p0p100,1994,1
DNK,sptincj992,p0p100,1995,1
DNK,sptincj992,p0p100,1996,1
DNK,sptincj992,p0p100,1997,1
DNK,sptincj992,p0p100,1998,1
DNK,sptincj992,p0p100,1999,1
DNK,sptincj992,p0p100,2000,1
DNK,sptincj992,p0p100,2001,1
DNK,sptincj992,p0p100,2002,1
DNK,sptincj992,p0p100,2003,1
DNK,sptincj992,p0p100,2004,1
DNK,sptincj992,p0p100,2005,1
DNK,sptincj992,p0p100,2006,1
DNK,sptincj992,p0p100,2007,1
DNK,sptincj992,p0p100,2008,1
DNK,sptincj992,p0p100,2009,1
DNK,sptincj992,p0p100,2010,1
DNK,sptincj992,p0p100,2011,1
DNK,sptincj992,p0p100,2012,1
DNK,sptincj992,p0p100,2013,1
DNK,sptincj992,p0p100,2014,1
DNK,sptincj992,p0p100,2015,1
DNK,sptincj992,p0p100,2016,1
DNK,sptincj992,p0p100,2017,1
DNK,sptincj992,p0p100,2018,1
DNK,sptincj992,p0p100,2019,1
DNK,sptincj992,p0p100,2020,1
DNK,sptincj992,p0p100,2021,1
DNK,sptincj992,p0p100,2022,1
DNK,sptincj992,p0p100,2023,1
DNK,sptincj992,p0p100,2024,1
DNK,sptincj992,p0p50,1820,0.1748
DNK,sptincj992,p0p50,1850,0.1725
DNK,sptincj992,p0p50,1870,0.1708
DNK,sptincj992,p0p50,1880,0.1713
DNK,sptincj992,p0p50,1900,0.1621
DNK,sptincj992,p0p50,1903,0.165
DNK,sptincj992,p0p50,1908,0.1671
DNK,sptincj992,p0p50,1910,0.167
DNK,sptincj992,p0p50,1915,0.1754
DNK,sptincj992,p0p50,1917,0.1765
DNK,sptincj992,p0p50,1918,0.1802
DNK,sptincj992,p0p50,1919,0.1789
DNK,sptincj992,p0p50,1920,0.1854
DNK,sptincj992,p0p50,1921,0.1895
DNK,sptincj992,p0p50,1922,0.1902
DNK,sptincj992,p0p50,1923,0.1941
DNK,sptincj992,p0p50,1924,0.196
DNK,sptincj992,p0p50,1925,0.1978
DNK,sptincj992,p0p50,1926,0.2024
DNK,sptincj992,p0p50,1927,0.2033
DNK,sptincj992,p0p50,1928,0.2047
DNK,sptincj992,p0p50,1929,0.2068
DNK,sptincj992,p0p50,1930,0.2086
DNK,sptincj992,p0p50,1931,0.208
DNK,sptincj992,p0p50,1932,0.2077
DNK,sptincj992,p0p50,1933,0.2065
DNK,sptincj992,p0p50,1934,0.2057
DNK,sptincj992,p0p50,1935,0.206
DNK,sptincj992,p0p50,1936,0.2046
DNK,sptincj992,p0p50,1937,0.2046
DNK,sptincj992,p0p50,1938,0.2059
DNK,sptincj992,p0p50,1939,0.2056
DNK,sptincj992,p0p50,1940,0.2045
DNK,sptincj992,p0p50,1941,0.2063
DNK,sptincj992,p0p50,1942,0.2091
DNK,sptincj992,p0p50,1943,0.2124
DNK,sptincj992,p0p50,1944,0.2153
DNK,sptincj992,p0p50,1945,0.2167
DNK,sptincj992,p0p50,1946,0.2198
DNK,sptincj992,p0p50,1947,0.2212
DNK,sptincj992,p0p50,1948,0.2241
DNK,sptincj992,p0p50,1949,0.2263
DNK,sptincj992,p0p50,1950,0.2281
DNK,sptincj992,p0p50,1951,0.2283
DNK,sptincj992,p0p50,1952,0.2281
DNK,sptincj992,p0p50,1953,0.2284
DNK,sptincj992,p0p50,1954,0.2288
DNK,sptincj992,p0p50,1955,0.2282
DNK,sptincj992,p0p50,1956,0.2277
DNK,sptincj992,p0p50,1957,0.2288
DNK,sptincj992,p0p50,1958,0.228
DNK,sptincj992,p0p50,1959,0.2274
DNK,sptincj992,p0p50,1960,0.2274
DNK,sptincj992,p0p50,1961,0.2298
DNK,sptincj992,p0p50,1962,0.2317
DNK,sptincj992,p0p50,1963,0.2347
DNK,sptincj992,p0p50,1964,0.2369
DNK,sptincj992,p0p50,1965,0.2385
DNK,sptincj992,p0p50,1966,0.2413
DNK,sptincj992,p0p50,1967,0.2432
DNK,sptincj992,p0p50,1968,0.2445
DNK,sptincj992,p0p50,1970,0.2356
DNK,sptincj992,p0p50,1971,0.2506
DNK,sptincj992,p0p50,1972,0.2523
DNK,sptincj992,p0p50,1973,0.2547
DNK,sptincj992,p0p50,1974,0.2567
DNK,sptincj992,p0p50,1975,0.2586
DNK,sptincj992,p0p50,1976,0.2607
DNK,sptincj992,p0p50,1977,0.2627
DNK,sptincj992,p0p50,1978,0.2647
DNK,sptincj992,p0p50,1979,0.2667
DNK,sptincj992,p0p50,1980,0.2509
DNK,sptincj992,p0p50,1981,0.2464
DNK,sptincj992,p0p50,1982,0.2472
DNK,sptincj992,p0p50,1983,0.2461
DNK,sptincj992,p0p50,1984,0.2465
DNK,sptincj992,p0p50,1985,0.2434
DNK,sptincj992,p0p50,1986,0.2497
DNK,sptincj992,p0p50,1987,0.2484
DNK,sptincj992,p0p50,1988,0.2495
DNK,sptincj992,p0p50,1989,0.2484
DNK,sptincj992,p0p50,1990,0.2477
DNK,sptincj992,p0p50,1991,0.2496
DNK,sptincj992,p0p50,1992,0.2481
DNK,sptincj992,p0p50,1993,0.2492
DNK,sptincj992,p0p50,1994,0.2475
DNK,sptincj992,p0p50,1995,0.2482
DNK,sptincj992,p0p50,1996,0.2474
DNK,sptincj992,p0p50,1997,0.2424
DNK,sptincj992,p0p50,1998,0.2432
DNK,sptincj992,p0p50,1999,0.2375
DNK,sptincj992,p0p50,2000,0.2351
DNK,sptincj992,p0p50,2001,0.242
DNK,sptincj992,p0p50,2002,0.2437
DNK,sptincj992,p0p50,2003,0.2519
DNK,sptincj992,p0p50,2004,0.246
DNK,sptincj992,p0p50,2005,0.2406
DNK,sptincj992,p0p50,2006,0.2386
DNK,sptincj992,p0p50,2007,0.2419
DNK,sptincj992,p0p50,2008,0.2365
DNK,sptincj992,p0p50,2009,0.2406
DNK,sptincj992,p0p50,2010,0.2298
DNK,sptincj992,p0p50,2011,0.2279
DNK,sptincj992,p0p50,2012,0.2271
DNK,sptincj992,p0p50,2013,0.2213
DNK,sptincj992,p0p50,2014,0.2189
DNK,sptincj992,p0p50,2015,0.2195
DNK,sptincj992,p0p50,2016,0.2181
DNK,sptincj992,p0p50,2017,0.2166
DNK,sptincj992,p0p50,2018,0.215
DNK,sptincj992,p0p50,2019,0.2162
DNK,sptincj992,p0p50,2020,0.2162
DNK,sptincj992,p0p50,2021,0.2156
DNK,sptincj992,p0p50,2022,0.2156
DNK,sptincj992,p0p50,2023,0.2165
DNK,sptincj992,p0p50,2024,0.2165
DNK,sptincj992,p0p90,1820,0.5158
DNK,sptincj992,p0p90,1850,0.5092
DNK,sptincj992,p0p90,1870,0.5042
DNK,sptincj992,p0p90,1880,0.506
DNK,sptincj992,p0p90,1900,0.4772
DNK,sptincj992,p0p90,1903,0.4853
DNK,sptincj992,p0p90,1908,0.4905
DNK,sptincj992,p0p90,1910,0.4897
DNK,sptincj992,p0p90,1915,0.5141
DNK,sptincj992,p0p90,1917,0.5174
DNK,sptincj992,p0p90,1918,0.5281
DNK,sptincj992,p0p90,1919,0.5245000000000001
DNK,sptincj992,p0p90,1920,0.5434
DNK,sptincj992,p0p90,1921,0.5559000000000001
DNK,sptincj992,p0p90,1922,0.5583
DNK,sptincj992,p0p90,1923,0.5700000000000001
DNK,sptincj992,p0p90,1924,0.5761000000000001
DNK,sptincj992,p0p90,1925,0.5819
DNK,sptincj992,p0p90,1926,0.5957
DNK,sptincj992,p0p90,1927,0.5987
DNK,sptincj992,p0p90,1928,0.6034
DNK,sptincj992,p0p90,1929,0.6099
DNK,sptincj992,p0p90,1930,0.6156
DNK,sptincj992,p0p90,1931,0.6136
DNK,sptincj992,p0p90,1932,0.6127
DNK,sptincj992,p0p90,1933,0.6091
DNK,sptincj992,p0p90,1934,0.6066
DNK,sptincj992,p0p90,1935,0.6074
DNK,sptincj992,p0p90,1936,0.6035
DNK,sptincj992,p0p90,1937,0.6034
DNK,sptincj992,p0p90,1938,0.6072000000000001
DNK,sptincj992,p0p90,1939,0.6061000000000001
DNK,sptincj992,p0p90,1940,0.603
DNK,sptincj992,p0p90,1941,0.6085
DNK,sptincj992,p0p90,1942,0.6169
DNK,sptincj992,p0p90,1943,0.6269
DNK,sptincj992,p0p90,1944,0.6356
DNK,sptincj992,p0p90,1945,0.6398
DNK,sptincj992,p0p90,1946,0.6494
DNK,sptincj992,p0p90,1947,0.6536000000000001
DNK,sptincj992,p0p90,1948,0.6625
DNK,sptincj992,p0p90,1949,0.6691
DNK,sptincj992,p0p90,1950,0.6748000000000001
DNK,sptincj992,p0p90,1951,0.6752
DNK,sptincj992,p0p90,1952,0.6746
DNK,sptincj992,p0p90,1953,0.6752
DNK,sptincj992,p0p90,1954,0.6761
DNK,sptincj992,p0p90,1955,0.6744
DNK,sptincj992,p0p90,1956,0.6727000000000001
DNK,sptincj992,p0p90,1957,0.6759000000000001
DNK,sptincj992,p0p90,1958,0.6731
DNK,sptincj992,p0p90,1959,0.6714
DNK,sptincj992,p0p90,1960,0.6713
DNK,sptincj992,p0p90,1961,0.676
DNK,sptincj992,p0p90,1962,0.679
DNK,sptincj992,p0p90,1963,0.6855
DNK,sptincj992,p0p90,1964,0.6896
DNK,sptincj992,p0p90,1965,0.6919000000000001
DNK,sptincj992,p0p90,1966,0.6978000000000001
DNK,sptincj992,p0p90,1967,0.7010000000000001
DNK,sptincj992,p0p90,1968,0.7025
DNK,sptincj992,p0p90,1970,0.6963
DNK,sptincj992,p0p90,1971,0.7134
DNK,sptincj992,p0p90,1972,0.7161000000000001
DNK,sptincj992,p0p90,1973,0.7206
DNK,sptincj992,p0p90,1974,0.7241000000000001
DNK,sptincj992,p0p90,1975,0.7275
DNK,sptincj992,p0p90,1976,0.7311000000000001
DNK,sptincj992,p0p90,1977,0.7346
DNK,sptincj992,p0p90,1978,0.7381000000000001
DNK,sptincj992,p0p90,1979,0.7416
DNK,sptincj992,p0p90,1980,0.739
DNK,sptincj992,p0p90,1981,0.7409
DNK,sptincj992,p0p90,1982,0.7419
DNK,sptincj992,p0p90,1983,0.7285
DNK,sptincj992,p0p90,1984,0.7224
DNK,sptincj992,p0p90,1985,0.7165
DNK,sptincj992,p0p90,1986,0.7266
DNK,sptincj992,p0p90,1987,0.7273000000000001
DNK,sptincj992,p0p90,1988,0.7303000000000001
DNK,sptincj992,p0p90,1989,0.7268
DNK,sptincj992,p0p90,1990,0.7258
DNK,sptincj992,p0p90,1991,0.7269
DNK,sptincj992,p0p90,1992,0.7257
DNK,sptincj992,p0p90,1993,0.7258
DNK,sptincj992,p0p90,1994,0.7167
DNK,sptincj992,p0p90,1995,0.7155
DNK,sptincj992,p0p90,1996,0.7126
DNK,sptincj992,p0p90,1997,0.7016
DNK,sptincj992,p0p90,1998,0.7038
DNK,sptincj992,p0p90,1999,0.6892
DNK,sptincj992,p0p90,2000,0.6861
DNK,sptincj992,p0p90,2001,0.7032
DNK,sptincj992,p0p90,2002,0.7092
DNK,sptincj992,p0p90,2003,0.7136
DNK,sptincj992,p0p90,2004,0.7078
DNK,sptincj992,p0p90,2005,0.6919000000000001
DNK,sptincj992,p0p90,2006,0.6877
DNK,sptincj992,p0p90,2007,0.6935
DNK,sptincj992,p0p90,2008,0.6979000000000001
DNK,sptincj992,p0p90,2009,0.7086
DNK,sptincj992,p0p90,2010,0.6828000000000001
DNK,sptincj992,p0p90,2011,0.6819000000000001
DNK,sptincj992,p0p90,2012,0.681
DNK,sptincj992,p0p90,2013,0.6707000000000001
DNK,sptincj992,p0p90,2014,0.6633
DNK,sptincj992,p0p90,2015,0.6681
DNK,sptincj992,p0p90,2016,0.6651
DNK,sptincj992,p0p90,2017,0.6649
DNK,sptincj992,p0p90,2018,0.6649
DNK,sptincj992,p0p90,2019,0.6676000000000001
DNK,sptincj992,p0p90,2020,0.6676000000000001
DNK,sptincj992,p0p90,2021,0.667
DNK,sptincj992,p0p90,2022,0.6669
DNK,sptincj992,p0p90,2023,0.6662
DNK,sptincj992,p0p90,2024,0.6662
DNK,sptincj992,p0p99,1820,0.7984
DNK,sptincj992,p0p99,1850,0.7935
DNK,sptincj992,p0p99,1870,0.7906000000000001
DNK,sptincj992,p0p99,1880,0.7958000000000001
DNK,sptincj992,p0p99,1900,0.7471
DNK,sptincj992,p0p99,1903,0.755
DNK,sptincj992,p0p99,1908,0.7549
DNK,sptincj992,p0p99,1910,0.7506
DNK,sptincj992,p0p99,1915,0.7651
DNK,sptincj992,p0p99,1917,0.7615000000000001
DNK,sptincj992,p0p99,1918,0.773
DNK,sptincj992,p0p99,1919,0.7636000000000001
DNK,sptincj992,p0p99,1920,0.7869
DNK,sptincj992,p0p99,1921,0.7995
DNK,sptincj992,p0p99,1922,0.7976000000000001
DNK,sptincj992,p0p99,1923,0.8089000000000001
DNK,sptincj992,p0p99,1924,0.8122
DNK,sptincj992,p0p99,1925,0.8153
DNK,sptincj992,p0p99,1926,0.8294
DNK,sptincj992,p0p99,1927,0.8285
DNK,sptincj992,p0p99,1928,0.8299000000000001
DNK,sptincj992,p0p99,1929,0.8340000000000001
DNK,sptincj992,p0p99,1930,0.8369000000000001
DNK,sptincj992,p0p99,1931,0.8374
DNK,sptincj992,p0p99,1932,0.8394
DNK,sptincj992,p0p99,1933,0.8378
DNK,sptincj992,p0p99,1934,0.8375
DNK,sptincj992,p0p99,1935,0.8419000000000001
DNK,sptincj992,p0p99,1936,0.8397
DNK,sptincj992,p0p99,1937,0.8428
DNK,sptincj992,p0p99,1938,0.8515
DNK,sptincj992,p0p99,1939,0.8532000000000001
DNK,sptincj992,p0p99,1940,0.8521000000000001
DNK,sptincj992,p0p99,1941,0.8538
DNK,sptincj992,p0p99,1942,0.8597
DNK,sptincj992,p0p99,1943,0.8676
DNK,sptincj992,p0p99,1944,0.8737
DNK,sptincj992,p0p99,1945,0.8738
DNK,sptincj992,p0p99,1946,0.881
DNK,sptincj992,p0p99,1947,0.881
DNK,sptincj992,p0p99,1948,0.8874000000000001
DNK,sptincj992,p0p99,1949,0.8907
DNK,sptincj992,p0p99,1950,0.8929
DNK,sptincj992,p0p99,1951,0.8944000000000001
DNK,sptincj992,p0p99,1952,0.8946000000000001
DNK,sptincj992,p0p99,1953,0.8965000000000001
DNK,sptincj992,p0p99,1954,0.8988
DNK,sptincj992,p0p99,1955,0.8976000000000001
DNK,sptincj992,p0p99,1956,0.8963000000000001
DNK,sptincj992,p0p99,1957,0.9017000000000001
DNK,sptincj992,p0p99,1958,0.8991
DNK,sptincj992,p0p99,1959,0.8978
DNK,sptincj992,p0p99,1960,0.8988
DNK,sptincj992,p0p99,1961,0.9018
DNK,sptincj992,p0p99,1962,0.9026000000000001
DNK,sptincj992,p0p99,1963,0.908
DNK,sptincj992,p0p99,1964,0.9102
DNK,sptincj992,p0p99,1965,0.9101
DNK,sptincj992,p0p99,1966,0.9146000000000001
DNK,sptincj992,p0p99,1967,0.9157000000000001
DNK,sptincj992,p0p99,1968,0.9145000000000001
DNK,sptincj992,p0p99,1970,0.9123
DNK,sptincj992,p0p99,1971,0.9193
DNK,sptincj992,p0p99,1972,0.9197000000000001
DNK,sptincj992,p0p99,1973,0.9224
DNK,sptincj992,p0p99,1974,0.9239
DNK,sptincj992,p0p99,1975,0.9252
DNK,sptincj992,p0p99,1976,0.9268000000000001
DNK,sptincj992,p0p99,1977,0.9283
DNK,sptincj992,p0p99,1978,0.9297000000000001
DNK,sptincj992,p0p99,1979,0.9312
DNK,sptincj992,p0p99,1980,0.931
DNK,sptincj992,p0p99,1981,0.9326000000000001
DNK,sptincj992,p0p99,1982,0.9306000000000001
DNK,sptincj992,p0p99,1983,0.9166000000000001
DNK,sptincj992,p0p99,1984,0.909
DNK,sptincj992,p0p99,1985,0.9034000000000001
DNK,sptincj992,p0p99,1986,0.9131
DNK,sptincj992,p0p99,1987,0.9147000000000001
DNK,sptincj992,p0p99,1988,0.9195000000000001
DNK,sptincj992,p0p99,1989,0.9163
DNK,sptincj992,p0p99,1990,0.9161
DNK,sptincj992,p0p99,1991,0.9165000000000001
DNK,sptincj992,p0p99,1992,0.9157000000000001
DNK,sptincj992,p0p99,1993,0.9157000000000001
DNK,sptincj992,p0p99,1994,0.9062
DNK,sptincj992,p0p99,1995,0.9048
DNK,sptincj992,p0p99,1996,0.9021
DNK,sptincj992,p0p99,1997,0.8934000000000001
DNK,sptincj992,p0p99,1998,0.8953000000000001
DNK,sptincj992,p0p99,1999,0.884
DNK,sptincj992,p0p99,2000,0.8815000000000001
DNK,sptincj992,p0p99,2001,0.8969
DNK,sptincj992,p0p99,2002,0.9023
DNK,sptincj992,p0p99,2003,0.9058
DNK,sptincj992,p0p99,2004,0.9004000000000001
DNK,sptincj992,p0p99,2005,0.8879
DNK,sptincj992,p0p99,2006,0.8831
DNK,sptincj992,p0p99,2007,0.8885000000000001
DNK,sptincj992,p0p99,2008,0.8942
DNK,sptincj992,p0p99,2009,0.9031
DNK,sptincj992,p0p99,2010,0.8836
DNK,sptincj992,p0p99,2011,0.8831
DNK,sptincj992,p0p99,2012,0.8804000000000001
DNK,sptincj992,p0p99,2013,0.8757
DNK,sptincj992,p0p99,2014,0.8686
DNK,sptincj992,p0p99,2015,0.8705
DNK,sptincj992,p0p99,2016,0.8699
DNK,sptincj992,p0p99,2017,0.8725
DNK,sptincj992,p0p99,2018,0.8735
DNK,sptincj992,p0p99,2019,0.8758
DNK,sptincj992,p0p99,2020,0.8758
DNK,sptincj992,p0p99,2021,0.8743000000000001
DNK,sptincj992,p0p99,2022,0.8741
DNK,sptincj992,p0p99,2023,0.8758
DNK,sptincj992,p0p99,2024,0.8758
DNK,sptincj992,p50p90,1820,0.341
DNK,sptincj992,p50p90,1850,0.3367
DNK,sptincj992,p50p90,1870,0.3334
DNK,sptincj992,p50p90,1880,0.3346
DNK,sptincj992,p50p90,1900,0.3152
DNK,sptincj992,p50p90,1903,0.3203
DNK,sptincj992,p50p90,1908,0.3233
DNK,sptincj992,p50p90,1910,0.3227
DNK,sptincj992,p50p90,1915,0.3387
DNK,sptincj992,p50p90,1917,0.3409
DNK,sptincj992,p50p90,1918,0.3479
DNK,sptincj992,p50p90,1919,0.3456
DNK,sptincj992,p50p90,1920,0.358
DNK,sptincj992,p50p90,1921,0.3664
DNK,sptincj992,p50p90,1922,0.3681
DNK,sptincj992,p50p90,1923,0.376
DNK,sptincj992,p50p90,1924,0.3801
DNK,sptincj992,p50p90,1925,0.3841
DNK,sptincj992,p50p90,1926,0.3933
DNK,sptincj992,p50p90,1927,0.3954
DNK,sptincj992,p50p90,1928,0.3986
DNK,sptincj992,p50p90,1929,0.4031
DNK,sptincj992,p50p90,1930,0.4069
DNK,sptincj992,p50p90,1931,0.4056
DNK,sptincj992,p50p90,1932,0.405
DNK,sptincj992,p50p90,1933,0.4026
DNK,sptincj992,p50p90,1934,0.4009
DNK,sptincj992,p50p90,1935,0.4015
DNK,sptincj992,p50p90,1936,0.3988
DNK,sptincj992,p50p90,1937,0.3988
DNK,sptincj992,p50p90,1938,0.4013
DNK,sptincj992,p50p90,1939,0.4005
DNK,sptincj992,p50p90,1940,0.3984
DNK,sptincj992,p50p90,1941,0.4021
DNK,sptincj992,p50p90,1942,0.4078
DNK,sptincj992,p50p90,1943,0.4145
DNK,sptincj992,p50p90,1944,0.4203
DNK,sptincj992,p50p90,1945,0.4232
DNK,sptincj992,p50p90,1946,0.4295
DNK,sptincj992,p50p90,1947,0.4324
DNK,sptincj992,p50p90,1948,0.4384
DNK,sptincj992,p50p90,1949,0.4428
DNK,sptincj992,p50p90,1950,0.4467
DNK,sptincj992,p50p90,1951,0.4469
DNK,sptincj992,p50p90,1952,0.4464
DNK,sptincj992,p50p90,1953,0.4468
DNK,sptincj992,p50p90,1954,0.4473
DNK,sptincj992,p50p90,1955,0.4462
DNK,sptincj992,p50p90,1956,0.445
DNK,sptincj992,p50p90,1957,0.4471
DNK,sptincj992,p50p90,1958,0.4452
DNK,sptincj992,p50p90,1959,0.444
DNK,sptincj992,p50p90,1960,0.4439
DNK,sptincj992,p50p90,1961,0.4462
DNK,sptincj992,p50p90,1962,0.4474
DNK,sptincj992,p50p90,1963,0.4508
DNK,sptincj992,p50p90,1964,0.4527
DNK,sptincj992,p50p90,1965,0.4535
DNK,sptincj992,p50p90,1966,0.4565
DNK,sptincj992,p50p90,1967,0.4578
DNK,sptincj992,p50p90,1968,0.458
DNK,sptincj992,p50p90,1970,0.4607
DNK,sptincj992,p50p90,1971,0.4628
DNK,sptincj992,p50p90,1972,0.4637
DNK,sptincj992,p50p90,1973,0.4659
DNK,sptincj992,p50p90,1974,0.4674
DNK,sptincj992,p50p90,1975,0.4688000000000001
DNK,sptincj992,p50p90,1976,0.4705
DNK,sptincj992,p50p90,1977,0.472
DNK,sptincj992,p50p90,1978,0.4735
DNK,sptincj992,p50p90,1979,0.475
DNK,sptincj992,p50p90,1980,0.488
DNK,sptincj992,p50p90,1981,0.4945000000000001
DNK,sptincj992,p50p90,1982,0.4947
DNK,sptincj992,p50p90,1983,0.4824
DNK,sptincj992,p50p90,1984,0.4759
DNK,sptincj992,p50p90,1985,0.4731
DNK,sptincj992,p50p90,1986,0.4768
DNK,sptincj992,p50p90,1987,0.4789
DNK,sptincj992,p50p90,1988,0.4808
DNK,sptincj992,p50p90,1989,0.4784
DNK,sptincj992,p50p90,1990,0.4781
DNK,sptincj992,p50p90,1991,0.4773
DNK,sptincj992,p50p90,1992,0.4776
DNK,sptincj992,p50p90,1993,0.4767
DNK,sptincj992,p50p90,1994,0.4693
DNK,sptincj992,p50p90,1995,0.4673
DNK,sptincj992,p50p90,1996,0.4651
DNK,sptincj992,p50p90,1997,0.4591
DNK,sptincj992,p50p90,1998,0.4606
DNK,sptincj992,p50p90,1999,0.4517
DNK,sptincj992,p50p90,2000,0.4509
DNK,sptincj992,p50p90,2001,0.4612
DNK,sptincj992,p50p90,2002,0.4655
DNK,sptincj992,p50p90,2003,0.4618
DNK,sptincj992,p50p90,2004,0.4618
DNK,sptincj992,p50p90,2005,0.4513
DNK,sptincj992,p50p90,2006,0.449
DNK,sptincj992,p50p90,2007,0.4517
DNK,sptincj992,p50p90,2008,0.4614
DNK,sptincj992,p50p90,2009,0.468
DNK,sptincj992,p50p90,2010,0.453
DNK,sptincj992,p50p90,2011,0.454
DNK,sptincj992,p50p90,2012,0.4539
DNK,sptincj992,p50p90,2013,0.4494
DNK,sptincj992,p50p90,2014,0.4443
DNK,sptincj992,p50p90,2015,0.4485
DNK,sptincj992,p50p90,2016,0.447
DNK,sptincj992,p50p90,2017,0.4483
DNK,sptincj992,p50p90,2018,0.4498
DNK,sptincj992,p50p90,2019,0.4515
DNK,sptincj992,p50p90,2020,0.4515
DNK,sptincj992,p50p90,2021,0.4514
DNK,sptincj992,p50p90,2022,0.4513
DNK,sptincj992,p50p90,2023,0.4497
DNK,sptincj992,p50p90,2024,0.4497
DNK,sptincj992,p90p100,1820,0.4842
DNK,sptincj992,p90p100,1850,0.4908
DNK,sptincj992,p90p100,1870,0.4958
DNK,sptincj992,p90p100,1880,0.4940000000000001
DNK,sptincj992,p90p100,1900,0.5228
DNK,sptincj992,p90p100,1903,0.5147
DNK,sptincj992,p90p100,1908,0.5095000000000001
DNK,sptincj992,p90p100,1910,0.5103
DNK,sptincj992,p90p100,1915,0.4859
DNK,sptincj992,p90p100,1917,0.4826
DNK,sptincj992,p90p100,1918,0.4719
DNK,sptincj992,p90p100,1919,0.4755
DNK,sptincj992,p90p100,1920,0.4566
DNK,sptincj992,p90p100,1921,0.4441
DNK,sptincj992,p90p100,1922,0.4417
DNK,sptincj992,p90p100,1923,0.43
DNK,sptincj992,p90p100,1924,0.4239
DNK,sptincj992,p90p100,1925,0.4181
DNK,sptincj992,p90p100,1926,0.4043
DNK,sptincj992,p90p100,1927,0.4013
DNK,sptincj992,p90p100,1928,0.3966
DNK,sptincj992,p90p100,1929,0.3901
DNK,sptincj992,p90p100,1930,0.3844
DNK,sptincj992,p90p100,1931,0.3864
DNK,sptincj992,p90p100,1932,0.3873
DNK,sptincj992,p90p100,1933,0.3909
DNK,sptincj992,p90p100,1934,0.3934
DNK,sptincj992,p90p100,1935,0.3926
DNK,sptincj992,p90p100,1936,0.3965
DNK,sptincj992,p90p100,1937,0.3966
DNK,sptincj992,p90p100,1938,0.3928
DNK,sptincj992,p90p100,1939,0.3939
DNK,sptincj992,p90p100,1940,0.397
DNK,sptincj992,p90p100,1941,0.3915
DNK,sptincj992,p90p100,1942,0.3831
DNK,sptincj992,p90p100,1943,0.3731
DNK,sptincj992,p90p100,1944,0.3644
DNK,sptincj992,p90p100,1945,0.3602
DNK,sptincj992,p90p100,1946,0.3506
DNK,sptincj992,p90p100,1947,0.3464
DNK,sptincj992,p90p100,1948,0.3375
DNK,sptincj992,p90p100,1949,0.3309
DNK,sptincj992,p90p100,1950,0.3252
DNK,sptincj992,p90p100,1951,0.3248
DNK,sptincj992,p90p100,1952,0.3254
DNK,sptincj992,p90p100,1953,0.3248
DNK,sptincj992,p90p100,1954,0.3239
DNK,sptincj992,p90p100,1955,0.3256
DNK,sptincj992,p90p100,1956,0.3273
DNK,sptincj992,p90p100,1957,0.3241
DNK,sptincj992,p90p100,1958,0.3269
DNK,sptincj992,p90p100,1959,0.3286
DNK,sptincj992,p90p100,1960,0.3287
DNK,sptincj992,p90p100,1961,0.324
DNK,sptincj992,p90p100,1962,0.321
DNK,sptincj992,p90p100,1963,0.3145
DNK,sptincj992,p90p100,1964,0.3104
DNK,sptincj992,p90p100,1965,0.3081
DNK,sptincj992,p90p100,1966,0.3022
DNK,sptincj992,p90p100,1967,0.299
DNK,sptincj992,p90p100,1968,0.2975
DNK,sptincj992,p90p100,1970,0.3037
DNK,sptincj992,p90p100,1971,0.2866
DNK,sptincj992,p90p100,1972,0.2839
DNK,sptincj992,p90p100,1973,0.2794
DNK,sptincj992,p90p100,1974,0.2759
DNK,sptincj992,p90p100,1975,0.2725
DNK,sptincj992,p90p100,1976,0.2689
DNK,sptincj992,p90p100,1977,0.2654
DNK,sptincj992,p90p100,1978,0.2619
DNK,sptincj992,p90p100,1979,0.2584
DNK,sptincj992,p90p100,1980,0.261
DNK,sptincj992,p90p100,1981,0.2591
DNK,sptincj992,p90p100,1982,0.2581
DNK,sptincj992,p90p100,1983,0.2715
DNK,sptincj992,p90p100,1984,0.2776
DNK,sptincj992,p90p100,1985,0.2835
DNK,sptincj992,p90p100,1986,0.2734
DNK,sptincj992,p90p100,1987,0.2727
DNK,sptincj992,p90p100,1988,0.2697
DNK,sptincj992,p90p100,1989,0.2732
DNK,sptincj992,p90p100,1990,0.2742
DNK,sptincj992,p90p100,1991,0.2731
DNK,sptincj992,p90p100,1992,0.2743
DNK,sptincj992,p90p100,1993,0.2742
DNK,sptincj992,p90p100,1994,0.2833
DNK,sptincj992,p90p100,1995,0.2845
DNK,sptincj992,p90p100,1996,0.2874
DNK,sptincj992,p90p100,1997,0.2984
DNK,sptincj992,p90p100,1998,0.2962
DNK,sptincj992,p90p100,1999,0.3108
DNK,sptincj992,p90p100,2000,0.3139
DNK,sptincj992,p90p100,2001,0.2968
DNK,sptincj992,p90p100,2002,0.2908
DNK,sptincj992,p90p100,2003,0.2864
DNK,sptincj992,p90p100,2004,0.2922
DNK,sptincj992,p90p100,2005,0.3081
DNK,sptincj992,p90p100,2006,0.3123
DNK,sptincj992,p90p100,2007,0.3065
DNK,sptincj992,p90p100,2008,0.3021
DNK,sptincj992,p90p100,2009,0.2914
DNK,sptincj992,p90p100,2010,0.3172
DNK,sptincj992,p90p100,2011,0.3181
DNK,sptincj992,p90p100,2012,0.319
DNK,sptincj992,p90p100,2013,0.3293
DNK,sptincj992,p90p100,2014,0.3367
DNK,sptincj992,p90p100,2015,0.3319
DNK,sptincj992,p90p100,2016,0.3349
DNK,sptincj992,p90p100,2017,0.3351
DNK,sptincj992,p90p100,2018,0.3351
DNK,sptincj992,p90p100,2019,0.3324
DNK,sptincj992,p90p100,2020,0.3324
DNK,sptincj992,p90p100,2021,0.333
DNK,sptincj992,p90p100,2022,0.3331
DNK,sptincj992,p90p100,2023,0.3338
DNK,sptincj992,p90p100,2024,0.3338
DNK,sptincj992,p99p100,1820,0.2016
DNK,sptincj992,p99p100,1850,0.2065
DNK,sptincj992,p99p100,1870,0.2094
DNK,sptincj992,p99p100,1880,0.2042
DNK,sptincj992,p99p100,1900,0.2529
DNK,sptincj992,p99p100,1903,0.245
DNK,sptincj992,p99p100,1908,0.2451
DNK,sptincj992,p99p100,1910,0.2494
DNK,sptincj992,p99p100,1915,0.2349
DNK,sptincj992,p99p100,1917,0.2385
DNK,sptincj992,p99p100,1918,0.227
DNK,sptincj992,p99p100,1919,0.2364
DNK,sptincj992,p99p100,1920,0.2131
DNK,sptincj992,p99p100,1921,0.2005
DNK,sptincj992,p99p100,1922,0.2024
DNK,sptincj992,p99p100,1923,0.1911
DNK,sptincj992,p99p100,1924,0.1878
DNK,sptincj992,p99p100,1925,0.1847
DNK,sptincj992,p99p100,1926,0.1706
DNK,sptincj992,p99p100,1927,0.1715
DNK,sptincj992,p99p100,1928,0.1701
DNK,sptincj992,p99p100,1929,0.166
DNK,sptincj992,p99p100,1930,0.1631
DNK,sptincj992,p99p100,1931,0.1626
DNK,sptincj992,p99p100,1932,0.1606
DNK,sptincj992,p99p100,1933,0.1622
DNK,sptincj992,p99p100,1934,0.1625
DNK,sptincj992,p99p100,1935,0.1581
DNK,sptincj992,p99p100,1936,0.1603
DNK,sptincj992,p99p100,1937,0.1572
DNK,sptincj992,p99p100,1938,0.1485
DNK,sptincj992,p99p100,1939,0.1468
DNK,sptincj992,p99p100,1940,0.1479
DNK,sptincj992,p99p100,1941,0.1462
DNK,sptincj992,p99p100,1942,0.1403
DNK,sptincj992,p99p100,1943,0.1324
DNK,sptincj992,p99p100,1944,0.1263
DNK,sptincj992,p99p100,1945,0.1262
DNK,sptincj992,p99p100,1946,0.119
DNK,sptincj992,p99p100,1947,0.119
DNK,sptincj992,p99p100,1948,0.1126
DNK,sptincj992,p99p100,1949,0.1093
DNK,sptincj992,p99p100,1950,0.1071
DNK,sptincj992,p99p100,1951,0.1056
DNK,sptincj992,p99p100,1952,0.1054
DNK,sptincj992,p99p100,1953,0.1035
DNK,sptincj992,p99p100,1954,0.1012
DNK,sptincj992,p99p100,1955,0.1024
DNK,sptincj992,p99p100,1956,0.1037
DNK,sptincj992,p99p100,1957,0.0983
DNK,sptincj992,p99p100,1958,0.1009
DNK,sptincj992,p99p100,1959,0.1022
DNK,sptincj992,p99p100,1960,0.1012
DNK,sptincj992,p99p100,1961,0.0982
DNK,sptincj992,p99p100,1962,0.0974
DNK,sptincj992,p99p100,1963,0.092
DNK,sptincj992,p99p100,1964,0.0898
DNK,sptincj992,p99p100,1965,0.0899
DNK,sptincj992,p99p100,1966,0.0854
DNK,sptincj992,p99p100,1967,0.0843
DNK,sptincj992,p99p100,1968,0.0855
DNK,sptincj992,p99p100,1970,0.0877
DNK,sptincj992,p99p100,1971,0.0807
DNK,sptincj992,p99p100,1972,0.0803
DNK,sptincj992,p99p100,1973,0.0776
DNK,sptincj992,p99p100,1974,0.0761
DNK,sptincj992,p99p100,1975,0.0748
DNK,sptincj992,p99p100,1976,0.0732
DNK,sptincj992,p99p100,1977,0.0717
DNK,sptincj992,p99p100,1978,0.0703
DNK,sptincj992,p99p100,1979,0.0688
DNK,sptincj992,p99p100,1980,0.069
DNK,sptincj992,p99p100,1981,0.0674
DNK,sptincj992,p99p100,1982,0.0694
DNK,sptincj992,p99p100,1983,0.0834
DNK,sptincj992,p99p100,1984,0.091
DNK,sptincj992,p99p100,1985,0.0966
DNK,sptincj992,p99p100,1986,0.0869
DNK,sptincj992,p99p100,1987,0.0853
DNK,sptincj992,p99p100,1988,0.0805
DNK,sptincj992,p99p100,1989,0.0837
DNK,sptincj992,p99p100,1990,0.0839
DNK,sptincj992,p99p100,1991,0.0835
DNK,sptincj992,p99p100,1992,0.0843
DNK,sptincj992,p99p100,1993,0.0843
DNK,sptincj992,p99p100,1994,0.0938
DNK,sptincj992,p99p100,1995,0.0952
DNK,sptincj992,p99p100,1996,0.0979
DNK,sptincj992,p99p100,1997,0.1066
DNK,sptincj992,p99p100,1998,0.1047
DNK,sptincj992,p99p100,1999,0.116
DNK,sptincj992,p99p100,2000,0.1185
DNK,sptincj992,p99p100,2001,0.1031
DNK,sptincj992,p99p100,2002,0.0977
DNK,sptincj992,p99p100,2003,0.0942
DNK,sptincj992,p99p100,2004,0.0996
DNK,sptincj992,p99p100,2005,0.1121
DNK,sptincj992,p99p100,2006,0.1169
DNK,sptincj992,p99p100,2007,0.1115
DNK,sptincj992,p99p100,2008,0.1058
DNK,sptincj992,p99p100,2009,0.0969
DNK,sptincj992,p99p100,2010,0.1164
DNK,sptincj992,p99p100,2011,0.1169
DNK,sptincj992,p99p100,2012,0.1196
DNK,sptincj992,p99p100,2013,0.1243
DNK,sptincj992,p99p100,2014,0.1314
DNK,sptincj992,p99p100,2015,0.1295
DNK,sptincj992,p99p100,2016,0.1301
DNK,sptincj992,p99p100,2017,0.1275
DNK,sptincj992,p99p100,2018,0.1265
DNK,sptincj992,p99p100,2019,0.1242
DNK,sptincj992,p99p100,2020,0.1242
DNK,sptincj992,p99p100,2021,0.1257
DNK,sptincj992,p99p100,2022,0.1259
DNK,sptincj992,p99p100,2023,0.1242
DNK,sptincj992,p99p100,2024,0.1242
EST,spllinf992,p0p100,1990,0.40740001
EST,spllinf992,p0p100,1991,0.40740001
EST,spllinf992,p0p100,1992,0.40889999
EST,spllinf992,p0p100,1993,0.4136
EST,spllinf992,p0p100,1994,0.41260001
EST,spllinf992,p0p100,1995,0.41729999
EST,spllinf992,p0p100,1996,0.42050001
EST,spllinf992,p0p100,1997,0.42399999
EST,spllinf992,p0p100,1998,0.4183
EST,spllinf992,p0p100,1999,0.4219
EST,spllinf992,p0p100,2000,0.4267
EST,spllinf992,p0p100,2001,0.4183
EST,spllinf992,p0p100,2002,0.42390001
EST,spllinf992,p0p100,2003,0.41850001
EST,spllinf992,p0p100,2004,0.4102
EST,spllinf992,p0p100,2005,0.40979999
EST,spllinf992,p0p100,2006,0.3899
EST,spllinf992,p0p100,2007,0.40490001
EST,spllinf992,p0p100,2008,0.4165
EST,spllinf992,p0p100,2009,0.435
EST,spllinf992,p0p100,2010,0.43189999
EST,spllinf992,p0p100,2011,0.41749999
EST,spllinf992,p0p100,2012,0.4086
EST,spllinf992,p0p100,2013,0.41859999
EST,spllinf992,p0p100,2014,0.43130001
EST,spllinf992,p0p100,2015,0.4208
EST,spllinf992,p0p100,2016,0.4357
EST,spllinf992,p0p100,2017,0.43470001
EST,spllinf992,p0p100,2018,0.44800001
EST,spllinf992,p0p100,2019,0.44549999
EST,spllinf992,p0p100,2020,0.4436
EST,spllinf992,p0p100,2021,0.44819999
EST,spllinf992,p0p100,2022,0.4447
EST,spllinf992,p0p100,2023,0.45609999
EST,spllinf992,p0p100,2024,0.45919999
EST,sptincj992,p0p100,1980,1
EST,sptincj992,p0p100,1981,1
EST,sptincj992,p0p100,1982,1
EST,sptincj992,p0p100,1983,1
EST,sptincj992,p0p100,1984,1
EST,sptincj992,p0p100,1985,1
EST,sptincj992,p0p100,1986,1
EST,sptincj992,p0p100,1987,1
EST,sptincj992,p0p100,1988,1
EST,sptincj992,p0p100,1989,1
EST,sptincj992,p0p100,1990,1
EST,sptincj992,p0p100,1991,1
EST,sptincj992,p0p100,1992,1
EST,sptincj992,p0p100,1993,1
EST,sptincj992,p0p100,1994,1
EST,sptincj992,p0p100,1995,1
EST,sptincj992,p0p100,1996,1
EST,sptincj992,p0p100,1997,1
EST,sptincj992,p0p100,1998,1
EST,sptincj992,p0p100,1999,1
EST,sptincj992,p0p100,2000,1
EST,sptincj992,p0p100,2001,1
EST,sptincj992,p0p100,2002,1
EST,sptincj992,p0p100,2003,1
EST,sptincj992,p0p100,2004,1
EST,sptincj992,p0p100,2005,1
EST,sptincj992,p0p100,2006,1
EST,sptincj992,p0p100,2007,1
EST,sptincj992,p0p100,2008,1
EST,sptincj992,p0p100,2009,1
EST,sptincj992,p0p100,2010,1
EST,sptincj992,p0p100,2011,1
EST,sptincj992,p0p100,2012,1
EST,sptincj992,p0p100,2013,1
EST,sptincj992,p0p100,2014,1
EST,sptincj992,p0p100,2015,1
EST,sptincj992,p0p100,2016,1
EST,sptincj992,p0p100,2017,1
EST,sptincj992,p0p100,2018,1
EST,sptincj992,p0p100,2019,1
EST,sptincj992,p0p100,2020,1
EST,sptincj992,p0p100,2021,1
EST,sptincj992,p0p100,2022,1
EST,sptincj992,p0p100,2023,1
EST,sptincj992,p0p100,2024,1
EST,sptincj992,p0p50,1980,0.2458
EST,sptincj992,p0p50,1981,0.2458
EST,sptincj992,p0p50,1982,0.2457
EST,sptincj992,p0p50,1983,0.2457
EST,sptincj992,p0p50,1984,0.2457
EST,sptincj992,p0p50,1985,0.2454
EST,sptincj992,p0p50,1986,0.2454
EST,sptincj992,p0p50,1987,0.2453
EST,sptincj992,p0p50,1988,0.2454
EST,sptincj992,p0p50,1989,0.2183
EST,sptincj992,p0p50,1990,0.1917
EST,sptincj992,p0p50,1991,0.1733
EST,sptincj992,p0p50,1992,0.1684
EST,sptincj992,p0p50,1993,0.1519
EST,sptincj992,p0p50,1994,0.1474
EST,sptincj992,p0p50,1995,0.148
EST,sptincj992,p0p50,1996,0.1505
EST,sptincj992,p0p50,1997,0.1522
EST,sptincj992,p0p50,1998,0.1589
EST,sptincj992,p0p50,1999,0.1592
EST,sptincj992,p0p50,2000,0.1519
EST,sptincj992,p0p50,2001,0.1554
EST,sptincj992,p0p50,2002,0.1491
EST,sptincj992,p0p50,2003,0.1393
EST,sptincj992,p0p50,2004,0.1513
EST,sptincj992,p0p50,2005,0.1477
EST,sptincj992,p0p50,2006,0.158
EST,sptincj992,p0p50,2007,0.1651
EST,sptincj992,p0p50,2008,0.1764
EST,sptincj992,p0p50,2009,0.1899
EST,sptincj992,p0p50,2010,0.1805
EST,sptincj992,p0p50,2011,0.1738
EST,sptincj992,p0p50,2012,0.1682
EST,sptincj992,p0p50,2013,0.1585
EST,sptincj992,p0p50,2014,0.1615
EST,sptincj992,p0p50,2015,0.1726
EST,sptincj992,p0p50,2016,0.1779
EST,sptincj992,p0p50,2017,0.18
EST,sptincj992,p0p50,2018,0.1812
EST,sptincj992,p0p50,2019,0.1662
EST,sptincj992,p0p50,2020,0.1662
EST,sptincj992,p0p50,2021,0.1624
EST,sptincj992,p0p50,2022,0.1584
EST,sptincj992,p0p50,2023,0.1628
EST,sptincj992,p0p50,2024,0.1628
EST,sptincj992,p0p90,1980,0.7629
EST,sptincj992,p0p90,1981,0.7629
EST,sptincj992,p0p90,1982,0.7629
EST,sptincj992,p0p90,1983,0.7629
EST,sptincj992,p0p90,1984,0.7629
EST,sptincj992,p0p90,1985,0.7628
EST,sptincj992,p0p90,1986,0.7628
EST,sptincj992,p0p90,1987,0.7628
EST,sptincj992,p0p90,1988,0.7628
EST,sptincj992,p0p90,1989,0.7234
EST,sptincj992,p0p90,1990,0.6753
EST,sptincj992,p0p90,1991,0.636
EST,sptincj992,p0p90,1992,0.6329
EST,sptincj992,p0p90,1993,0.5940000000000001
EST,sptincj992,p0p90,1994,0.5785
EST,sptincj992,p0p90,1995,0.5790000000000001
EST,sptincj992,p0p90,1996,0.5586
EST,sptincj992,p0p90,1997,0.5611
EST,sptincj992,p0p90,1998,0.5772
EST,sptincj992,p0p90,1999,0.5813
EST,sptincj992,p0p90,2000,0.5785
EST,sptincj992,p0p90,2001,0.5886
EST,sptincj992,p0p90,2002,0.5707
EST,sptincj992,p0p90,2003,0.5723
EST,sptincj992,p0p90,2004,0.5905
EST,sptincj992,p0p90,2005,0.5528000000000001
EST,sptincj992,p0p90,2006,0.5915
EST,sptincj992,p0p90,2007,0.6053000000000001
EST,sptincj992,p0p90,2008,0.6245
EST,sptincj992,p0p90,2009,0.6558
EST,sptincj992,p0p90,2010,0.6404000000000001
EST,sptincj992,p0p90,2011,0.6272
EST,sptincj992,p0p90,2012,0.6077
EST,sptincj992,p0p90,2013,0.6111
EST,sptincj992,p0p90,2014,0.6151
EST,sptincj992,p0p90,2015,0.6412
EST,sptincj992,p0p90,2016,0.6459
EST,sptincj992,p0p90,2017,0.6461
EST,sptincj992,p0p90,2018,0.6445000000000001
EST,sptincj992,p0p90,2019,0.5924
EST,sptincj992,p0p90,2020,0.5924
EST,sptincj992,p0p90,2021,0.5852
EST,sptincj992,p0p90,2022,0.5772
EST,sptincj992,p0p90,2023,0.5862
EST,sptincj992,p0p90,2024,0.5862
EST,sptincj992,p0p99,1980,0.9532
EST,sptincj992,p0p99,1981,0.9532
EST,sptincj992,p0p99,1982,0.9532
EST,sptincj992,p0p99,1983,0.9532
EST,sptincj992,p0p99,1984,0.9532
EST,sptincj992,p0p99,1985,0.9532
EST,sptincj992,p0p99,1986,0.9532
EST,sptincj992,p0p99,1987,0.9531000000000001
EST,sptincj992,p0p99,1988,0.9532
EST,sptincj992,p0p99,1989,0.9297000000000001
EST,sptincj992,p0p99,1990,0.9045000000000001
EST,sptincj992,p0p99,1991,0.885
EST,sptincj992,p0p99,1992,0.8873000000000001
EST,sptincj992,p0p99,1993,0.8553000000000001
EST,sptincj992,p0p99,1994,0.8439000000000001
EST,sptincj992,p0p99,1995,0.8416
EST,sptincj992,p0p99,1996,0.8181
EST,sptincj992,p0p99,1997,0.8264
EST,sptincj992,p0p99,1998,0.8452000000000001
EST,sptincj992,p0p99,1999,0.8405
EST,sptincj992,p0p99,2000,0.8486
EST,sptincj992,p0p99,2001,0.8540000000000001
EST,sptincj992,p0p99,2002,0.8363
EST,sptincj992,p0p99,2003,0.8393
EST,sptincj992,p0p99,2004,0.8461000000000001
EST,sptincj992,p0p99,2005,0.8075
EST,sptincj992,p0p99,2006,0.8448
EST,sptincj992,p0p99,2007,0.8444
EST,sptincj992,p0p99,2008,0.8693000000000001
EST,sptincj992,p0p99,2009,0.9047000000000001
EST,sptincj992,p0p99,2010,0.8899
EST,sptincj992,p0p99,2011,0.8728
EST,sptincj992,p0p99,2012,0.8580000000000001
EST,sptincj992,p0p99,2013,0.8708
EST,sptincj992,p0p99,2014,0.869
EST,sptincj992,p0p99,2015,0.8877
EST,sptincj992,p0p99,2016,0.8864000000000001
EST,sptincj992,p0p99,2017,0.8747
EST,sptincj992,p0p99,2018,0.8704000000000001
EST,sptincj992,p0p99,2019,0.8308000000000001
EST,sptincj992,p0p99,2020,0.8308000000000001
EST,sptincj992,p0p99,2021,0.8291000000000001
EST,sptincj992,p0p99,2022,0.8269000000000001
EST,sptincj992,p0p99,2023,0.8293
EST,sptincj992,p0p99,2024,0.8293
EST,sptincj992,p50p90,1980,0.5172
EST,sptincj992,p50p90,1981,0.5172
EST,sptincj992,p50p90,1982,0.5172
EST,sptincj992,p50p90,1983,0.5172
EST,sptincj992,p50p90,1984,0.5173
EST,sptincj992,p50p90,1985,0.5174
EST,sptincj992,p50p90,1986,0.5174
EST,sptincj992,p50p90,1987,0.5175000000000001
EST,sptincj992,p50p90,1988,0.5174
EST,sptincj992,p50p90,1989,0.5051
EST,sptincj992,p50p90,1990,0.4836
EST,sptincj992,p50p90,1991,0.4627
EST,sptincj992,p50p90,1992,0.4646
EST,sptincj992,p50p90,1993,0.4421
EST,sptincj992,p50p90,1994,0.4312
EST,sptincj992,p50p90,1995,0.431
EST,sptincj992,p50p90,1996,0.4081
EST,sptincj992,p50p90,1997,0.4089
EST,sptincj992,p50p90,1998,0.4183
EST,sptincj992,p50p90,1999,0.4221
EST,sptincj992,p50p90,2000,0.4266
EST,sptincj992,p50p90,2001,0.4332
EST,sptincj992,p50p90,2002,0.4215
EST,sptincj992,p50p90,2003,0.433
EST,sptincj992,p50p90,2004,0.4392
EST,sptincj992,p50p90,2005,0.4051
EST,sptincj992,p50p90,2006,0.4334
EST,sptincj992,p50p90,2007,0.4402
EST,sptincj992,p50p90,2008,0.4481
EST,sptincj992,p50p90,2009,0.4659
EST,sptincj992,p50p90,2010,0.4599
EST,sptincj992,p50p90,2011,0.4534
EST,sptincj992,p50p90,2012,0.4394
EST,sptincj992,p50p90,2013,0.4526
EST,sptincj992,p50p90,2014,0.4536
EST,sptincj992,p50p90,2015,0.4686
EST,sptincj992,p50p90,2016,0.468
EST,sptincj992,p50p90,2017,0.4661
EST,sptincj992,p50p90,2018,0.4633
EST,sptincj992,p50p90,2019,0.4262
EST,sptincj992,p50p90,2020,0.4262
EST,sptincj992,p50p90,2021,0.4228
EST,sptincj992,p50p90,2022,0.4187
EST,sptincj992,p50p90,2023,0.4234
EST,sptincj992,p50p90,2024,0.4234
EST,sptincj992,p90p100,1980,0.2371
EST,sptincj992,p90p100,1981,0.2371
EST,sptincj992,p90p100,1982,0.2371
EST,sptincj992,p90p100,1983,0.2371
EST,sptincj992,p90p100,1984,0.2371
EST,sptincj992,p90p100,1985,0.2372
EST,sptincj992,p90p100,1986,0.2372
EST,sptincj992,p90p100,1987,0.2372
EST,sptincj992,p90p100,1988,0.2372
EST,sptincj992,p90p100,1989,0.2766
EST,sptincj992,p90p100,1990,0.3247
EST,sptincj992,p90p100,1991,0.364
EST,sptincj992,p90p100,1992,0.3671
EST,sptincj992,p90p100,1993,0.406
EST,sptincj992,p90p100,1994,0.4215
EST,sptincj992,p90p100,1995,0.421
EST,sptincj992,p90p100,1996,0.4414
EST,sptincj992,p90p100,1997,0.4389
EST,sptincj992,p90p100,1998,0.4228
EST,sptincj992,p90p100,1999,0.4187
EST,sptincj992,p90p100,2000,0.4215
EST,sptincj992,p90p100,2001,0.4114
EST,sptincj992,p90p100,2002,0.4293
EST,sptincj992,p90p100,2003,0.4277
EST,sptincj992,p90p100,2004,0.4095
EST,sptincj992,p90p100,2005,0.4472
EST,sptincj992,p90p100,2006,0.4085
EST,sptincj992,p90p100,2007,0.3947
EST,sptincj992,p90p100,2008,0.3755
EST,sptincj992,p90p100,2009,0.3442
EST,sptincj992,p90p100,2010,0.3596
EST,sptincj992,p90p100,2011,0.3728
EST,sptincj992,p90p100,2012,0.3923
EST,sptincj992,p90p100,2013,0.3889
EST,sptincj992,p90p100,2014,0.3849
EST,sptincj992,p90p100,2015,0.3588
EST,sptincj992,p90p100,2016,0.3541
EST,sptincj992,p90p100,2017,0.3539
EST,sptincj992,p90p100,2018,0.3555
EST,sptincj992,p90p100,2019,0.4076
EST,sptincj992,p90p100,2020,0.4076
EST,sptincj992,p90p100,2021,0.4148
EST,sptincj992,p90p100,2022,0.4228
EST,sptincj992,p90p100,2023,0.4138
EST,sptincj992,p90p100,2024,0.4138
EST,sptincj992,p99p100,1980,0.0468
EST,sptincj992,p99p100,1981,0.0468
EST,sptincj992,p99p100,1982,0.0468
EST,sptincj992,p99p100,1983,0.0468
EST,sptincj992,p99p100,1984,0.0468
EST,sptincj992,p99p100,1985,0.0468
EST,sptincj992,p99p100,1986,0.0468
EST,sptincj992,p99p100,1987,0.0469
EST,sptincj992,p99p100,1988,0.0468
EST,sptincj992,p99p100,1989,0.0703
EST,sptincj992,p99p100,1990,0.0955
EST,sptincj992,p99p100,1991,0.115
EST,sptincj992,p99p100,1992,0.1127
EST,sptincj992,p99p100,1993,0.1447
EST,sptincj992,p99p100,1994,0.1561
EST,sptincj992,p99p100,1995,0.1584
EST,sptincj992,p99p100,1996,0.1819
EST,sptincj992,p99p100,1997,0.1736
EST,sptincj992,p99p100,1998,0.1548
EST,sptincj992,p99p100,1999,0.1595
EST,sptincj992,p99p100,2000,0.1514
EST,sptincj992,p99p100,2001,0.146
EST,sptincj992,p99p100,2002,0.1637
EST,sptincj992,p99p100,2003,0.1607
EST,sptincj992,p99p100,2004,0.1539
EST,sptincj992,p99p100,2005,0.1925
EST,sptincj992,p99p100,2006,0.1552
EST,sptincj992,p99p100,2007,0.1556
EST,sptincj992,p99p100,2008,0.1307
EST,sptincj992,p99p100,2009,0.0953
EST,sptincj992,p99p100,2010,0.1101
EST,sptincj992,p99p100,2011,0.1272
EST,sptincj992,p99p100,2012,0.142
EST,sptincj992,p99p100,2013,0.1292
EST,sptincj992,p99p100,2014,0.131
EST,sptincj992,p99p100,2015,0.1123
EST,sptincj992,p99p100,2016,0.1136
EST,sptincj992,p99p100,2017,0.1253
EST,sptincj992,p99p100,2018,0.1296
EST,sptincj992,p99p100,2019,0.1692
EST,sptincj992,p99p100,2020,0.1692
EST,sptincj992,p99p100,2021,0.1709
EST,sptincj992,p99p100,2022,0.1731
EST,sptincj992,p99p100,2023,0.1707
EST,sptincj992,p99p100,2024,0.1707
ESP,spllinf992,p0p100,1990,0.26030001
ESP,spllinf992,p0p100,1991,0.26030001
ESP,spllinf992,p0p100,1992,0.26699999
ESP,spllinf992,p0p100,1993,0.27329999
ESP,spllinf992,p0p100,1994,0.2649
ESP,spllinf992,p0p100,1995,0.2674
ESP,spllinf992,p0p100,1996,0.2728
ESP,spllinf992,p0p100,1997,0.27079999
ESP,spllinf992,p0p100,1998,0.28389999
ESP,spllinf992,p0p100,1999,0.27200001
ESP,spllinf992,p0p100,2000,0.2899
ESP,spllinf992,p0p100,2001,0.3046
ESP,spllinf992,p0p100,2002,0.3127
ESP,spllinf992,p0p100,2003,0.32069999
ESP,spllinf992,p0p100,2004,0.3265
ESP,spllinf992,p0p100,2005,0.3335
ESP,spllinf992,p0p100,2006,0.3461
ESP,spllinf992,p0p100,2007,0.3497
ESP,spllinf992,p0p100,2008,0.35949999
ESP,spllinf992,p0p100,2009,0.37940001
ESP,spllinf992,p0p100,2010,0.3748
ESP,spllinf992,p0p100,2011,0.3768
ESP,spllinf992,p0p100,2012,0.3818
ESP,spllinf992,p0p100,2013,0.38640001
ESP,spllinf992,p0p100,2014,0.3892
ESP,spllinf992,p0p100,2015,0.39899999
ESP,spllinf992,p0p100,2016,0.40599999
ESP,spllinf992,p0p100,2017,0.40110001
ESP,spllinf992,p0p100,2018,0.3951
ESP,spllinf992,p0p100,2019,0.40149999
ESP,spllinf992,p0p100,2020,0.41150001
ESP,spllinf992,p0p100,2021,0.40509999
ESP,spllinf992,p0p100,2022,0.4118
ESP,spllinf992,p0p100,2023,0.41580001
ESP,spllinf992,p0p100,2024,0.41949999
ESP,sptincj992,p0p100,1820,1
ESP,sptincj992,p0p100,1850,1
ESP,sptincj992,p0p100,1880,1
ESP,sptincj992,p0p100,1900,1
ESP,sptincj992,p0p100,1910,1
ESP,sptincj992,p0p100,1920,1
ESP,sptincj992,p0p100,1930,1
ESP,sptincj992,p0p100,1933,1
ESP,sptincj992,p0p100,1934,1
ESP,sptincj992,p0p100,1935,1
ESP,sptincj992,p0p100,1940,1
ESP,sptincj992,p0p100,1941,1
ESP,sptincj992,p0p100,1942,1
ESP,sptincj992,p0p100,1943,1
ESP,sptincj992,p0p100,1944,1
ESP,sptincj992,p0p100,1945,1
ESP,sptincj992,p0p100,1946,1
ESP,sptincj992,p0p100,1947,1
ESP,sptincj992,p0p100,1948,1
ESP,sptincj992,p0p100,1949,1
ESP,sptincj992,p0p100,1950,1
ESP,sptincj992,p0p100,1951,1
ESP,sptincj992,p0p100,1952,1
ESP,sptincj992,p0p100,1953,1
ESP,sptincj992,p0p100,1954,1
ESP,sptincj992,p0p100,1955,1
ESP,sptincj992,p0p100,1957,1
ESP,sptincj992,p0p100,1958,1
ESP,sptincj992,p0p100,1959,1
ESP,sptincj992,p0p100,1960,1
ESP,sptincj992,p0p100,1961,1
ESP,sptincj992,p0p100,1970,1
ESP,sptincj992,p0p100,1971,1
ESP,sptincj992,p0p100,1980,1
ESP,sptincj992,p0p100,1981,1
ESP,sptincj992,p0p100,1982,1
ESP,sptincj992,p0p100,1983,1
ESP,sptincj992,p0p100,1984,1
ESP,sptincj992,p0p100,1985,1
ESP,sptincj992,p0p100,1986,1
ESP,sptincj992,p0p100,1987,1
ESP,sptincj992,p0p100,1988,1
ESP,sptincj992,p0p100,1989,1
ESP,sptincj992,p0p100,1990,1
ESP,sptincj992,p0p100,1991,1
ESP,sptincj992,p0p100,1992,1
ESP,sptincj992,p0p100,1993,1
ESP,sptincj992,p0p100,1994,1
ESP,sptincj992,p0p100,1995,1
ESP,sptincj992,p0p100,1996,1
ESP,sptincj992,p0p100,1997,1
ESP,sptincj992,p0p100,1998,1
ESP,sptincj992,p0p100,1999,1
ESP,sptincj992,p0p100,2000,1
ESP,sptincj992,p0p100,2001,1
ESP,sptincj992,p0p100,2002,1
ESP,sptincj992,p0p100,2003,1
ESP,sptincj992,p0p100,2004,1
ESP,sptincj992,p0p100,2005,1
ESP,sptincj992,p0p100,2006,1
ESP,sptincj992,p0p100,2007,1
ESP,sptincj992,p0p100,2008,1
ESP,sptincj992,p0p100,2009,1
ESP,sptincj992,p0p100,2010,1
ESP,sptincj992,p0p100,2011,1
ESP,sptincj992,p0p100,2012,1
ESP,sptincj992,p0p100,2013,1
ESP,sptincj992,p0p100,2014,1
ESP,sptincj992,p0p100,2015,1
ESP,sptincj992,p0p100,2016,1
ESP,sptincj992,p0p100,2017,1
ESP,sptincj992,p0p100,2018,1
ESP,sptincj992,p0p100,2019,1
ESP,sptincj992,p0p100,2020,1
ESP,sptincj992,p0p100,2021,1
ESP,sptincj992,p0p100,2022,1
ESP,sptincj992,p0p100,2023,1
ESP,sptincj992,p0p100,2024,1
ESP,sptincj992,p0p50,1820,0.1748
ESP,sptincj992,p0p50,1850,0.1725
ESP,sptincj992,p0p50,1880,0.1713
ESP,sptincj992,p0p50,1900,0.1621
ESP,sptincj992,p0p50,1910,0.167
ESP,sptincj992,p0p50,1920,0.1854
ESP,sptincj992,p0p50,1930,0.2019
ESP,sptincj992,p0p50,1933,0.2031
ESP,sptincj992,p0p50,1934,0.2026
ESP,sptincj992,p0p50,1935,0.2016
ESP,sptincj992,p0p50,1940,0.2019
ESP,sptincj992,p0p50,1941,0.2016
ESP,sptincj992,p0p50,1942,0.2026
ESP,sptincj992,p0p50,1943,0.2019
ESP,sptincj992,p0p50,1944,0.2026
ESP,sptincj992,p0p50,1945,0.2034
ESP,sptincj992,p0p50,1946,0.2025
ESP,sptincj992,p0p50,1947,0.2037
ESP,sptincj992,p0p50,1948,0.2043
ESP,sptincj992,p0p50,1949,0.2039
ESP,sptincj992,p0p50,1950,0.2055
ESP,sptincj992,p0p50,1951,0.2062
ESP,sptincj992,p0p50,1952,0.2057
ESP,sptincj992,p0p50,1953,0.2052
ESP,sptincj992,p0p50,1954,0.2051
ESP,sptincj992,p0p50,1955,0.2058
ESP,sptincj992,p0p50,1957,0.2056
ESP,sptincj992,p0p50,1958,0.2062
ESP,sptincj992,p0p50,1959,0.2056
ESP,sptincj992,p0p50,1960,0.2068
ESP,sptincj992,p0p50,1961,0.2075
ESP,sptincj992,p0p50,1970,0.2074
ESP,sptincj992,p0p50,1971,0.2085
ESP,sptincj992,p0p50,1980,0.2031
ESP,sptincj992,p0p50,1981,0.2041
ESP,sptincj992,p0p50,1982,0.2041
ESP,sptincj992,p0p50,1983,0.2055
ESP,sptincj992,p0p50,1984,0.205
ESP,sptincj992,p0p50,1985,0.1999
ESP,sptincj992,p0p50,1986,0.1957
ESP,sptincj992,p0p50,1987,0.1942
ESP,sptincj992,p0p50,1988,0.1928
ESP,sptincj992,p0p50,1989,0.1896
ESP,sptincj992,p0p50,1990,0.1894
ESP,sptincj992,p0p50,1991,0.1924
ESP,sptincj992,p0p50,1992,0.1964
ESP,sptincj992,p0p50,1993,0.199
ESP,sptincj992,p0p50,1994,0.1959
ESP,sptincj992,p0p50,1995,0.1931
ESP,sptincj992,p0p50,1996,0.1952
ESP,sptincj992,p0p50,1997,0.2012
ESP,sptincj992,p0p50,1998,0.199
ESP,sptincj992,p0p50,1999,0.1971
ESP,sptincj992,p0p50,2000,0.2024
ESP,sptincj992,p0p50,2001,0.2036
ESP,sptincj992,p0p50,2002,0.2046
ESP,sptincj992,p0p50,2003,0.2034
ESP,sptincj992,p0p50,2004,0.2045
ESP,sptincj992,p0p50,2005,0.2061
ESP,sptincj992,p0p50,2006,0.2059
ESP,sptincj992,p0p50,2007,0.2046
ESP,sptincj992,p0p50,2008,0.2036
ESP,sptincj992,p0p50,2009,0.1995
ESP,sptincj992,p0p50,2010,0.2062
ESP,sptincj992,p0p50,2011,0.2065
ESP,sptincj992,p0p50,2012,0.2087
ESP,sptincj992,p0p50,2013,0.2062
ESP,sptincj992,p0p50,2014,0.2054
ESP,sptincj992,p0p50,2015,0.2037
ESP,sptincj992,p0p50,2016,0.2023
ESP,sptincj992,p0p50,2017,0.2063
ESP,sptincj992,p0p50,2018,0.2107
ESP,sptincj992,p0p50,2019,0.2122
ESP,sptincj992,p0p50,2020,0.2122
ESP,sptincj992,p0p50,2021,0.2122
ESP,sptincj992,p0p50,2022,0.2133
ESP,sptincj992,p0p50,2023,0.2136
ESP,sptincj992,p0p50,2024,0.2136
ESP,sptincj992,p0p90,1820,0.5158
ESP,sptincj992,p0p90,1850,0.5092
ESP,sptincj992,p0p90,1880,0.506
ESP,sptincj992,p0p90,1900,0.4772
ESP,sptincj992,p0p90,1910,0.4897
ESP,sptincj992,p0p90,1920,0.5434
ESP,sptincj992,p0p90,1930,0.6368
ESP,sptincj992,p0p90,1933,0.6408
ESP,sptincj992,p0p90,1934,0.6391
ESP,sptincj992,p0p90,1935,0.6361
ESP,sptincj992,p0p90,1940,0.6371
ESP,sptincj992,p0p90,1941,0.636
ESP,sptincj992,p0p90,1942,0.6391
ESP,sptincj992,p0p90,1943,0.6368
ESP,sptincj992,p0p90,1944,0.6392
ESP,sptincj992,p0p90,1945,0.6417
ESP,sptincj992,p0p90,1946,0.6389
ESP,sptincj992,p0p90,1947,0.6426000000000001
ESP,sptincj992,p0p90,1948,0.6446000000000001
ESP,sptincj992,p0p90,1949,0.6432
ESP,sptincj992,p0p90,1950,0.6482
ESP,sptincj992,p0p90,1951,0.6504
ESP,sptincj992,p0p90,1952,0.6489
ESP,sptincj992,p0p90,1953,0.6475000000000001
ESP,sptincj992,p0p90,1954,0.6469
ESP,sptincj992,p0p90,1955,0.6494
ESP,sptincj992,p0p90,1957,0.6485000000000001
ESP,sptincj992,p0p90,1958,0.6506000000000001
ESP,sptincj992,p0p90,1959,0.6487
ESP,sptincj992,p0p90,1960,0.6525000000000001
ESP,sptincj992,p0p90,1961,0.6544
ESP,sptincj992,p0p90,1970,0.6544
ESP,sptincj992,p0p90,1971,0.655
ESP,sptincj992,p0p90,1980,0.6507000000000001
ESP,sptincj992,p0p90,1981,0.6531
ESP,sptincj992,p0p90,1982,0.6511
ESP,sptincj992,p0p90,1983,0.6517000000000001
ESP,sptincj992,p0p90,1984,0.6507000000000001
ESP,sptincj992,p0p90,1985,0.6483
ESP,sptincj992,p0p90,1986,0.6364000000000001
ESP,sptincj992,p0p90,1987,0.6357
ESP,sptincj992,p0p90,1988,0.6328
ESP,sptincj992,p0p90,1989,0.6266
ESP,sptincj992,p0p90,1990,0.633
ESP,sptincj992,p0p90,1991,0.6399
ESP,sptincj992,p0p90,1992,0.6474000000000001
ESP,sptincj992,p0p90,1993,0.6532
ESP,sptincj992,p0p90,1994,0.6476000000000001
ESP,sptincj992,p0p90,1995,0.6448
ESP,sptincj992,p0p90,1996,0.6463
ESP,sptincj992,p0p90,1997,0.657
ESP,sptincj992,p0p90,1998,0.6561
ESP,sptincj992,p0p90,1999,0.6535000000000001
ESP,sptincj992,p0p90,2000,0.6576000000000001
ESP,sptincj992,p0p90,2001,0.6631
ESP,sptincj992,p0p90,2002,0.6604
ESP,sptincj992,p0p90,2003,0.658
ESP,sptincj992,p0p90,2004,0.6597000000000001
ESP,sptincj992,p0p90,2005,0.6629
ESP,sptincj992,p0p90,2006,0.6532
ESP,sptincj992,p0p90,2007,0.6543
ESP,sptincj992,p0p90,2008,0.652
ESP,sptincj992,p0p90,2009,0.6412
ESP,sptincj992,p0p90,2010,0.6567000000000001
ESP,sptincj992,p0p90,2011,0.6594
ESP,sptincj992,p0p90,2012,0.6536000000000001
ESP,sptincj992,p0p90,2013,0.6531
ESP,sptincj992,p0p90,2014,0.6512
ESP,sptincj992,p0p90,2015,0.6468
ESP,sptincj992,p0p90,2016,0.6489
ESP,sptincj992,p0p90,2017,0.6493
ESP,sptincj992,p0p90,2018,0.6535000000000001
ESP,sptincj992,p0p90,2019,0.6588
ESP,sptincj992,p0p90,2020,0.6588
ESP,sptincj992,p0p90,2021,0.6573
ESP,sptincj992,p0p90,2022,0.6575000000000001
ESP,sptincj992,p0p90,2023,0.6603
ESP,sptincj992,p0p90,2024,0.6603
ESP,sptincj992,p0p99,1820,0.7984
ESP,sptincj992,p0p99,1850,0.7935
ESP,sptincj992,p0p99,1880,0.7958000000000001
ESP,sptincj992,p0p99,1900,0.7471
ESP,sptincj992,p0p99,1910,0.7506
ESP,sptincj992,p0p99,1920,0.7869
ESP,sptincj992,p0p99,1930,0.8653000000000001
ESP,sptincj992,p0p99,1933,0.8707
ESP,sptincj992,p0p99,1934,0.8683000000000001
ESP,sptincj992,p0p99,1935,0.8642000000000001
ESP,sptincj992,p0p99,1940,0.8656
ESP,sptincj992,p0p99,1941,0.8642000000000001
ESP,sptincj992,p0p99,1942,0.8684000000000001
ESP,sptincj992,p0p99,1943,0.8653000000000001
ESP,sptincj992,p0p99,1944,0.8685
ESP,sptincj992,p0p99,1945,0.8719
ESP,sptincj992,p0p99,1946,0.8681000000000001
ESP,sptincj992,p0p99,1947,0.8731
ESP,sptincj992,p0p99,1948,0.8759
ESP,sptincj992,p0p99,1949,0.8739
ESP,sptincj992,p0p99,1950,0.8807
ESP,sptincj992,p0p99,1951,0.8837
ESP,sptincj992,p0p99,1952,0.8817
ESP,sptincj992,p0p99,1953,0.8798
ESP,sptincj992,p0p99,1954,0.879
ESP,sptincj992,p0p99,1955,0.8823000000000001
ESP,sptincj992,p0p99,1957,0.8811
ESP,sptincj992,p0p99,1958,0.884
ESP,sptincj992,p0p99,1959,0.8814000000000001
ESP,sptincj992,p0p99,1960,0.8866
ESP,sptincj992,p0p99,1961,0.8892
ESP,sptincj992,p0p99,1970,0.8891
ESP,sptincj992,p0p99,1971,0.8899
ESP,sptincj992,p0p99,1980,0.8864000000000001
ESP,sptincj992,p0p99,1981,0.8885000000000001
ESP,sptincj992,p0p99,1982,0.8876000000000001
ESP,sptincj992,p0p99,1983,0.8908
ESP,sptincj992,p0p99,1984,0.8921
ESP,sptincj992,p0p99,1985,0.8903000000000001
ESP,sptincj992,p0p99,1986,0.8826
ESP,sptincj992,p0p99,1987,0.8822000000000001
ESP,sptincj992,p0p99,1988,0.8815000000000001
ESP,sptincj992,p0p99,1989,0.8788
ESP,sptincj992,p0p99,1990,0.8832000000000001
ESP,sptincj992,p0p99,1991,0.8857
ESP,sptincj992,p0p99,1992,0.8874000000000001
ESP,sptincj992,p0p99,1993,0.8901
ESP,sptincj992,p0p99,1994,0.8862
ESP,sptincj992,p0p99,1995,0.8833000000000001
ESP,sptincj992,p0p99,1996,0.8848
ESP,sptincj992,p0p99,1997,0.8903000000000001
ESP,sptincj992,p0p99,1998,0.8901
ESP,sptincj992,p0p99,1999,0.8882
ESP,sptincj992,p0p99,2000,0.8899
ESP,sptincj992,p0p99,2001,0.8942
ESP,sptincj992,p0p99,2002,0.8911
ESP,sptincj992,p0p99,2003,0.889
ESP,sptincj992,p0p99,2004,0.8902
ESP,sptincj992,p0p99,2005,0.8918
ESP,sptincj992,p0p99,2006,0.887
ESP,sptincj992,p0p99,2007,0.8867
ESP,sptincj992,p0p99,2008,0.8837
ESP,sptincj992,p0p99,2009,0.8738
ESP,sptincj992,p0p99,2010,0.8846
ESP,sptincj992,p0p99,2011,0.8865000000000001
ESP,sptincj992,p0p99,2012,0.8787
ESP,sptincj992,p0p99,2013,0.8796
ESP,sptincj992,p0p99,2014,0.8786
ESP,sptincj992,p0p99,2015,0.8736
ESP,sptincj992,p0p99,2016,0.873
ESP,sptincj992,p0p99,2017,0.8729
ESP,sptincj992,p0p99,2018,0.8746
ESP,sptincj992,p0p99,2019,0.8796
ESP,sptincj992,p0p99,2020,0.8796
ESP,sptincj992,p0p99,2021,0.8773000000000001
ESP,sptincj992,p0p99,2022,0.8753000000000001
ESP,sptincj992,p0p99,2023,0.8788
ESP,sptincj992,p0p99,2024,0.8788
ESP,sptincj992,p50p90,1820,0.341
ESP,sptincj992,p50p90,1850,0.3367
ESP,sptincj992,p50p90,1880,0.3346
ESP,sptincj992,p50p90,1900,0.3152
ESP,sptincj992,p50p90,1910,0.3227
ESP,sptincj992,p50p90,1920,0.358
ESP,sptincj992,p50p90,1930,0.435
ESP,sptincj992,p50p90,1933,0.4377
ESP,sptincj992,p50p90,1934,0.4365
ESP,sptincj992,p50p90,1935,0.4345
ESP,sptincj992,p50p90,1940,0.4351
ESP,sptincj992,p50p90,1941,0.4344
ESP,sptincj992,p50p90,1942,0.4365
ESP,sptincj992,p50p90,1943,0.435
ESP,sptincj992,p50p90,1944,0.4366
ESP,sptincj992,p50p90,1945,0.4383
ESP,sptincj992,p50p90,1946,0.4364
ESP,sptincj992,p50p90,1947,0.4389
ESP,sptincj992,p50p90,1948,0.4403
ESP,sptincj992,p50p90,1949,0.4393
ESP,sptincj992,p50p90,1950,0.4427
ESP,sptincj992,p50p90,1951,0.4442
ESP,sptincj992,p50p90,1952,0.4432
ESP,sptincj992,p50p90,1953,0.4423
ESP,sptincj992,p50p90,1954,0.4419
ESP,sptincj992,p50p90,1955,0.4435
ESP,sptincj992,p50p90,1957,0.4429
ESP,sptincj992,p50p90,1958,0.4444
ESP,sptincj992,p50p90,1959,0.4431
ESP,sptincj992,p50p90,1960,0.4457
ESP,sptincj992,p50p90,1961,0.4469
ESP,sptincj992,p50p90,1970,0.447
ESP,sptincj992,p50p90,1971,0.4466
ESP,sptincj992,p50p90,1980,0.4476
ESP,sptincj992,p50p90,1981,0.449
ESP,sptincj992,p50p90,1982,0.447
ESP,sptincj992,p50p90,1983,0.4461
ESP,sptincj992,p50p90,1984,0.4458
ESP,sptincj992,p50p90,1985,0.4483
ESP,sptincj992,p50p90,1986,0.4408
ESP,sptincj992,p50p90,1987,0.4415
ESP,sptincj992,p50p90,1988,0.4401
ESP,sptincj992,p50p90,1989,0.437
ESP,sptincj992,p50p90,1990,0.4436
ESP,sptincj992,p50p90,1991,0.4475
ESP,sptincj992,p50p90,1992,0.451
ESP,sptincj992,p50p90,1993,0.4542
ESP,sptincj992,p50p90,1994,0.4518
ESP,sptincj992,p50p90,1995,0.4517
ESP,sptincj992,p50p90,1996,0.4511
ESP,sptincj992,p50p90,1997,0.4558
ESP,sptincj992,p50p90,1998,0.4571
ESP,sptincj992,p50p90,1999,0.4564
ESP,sptincj992,p50p90,2000,0.4552
ESP,sptincj992,p50p90,2001,0.4595
ESP,sptincj992,p50p90,2002,0.4558
ESP,sptincj992,p50p90,2003,0.4547
ESP,sptincj992,p50p90,2004,0.4552
ESP,sptincj992,p50p90,2005,0.4568
ESP,sptincj992,p50p90,2006,0.4473
ESP,sptincj992,p50p90,2007,0.4496
ESP,sptincj992,p50p90,2008,0.4484
ESP,sptincj992,p50p90,2009,0.4418
ESP,sptincj992,p50p90,2010,0.4505
ESP,sptincj992,p50p90,2011,0.4528
ESP,sptincj992,p50p90,2012,0.4449
ESP,sptincj992,p50p90,2013,0.4469
ESP,sptincj992,p50p90,2014,0.4458
ESP,sptincj992,p50p90,2015,0.4431
ESP,sptincj992,p50p90,2016,0.4466
ESP,sptincj992,p50p90,2017,0.443
ESP,sptincj992,p50p90,2018,0.4429
ESP,sptincj992,p50p90,2019,0.4466
ESP,sptincj992,p50p90,2020,0.4466
ESP,sptincj992,p50p90,2021,0.4452
ESP,sptincj992,p50p90,2022,0.4442
ESP,sptincj992,p50p90,2023,0.4467
ESP,sptincj992,p50p90,2024,0.4467
ESP,sptincj992,p90p100,1820,0.4842
ESP,sptincj992,p90p100,1850,0.4908
ESP,sptincj992,p90p100,1880,0.4940000000000001
ESP,sptincj992,p90p100,1900,0.5228
ESP,sptincj992,p90p100,1910,0.5103
ESP,sptincj992,p90p100,1920,0.4566
ESP,sptincj992,p90p100,1930,0.3632
ESP,sptincj992,p90p100,1933,0.3592
ESP,sptincj992,p90p100,1934,0.3609
ESP,sptincj992,p90p100,1935,0.3639
ESP,sptincj992,p90p100,1940,0.3629
ESP,sptincj992,p90p100,1941,0.364
ESP,sptincj992,p90p100,1942,0.3609
ESP,sptincj992,p90p100,1943,0.3632
ESP,sptincj992,p90p100,1944,0.3608
ESP,sptincj992,p90p100,1945,0.3583
ESP,sptincj992,p90p100,1946,0.3611
ESP,sptincj992,p90p100,1947,0.3574
ESP,sptincj992,p90p100,1948,0.3554
ESP,sptincj992,p90p100,1949,0.3568
ESP,sptincj992,p90p100,1950,0.3518
ESP,sptincj992,p90p100,1951,0.3496
ESP,sptincj992,p90p100,1952,0.3511
ESP,sptincj992,p90p100,1953,0.3525
ESP,sptincj992,p90p100,1954,0.3531
ESP,sptincj992,p90p100,1955,0.3506
ESP,sptincj992,p90p100,1957,0.3515
ESP,sptincj992,p90p100,1958,0.3494
ESP,sptincj992,p90p100,1959,0.3513
ESP,sptincj992,p90p100,1960,0.3475
ESP,sptincj992,p90p100,1961,0.3456
ESP,sptincj992,p90p100,1970,0.3456
ESP,sptincj992,p90p100,1971,0.345
ESP,sptincj992,p90p100,1980,0.3493
ESP,sptincj992,p90p100,1981,0.3469
ESP,sptincj992,p90p100,1982,0.3489
ESP,sptincj992,p90p100,1983,0.3483
ESP,sptincj992,p90p100,1984,0.3493
ESP,sptincj992,p90p100,1985,0.3517
ESP,sptincj992,p90p100,1986,0.3636
ESP,sptincj992,p90p100,1987,0.3643
ESP,sptincj992,p90p100,1988,0.3672
ESP,sptincj992,p90p100,1989,0.3734
ESP,sptincj992,p90p100,1990,0.367
ESP,sptincj992,p90p100,1991,0.3601
ESP,sptincj992,p90p100,1992,0.3526
ESP,sptincj992,p90p100,1993,0.3468
ESP,sptincj992,p90p100,1994,0.3524
ESP,sptincj992,p90p100,1995,0.3552
ESP,sptincj992,p90p100,1996,0.3537
ESP,sptincj992,p90p100,1997,0.343
ESP,sptincj992,p90p100,1998,0.3439
ESP,sptincj992,p90p100,1999,0.3465
ESP,sptincj992,p90p100,2000,0.3424
ESP,sptincj992,p90p100,2001,0.3369
ESP,sptincj992,p90p100,2002,0.3396
ESP,sptincj992,p90p100,2003,0.342
ESP,sptincj992,p90p100,2004,0.3403
ESP,sptincj992,p90p100,2005,0.3371
ESP,sptincj992,p90p100,2006,0.3468
ESP,sptincj992,p90p100,2007,0.3457
ESP,sptincj992,p90p100,2008,0.348
ESP,sptincj992,p90p100,2009,0.3588
ESP,sptincj992,p90p100,2010,0.3433
ESP,sptincj992,p90p100,2011,0.3406
ESP,sptincj992,p90p100,2012,0.3464
ESP,sptincj992,p90p100,2013,0.3469
ESP,sptincj992,p90p100,2014,0.3488
ESP,sptincj992,p90p100,2015,0.3532
ESP,sptincj992,p90p100,2016,0.3511
ESP,sptincj992,p90p100,2017,0.3507
ESP,sptincj992,p90p100,2018,0.3465
ESP,sptincj992,p90p100,2019,0.3412
ESP,sptincj992,p90p100,2020,0.3412
ESP,sptincj992,p90p100,2021,0.3427
ESP,sptincj992,p90p100,2022,0.3425
ESP,sptincj992,p90p100,2023,0.3397
ESP,sptincj992,p90p100,2024,0.3397
ESP,sptincj992,p99p100,1820,0.2016
ESP,sptincj992,p99p100,1850,0.2065
ESP,sptincj992,p99p100,1880,0.2042
ESP,sptincj992,p99p100,1900,0.2529
ESP,sptincj992,p99p100,1910,0.2494
ESP,sptincj992,p99p100,1920,0.2131
ESP,sptincj992,p99p100,1930,0.1347
ESP,sptincj992,p99p100,1933,0.1293
ESP,sptincj992,p99p100,1934,0.1317
ESP,sptincj992,p99p100,1935,0.1358
ESP,sptincj992,p99p100,1940,0.1344
ESP,sptincj992,p99p100,1941,0.1358
ESP,sptincj992,p99p100,1942,0.1316
ESP,sptincj992,p99p100,1943,0.1347
ESP,sptincj992,p99p100,1944,0.1315
ESP,sptincj992,p99p100,1945,0.1281
ESP,sptincj992,p99p100,1946,0.1319
ESP,sptincj992,p99p100,1947,0.1269
ESP,sptincj992,p99p100,1948,0.1241
ESP,sptincj992,p99p100,1949,0.1261
ESP,sptincj992,p99p100,1950,0.1193
ESP,sptincj992,p99p100,1951,0.1163
ESP,sptincj992,p99p100,1952,0.1183
ESP,sptincj992,p99p100,1953,0.1202
ESP,sptincj992,p99p100,1954,0.121
ESP,sptincj992,p99p100,1955,0.1177
ESP,sptincj992,p99p100,1957,0.1189
ESP,sptincj992,p99p100,1958,0.116
ESP,sptincj992,p99p100,1959,0.1186
ESP,sptincj992,p99p100,1960,0.1134
ESP,sptincj992,p99p100,1961,0.1108
ESP,sptincj992,p99p100,1970,0.1109
ESP,sptincj992,p99p100,1971,0.1101
ESP,sptincj992,p99p100,1980,0.1136
ESP,sptincj992,p99p100,1981,0.1115
ESP,sptincj992,p99p100,1982,0.1124
ESP,sptincj992,p99p100,1983,0.1092
ESP,sptincj992,p99p100,1984,0.1079
ESP,sptincj992,p99p100,1985,0.1097
ESP,sptincj992,p99p100,1986,0.1174
ESP,sptincj992,p99p100,1987,0.1178
ESP,sptincj992,p99p100,1988,0.1185
ESP,sptincj992,p99p100,1989,0.1212
ESP,sptincj992,p99p100,1990,0.1168
ESP,sptincj992,p99p100,1991,0.1143
ESP,sptincj992,p99p100,1992,0.1126
ESP,sptincj992,p99p100,1993,0.1099
ESP,sptincj992,p99p100,1994,0.1138
ESP,sptincj992,p99p100,1995,0.1167
ESP,sptincj992,p99p100,1996,0.1152
ESP,sptincj992,p99p100,1997,0.1097
ESP,sptincj992,p99p100,1998,0.1099
ESP,sptincj992,p99p100,1999,0.1118
ESP,sptincj992,p99p100,2000,0.1101
ESP,sptincj992,p99p100,2001,0.1058
ESP,sptincj992,p99p100,2002,0.1089
ESP,sptincj992,p99p100,2003,0.111
ESP,sptincj992,p99p100,2004,0.1098
ESP,sptincj992,p99p100,2005,0.1082
ESP,sptincj992,p99p100,2006,0.113
ESP,sptincj992,p99p100,2007,0.1133
ESP,sptincj992,p99p100,2008,0.1163
ESP,sptincj992,p99p100,2009,0.1262
ESP,sptincj992,p99p100,2010,0.1154
ESP,sptincj992,p99p100,2011,0.1135
ESP,sptincj992,p99p100,2012,0.1213
ESP,sptincj992,p99p100,2013,0.1204
ESP,sptincj992,p99p100,2014,0.1214
ESP,sptincj992,p99p100,2015,0.1264
ESP,sptincj992,p99p100,2016,0.127
ESP,sptincj992,p99p100,2017,0.1271
ESP,sptincj992,p99p100,2018,0.1254
ESP,sptincj992,p99p100,2019,0.1204
ESP,sptincj992,p99p100,2020,0.1204
ESP,sptincj992,p99p100,2021,0.1227
ESP,sptincj992,p99p100,2022,0.1247
ESP,sptincj992,p99p100,2023,0.1212
ESP,sptincj992,p99p100,2024,0.1212
FIN,spllinf992,p0p100,1990,0.41819999
FIN,spllinf992,p0p100,1991,0.41819999
FIN,spllinf992,p0p100,1992,0.42070001
FIN,spllinf992,p0p100,1993,0.4208
FIN,spllinf992,p0p100,1994,0.419
FIN,spllinf992,p0p100,1995,0.42070001
FIN,spllinf992,p0p100,1996,0.42039999
FIN,spllinf992,p0p100,1997,0.4118
FIN,spllinf992,p0p100,1998,0.41
FIN,spllinf992,p0p100,1999,0.4118
FIN,spllinf992,p0p100,2000,0.40970001
FIN,spllinf992,p0p100,2001,0.4154
FIN,spllinf992,p0p100,2002,0.41839999
FIN,spllinf992,p0p100,2003,0.41850001
FIN,spllinf992,p0p100,2004,0.4197
FIN,spllinf992,p0p100,2005,0.4163
FIN,spllinf992,p0p100,2006,0.41159999
FIN,spllinf992,p0p100,2007,0.40880001
FIN,spllinf992,p0p100,2008,0.41049999
FIN,spllinf992,p0p100,2009,0.42739999
FIN,spllinf992,p0p100,2010,0.43309999
FIN,spllinf992,p0p100,2011,0.43349999
FIN,spllinf992,p0p100,2012,0.4323
FIN,spllinf992,p0p100,2013,0.43509999
FIN,spllinf992,p0p100,2014,0.43900001
FIN,spllinf992,p0p100,2015,0.43740001
FIN,spllinf992,p0p100,2016,0.4386
FIN,spllinf992,p0p100,2017,0.43470001
FIN,spllinf992,p0p100,2018,0.43470001
FIN,spllinf992,p0p100,2019,0.4303
FIN,spllinf992,p0p100,2020,0.43079999
FIN,spllinf992,p0p100,2021,0.43020001
FIN,spllinf992,p0p100,2022,0.43630001
FIN,spllinf992,p0p100,2023,0.44139999
FIN,spllinf992,p0p100,2024,0.43849999
FIN,sptincj992,p0p100,1920,1
FIN,sptincj992,p0p100,1921,1
FIN,sptincj992,p0p100,1922,1
FIN,sptincj992,p0p100,1923,1
FIN,sptincj992,p0p100,1924,1
FIN,sptincj992,p0p100,1925,1
FIN,sptincj992,p0p100,1926,1
FIN,sptincj992,p0p100,1927,1
FIN,sptincj992,p0p100,1928,1
FIN,sptincj992,p0p100,1929,1
FIN,sptincj992,p0p100,1930,1
FIN,sptincj992,p0p100,1931,1
FIN,sptincj992,p0p100,1932,1
FIN,sptincj992,p0p100,1933,1
FIN,sptincj992,p0p100,1934,1
FIN,sptincj992,p0p100,1935,1
FIN,sptincj992,p0p100,1936,1
FIN,sptincj992,p0p100,1937,1
FIN,sptincj992,p0p100,1938,1
FIN,sptincj992,p0p100,1939,1
FIN,sptincj992,p0p100,1940,1
FIN,sptincj992,p0p100,1941,1
FIN,sptincj992,p0p100,1942,1
FIN,sptincj992,p0p100,1943,1
FIN,sptincj992,p0p100,1944,1
FIN,sptincj992,p0p100,1945,1
FIN,sptincj992,p0p100,1946,1
FIN,sptincj992,p0p100,1947,1
FIN,sptincj992,p0p100,1948,1
FIN,sptincj992,p0p100,1949,1
FIN,sptincj992,p0p100,1950,1
FIN,sptincj992,p0p100,1951,1
FIN,sptincj992,p0p100,1952,1
FIN,sptincj992,p0p100,1953,1
FIN,sptincj992,p0p100,1954,1
FIN,sptincj992,p0p100,1955,1
FIN,sptincj992,p0p100,1956,1
FIN,sptincj992,p0p100,1957,1
FIN,sptincj992,p0p100,1958,1
FIN,sptincj992,p0p100,1959,1
FIN,sptincj992,p0p100,1960,1
FIN,sptincj992,p0p100,1961,1
FIN,sptincj992,p0p100,1962,1
FIN,sptincj992,p0p100,1963,1
FIN,sptincj992,p0p100,1964,1
FIN,sptincj992,p0p100,1965,1
FIN,sptincj992,p0p100,1966,1
FIN,sptincj992,p0p100,1967,1
FIN,sptincj992,p0p100,1968,1
FIN,sptincj992,p0p100,1969,1
FIN,sptincj992,p0p100,1970,1
FIN,sptincj992,p0p100,1971,1
FIN,sptincj992,p0p100,1972,1
FIN,sptincj992,p0p100,1973,1
FIN,sptincj992,p0p100,1974,1
FIN,sptincj992,p0p100,1975,1
FIN,sptincj992,p0p100,1976,1
FIN,sptincj992,p0p100,1977,1
FIN,sptincj992,p0p100,1978,1
FIN,sptincj992,p0p100,1979,1
FIN,sptincj992,p0p100,1980,1
FIN,sptincj992,p0p100,1981,1
FIN,sptincj992,p0p100,1982,1
FIN,sptincj992,p0p100,1983,1
FIN,sptincj992,p0p100,1984,1
FIN,sptincj992,p0p100,1985,1
FIN,sptincj992,p0p100,1986,1
FIN,sptincj992,p0p100,1987,1
FIN,sptincj992,p0p100,1988,1
FIN,sptincj992,p0p100,1989,1
FIN,sptincj992,p0p100,1990,1
FIN,sptincj992,p0p100,1991,1
FIN,sptincj992,p0p100,1992,1
FIN,sptincj992,p0p100,1993,1
FIN,sptincj992,p0p100,1994,1
FIN,sptincj992,p0p100,1995,1
FIN,sptincj992,p0p100,1996,1
FIN,sptincj992,p0p100,1997,1
FIN,sptincj992,p0p100,1998,1
FIN,sptincj992,p0p100,1999,1
FIN,sptincj992,p0p100,2000,1
FIN,sptincj992,p0p100,2001,1
FIN,sptincj992,p0p100,2002,1
FIN,sptincj992,p0p100,2003,1
FIN,sptincj992,p0p100,2004,1
FIN,sptincj992,p0p100,2005,1
FIN,sptincj992,p0p100,2006,1
FIN,sptincj992,p0p100,2007,1
FIN,sptincj992,p0p100,2008,1
FIN,sptincj992,p0p100,2009,1
FIN,sptincj992,p0p100,2010,1
FIN,sptincj992,p0p100,2011,1
FIN,sptincj992,p0p100,2012,1
FIN,sptincj992,p0p100,2013,1
FIN,sptincj992,p0p100,2014,1
FIN,sptincj992,p0p100,2015,1
FIN,sptincj992,p0p100,2016,1
FIN,sptincj992,p0p100,2017,1
FIN,sptincj992,p0p100,2018,1
FIN,sptincj992,p0p100,2019,1
FIN,sptincj992,p0p100,2020,1
FIN,sptincj992,p0p100,2021,1
FIN,sptincj992,p0p100,2022,1
FIN,sptincj992,p0p100,2023,1
FIN,sptincj992,p0p100,2024,1
FIN,sptincj992,p0p50,1920,0.1854
FIN,sptincj992,p0p50,1921,0.1876
FIN,sptincj992,p0p50,1922,0.1901
FIN,sptincj992,p0p50,1923,0.1937
FIN,sptincj992,p0p50,1924,0.1958
FIN,sptincj992,p0p50,1925,0.1974
FIN,sptincj992,p0p50,1926,0.2007
FIN,sptincj992,p0p50,1927,0.2026
FIN,sptincj992,p0p50,1928,0.2044
FIN,sptincj992,p0p50,1929,0.2066
FIN,sptincj992,p0p50,1930,0.2086
FIN,sptincj992,p0p50,1931,0.208
FIN,sptincj992,p0p50,1932,0.2078
FIN,sptincj992,p0p50,1933,0.2066
FIN,sptincj992,p0p50,1934,0.2062
FIN,sptincj992,p0p50,1935,0.2069
FIN,sptincj992,p0p50,1936,0.2059
FIN,sptincj992,p0p50,1937,0.2048
FIN,sptincj992,p0p50,1938,0.2048
FIN,sptincj992,p0p50,1939,0.2039
FIN,sptincj992,p0p50,1940,0.2045
FIN,sptincj992,p0p50,1941,0.2074
FIN,sptincj992,p0p50,1942,0.2093
FIN,sptincj992,p0p50,1943,0.213
FIN,sptincj992,p0p50,1944,0.215
FIN,sptincj992,p0p50,1945,0.2167
FIN,sptincj992,p0p50,1946,0.2207
FIN,sptincj992,p0p50,1947,0.2225
FIN,sptincj992,p0p50,1948,0.2241
FIN,sptincj992,p0p50,1949,0.2267
FIN,sptincj992,p0p50,1950,0.2281
FIN,sptincj992,p0p50,1951,0.2278
FIN,sptincj992,p0p50,1952,0.2279
FIN,sptincj992,p0p50,1953,0.2272
FIN,sptincj992,p0p50,1954,0.2271
FIN,sptincj992,p0p50,1955,0.2275
FIN,sptincj992,p0p50,1956,0.2268
FIN,sptincj992,p0p50,1957,0.2271
FIN,sptincj992,p0p50,1958,0.227
FIN,sptincj992,p0p50,1959,0.2264
FIN,sptincj992,p0p50,1960,0.2274
FIN,sptincj992,p0p50,1961,0.2281
FIN,sptincj992,p0p50,1962,0.2301
FIN,sptincj992,p0p50,1963,0.2304
FIN,sptincj992,p0p50,1964,0.2326
FIN,sptincj992,p0p50,1965,0.234
FIN,sptincj992,p0p50,1966,0.235
FIN,sptincj992,p0p50,1967,0.2363
FIN,sptincj992,p0p50,1968,0.238
FIN,sptincj992,p0p50,1969,0.2412
FIN,sptincj992,p0p50,1970,0.2423
FIN,sptincj992,p0p50,1971,0.2433
FIN,sptincj992,p0p50,1972,0.244
FIN,sptincj992,p0p50,1973,0.2463
FIN,sptincj992,p0p50,1974,0.2474
FIN,sptincj992,p0p50,1975,0.2484
FIN,sptincj992,p0p50,1976,0.2501
FIN,sptincj992,p0p50,1977,0.2513
FIN,sptincj992,p0p50,1978,0.2525
FIN,sptincj992,p0p50,1979,0.2538
FIN,sptincj992,p0p50,1980,0.2351
FIN,sptincj992,p0p50,1981,0.2377
FIN,sptincj992,p0p50,1982,0.2353
FIN,sptincj992,p0p50,1983,0.233
FIN,sptincj992,p0p50,1984,0.2432
FIN,sptincj992,p0p50,1985,0.238
FIN,sptincj992,p0p50,1986,0.2389
FIN,sptincj992,p0p50,1987,0.2398
FIN,sptincj992,p0p50,1988,0.2368
FIN,sptincj992,p0p50,1989,0.24
FIN,sptincj992,p0p50,1990,0.2477
FIN,sptincj992,p0p50,1991,0.252
FIN,sptincj992,p0p50,1992,0.254
FIN,sptincj992,p0p50,1993,0.2529
FIN,sptincj992,p0p50,1994,0.2389
FIN,sptincj992,p0p50,1995,0.2355
FIN,sptincj992,p0p50,1996,0.2334
FIN,sptincj992,p0p50,1997,0.2293
FIN,sptincj992,p0p50,1998,0.2292
FIN,sptincj992,p0p50,1999,0.2306
FIN,sptincj992,p0p50,2000,0.2247
FIN,sptincj992,p0p50,2001,0.2273
FIN,sptincj992,p0p50,2002,0.2298
FIN,sptincj992,p0p50,2003,0.2289
FIN,sptincj992,p0p50,2004,0.2271
FIN,sptincj992,p0p50,2005,0.2277
FIN,sptincj992,p0p50,2006,0.2222
FIN,sptincj992,p0p50,2007,0.2229
FIN,sptincj992,p0p50,2008,0.2138
FIN,sptincj992,p0p50,2009,0.2166
FIN,sptincj992,p0p50,2010,0.2121
FIN,sptincj992,p0p50,2011,0.2128
FIN,sptincj992,p0p50,2012,0.2152
FIN,sptincj992,p0p50,2013,0.2185
FIN,sptincj992,p0p50,2014,0.2176
FIN,sptincj992,p0p50,2015,0.2137
FIN,sptincj992,p0p50,2016,0.2159
FIN,sptincj992,p0p50,2017,0.2155
FIN,sptincj992,p0p50,2018,0.2166
FIN,sptincj992,p0p50,2019,0.218
FIN,sptincj992,p0p50,2020,0.218
FIN,sptincj992,p0p50,2021,0.2188
FIN,sptincj992,p0p50,2022,0.2187
FIN,sptincj992,p0p50,2023,0.2266
FIN,sptincj992,p0p50,2024,0.2266
FIN,sptincj992,p0p90,1920,0.5434
FIN,sptincj992,p0p90,1921,0.5501
FIN,sptincj992,p0p90,1922,0.558
FIN,sptincj992,p0p90,1923,0.5690000000000001
FIN,sptincj992,p0p90,1924,0.5754
FIN,sptincj992,p0p90,1925,0.5805
FIN,sptincj992,p0p90,1926,0.5906
FIN,sptincj992,p0p90,1927,0.5965
FIN,sptincj992,p0p90,1928,0.6024
FIN,sptincj992,p0p90,1929,0.6093000000000001
FIN,sptincj992,p0p90,1930,0.6156
FIN,sptincj992,p0p90,1931,0.6135
FIN,sptincj992,p0p90,1932,0.6129
FIN,sptincj992,p0p90,1933,0.6093000000000001
FIN,sptincj992,p0p90,1934,0.6082000000000001
FIN,sptincj992,p0p90,1935,0.6102000000000001
FIN,sptincj992,p0p90,1936,0.6071000000000001
FIN,sptincj992,p0p90,1937,0.6038
FIN,sptincj992,p0p90,1938,0.6038
FIN,sptincj992,p0p90,1939,0.6013000000000001
FIN,sptincj992,p0p90,1940,0.603
FIN,sptincj992,p0p90,1941,0.6117
FIN,sptincj992,p0p90,1942,0.6175
FIN,sptincj992,p0p90,1943,0.6286
FIN,sptincj992,p0p90,1944,0.6349
FIN,sptincj992,p0p90,1945,0.64
FIN,sptincj992,p0p90,1946,0.652
FIN,sptincj992,p0p90,1947,0.6576000000000001
FIN,sptincj992,p0p90,1948,0.6625
FIN,sptincj992,p0p90,1949,0.6703
FIN,sptincj992,p0p90,1950,0.6748000000000001
FIN,sptincj992,p0p90,1951,0.6735
FIN,sptincj992,p0p90,1952,0.6739
FIN,sptincj992,p0p90,1953,0.6717000000000001
FIN,sptincj992,p0p90,1954,0.6711
FIN,sptincj992,p0p90,1955,0.6722
FIN,sptincj992,p0p90,1956,0.67
FIN,sptincj992,p0p90,1957,0.6707000000000001
FIN,sptincj992,p0p90,1958,0.6704
FIN,sptincj992,p0p90,1959,0.6683
FIN,sptincj992,p0p90,1960,0.6713
FIN,sptincj992,p0p90,1961,0.6725
FIN,sptincj992,p0p90,1962,0.6775
FIN,sptincj992,p0p90,1963,0.6775
FIN,sptincj992,p0p90,1964,0.6829000000000001
FIN,sptincj992,p0p90,1965,0.6864
FIN,sptincj992,p0p90,1966,0.6884
FIN,sptincj992,p0p90,1967,0.6914
FIN,sptincj992,p0p90,1968,0.6955
FIN,sptincj992,p0p90,1969,0.7040000000000001
FIN,sptincj992,p0p90,1970,0.7063
FIN,sptincj992,p0p90,1971,0.7084
FIN,sptincj992,p0p90,1972,0.7096
FIN,sptincj992,p0p90,1973,0.7154
FIN,sptincj992,p0p90,1974,0.7179
FIN,sptincj992,p0p90,1975,0.7199
FIN,sptincj992,p0p90,1976,0.7241000000000001
FIN,sptincj992,p0p90,1977,0.7267
FIN,sptincj992,p0p90,1978,0.7293000000000001
FIN,sptincj992,p0p90,1979,0.7322000000000001
FIN,sptincj992,p0p90,1980,0.7278
FIN,sptincj992,p0p90,1981,0.7394000000000001
FIN,sptincj992,p0p90,1982,0.7414000000000001
FIN,sptincj992,p0p90,1983,0.7413000000000001
FIN,sptincj992,p0p90,1984,0.7329
FIN,sptincj992,p0p90,1985,0.7368
FIN,sptincj992,p0p90,1986,0.74
FIN,sptincj992,p0p90,1987,0.7256
FIN,sptincj992,p0p90,1988,0.7252000000000001
FIN,sptincj992,p0p90,1989,0.734
FIN,sptincj992,p0p90,1990,0.7479
FIN,sptincj992,p0p90,1991,0.7617
FIN,sptincj992,p0p90,1992,0.7628
FIN,sptincj992,p0p90,1993,0.7481
FIN,sptincj992,p0p90,1994,0.7175
FIN,sptincj992,p0p90,1995,0.7013
FIN,sptincj992,p0p90,1996,0.7003
FIN,sptincj992,p0p90,1997,0.6828000000000001
FIN,sptincj992,p0p90,1998,0.6726000000000001
FIN,sptincj992,p0p90,1999,0.6666000000000001
FIN,sptincj992,p0p90,2000,0.654
FIN,sptincj992,p0p90,2001,0.6624
FIN,sptincj992,p0p90,2002,0.6675
FIN,sptincj992,p0p90,2003,0.6742
FIN,sptincj992,p0p90,2004,0.6621
FIN,sptincj992,p0p90,2005,0.6787000000000001
FIN,sptincj992,p0p90,2006,0.6664
FIN,sptincj992,p0p90,2007,0.6689
FIN,sptincj992,p0p90,2008,0.6594
FIN,sptincj992,p0p90,2009,0.6772
FIN,sptincj992,p0p90,2010,0.6736000000000001
FIN,sptincj992,p0p90,2011,0.6765
FIN,sptincj992,p0p90,2012,0.6823
FIN,sptincj992,p0p90,2013,0.6847000000000001
FIN,sptincj992,p0p90,2014,0.6795
FIN,sptincj992,p0p90,2015,0.6707000000000001
FIN,sptincj992,p0p90,2016,0.671
FIN,sptincj992,p0p90,2017,0.6614
FIN,sptincj992,p0p90,2018,0.6641
FIN,sptincj992,p0p90,2019,0.6688000000000001
FIN,sptincj992,p0p90,2020,0.6688000000000001
FIN,sptincj992,p0p90,2021,0.6736000000000001
FIN,sptincj992,p0p90,2022,0.6775
FIN,sptincj992,p0p90,2023,0.6928000000000001
FIN,sptincj992,p0p90,2024,0.6928000000000001
FIN,sptincj992,p0p99,1920,0.7869
FIN,sptincj992,p0p99,1921,0.7912
FIN,sptincj992,p0p99,1922,0.7971
FIN,sptincj992,p0p99,1923,0.8075
FIN,sptincj992,p0p99,1924,0.8113
FIN,sptincj992,p0p99,1925,0.8133
FIN,sptincj992,p0p99,1926,0.8223
FIN,sptincj992,p0p99,1927,0.8255
FIN,sptincj992,p0p99,1928,0.8286
FIN,sptincj992,p0p99,1929,0.8331000000000001
FIN,sptincj992,p0p99,1930,0.8369000000000001
FIN,sptincj992,p0p99,1931,0.8373
FIN,sptincj992,p0p99,1932,0.8397
FIN,sptincj992,p0p99,1933,0.8380000000000001
FIN,sptincj992,p0p99,1934,0.8398
FIN,sptincj992,p0p99,1935,0.8458
FIN,sptincj992,p0p99,1936,0.8447
FIN,sptincj992,p0p99,1937,0.8434
FIN,sptincj992,p0p99,1938,0.8467
FIN,sptincj992,p0p99,1939,0.8464
FIN,sptincj992,p0p99,1940,0.8521000000000001
FIN,sptincj992,p0p99,1941,0.8584
FIN,sptincj992,p0p99,1942,0.8605
FIN,sptincj992,p0p99,1943,0.87
FIN,sptincj992,p0p99,1944,0.8728
FIN,sptincj992,p0p99,1945,0.874
FIN,sptincj992,p0p99,1946,0.8846
FIN,sptincj992,p0p99,1947,0.8865000000000001
FIN,sptincj992,p0p99,1948,0.8874000000000001
FIN,sptincj992,p0p99,1949,0.8923000000000001
FIN,sptincj992,p0p99,1950,0.8929
FIN,sptincj992,p0p99,1951,0.8922
FIN,sptincj992,p0p99,1952,0.8938
FIN,sptincj992,p0p99,1953,0.8919
FIN,sptincj992,p0p99,1954,0.8922
FIN,sptincj992,p0p99,1955,0.8946000000000001
FIN,sptincj992,p0p99,1956,0.8928
FIN,sptincj992,p0p99,1957,0.8948
FIN,sptincj992,p0p99,1958,0.8954000000000001
FIN,sptincj992,p0p99,1959,0.8936000000000001
FIN,sptincj992,p0p99,1960,0.8988
FIN,sptincj992,p0p99,1961,0.898
FIN,sptincj992,p0p99,1962,0.9024000000000001
FIN,sptincj992,p0p99,1963,0.9002
FIN,sptincj992,p0p99,1964,0.9051
FIN,sptincj992,p0p99,1965,0.9074000000000001
FIN,sptincj992,p0p99,1966,0.9078
FIN,sptincj992,p0p99,1967,0.9096000000000001
FIN,sptincj992,p0p99,1968,0.9127000000000001
FIN,sptincj992,p0p99,1969,0.9216000000000001
FIN,sptincj992,p0p99,1970,0.9224
FIN,sptincj992,p0p99,1971,0.9229
FIN,sptincj992,p0p99,1972,0.9223
FIN,sptincj992,p0p99,1973,0.9277000000000001
FIN,sptincj992,p0p99,1974,0.9286000000000001
FIN,sptincj992,p0p99,1975,0.9291
FIN,sptincj992,p0p99,1976,0.9324
FIN,sptincj992,p0p99,1977,0.9336000000000001
FIN,sptincj992,p0p99,1978,0.9348000000000001
FIN,sptincj992,p0p99,1979,0.9364
FIN,sptincj992,p0p99,1980,0.9359000000000001
FIN,sptincj992,p0p99,1981,0.9457000000000001
FIN,sptincj992,p0p99,1982,0.9479000000000001
FIN,sptincj992,p0p99,1983,0.9469000000000001
FIN,sptincj992,p0p99,1984,0.9401
FIN,sptincj992,p0p99,1985,0.9440000000000001
FIN,sptincj992,p0p99,1986,0.9468000000000001
FIN,sptincj992,p0p99,1987,0.9344
FIN,sptincj992,p0p99,1988,0.9328000000000001
FIN,sptincj992,p0p99,1989,0.9426
FIN,sptincj992,p0p99,1990,0.9551000000000001
FIN,sptincj992,p0p99,1991,0.9632000000000001
FIN,sptincj992,p0p99,1992,0.9631000000000001
FIN,sptincj992,p0p99,1993,0.9516
FIN,sptincj992,p0p99,1994,0.9283
FIN,sptincj992,p0p99,1995,0.9104000000000001
FIN,sptincj992,p0p99,1996,0.9096000000000001
FIN,sptincj992,p0p99,1997,0.8942
FIN,sptincj992,p0p99,1998,0.8839
FIN,sptincj992,p0p99,1999,0.8746
FIN,sptincj992,p0p99,2000,0.8652000000000001
FIN,sptincj992,p0p99,2001,0.8711000000000001
FIN,sptincj992,p0p99,2002,0.8747
FIN,sptincj992,p0p99,2003,0.882
FIN,sptincj992,p0p99,2004,0.8705
FIN,sptincj992,p0p99,2005,0.8899
FIN,sptincj992,p0p99,2006,0.8819
FIN,sptincj992,p0p99,2007,0.8845000000000001
FIN,sptincj992,p0p99,2008,0.8874000000000001
FIN,sptincj992,p0p99,2009,0.9099
FIN,sptincj992,p0p99,2010,0.9038
FIN,sptincj992,p0p99,2011,0.9076000000000001
FIN,sptincj992,p0p99,2012,0.9124
FIN,sptincj992,p0p99,2013,0.914
FIN,sptincj992,p0p99,2014,0.9099
FIN,sptincj992,p0p99,2015,0.9044000000000001
FIN,sptincj992,p0p99,2016,0.9032
FIN,sptincj992,p0p99,2017,0.8939
FIN,sptincj992,p0p99,2018,0.8953000000000001
FIN,sptincj992,p0p99,2019,0.8974000000000001
FIN,sptincj992,p0p99,2020,0.8974000000000001
FIN,sptincj992,p0p99,2021,0.8995000000000001
FIN,sptincj992,p0p99,2022,0.9003
FIN,sptincj992,p0p99,2023,0.9057000000000001
FIN,sptincj992,p0p99,2024,0.9057000000000001
FIN,sptincj992,p50p90,1920,0.358
FIN,sptincj992,p50p90,1921,0.3626
FIN,sptincj992,p50p90,1922,0.3679
FIN,sptincj992,p50p90,1923,0.3753
FIN,sptincj992,p50p90,1924,0.3797
FIN,sptincj992,p50p90,1925,0.3831
FIN,sptincj992,p50p90,1926,0.3899
FIN,sptincj992,p50p90,1927,0.394
FIN,sptincj992,p50p90,1928,0.398
FIN,sptincj992,p50p90,1929,0.4026
FIN,sptincj992,p50p90,1930,0.4069
FIN,sptincj992,p50p90,1931,0.4056
FIN,sptincj992,p50p90,1932,0.4051
FIN,sptincj992,p50p90,1933,0.4027
FIN,sptincj992,p50p90,1934,0.402
FIN,sptincj992,p50p90,1935,0.4033
FIN,sptincj992,p50p90,1936,0.4012
FIN,sptincj992,p50p90,1937,0.399
FIN,sptincj992,p50p90,1938,0.399
FIN,sptincj992,p50p90,1939,0.3973
FIN,sptincj992,p50p90,1940,0.3984
FIN,sptincj992,p50p90,1941,0.4043
FIN,sptincj992,p50p90,1942,0.4082
FIN,sptincj992,p50p90,1943,0.4156
FIN,sptincj992,p50p90,1944,0.4198
FIN,sptincj992,p50p90,1945,0.4233
FIN,sptincj992,p50p90,1946,0.4313
FIN,sptincj992,p50p90,1947,0.4351
FIN,sptincj992,p50p90,1948,0.4384
FIN,sptincj992,p50p90,1949,0.4436
FIN,sptincj992,p50p90,1950,0.4467
FIN,sptincj992,p50p90,1951,0.4458
FIN,sptincj992,p50p90,1952,0.446
FIN,sptincj992,p50p90,1953,0.4445
FIN,sptincj992,p50p90,1954,0.4441
FIN,sptincj992,p50p90,1955,0.4447
FIN,sptincj992,p50p90,1956,0.4432
FIN,sptincj992,p50p90,1957,0.4436
FIN,sptincj992,p50p90,1958,0.4433
FIN,sptincj992,p50p90,1959,0.4419
FIN,sptincj992,p50p90,1960,0.4439
FIN,sptincj992,p50p90,1961,0.4444
FIN,sptincj992,p50p90,1962,0.4474
FIN,sptincj992,p50p90,1963,0.4471
FIN,sptincj992,p50p90,1964,0.4504
FIN,sptincj992,p50p90,1965,0.4524
FIN,sptincj992,p50p90,1966,0.4534
FIN,sptincj992,p50p90,1967,0.4551
FIN,sptincj992,p50p90,1968,0.4575
FIN,sptincj992,p50p90,1969,0.4628
FIN,sptincj992,p50p90,1970,0.464
FIN,sptincj992,p50p90,1971,0.4651
FIN,sptincj992,p50p90,1972,0.4656
FIN,sptincj992,p50p90,1973,0.4692
FIN,sptincj992,p50p90,1974,0.4705
FIN,sptincj992,p50p90,1975,0.4715
FIN,sptincj992,p50p90,1976,0.474
FIN,sptincj992,p50p90,1977,0.4754
FIN,sptincj992,p50p90,1978,0.4768
FIN,sptincj992,p50p90,1979,0.4785
FIN,sptincj992,p50p90,1980,0.4926
FIN,sptincj992,p50p90,1981,0.5017
FIN,sptincj992,p50p90,1982,0.5062
FIN,sptincj992,p50p90,1983,0.5083
FIN,sptincj992,p50p90,1984,0.4897
FIN,sptincj992,p50p90,1985,0.4989
FIN,sptincj992,p50p90,1986,0.5011
FIN,sptincj992,p50p90,1987,0.4858
FIN,sptincj992,p50p90,1988,0.4884
FIN,sptincj992,p50p90,1989,0.4939
FIN,sptincj992,p50p90,1990,0.5003000000000001
FIN,sptincj992,p50p90,1991,0.5097
FIN,sptincj992,p50p90,1992,0.5087
FIN,sptincj992,p50p90,1993,0.4952
FIN,sptincj992,p50p90,1994,0.4786
FIN,sptincj992,p50p90,1995,0.4658
FIN,sptincj992,p50p90,1996,0.4669
FIN,sptincj992,p50p90,1997,0.4535
FIN,sptincj992,p50p90,1998,0.4435
FIN,sptincj992,p50p90,1999,0.436
FIN,sptincj992,p50p90,2000,0.4293
FIN,sptincj992,p50p90,2001,0.4351
FIN,sptincj992,p50p90,2002,0.4376
FIN,sptincj992,p50p90,2003,0.4453
FIN,sptincj992,p50p90,2004,0.435
FIN,sptincj992,p50p90,2005,0.4509
FIN,sptincj992,p50p90,2006,0.4442
FIN,sptincj992,p50p90,2007,0.446
FIN,sptincj992,p50p90,2008,0.4456
FIN,sptincj992,p50p90,2009,0.4607
FIN,sptincj992,p50p90,2010,0.4615
FIN,sptincj992,p50p90,2011,0.4637
FIN,sptincj992,p50p90,2012,0.4671
FIN,sptincj992,p50p90,2013,0.4662
FIN,sptincj992,p50p90,2014,0.4619
FIN,sptincj992,p50p90,2015,0.4571
FIN,sptincj992,p50p90,2016,0.4552
FIN,sptincj992,p50p90,2017,0.4459
FIN,sptincj992,p50p90,2018,0.4476
FIN,sptincj992,p50p90,2019,0.4508
FIN,sptincj992,p50p90,2020,0.4508
FIN,sptincj992,p50p90,2021,0.4548
FIN,sptincj992,p50p90,2022,0.4588
FIN,sptincj992,p50p90,2023,0.4663
FIN,sptincj992,p50p90,2024,0.4663
FIN,sptincj992,p90p100,1920,0.4566
FIN,sptincj992,p90p100,1921,0.4499
FIN,sptincj992,p90p100,1922,0.442
FIN,sptincj992,p90p100,1923,0.431
FIN,sptincj992,p90p100,1924,0.4246
FIN,sptincj992,p90p100,1925,0.4195
FIN,sptincj992,p90p100,1926,0.4094
FIN,sptincj992,p90p100,1927,0.4035
FIN,sptincj992,p90p100,1928,0.3976
FIN,sptincj992,p90p100,1929,0.3907
FIN,sptincj992,p90p100,1930,0.3844
FIN,sptincj992,p90p100,1931,0.3865
FIN,sptincj992,p90p100,1932,0.3871
FIN,sptincj992,p90p100,1933,0.3907
FIN,sptincj992,p90p100,1934,0.3918
FIN,sptincj992,p90p100,1935,0.3898
FIN,sptincj992,p90p100,1936,0.3929
FIN,sptincj992,p90p100,1937,0.3962
FIN,sptincj992,p90p100,1938,0.3962
FIN,sptincj992,p90p100,1939,0.3987
FIN,sptincj992,p90p100,1940,0.397
FIN,sptincj992,p90p100,1941,0.3883
FIN,sptincj992,p90p100,1942,0.3825
FIN,sptincj992,p90p100,1943,0.3714
FIN,sptincj992,p90p100,1944,0.3651
FIN,sptincj992,p90p100,1945,0.36
FIN,sptincj992,p90p100,1946,0.348
FIN,sptincj992,p90p100,1947,0.3424
FIN,sptincj992,p90p100,1948,0.3375
FIN,sptincj992,p90p100,1949,0.3297
FIN,sptincj992,p90p100,1950,0.3252
FIN,sptincj992,p90p100,1951,0.3265
FIN,sptincj992,p90p100,1952,0.3261
FIN,sptincj992,p90p100,1953,0.3283
FIN,sptincj992,p90p100,1954,0.3289
FIN,sptincj992,p90p100,1955,0.3278
FIN,sptincj992,p90p100,1956,0.33
FIN,sptincj992,p90p100,1957,0.3293
FIN,sptincj992,p90p100,1958,0.3296
FIN,sptincj992,p90p100,1959,0.3317
FIN,sptincj992,p90p100,1960,0.3287
FIN,sptincj992,p90p100,1961,0.3275
FIN,sptincj992,p90p100,1962,0.3225
FIN,sptincj992,p90p100,1963,0.3225
FIN,sptincj992,p90p100,1964,0.3171
FIN,sptincj992,p90p100,1965,0.3136
FIN,sptincj992,p90p100,1966,0.3116
FIN,sptincj992,p90p100,1967,0.3086
FIN,sptincj992,p90p100,1968,0.3045
FIN,sptincj992,p90p100,1969,0.296
FIN,sptincj992,p90p100,1970,0.2937
FIN,sptincj992,p90p100,1971,0.2916
FIN,sptincj992,p90p100,1972,0.2904
FIN,sptincj992,p90p100,1973,0.2846
FIN,sptincj992,p90p100,1974,0.2821
FIN,sptincj992,p90p100,1975,0.2801
FIN,sptincj992,p90p100,1976,0.2759
FIN,sptincj992,p90p100,1977,0.2733
FIN,sptincj992,p90p100,1978,0.2707
FIN,sptincj992,p90p100,1979,0.2678
FIN,sptincj992,p90p100,1980,0.2722
FIN,sptincj992,p90p100,1981,0.2606
FIN,sptincj992,p90p100,1982,0.2586
FIN,sptincj992,p90p100,1983,0.2587
FIN,sptincj992,p90p100,1984,0.2671
FIN,sptincj992,p90p100,1985,0.2632
FIN,sptincj992,p90p100,1986,0.26
FIN,sptincj992,p90p100,1987,0.2744
FIN,sptincj992,p90p100,1988,0.2748
FIN,sptincj992,p90p100,1989,0.266
FIN,sptincj992,p90p100,1990,0.2521
FIN,sptincj992,p90p100,1991,0.2383
FIN,sptincj992,p90p100,1992,0.2372
FIN,sptincj992,p90p100,1993,0.2519
FIN,sptincj992,p90p100,1994,0.2825
FIN,sptincj992,p90p100,1995,0.2987
FIN,sptincj992,p90p100,1996,0.2997
FIN,sptincj992,p90p100,1997,0.3172
FIN,sptincj992,p90p100,1998,0.3274
FIN,sptincj992,p90p100,1999,0.3334
FIN,sptincj992,p90p100,2000,0.346
FIN,sptincj992,p90p100,2001,0.3376
FIN,sptincj992,p90p100,2002,0.3325
FIN,sptincj992,p90p100,2003,0.3258
FIN,sptincj992,p90p100,2004,0.3379
FIN,sptincj992,p90p100,2005,0.3213
FIN,sptincj992,p90p100,2006,0.3336
FIN,sptincj992,p90p100,2007,0.3311
FIN,sptincj992,p90p100,2008,0.3406
FIN,sptincj992,p90p100,2009,0.3228
FIN,sptincj992,p90p100,2010,0.3264
FIN,sptincj992,p90p100,2011,0.3235
FIN,sptincj992,p90p100,2012,0.3177
FIN,sptincj992,p90p100,2013,0.3153
FIN,sptincj992,p90p100,2014,0.3205
FIN,sptincj992,p90p100,2015,0.3293
FIN,sptincj992,p90p100,2016,0.329
FIN,sptincj992,p90p100,2017,0.3386
FIN,sptincj992,p90p100,2018,0.3359
FIN,sptincj992,p90p100,2019,0.3312
FIN,sptincj992,p90p100,2020,0.3312
FIN,sptincj992,p90p100,2021,0.3264
FIN,sptincj992,p90p100,2022,0.3225
FIN,sptincj992,p90p100,2023,0.3072
FIN,sptincj992,p90p100,2024,0.3072
FIN,sptincj992,p99p100,1920,0.2131
FIN,sptincj992,p99p100,1921,0.2088
FIN,sptincj992,p99p100,1922,0.2029
FIN,sptincj992,p99p100,1923,0.1925
FIN,sptincj992,p99p100,1924,0.1887
FIN,sptincj992,p99p100,1925,0.1867
FIN,sptincj992,p99p100,1926,0.1777
FIN,sptincj992,p99p100,1927,0.1745
FIN,sptincj992,p99p100,1928,0.1714
FIN,sptincj992,p99p100,1929,0.1669
FIN,sptincj992,p99p100,1930,0.1631
FIN,sptincj992,p99p100,1931,0.1627
FIN,sptincj992,p99p100,1932,0.1603
FIN,sptincj992,p99p100,1933,0.162
FIN,sptincj992,p99p100,1934,0.1602
FIN,sptincj992,p99p100,1935,0.1542
FIN,sptincj992,p99p100,1936,0.1553
FIN,sptincj992,p99p100,1937,0.1566
FIN,sptincj992,p99p100,1938,0.1533
FIN,sptincj992,p99p100,1939,0.1536
FIN,sptincj992,p99p100,1940,0.1479
FIN,sptincj992,p99p100,1941,0.1416
FIN,sptincj992,p99p100,1942,0.1395
FIN,sptincj992,p99p100,1943,0.13
FIN,sptincj992,p99p100,1944,0.1272
FIN,sptincj992,p99p100,1945,0.126
FIN,sptincj992,p99p100,1946,0.1154
FIN,sptincj992,p99p100,1947,0.1135
FIN,sptincj992,p99p100,1948,0.1126
FIN,sptincj992,p99p100,1949,0.1077
FIN,sptincj992,p99p100,1950,0.1071
FIN,sptincj992,p99p100,1951,0.1078
FIN,sptincj992,p99p100,1952,0.1062
FIN,sptincj992,p99p100,1953,0.1081
FIN,sptincj992,p99p100,1954,0.1078
FIN,sptincj992,p99p100,1955,0.1054
FIN,sptincj992,p99p100,1956,0.1072
FIN,sptincj992,p99p100,1957,0.1052
FIN,sptincj992,p99p100,1958,0.1046
FIN,sptincj992,p99p100,1959,0.1064
FIN,sptincj992,p99p100,1960,0.1012
FIN,sptincj992,p99p100,1961,0.102
FIN,sptincj992,p99p100,1962,0.0976
FIN,sptincj992,p99p100,1963,0.0998
FIN,sptincj992,p99p100,1964,0.0949
FIN,sptincj992,p99p100,1965,0.0926
FIN,sptincj992,p99p100,1966,0.0922
FIN,sptincj992,p99p100,1967,0.0904
FIN,sptincj992,p99p100,1968,0.0873
FIN,sptincj992,p99p100,1969,0.0784
FIN,sptincj992,p99p100,1970,0.0776
FIN,sptincj992,p99p100,1971,0.0771
FIN,sptincj992,p99p100,1972,0.0777
FIN,sptincj992,p99p100,1973,0.0723
FIN,sptincj992,p99p100,1974,0.0714
FIN,sptincj992,p99p100,1975,0.0709
FIN,sptincj992,p99p100,1976,0.0676
FIN,sptincj992,p99p100,1977,0.0664
FIN,sptincj992,p99p100,1978,0.0652
FIN,sptincj992,p99p100,1979,0.0636
FIN,sptincj992,p99p100,1980,0.0641
FIN,sptincj992,p99p100,1981,0.0543
FIN,sptincj992,p99p100,1982,0.0521
FIN,sptincj992,p99p100,1983,0.0531
FIN,sptincj992,p99p100,1984,0.0599
FIN,sptincj992,p99p100,1985,0.056
FIN,sptincj992,p99p100,1986,0.0532
FIN,sptincj992,p99p100,1987,0.0656
FIN,sptincj992,p99p100,1988,0.0672
FIN,sptincj992,p99p100,1989,0.0574
FIN,sptincj992,p99p100,1990,0.0449
FIN,sptincj992,p99p100,1991,0.0368
FIN,sptincj992,p99p100,1992,0.0369
FIN,sptincj992,p99p100,1993,0.0484
FIN,sptincj992,p99p100,1994,0.0717
FIN,sptincj992,p99p100,1995,0.0896
FIN,sptincj992,p99p100,1996,0.0904
FIN,sptincj992,p99p100,1997,0.1058
FIN,sptincj992,p99p100,1998,0.1161
FIN,sptincj992,p99p100,1999,0.1254
FIN,sptincj992,p99p100,2000,0.1348
FIN,sptincj992,p99p100,2001,0.1289
FIN,sptincj992,p99p100,2002,0.1253
FIN,sptincj992,p99p100,2003,0.118
FIN,sptincj992,p99p100,2004,0.1295
FIN,sptincj992,p99p100,2005,0.1101
FIN,sptincj992,p99p100,2006,0.1181
FIN,sptincj992,p99p100,2007,0.1155
FIN,sptincj992,p99p100,2008,0.1126
FIN,sptincj992,p99p100,2009,0.0901
FIN,sptincj992,p99p100,2010,0.0962
FIN,sptincj992,p99p100,2011,0.0924
FIN,sptincj992,p99p100,2012,0.0876
FIN,sptincj992,p99p100,2013,0.086
FIN,sptincj992,p99p100,2014,0.0901
FIN,sptincj992,p99p100,2015,0.0956
FIN,sptincj992,p99p100,2016,0.0968
FIN,sptincj992,p99p100,2017,0.1061
FIN,sptincj992,p99p100,2018,0.1047
FIN,sptincj992,p99p100,2019,0.1026
FIN,sptincj992,p99p100,2020,0.1026
FIN,sptincj992,p99p100,2021,0.1005
FIN,sptincj992,p99p100,2022,0.0997
FIN,sptincj992,p99p100,2023,0.0943
FIN,sptincj992,p99p100,2024,0.0943
FRA,spllinf992,p0p100,1990,0.35440001
FRA,spllinf992,p0p100,1991,0.35659999
FRA,spllinf992,p0p100,1992,0.359
FRA,spllinf992,p0p100,1993,0.36559999
FRA,spllinf992,p0p100,1994,0.36790001
FRA,spllinf992,p0p100,1995,0.37059999
FRA,spllinf992,p0p100,1996,0.3524
FRA,spllinf992,p0p100,1997,0.35600001
FRA,spllinf992,p0p100,1998,0.3576
FRA,spllinf992,p0p100,1999,0.35659999
FRA,spllinf992,p0p100,2000,0.36070001
FRA,spllinf992,p0p100,2001,0.36219999
FRA,spllinf992,p0p100,2002,0.37369999
FRA,spllinf992,p0p100,2003,0.37529999
FRA,spllinf992,p0p100,2004,0.37990001
FRA,spllinf992,p0p100,2005,0.3845
FRA,spllinf992,p0p100,2006,0.3874
FRA,spllinf992,p0p100,2007,0.39480001
FRA,spllinf992,p0p100,2008,0.39680001
FRA,spllinf992,p0p100,2009,0.398
FRA,spllinf992,p0p100,2010,0.396
FRA,spllinf992,p0p100,2011,0.39809999
FRA,spllinf992,p0p100,2012,0.39829999
FRA,spllinf992,p0p100,2013,0.40239999
FRA,spllinf992,p0p100,2014,0.40540001
FRA,spllinf992,p0p100,2015,0.41119999
FRA,spllinf992,p0p100,2016,0.40959999
FRA,spllinf992,p0p100,2017,0.4161
FRA,spllinf992,p0p100,2018,0.41460001
FRA,spllinf992,p0p100,2019,0.42210001
FRA,spllinf992,p0p100,2020,0.4258
FRA,spllinf992,p0p100,2021,0.4224
FRA,spllinf992,p0p100,2022,0.43259999
FRA,spllinf992,p0p100,2023,0.4355
FRA,spllinf992,p0p100,2024,0.4368
FRA,spllinf992,p0p50,1970,0.0039
FRA,spllinf992,p0p50,1971,0.0064
FRA,spllinf992,p0p50,1972,0.009
FRA,spllinf992,p0p50,1973,0.0115
FRA,spllinf992,p0p50,1974,0.014
FRA,spllinf992,p0p50,1975,0.0166
FRA,spllinf992,p0p50,1976,0.0182
FRA,spllinf992,p0p50,1977,0.0198
FRA,spllinf992,p0p50,1978,0.0215
FRA,spllinf992,p0p50,1979,0.0232
FRA,spllinf992,p0p50,1980,0.0249
FRA,spllinf992,p0p50,1981,0.0266
FRA,spllinf992,p0p50,1982,0.0284
FRA,spllinf992,p0p50,1983,0.0301
FRA,spllinf992,p0p50,1984,0.0318
FRA,spllinf992,p0p50,1985,0.0518
FRA,spllinf992,p0p50,1986,0.0718
FRA,spllinf992,p0p50,1987,0.0919
FRA,spllinf992,p0p50,1988,0.1121
FRA,spllinf992,p0p50,1989,0.1103
FRA,spllinf992,p0p50,1990,0.1084
FRA,spllinf992,p0p50,1991,0.1168
FRA,spllinf992,p0p50,1992,0.1204
FRA,spllinf992,p0p50,1993,0.1238
FRA,spllinf992,p0p50,1994,0.1272
FRA,spllinf992,p0p50,1995,0.1283
FRA,spllinf992,p0p50,1996,0.1326
FRA,spllinf992,p0p50,1997,0.1358
FRA,spllinf992,p0p50,1998,0.137
FRA,spllinf992,p0p50,1999,0.1386
FRA,spllinf992,p0p50,2000,0.1432
FRA,spllinf992,p0p50,2001,0.1509
FRA,spllinf992,p0p50,2002,0.1594
FRA,spllinf992,p0p50,2003,0.1582
FRA,spllinf992,p0p50,2004,0.1626
FRA,spllinf992,p0p50,2005,0.1663
FRA,spllinf992,p0p50,2006,0.1665
FRA,spllinf992,p0p50,2007,0.1725
FRA,spllinf992,p0p50,2008,0.1758
FRA,spllinf992,p0p50,2009,0.1774
FRA,spllinf992,p0p50,2010,0.1798
FRA,spllinf992,p0p50,2011,0.1858
FRA,spllinf992,p0p50,2012,0.1879
FRA,spllinf992,p0p50,2013,0.1883
FRA,spllinf992,p0p50,2014,0.1884
FRA,spllinf992,p0p90,1970,0.5537
FRA,spllinf992,p0p90,1971,0.5634
FRA,spllinf992,p0p90,1972,0.5719
FRA,spllinf992,p0p90,1973,0.5814
FRA,spllinf992,p0p90,1974,0.5915
FRA,spllinf992,p0p90,1975,0.6012
FRA,spllinf992,p0p90,1976,0.6065
FRA,spllinf992,p0p90,1977,0.6115
FRA,spllinf992,p0p90,1978,0.6154
FRA,spllinf992,p0p90,1979,0.6202
FRA,spllinf992,p0p90,1980,0.624
FRA,spllinf992,p0p90,1981,0.628
FRA,spllinf992,p0p90,1982,0.6304
FRA,spllinf992,p0p90,1983,0.633
FRA,spllinf992,p0p90,1984,0.636
FRA,spllinf992,p0p90,1985,0.6465
FRA,spllinf992,p0p90,1986,0.6571
FRA,spllinf992,p0p90,1987,0.6682
FRA,spllinf992,p0p90,1988,0.6793
FRA,spllinf992,p0p90,1989,0.673
FRA,spllinf992,p0p90,1990,0.6681
FRA,spllinf992,p0p90,1991,0.6879
FRA,spllinf992,p0p90,1992,0.6881
FRA,spllinf992,p0p90,1993,0.6891
FRA,spllinf992,p0p90,1994,0.6897
FRA,spllinf992,p0p90,1995,0.6907
FRA,spllinf992,p0p90,1996,0.6937
FRA,spllinf992,p0p90,1997,0.6972
FRA,spllinf992,p0p90,1998,0.6974
FRA,spllinf992,p0p90,1999,0.6971
FRA,spllinf992,p0p90,2000,0.6996
FRA,spllinf992,p0p90,2001,0.7021
FRA,spllinf992,p0p90,2002,0.7078
FRA,spllinf992,p0p90,2003,0.707
FRA,spllinf992,p0p90,2004,0.7087
FRA,spllinf992,p0p90,2005,0.7113
FRA,spllinf992,p0p90,2006,0.7116
FRA,spllinf992,p0p90,2007,0.7129
FRA,spllinf992,p0p90,2008,0.7147
FRA,spllinf992,p0p90,2009,0.7182
FRA,spllinf992,p0p90,2010,0.7177
FRA,spllinf992,p0p90,2011,0.7192
FRA,spllinf992,p0p90,2012,0.7214
FRA,spllinf992,p0p90,2013,0.7218
FRA,spllinf992,p0p90,2014,0.7222
FRA,spllinf992,p0p99,1970,0.9082
FRA,spllinf992,p0p99,1971,0.9108
FRA,spllinf992,p0p99,1972,0.9114
FRA,spllinf992,p0p99,1973,0.9136
FRA,spllinf992,p0p99,1974,0.9165
FRA,spllinf992,p0p99,1975,0.9186
FRA,spllinf992,p0p99,1976,0.9197
FRA,spllinf992,p0p99,1977,0.9204
FRA,spllinf992,p0p99,1978,0.9201
FRA,spllinf992,p0p99,1979,0.9208
FRA,spllinf992,p0p99,1980,0.9227
FRA,spllinf992,p0p99,1981,0.9254
FRA,spllinf992,p0p99,1982,0.9263
FRA,spllinf992,p0p99,1983,0.9276
FRA,spllinf992,p0p99,1984,0.9293
FRA,spllinf992,p0p99,1985,0.9305
FRA,spllinf992,p0p99,1986,0.9318
FRA,spllinf992,p0p99,1987,0.9337
FRA,spllinf992,p0p99,1988,0.9356
FRA,spllinf992,p0p99,1989,0.9354
FRA,spllinf992,p0p99,1990,0.9365
FRA,spllinf992,p0p99,1991,0.9415
FRA,spllinf992,p0p99,1992,0.9414
FRA,spllinf992,p0p99,1993,0.9422
FRA,spllinf992,p0p99,1994,0.9424
FRA,spllinf992,p0p99,1995,0.9433
FRA,spllinf992,p0p99,1996,0.9435
FRA,spllinf992,p0p99,1997,0.9444
FRA,spllinf992,p0p99,1998,0.9441
FRA,spllinf992,p0p99,1999,0.9431
FRA,spllinf992,p0p99,2000,0.943
FRA,spllinf992,p0p99,2001,0.942
FRA,spllinf992,p0p99,2002,0.9427
FRA,spllinf992,p0p99,2003,0.9431
FRA,spllinf992,p0p99,2004,0.9425
FRA,spllinf992,p0p99,2005,0.9429
FRA,spllinf992,p0p99,2006,0.9426
FRA,spllinf992,p0p99,2007,0.9421
FRA,spllinf992,p0p99,2008,0.9423
FRA,spllinf992,p0p99,2009,0.9447
FRA,spllinf992,p0p99,2010,0.9437
FRA,spllinf992,p0p99,2011,0.9434
FRA,spllinf992,p0p99,2012,0.9441
FRA,spllinf992,p0p99,2013,0.9444
FRA,spllinf992,p0p99,2014,0.9447
FRA,spllinf992,p50p90,1970,0.5499
FRA,spllinf992,p50p90,1971,0.5569
FRA,spllinf992,p50p90,1972,0.5629
FRA,spllinf992,p50p90,1973,0.5699
FRA,spllinf992,p50p90,1974,0.5775
FRA,spllinf992,p50p90,1975,0.5846
FRA,spllinf992,p50p90,1976,0.5883
FRA,spllinf992,p50p90,1977,0.5916
FRA,spllinf992,p50p90,1978,0.5939
FRA,spllinf992,p50p90,1979,0.597
FRA,spllinf992,p50p90,1980,0.5991
FRA,spllinf992,p50p90,1981,0.6015
FRA,spllinf992,p50p90,1982,0.6021
FRA,spllinf992,p50p90,1983,0.6029
FRA,spllinf992,p50p90,1984,0.6042
FRA,spllinf992,p50p90,1985,0.5947
FRA,spllinf992,p50p90,1986,0.5853
FRA,spllinf992,p50p90,1987,0.5763
FRA,spllinf992,p50p90,1988,0.5672
FRA,spllinf992,p50p90,1989,0.5627
FRA,spllinf992,p50p90,1990,0.5597
FRA,spllinf992,p50p90,1991,0.571
FRA,spllinf992,p50p90,1992,0.5678
FRA,spllinf992,p50p90,1993,0.5653
FRA,spllinf992,p50p90,1994,0.5625
FRA,spllinf992,p50p90,1995,0.5624
FRA,spllinf992,p50p90,1996,0.5611
FRA,spllinf992,p50p90,1997,0.5613
FRA,spllinf992,p50p90,1998,0.5604
FRA,spllinf992,p50p90,1999,0.5585
FRA,spllinf992,p50p90,2000,0.5564
FRA,spllinf992,p50p90,2001,0.5512
FRA,spllinf992,p50p90,2002,0.5484
FRA,spllinf992,p50p90,2003,0.5488
FRA,spllinf992,p50p90,2004,0.5461
FRA,spllinf992,p50p90,2005,0.5449
FRA,spllinf992,p50p90,2006,0.545
FRA,spllinf992,p50p90,2007,0.5404
FRA,spllinf992,p50p90,2008,0.5388
FRA,spllinf992,p50p90,2009,0.5408
FRA,spllinf992,p50p90,2010,0.5379
FRA,spllinf992,p50p90,2011,0.5334
FRA,spllinf992,p50p90,2012,0.5335
FRA,spllinf992,p50p90,2013,0.5336
FRA,spllinf992,p50p90,2014,0.5338
FRA,spllinf992,p90p100,1970,0.4463
FRA,spllinf992,p90p100,1971,0.4366
FRA,spllinf992,p90p100,1972,0.4281
FRA,spllinf992,p90p100,1973,0.4186
FRA,spllinf992,p90p100,1974,0.4085
FRA,spllinf992,p90p100,1975,0.3988
FRA,spllinf992,p90p100,1976,0.3935
FRA,spllinf992,p90p100,1977,0.3885
FRA,spllinf992,p90p100,1978,0.3846
FRA,spllinf992,p90p100,1979,0.3798
FRA,spllinf992,p90p100,1980,0.376
FRA,spllinf992,p90p100,1981,0.372
FRA,spllinf992,p90p100,1982,0.3696
FRA,spllinf992,p90p100,1983,0.367
FRA,spllinf992,p90p100,1984,0.364
FRA,spllinf992,p90p100,1985,0.3535
FRA,spllinf992,p90p100,1986,0.3429
FRA,spllinf992,p90p100,1987,0.3318
FRA,spllinf992,p90p100,1988,0.3207
FRA,spllinf992,p90p100,1989,0.327
FRA,spllinf992,p90p100,1990,0.3319
FRA,spllinf992,p90p100,1991,0.3121
FRA,spllinf992,p90p100,1992,0.3119
FRA,spllinf992,p90p100,1993,0.3109
FRA,spllinf992,p90p100,1994,0.3103
FRA,spllinf992,p90p100,1995,0.3093
FRA,spllinf992,p90p100,1996,0.3063
FRA,spllinf992,p90p100,1997,0.3028
FRA,spllinf992,p90p100,1998,0.3026
FRA,spllinf992,p90p100,1999,0.3029
FRA,spllinf992,p90p100,2000,0.3004
FRA,spllinf992,p90p100,2001,0.2979
FRA,spllinf992,p90p100,2002,0.2922
FRA,spllinf992,p90p100,2003,0.293
FRA,spllinf992,p90p100,2004,0.2913
FRA,spllinf992,p90p100,2005,0.2887
FRA,spllinf992,p90p100,2006,0.2884
FRA,spllinf992,p90p100,2007,0.2871
FRA,spllinf992,p90p100,2008,0.2853
FRA,spllinf992,p90p100,2009,0.2818
FRA,spllinf992,p90p100,2010,0.2823
FRA,spllinf992,p90p100,2011,0.2808
FRA,spllinf992,p90p100,2012,0.2786
FRA,spllinf992,p90p100,2013,0.2782
FRA,spllinf992,p90p100,2014,0.2778
FRA,spllinf992,p99p100,1970,0.0918
FRA,spllinf992,p99p100,1971,0.0892
FRA,spllinf992,p99p100,1972,0.0886
FRA,spllinf992,p99p100,1973,0.0864
FRA,spllinf992,p99p100,1974,0.0835
FRA,spllinf992,p99p100,1975,0.0814
FRA,spllinf992,p99p100,1976,0.0803
FRA,spllinf992,p99p100,1977,0.0796
FRA,spllinf992,p99p100,1978,0.0799
FRA,spllinf992,p99p100,1979,0.0792
FRA,spllinf992,p99p100,1980,0.0773
FRA,spllinf992,p99p100,1981,0.0746
FRA,spllinf992,p99p100,1982,0.0737
FRA,spllinf992,p99p100,1983,0.0724
FRA,spllinf992,p99p100,1984,0.0707
FRA,spllinf992,p99p100,1985,0.0695
FRA,spllinf992,p99p100,1986,0.0682
FRA,spllinf992,p99p100,1987,0.0663
FRA,spllinf992,p99p100,1988,0.0644
FRA,spllinf992,p99p100,1989,0.0646
FRA,spllinf992,p99p100,1990,0.0635
FRA,spllinf992,p99p100,1991,0.0585
FRA,spllinf992,p99p100,1992,0.0586
FRA,spllinf992,p99p100,1993,0.0578
FRA,spllinf992,p99p100,1994,0.0576
FRA,spllinf992,p99p100,1995,0.0567
FRA,spllinf992,p99p100,1996,0.0565
FRA,spllinf992,p99p100,1997,0.0556
FRA,spllinf992,p99p100,1998,0.0559
FRA,spllinf992,p99p100,1999,0.0569
FRA,spllinf992,p99p100,2000,0.057
FRA,spllinf992,p99p100,2001,0.058
FRA,spllinf992,p99p100,2002,0.0573
FRA,spllinf992,p99p100,2003,0.0569
FRA,spllinf992,p99p100,2004,0.0575
FRA,spllinf992,p99p100,2005,0.0571
FRA,spllinf992,p99p100,2006,0.0574
FRA,spllinf992,p99p100,2007,0.0579
FRA,spllinf992,p99p100,2008,0.0577
FRA,spllinf992,p99p100,2009,0.0553
FRA,spllinf992,p99p100,2010,0.0563
FRA,spllinf992,p99p100,2011,0.0566
FRA,spllinf992,p99p100,2012,0.0559
FRA,spllinf992,p99p100,2013,0.0556
FRA,spllinf992,p99p100,2014,0.0553
FRA,sptincj992,p0p99,1820,0.803
FRA,sptincj992,p0p99,1850,0.792
FRA,sptincj992,p0p99,1880,0.785
FRA,sptincj992,p0p99,1900,0.7631
FRA,sptincj992,p0p99,1910,0.7727
FRA,sptincj992,p0p99,1915,0.8011
FRA,sptincj992,p0p99,1916,0.7707
FRA,sptincj992,p0p99,1917,0.7734000000000001
FRA,sptincj992,p0p99,1918,0.7986000000000001
FRA,sptincj992,p0p99,1919,0.7896000000000001
FRA,sptincj992,p0p99,1920,0.7987000000000001
FRA,sptincj992,p0p99,1921,0.8081
FRA,sptincj992,p0p99,1922,0.79
FRA,sptincj992,p0p99,1923,0.7666000000000001
FRA,sptincj992,p0p99,1924,0.7836000000000001
FRA,sptincj992,p0p99,1925,0.7898000000000001
FRA,sptincj992,p0p99,1926,0.7935
FRA,sptincj992,p0p99,1927,0.7865000000000001
FRA,sptincj992,p0p99,1928,0.7851
FRA,sptincj992,p0p99,1929,0.7988000000000001
FRA,sptincj992,p0p99,1930,0.8267
FRA,sptincj992,p0p99,1931,0.8345
FRA,sptincj992,p0p99,1932,0.8304
FRA,sptincj992,p0p99,1933,0.8225
FRA,sptincj992,p0p99,1934,0.8228000000000001
FRA,sptincj992,p0p99,1935,0.8153
FRA,sptincj992,p0p99,1936,0.8261000000000001
FRA,sptincj992,p0p99,1937,0.8245
FRA,sptincj992,p0p99,1938,0.8339000000000001
FRA,sptincj992,p0p99,1939,0.8349000000000001
FRA,sptincj992,p0p99,1940,0.8312
FRA,sptincj992,p0p99,1941,0.8388
FRA,sptincj992,p0p99,1942,0.8525
FRA,sptincj992,p0p99,1943,0.8808
FRA,sptincj992,p0p99,1944,0.8994000000000001
FRA,sptincj992,p0p99,1945,0.9146000000000001
FRA,sptincj992,p0p99,1946,0.8949
FRA,sptincj992,p0p99,1947,0.8921
FRA,sptincj992,p0p99,1948,0.9001
FRA,sptincj992,p0p99,1949,0.8965000000000001
FRA,sptincj992,p0p99,1950,0.8957
FRA,sptincj992,p0p99,1951,0.8921
FRA,sptincj992,p0p99,1952,0.8895000000000001
FRA,sptincj992,p0p99,1953,0.8906000000000001
FRA,sptincj992,p0p99,1954,0.8886000000000001
FRA,sptincj992,p0p99,1955,0.8864000000000001
FRA,sptincj992,p0p99,1956,0.8894000000000001
FRA,sptincj992,p0p99,1957,0.8867
FRA,sptincj992,p0p99,1958,0.8954000000000001
FRA,sptincj992,p0p99,1959,0.8868
FRA,sptincj992,p0p99,1960,0.8847
FRA,sptincj992,p0p99,1961,0.8835000000000001
FRA,sptincj992,p0p99,1962,0.8895000000000001
FRA,sptincj992,p0p99,1963,0.8918
FRA,sptincj992,p0p99,1964,0.8906000000000001
FRA,sptincj992,p0p99,1965,0.8897
FRA,sptincj992,p0p99,1966,0.8918
FRA,sptincj992,p0p99,1967,0.8919
FRA,sptincj992,p0p99,1968,0.8974000000000001
FRA,sptincj992,p0p99,1969,0.9
FRA,sptincj992,p0p99,1970,0.9024000000000001
FRA,sptincj992,p0p99,1971,0.9022
FRA,sptincj992,p0p99,1972,0.904
FRA,sptincj992,p0p99,1973,0.898
FRA,sptincj992,p0p99,1974,0.9016000000000001
FRA,sptincj992,p0p99,1975,0.908
FRA,sptincj992,p0p99,1976,0.9078
FRA,sptincj992,p0p99,1977,0.9135000000000001
FRA,sptincj992,p0p99,1978,0.916
FRA,sptincj992,p0p99,1979,0.9125000000000001
FRA,sptincj992,p0p99,1980,0.9246000000000001
FRA,sptincj992,p0p99,1981,0.9266000000000001
FRA,sptincj992,p0p99,1982,0.9297000000000001
FRA,sptincj992,p0p99,1983,0.9302
FRA,sptincj992,p0p99,1984,0.9299000000000001
FRA,sptincj992,p0p99,1985,0.9273
FRA,sptincj992,p0p99,1986,0.9216000000000001
FRA,sptincj992,p0p99,1987,0.9178000000000001
FRA,sptincj992,p0p99,1988,0.9156000000000001
FRA,sptincj992,p0p99,1989,0.9109
FRA,sptincj992,p0p99,1990,0.9103
FRA,sptincj992,p0p99,1991,0.9097000000000001
FRA,sptincj992,p0p99,1992,0.9128000000000001
FRA,sptincj992,p0p99,1993,0.9134
FRA,sptincj992,p0p99,1994,0.9087000000000001
FRA,sptincj992,p0p99,1995,0.9071
FRA,sptincj992,p0p99,1996,0.8978
FRA,sptincj992,p0p99,1997,0.8933000000000001
FRA,sptincj992,p0p99,1998,0.8882
FRA,sptincj992,p0p99,1999,0.8895000000000001
FRA,sptincj992,p0p99,2000,0.8867
FRA,sptincj992,p0p99,2001,0.885
FRA,sptincj992,p0p99,2002,0.8892
FRA,sptincj992,p0p99,2003,0.888
FRA,sptincj992,p0p99,2004,0.8829
FRA,sptincj992,p0p99,2005,0.8848
FRA,sptincj992,p0p99,2006,0.8883000000000001
FRA,sptincj992,p0p99,2007,0.8815000000000001
FRA,sptincj992,p0p99,2008,0.8791
FRA,sptincj992,p0p99,2009,0.8964000000000001
FRA,sptincj992,p0p99,2010,0.8898
FRA,sptincj992,p0p99,2011,0.8876000000000001
FRA,sptincj992,p0p99,2012,0.8976000000000001
FRA,sptincj992,p0p99,2013,0.9045000000000001
FRA,sptincj992,p0p99,2014,0.9021
FRA,sptincj992,p0p99,2015,0.8966000000000001
FRA,sptincj992,p0p99,2016,0.8961
FRA,sptincj992,p0p99,2017,0.8921
FRA,sptincj992,p0p99,2018,0.8825000000000001
FRA,sptincj992,p0p99,2019,0.8861
FRA,sptincj992,p0p99,2020,0.8885000000000001
FRA,sptincj992,p0p99,2021,0.8728
FRA,sptincj992,p0p99,2022,0.879
FRA,sptincj992,p0p99,2023,0.8818
FRA,sptincj992,p0p99,2024,0.8818
FRA,sptincj992,p0p100,1820,1
FRA,sptincj992,p0p100,1850,1
FRA,sptincj992,p0p100,1880,1
FRA,sptincj992,p0p100,1900,1
FRA,sptincj992,p0p100,1910,1
FRA,sptincj992,p0p100,1915,1
FRA,sptincj992,p0p100,1916,1
FRA,sptincj992,p0p100,1917,1
FRA,sptincj992,p0p100,1918,1
FRA,sptincj992,p0p100,1919,1
FRA,sptincj992,p0p100,1920,1
FRA,sptincj992,p0p100,1921,1
FRA,sptincj992,p0p100,1922,1
FRA,sptincj992,p0p100,1923,1
FRA,sptincj992,p0p100,1924,1
FRA,sptincj992,p0p100,1925,1
FRA,sptincj992,p0p100,1926,1
FRA,sptincj992,p0p100,1927,1
FRA,sptincj992,p0p100,1928,1
FRA,sptincj992,p0p100,1929,1
FRA,sptincj992,p0p100,1930,1
FRA,sptincj992,p0p100,1931,1
FRA,sptincj992,p0p100,1932,1
FRA,sptincj992,p0p100,1933,1
FRA,sptincj992,p0p100,1934,1
FRA,sptincj992,p0p100,1935,1
FRA,sptincj992,p0p100,1936,1
FRA,sptincj992,p0p100,1937,1
FRA,sptincj992,p0p100,1938,1
FRA,sptincj992,p0p100,1939,1
FRA,sptincj992,p0p100,1940,1
FRA,sptincj992,p0p100,1941,1
FRA,sptincj992,p0p100,1942,1
FRA,sptincj992,p0p100,1943,1
FRA,sptincj992,p0p100,1944,1
FRA,sptincj992,p0p100,1945,1
FRA,sptincj992,p0p100,1946,1
FRA,sptincj992,p0p100,1947,1
FRA,sptincj992,p0p100,1948,1
FRA,sptincj992,p0p100,1949,1
FRA,sptincj992,p0p100,1950,1
FRA,sptincj992,p0p100,1951,1
FRA,sptincj992,p0p100,1952,1
FRA,sptincj992,p0p100,1953,1
FRA,sptincj992,p0p100,1954,1
FRA,sptincj992,p0p100,1955,1
FRA,sptincj992,p0p100,1956,1
FRA,sptincj992,p0p100,1957,1
FRA,sptincj992,p0p100,1958,1
FRA,sptincj992,p0p100,1959,1
FRA,sptincj992,p0p100,1960,1
FRA,sptincj992,p0p100,1961,1
FRA,sptincj992,p0p100,1962,1
FRA,sptincj992,p0p100,1963,1
FRA,sptincj992,p0p100,1964,1
FRA,sptincj992,p0p100,1965,1
FRA,sptincj992,p0p100,1966,1
FRA,sptincj992,p0p100,1967,1
FRA,sptincj992,p0p100,1968,1
FRA,sptincj992,p0p100,1969,1
FRA,sptincj992,p0p100,1970,1
FRA,sptincj992,p0p100,1971,1
FRA,sptincj992,p0p100,1972,1
FRA,sptincj992,p0p100,1973,1
FRA,sptincj992,p0p100,1974,1
FRA,sptincj992,p0p100,1975,1
FRA,sptincj992,p0p100,1976,1
FRA,sptincj992,p0p100,1977,1
FRA,sptincj992,p0p100,1978,1
FRA,sptincj992,p0p100,1979,1
FRA,sptincj992,p0p100,1980,1
FRA,sptincj992,p0p100,1981,1
FRA,sptincj992,p0p100,1982,1
FRA,sptincj992,p0p100,1983,1
FRA,sptincj992,p0p100,1984,1
FRA,sptincj992,p0p100,1985,1
FRA,sptincj992,p0p100,1986,1
FRA,sptincj992,p0p100,1987,1
FRA,sptincj992,p0p100,1988,1
FRA,sptincj992,p0p100,1989,1
FRA,sptincj992,p0p100,1990,1
FRA,sptincj992,p0p100,1991,1
FRA,sptincj992,p0p100,1992,1
FRA,sptincj992,p0p100,1993,1
FRA,sptincj992,p0p100,1994,1
FRA,sptincj992,p0p100,1995,1
FRA,sptincj992,p0p100,1996,1
FRA,sptincj992,p0p100,1997,1
FRA,sptincj992,p0p100,1998,1
FRA,sptincj992,p0p100,1999,1
FRA,sptincj992,p0p100,2000,1
FRA,sptincj992,p0p100,2001,1
FRA,sptincj992,p0p100,2002,1
FRA,sptincj992,p0p100,2003,1
FRA,sptincj992,p0p100,2004,1
FRA,sptincj992,p0p100,2005,1
FRA,sptincj992,p0p100,2006,1
FRA,sptincj992,p0p100,2007,1
FRA,sptincj992,p0p100,2008,1
FRA,sptincj992,p0p100,2009,1
FRA,sptincj992,p0p100,2010,1
FRA,sptincj992,p0p100,2011,1
FRA,sptincj992,p0p100,2012,1
FRA,sptincj992,p0p100,2013,1
FRA,sptincj992,p0p100,2014,1
FRA,sptincj992,p0p100,2015,1
FRA,sptincj992,p0p100,2016,1
FRA,sptincj992,p0p100,2017,1
FRA,sptincj992,p0p100,2018,1
FRA,sptincj992,p0p100,2019,1
FRA,sptincj992,p0p100,2020,1
FRA,sptincj992,p0p100,2021,1
FRA,sptincj992,p0p100,2022,1
FRA,sptincj992,p0p100,2023,1
FRA,sptincj992,p0p100,2024,1
FRA,sptincj992,p0p50,1820,0.1483
FRA,sptincj992,p0p50,1850,0.146
FRA,sptincj992,p0p50,1880,0.1453
FRA,sptincj992,p0p50,1900,0.163
FRA,sptincj992,p0p50,1910,0.1455
FRA,sptincj992,p0p50,1915,0.1358
FRA,sptincj992,p0p50,1916,0.134
FRA,sptincj992,p0p50,1917,0.1343
FRA,sptincj992,p0p50,1918,0.1419
FRA,sptincj992,p0p50,1919,0.1399
FRA,sptincj992,p0p50,1920,0.143
FRA,sptincj992,p0p50,1921,0.146
FRA,sptincj992,p0p50,1922,0.1422
FRA,sptincj992,p0p50,1923,0.1375
FRA,sptincj992,p0p50,1924,0.1421
FRA,sptincj992,p0p50,1925,0.1441
FRA,sptincj992,p0p50,1926,0.1487
FRA,sptincj992,p0p50,1927,0.1459
FRA,sptincj992,p0p50,1928,0.1475
FRA,sptincj992,p0p50,1929,0.1529
FRA,sptincj992,p0p50,1930,0.1591
FRA,sptincj992,p0p50,1931,0.1604
FRA,sptincj992,p0p50,1932,0.1536
FRA,sptincj992,p0p50,1933,0.148
FRA,sptincj992,p0p50,1934,0.1462
FRA,sptincj992,p0p50,1935,0.1434
FRA,sptincj992,p0p50,1936,0.1508
FRA,sptincj992,p0p50,1937,0.1552
FRA,sptincj992,p0p50,1938,0.1592
FRA,sptincj992,p0p50,1939,0.1697
FRA,sptincj992,p0p50,1940,0.1659
FRA,sptincj992,p0p50,1941,0.1692
FRA,sptincj992,p0p50,1942,0.1806
FRA,sptincj992,p0p50,1943,0.1957
FRA,sptincj992,p0p50,1944,0.2011
FRA,sptincj992,p0p50,1945,0.205
FRA,sptincj992,p0p50,1946,0.1896
FRA,sptincj992,p0p50,1947,0.1851
FRA,sptincj992,p0p50,1948,0.1915
FRA,sptincj992,p0p50,1949,0.1931
FRA,sptincj992,p0p50,1950,0.1946
FRA,sptincj992,p0p50,1951,0.1904
FRA,sptincj992,p0p50,1952,0.188
FRA,sptincj992,p0p50,1953,0.19
FRA,sptincj992,p0p50,1954,0.1868
FRA,sptincj992,p0p50,1955,0.1842
FRA,sptincj992,p0p50,1956,0.1858
FRA,sptincj992,p0p50,1957,0.184
FRA,sptincj992,p0p50,1958,0.1857
FRA,sptincj992,p0p50,1959,0.1798
FRA,sptincj992,p0p50,1960,0.1809
FRA,sptincj992,p0p50,1961,0.1794
FRA,sptincj992,p0p50,1962,0.1806
FRA,sptincj992,p0p50,1963,0.178
FRA,sptincj992,p0p50,1964,0.1792
FRA,sptincj992,p0p50,1965,0.1756
FRA,sptincj992,p0p50,1966,0.1785
FRA,sptincj992,p0p50,1967,0.1784
FRA,sptincj992,p0p50,1968,0.1848
FRA,sptincj992,p0p50,1969,0.1892
FRA,sptincj992,p0p50,1970,0.1925
FRA,sptincj992,p0p50,1971,0.1941
FRA,sptincj992,p0p50,1972,0.1977
FRA,sptincj992,p0p50,1973,0.1941
FRA,sptincj992,p0p50,1974,0.1969
FRA,sptincj992,p0p50,1975,0.2001
FRA,sptincj992,p0p50,1976,0.2017
FRA,sptincj992,p0p50,1977,0.2109
FRA,sptincj992,p0p50,1978,0.2158
FRA,sptincj992,p0p50,1979,0.2157
FRA,sptincj992,p0p50,1980,0.2266
FRA,sptincj992,p0p50,1981,0.2276
FRA,sptincj992,p0p50,1982,0.2285
FRA,sptincj992,p0p50,1983,0.2277
FRA,sptincj992,p0p50,1984,0.2259
FRA,sptincj992,p0p50,1985,0.2261
FRA,sptincj992,p0p50,1986,0.2239
FRA,sptincj992,p0p50,1987,0.223
FRA,sptincj992,p0p50,1988,0.2225
FRA,sptincj992,p0p50,1989,0.2176
FRA,sptincj992,p0p50,1990,0.2153
FRA,sptincj992,p0p50,1991,0.2194
FRA,sptincj992,p0p50,1992,0.2168
FRA,sptincj992,p0p50,1993,0.215
FRA,sptincj992,p0p50,1994,0.2128
FRA,sptincj992,p0p50,1995,0.2131
FRA,sptincj992,p0p50,1996,0.2105
FRA,sptincj992,p0p50,1997,0.2073
FRA,sptincj992,p0p50,1998,0.2054
FRA,sptincj992,p0p50,1999,0.2061
FRA,sptincj992,p0p50,2000,0.2054
FRA,sptincj992,p0p50,2001,0.2067
FRA,sptincj992,p0p50,2002,0.2037
FRA,sptincj992,p0p50,2003,0.2019
FRA,sptincj992,p0p50,2004,0.1994
FRA,sptincj992,p0p50,2005,0.2
FRA,sptincj992,p0p50,2006,0.2021
FRA,sptincj992,p0p50,2007,0.1985
FRA,sptincj992,p0p50,2008,0.1979
FRA,sptincj992,p0p50,2009,0.2032
FRA,sptincj992,p0p50,2010,0.2023
FRA,sptincj992,p0p50,2011,0.2043
FRA,sptincj992,p0p50,2012,0.2082
FRA,sptincj992,p0p50,2013,0.2092
FRA,sptincj992,p0p50,2014,0.2112
FRA,sptincj992,p0p50,2015,0.2055
FRA,sptincj992,p0p50,2016,0.2065
FRA,sptincj992,p0p50,2017,0.2059
FRA,sptincj992,p0p50,2018,0.2034
FRA,sptincj992,p0p50,2019,0.2048
FRA,sptincj992,p0p50,2020,0.2055
FRA,sptincj992,p0p50,2021,0.2026
FRA,sptincj992,p0p50,2022,0.2034
FRA,sptincj992,p0p50,2023,0.203
FRA,sptincj992,p0p50,2024,0.203
FRA,sptincj992,p0p90,1820,0.491
FRA,sptincj992,p0p90,1850,0.4832
FRA,sptincj992,p0p90,1880,0.4811
FRA,sptincj992,p0p90,1900,0.5058
FRA,sptincj992,p0p90,1910,0.4816
FRA,sptincj992,p0p90,1915,0.5133
FRA,sptincj992,p0p90,1916,0.4933
FRA,sptincj992,p0p90,1917,0.4955
FRA,sptincj992,p0p90,1918,0.5246000000000001
FRA,sptincj992,p0p90,1919,0.5149
FRA,sptincj992,p0p90,1920,0.5253
FRA,sptincj992,p0p90,1921,0.5367000000000001
FRA,sptincj992,p0p90,1922,0.5216000000000001
FRA,sptincj992,p0p90,1923,0.5033
FRA,sptincj992,p0p90,1924,0.5207
FRA,sptincj992,p0p90,1925,0.5277000000000001
FRA,sptincj992,p0p90,1926,0.5432
FRA,sptincj992,p0p90,1927,0.5301
FRA,sptincj992,p0p90,1928,0.5308
FRA,sptincj992,p0p90,1929,0.5451
FRA,sptincj992,p0p90,1930,0.5679000000000001
FRA,sptincj992,p0p90,1931,0.5713
FRA,sptincj992,p0p90,1932,0.5497000000000001
FRA,sptincj992,p0p90,1933,0.5311
FRA,sptincj992,p0p90,1934,0.5249
FRA,sptincj992,p0p90,1935,0.5147
FRA,sptincj992,p0p90,1936,0.5407000000000001
FRA,sptincj992,p0p90,1937,0.5477000000000001
FRA,sptincj992,p0p90,1938,0.5602
FRA,sptincj992,p0p90,1939,0.5857
FRA,sptincj992,p0p90,1940,0.5754
FRA,sptincj992,p0p90,1941,0.5873
FRA,sptincj992,p0p90,1942,0.6145
FRA,sptincj992,p0p90,1943,0.6523
FRA,sptincj992,p0p90,1944,0.6747000000000001
FRA,sptincj992,p0p90,1945,0.6863
FRA,sptincj992,p0p90,1946,0.6528
FRA,sptincj992,p0p90,1947,0.6402
FRA,sptincj992,p0p90,1948,0.6599
FRA,sptincj992,p0p90,1949,0.6578
FRA,sptincj992,p0p90,1950,0.6594
FRA,sptincj992,p0p90,1951,0.6512
FRA,sptincj992,p0p90,1952,0.6438
FRA,sptincj992,p0p90,1953,0.6462
FRA,sptincj992,p0p90,1954,0.6395000000000001
FRA,sptincj992,p0p90,1955,0.6328
FRA,sptincj992,p0p90,1956,0.6375000000000001
FRA,sptincj992,p0p90,1957,0.6327
FRA,sptincj992,p0p90,1958,0.6415000000000001
FRA,sptincj992,p0p90,1959,0.6209
FRA,sptincj992,p0p90,1960,0.6206
FRA,sptincj992,p0p90,1961,0.6159
FRA,sptincj992,p0p90,1962,0.6273000000000001
FRA,sptincj992,p0p90,1963,0.6275000000000001
FRA,sptincj992,p0p90,1964,0.6211
FRA,sptincj992,p0p90,1965,0.6176
FRA,sptincj992,p0p90,1966,0.6279
FRA,sptincj992,p0p90,1967,0.6297
FRA,sptincj992,p0p90,1968,0.6435000000000001
FRA,sptincj992,p0p90,1969,0.6522
FRA,sptincj992,p0p90,1970,0.6554
FRA,sptincj992,p0p90,1971,0.6589
FRA,sptincj992,p0p90,1972,0.6613
FRA,sptincj992,p0p90,1973,0.6545000000000001
FRA,sptincj992,p0p90,1974,0.6589
FRA,sptincj992,p0p90,1975,0.6638000000000001
FRA,sptincj992,p0p90,1976,0.6683
FRA,sptincj992,p0p90,1977,0.6833
FRA,sptincj992,p0p90,1978,0.6896
FRA,sptincj992,p0p90,1979,0.679
FRA,sptincj992,p0p90,1980,0.7124
FRA,sptincj992,p0p90,1981,0.7146
FRA,sptincj992,p0p90,1982,0.7174
FRA,sptincj992,p0p90,1983,0.7167
FRA,sptincj992,p0p90,1984,0.7150000000000001
FRA,sptincj992,p0p90,1985,0.7109000000000001
FRA,sptincj992,p0p90,1986,0.7022
FRA,sptincj992,p0p90,1987,0.6968000000000001
FRA,sptincj992,p0p90,1988,0.6922
FRA,sptincj992,p0p90,1989,0.685
FRA,sptincj992,p0p90,1990,0.6844
FRA,sptincj992,p0p90,1991,0.6893
FRA,sptincj992,p0p90,1992,0.6923
FRA,sptincj992,p0p90,1993,0.6935
FRA,sptincj992,p0p90,1994,0.6880000000000001
FRA,sptincj992,p0p90,1995,0.6868000000000001
FRA,sptincj992,p0p90,1996,0.6778000000000001
FRA,sptincj992,p0p90,1997,0.6738000000000001
FRA,sptincj992,p0p90,1998,0.6671
FRA,sptincj992,p0p90,1999,0.6675
FRA,sptincj992,p0p90,2000,0.6641
FRA,sptincj992,p0p90,2001,0.6622
FRA,sptincj992,p0p90,2002,0.6639
FRA,sptincj992,p0p90,2003,0.6625
FRA,sptincj992,p0p90,2004,0.6569
FRA,sptincj992,p0p90,2005,0.6574
FRA,sptincj992,p0p90,2006,0.6597000000000001
FRA,sptincj992,p0p90,2007,0.6508
FRA,sptincj992,p0p90,2008,0.648
FRA,sptincj992,p0p90,2009,0.667
FRA,sptincj992,p0p90,2010,0.6619
FRA,sptincj992,p0p90,2011,0.6608
FRA,sptincj992,p0p90,2012,0.6708000000000001
FRA,sptincj992,p0p90,2013,0.6767000000000001
FRA,sptincj992,p0p90,2014,0.6751
FRA,sptincj992,p0p90,2015,0.6666000000000001
FRA,sptincj992,p0p90,2016,0.6662
FRA,sptincj992,p0p90,2017,0.6636000000000001
FRA,sptincj992,p0p90,2018,0.6567000000000001
FRA,sptincj992,p0p90,2019,0.6594
FRA,sptincj992,p0p90,2020,0.6616000000000001
FRA,sptincj992,p0p90,2021,0.651
FRA,sptincj992,p0p90,2022,0.656
FRA,sptincj992,p0p90,2023,0.6597000000000001
FRA,sptincj992,p0p90,2024,0.6597000000000001
FRA,sptincj992,p50p90,1820,0.3427
FRA,sptincj992,p50p90,1850,0.3373
FRA,sptincj992,p50p90,1880,0.3358
FRA,sptincj992,p50p90,1900,0.3428
FRA,sptincj992,p50p90,1910,0.3362
FRA,sptincj992,p50p90,1915,0.3775
FRA,sptincj992,p50p90,1916,0.3593
FRA,sptincj992,p50p90,1917,0.3611
FRA,sptincj992,p50p90,1918,0.3827
FRA,sptincj992,p50p90,1919,0.375
FRA,sptincj992,p50p90,1920,0.3824
FRA,sptincj992,p50p90,1921,0.3908
FRA,sptincj992,p50p90,1922,0.3794
FRA,sptincj992,p50p90,1923,0.3658
FRA,sptincj992,p50p90,1924,0.3787
FRA,sptincj992,p50p90,1925,0.3835
FRA,sptincj992,p50p90,1926,0.3945
FRA,sptincj992,p50p90,1927,0.3843
FRA,sptincj992,p50p90,1928,0.3834
FRA,sptincj992,p50p90,1929,0.3922
FRA,sptincj992,p50p90,1930,0.4089
FRA,sptincj992,p50p90,1931,0.4109
FRA,sptincj992,p50p90,1932,0.3961
FRA,sptincj992,p50p90,1933,0.3831
FRA,sptincj992,p50p90,1934,0.3787
FRA,sptincj992,p50p90,1935,0.3713
FRA,sptincj992,p50p90,1936,0.3899
FRA,sptincj992,p50p90,1937,0.3925
FRA,sptincj992,p50p90,1938,0.4009
FRA,sptincj992,p50p90,1939,0.416
FRA,sptincj992,p50p90,1940,0.4095
FRA,sptincj992,p50p90,1941,0.4181
FRA,sptincj992,p50p90,1942,0.434
FRA,sptincj992,p50p90,1943,0.4566
FRA,sptincj992,p50p90,1944,0.4736
FRA,sptincj992,p50p90,1945,0.4813
FRA,sptincj992,p50p90,1946,0.4632
FRA,sptincj992,p50p90,1947,0.4551
FRA,sptincj992,p50p90,1948,0.4684
FRA,sptincj992,p50p90,1949,0.4646
FRA,sptincj992,p50p90,1950,0.4648
FRA,sptincj992,p50p90,1951,0.4608
FRA,sptincj992,p50p90,1952,0.4557
FRA,sptincj992,p50p90,1953,0.4563
FRA,sptincj992,p50p90,1954,0.4527
FRA,sptincj992,p50p90,1955,0.4487
FRA,sptincj992,p50p90,1956,0.4517
FRA,sptincj992,p50p90,1957,0.4488
FRA,sptincj992,p50p90,1958,0.4558
FRA,sptincj992,p50p90,1959,0.4411
FRA,sptincj992,p50p90,1960,0.4396
FRA,sptincj992,p50p90,1961,0.4365
FRA,sptincj992,p50p90,1962,0.4467
FRA,sptincj992,p50p90,1963,0.4495
FRA,sptincj992,p50p90,1964,0.4419
FRA,sptincj992,p50p90,1965,0.442
FRA,sptincj992,p50p90,1966,0.4494
FRA,sptincj992,p50p90,1967,0.4513
FRA,sptincj992,p50p90,1968,0.4587
FRA,sptincj992,p50p90,1969,0.463
FRA,sptincj992,p50p90,1970,0.4629
FRA,sptincj992,p50p90,1971,0.4649
FRA,sptincj992,p50p90,1972,0.4635
FRA,sptincj992,p50p90,1973,0.4604
FRA,sptincj992,p50p90,1974,0.462
FRA,sptincj992,p50p90,1975,0.4637
FRA,sptincj992,p50p90,1976,0.4666
FRA,sptincj992,p50p90,1977,0.4724
FRA,sptincj992,p50p90,1978,0.4738
FRA,sptincj992,p50p90,1979,0.4633
FRA,sptincj992,p50p90,1980,0.4858
FRA,sptincj992,p50p90,1981,0.487
FRA,sptincj992,p50p90,1982,0.4889
FRA,sptincj992,p50p90,1983,0.489
FRA,sptincj992,p50p90,1984,0.4891
FRA,sptincj992,p50p90,1985,0.4848
FRA,sptincj992,p50p90,1986,0.4783
FRA,sptincj992,p50p90,1987,0.4738
FRA,sptincj992,p50p90,1988,0.4698
FRA,sptincj992,p50p90,1989,0.4674
FRA,sptincj992,p50p90,1990,0.4691
FRA,sptincj992,p50p90,1991,0.47
FRA,sptincj992,p50p90,1992,0.4756
FRA,sptincj992,p50p90,1993,0.4785
FRA,sptincj992,p50p90,1994,0.4752
FRA,sptincj992,p50p90,1995,0.4737
FRA,sptincj992,p50p90,1996,0.4674
FRA,sptincj992,p50p90,1997,0.4664
FRA,sptincj992,p50p90,1998,0.4616
FRA,sptincj992,p50p90,1999,0.4615
FRA,sptincj992,p50p90,2000,0.4587
FRA,sptincj992,p50p90,2001,0.4555
FRA,sptincj992,p50p90,2002,0.4602
FRA,sptincj992,p50p90,2003,0.4606
FRA,sptincj992,p50p90,2004,0.4575
FRA,sptincj992,p50p90,2005,0.4574
FRA,sptincj992,p50p90,2006,0.4576
FRA,sptincj992,p50p90,2007,0.4523
FRA,sptincj992,p50p90,2008,0.4501
FRA,sptincj992,p50p90,2009,0.4638
FRA,sptincj992,p50p90,2010,0.4596
FRA,sptincj992,p50p90,2011,0.4564
FRA,sptincj992,p50p90,2012,0.4626
FRA,sptincj992,p50p90,2013,0.4675
FRA,sptincj992,p50p90,2014,0.4639
FRA,sptincj992,p50p90,2015,0.4611
FRA,sptincj992,p50p90,2016,0.4598
FRA,sptincj992,p50p90,2017,0.4578
FRA,sptincj992,p50p90,2018,0.4534
FRA,sptincj992,p50p90,2019,0.4546
FRA,sptincj992,p50p90,2020,0.4561
FRA,sptincj992,p50p90,2021,0.4484
FRA,sptincj992,p50p90,2022,0.4526
FRA,sptincj992,p50p90,2023,0.4566
FRA,sptincj992,p50p90,2024,0.4566
FRA,sptincj992,p90p100,1820,0.509
FRA,sptincj992,p90p100,1850,0.5168
FRA,sptincj992,p90p100,1880,0.5189
FRA,sptincj992,p90p100,1900,0.4942
FRA,sptincj992,p90p100,1910,0.5184
FRA,sptincj992,p90p100,1915,0.4867
FRA,sptincj992,p90p100,1916,0.5067
FRA,sptincj992,p90p100,1917,0.5045000000000001
FRA,sptincj992,p90p100,1918,0.4754
FRA,sptincj992,p90p100,1919,0.4851
FRA,sptincj992,p90p100,1920,0.4747
FRA,sptincj992,p90p100,1921,0.4633
FRA,sptincj992,p90p100,1922,0.4784
FRA,sptincj992,p90p100,1923,0.4967
FRA,sptincj992,p90p100,1924,0.4793
FRA,sptincj992,p90p100,1925,0.4723
FRA,sptincj992,p90p100,1926,0.4568
FRA,sptincj992,p90p100,1927,0.4699
FRA,sptincj992,p90p100,1928,0.4692
FRA,sptincj992,p90p100,1929,0.4549
FRA,sptincj992,p90p100,1930,0.4321
FRA,sptincj992,p90p100,1931,0.4287
FRA,sptincj992,p90p100,1932,0.4503
FRA,sptincj992,p90p100,1933,0.4689
FRA,sptincj992,p90p100,1934,0.4751
FRA,sptincj992,p90p100,1935,0.4853
FRA,sptincj992,p90p100,1936,0.4593
FRA,sptincj992,p90p100,1937,0.4523
FRA,sptincj992,p90p100,1938,0.4398
FRA,sptincj992,p90p100,1939,0.4143
FRA,sptincj992,p90p100,1940,0.4246
FRA,sptincj992,p90p100,1941,0.4127
FRA,sptincj992,p90p100,1942,0.3855
FRA,sptincj992,p90p100,1943,0.3477
FRA,sptincj992,p90p100,1944,0.3253
FRA,sptincj992,p90p100,1945,0.3137
FRA,sptincj992,p90p100,1946,0.3472
FRA,sptincj992,p90p100,1947,0.3598
FRA,sptincj992,p90p100,1948,0.3401
FRA,sptincj992,p90p100,1949,0.3422
FRA,sptincj992,p90p100,1950,0.3406
FRA,sptincj992,p90p100,1951,0.3488
FRA,sptincj992,p90p100,1952,0.3562
FRA,sptincj992,p90p100,1953,0.3538
FRA,sptincj992,p90p100,1954,0.3605
FRA,sptincj992,p90p100,1955,0.3672
FRA,sptincj992,p90p100,1956,0.3625
FRA,sptincj992,p90p100,1957,0.3673
FRA,sptincj992,p90p100,1958,0.3585
FRA,sptincj992,p90p100,1959,0.3791
FRA,sptincj992,p90p100,1960,0.3794
FRA,sptincj992,p90p100,1961,0.3841
FRA,sptincj992,p90p100,1962,0.3727
FRA,sptincj992,p90p100,1963,0.3725
FRA,sptincj992,p90p100,1964,0.3789
FRA,sptincj992,p90p100,1965,0.3824
FRA,sptincj992,p90p100,1966,0.3721
FRA,sptincj992,p90p100,1967,0.3703
FRA,sptincj992,p90p100,1968,0.3565
FRA,sptincj992,p90p100,1969,0.3478
FRA,sptincj992,p90p100,1970,0.3446
FRA,sptincj992,p90p100,1971,0.3411
FRA,sptincj992,p90p100,1972,0.3387
FRA,sptincj992,p90p100,1973,0.3455
FRA,sptincj992,p90p100,1974,0.3411
FRA,sptincj992,p90p100,1975,0.3362
FRA,sptincj992,p90p100,1976,0.3317
FRA,sptincj992,p90p100,1977,0.3167
FRA,sptincj992,p90p100,1978,0.3104
FRA,sptincj992,p90p100,1979,0.321
FRA,sptincj992,p90p100,1980,0.2876
FRA,sptincj992,p90p100,1981,0.2854
FRA,sptincj992,p90p100,1982,0.2826
FRA,sptincj992,p90p100,1983,0.2833
FRA,sptincj992,p90p100,1984,0.285
FRA,sptincj992,p90p100,1985,0.2891
FRA,sptincj992,p90p100,1986,0.2978
FRA,sptincj992,p90p100,1987,0.3032
FRA,sptincj992,p90p100,1988,0.3078
FRA,sptincj992,p90p100,1989,0.315
FRA,sptincj992,p90p100,1990,0.3156
FRA,sptincj992,p90p100,1991,0.3107
FRA,sptincj992,p90p100,1992,0.3077
FRA,sptincj992,p90p100,1993,0.3065
FRA,sptincj992,p90p100,1994,0.312
FRA,sptincj992,p90p100,1995,0.3132
FRA,sptincj992,p90p100,1996,0.3222
FRA,sptincj992,p90p100,1997,0.3262
FRA,sptincj992,p90p100,1998,0.3329
FRA,sptincj992,p90p100,1999,0.3325
FRA,sptincj992,p90p100,2000,0.3359
FRA,sptincj992,p90p100,2001,0.3378
FRA,sptincj992,p90p100,2002,0.3361
FRA,sptincj992,p90p100,2003,0.3375
FRA,sptincj992,p90p100,2004,0.3431
FRA,sptincj992,p90p100,2005,0.3426
FRA,sptincj992,p90p100,2006,0.3403
FRA,sptincj992,p90p100,2007,0.3492
FRA,sptincj992,p90p100,2008,0.352
FRA,sptincj992,p90p100,2009,0.333
FRA,sptincj992,p90p100,2010,0.3381
FRA,sptincj992,p90p100,2011,0.3392
FRA,sptincj992,p90p100,2012,0.3292
FRA,sptincj992,p90p100,2013,0.3233
FRA,sptincj992,p90p100,2014,0.3249
FRA,sptincj992,p90p100,2015,0.3334
FRA,sptincj992,p90p100,2016,0.3338
FRA,sptincj992,p90p100,2017,0.3364
FRA,sptincj992,p90p100,2018,0.3433
FRA,sptincj992,p90p100,2019,0.3406
FRA,sptincj992,p90p100,2020,0.3384
FRA,sptincj992,p90p100,2021,0.349
FRA,sptincj992,p90p100,2022,0.344
FRA,sptincj992,p90p100,2023,0.3403
FRA,sptincj992,p90p100,2024,0.3403
FRA,sptincj992,p99p100,1820,0.197
FRA,sptincj992,p99p100,1850,0.208
FRA,sptincj992,p99p100,1880,0.215
FRA,sptincj992,p99p100,1900,0.2369
FRA,sptincj992,p99p100,1910,0.2273
FRA,sptincj992,p99p100,1915,0.1989
FRA,sptincj992,p99p100,1916,0.2293
FRA,sptincj992,p99p100,1917,0.2266
FRA,sptincj992,p99p100,1918,0.2014
FRA,sptincj992,p99p100,1919,0.2104
FRA,sptincj992,p99p100,1920,0.2013
FRA,sptincj992,p99p100,1921,0.1919
FRA,sptincj992,p99p100,1922,0.21
FRA,sptincj992,p99p100,1923,0.2334
FRA,sptincj992,p99p100,1924,0.2164
FRA,sptincj992,p99p100,1925,0.2102
FRA,sptincj992,p99p100,1926,0.2065
FRA,sptincj992,p99p100,1927,0.2135
FRA,sptincj992,p99p100,1928,0.2149
FRA,sptincj992,p99p100,1929,0.2012
FRA,sptincj992,p99p100,1930,0.1733
FRA,sptincj992,p99p100,1931,0.1655
FRA,sptincj992,p99p100,1932,0.1696
FRA,sptincj992,p99p100,1933,0.1775
FRA,sptincj992,p99p100,1934,0.1772
FRA,sptincj992,p99p100,1935,0.1847
FRA,sptincj992,p99p100,1936,0.1739
FRA,sptincj992,p99p100,1937,0.1755
FRA,sptincj992,p99p100,1938,0.1661
FRA,sptincj992,p99p100,1939,0.1651
FRA,sptincj992,p99p100,1940,0.1688
FRA,sptincj992,p99p100,1941,0.1612
FRA,sptincj992,p99p100,1942,0.1475
FRA,sptincj992,p99p100,1943,0.1192
FRA,sptincj992,p99p100,1944,0.1006
FRA,sptincj992,p99p100,1945,0.0854
FRA,sptincj992,p99p100,1946,0.1051
FRA,sptincj992,p99p100,1947,0.1079
FRA,sptincj992,p99p100,1948,0.0999
FRA,sptincj992,p99p100,1949,0.1035
FRA,sptincj992,p99p100,1950,0.1043
FRA,sptincj992,p99p100,1951,0.1079
FRA,sptincj992,p99p100,1952,0.1105
FRA,sptincj992,p99p100,1953,0.1094
FRA,sptincj992,p99p100,1954,0.1114
FRA,sptincj992,p99p100,1955,0.1136
FRA,sptincj992,p99p100,1956,0.1106
FRA,sptincj992,p99p100,1957,0.1133
FRA,sptincj992,p99p100,1958,0.1046
FRA,sptincj992,p99p100,1959,0.1132
FRA,sptincj992,p99p100,1960,0.1153
FRA,sptincj992,p99p100,1961,0.1165
FRA,sptincj992,p99p100,1962,0.1105
FRA,sptincj992,p99p100,1963,0.1082
FRA,sptincj992,p99p100,1964,0.1094
FRA,sptincj992,p99p100,1965,0.1103
FRA,sptincj992,p99p100,1966,0.1082
FRA,sptincj992,p99p100,1967,0.1081
FRA,sptincj992,p99p100,1968,0.1026
FRA,sptincj992,p99p100,1969,0.1
FRA,sptincj992,p99p100,1970,0.0976
FRA,sptincj992,p99p100,1971,0.0978
FRA,sptincj992,p99p100,1972,0.096
FRA,sptincj992,p99p100,1973,0.102
FRA,sptincj992,p99p100,1974,0.0984
FRA,sptincj992,p99p100,1975,0.092
FRA,sptincj992,p99p100,1976,0.0922
FRA,sptincj992,p99p100,1977,0.0865
FRA,sptincj992,p99p100,1978,0.084
FRA,sptincj992,p99p100,1979,0.0875
FRA,sptincj992,p99p100,1980,0.0754
FRA,sptincj992,p99p100,1981,0.0734
FRA,sptincj992,p99p100,1982,0.0703
FRA,sptincj992,p99p100,1983,0.0698
FRA,sptincj992,p99p100,1984,0.0701
FRA,sptincj992,p99p100,1985,0.0727
FRA,sptincj992,p99p100,1986,0.0784
FRA,sptincj992,p99p100,1987,0.0822
FRA,sptincj992,p99p100,1988,0.0844
FRA,sptincj992,p99p100,1989,0.0891
FRA,sptincj992,p99p100,1990,0.0897
FRA,sptincj992,p99p100,1991,0.0903
FRA,sptincj992,p99p100,1992,0.0872
FRA,sptincj992,p99p100,1993,0.0866
FRA,sptincj992,p99p100,1994,0.0913
FRA,sptincj992,p99p100,1995,0.0929
FRA,sptincj992,p99p100,1996,0.1022
FRA,sptincj992,p99p100,1997,0.1067
FRA,sptincj992,p99p100,1998,0.1118
FRA,sptincj992,p99p100,1999,0.1105
FRA,sptincj992,p99p100,2000,0.1133
FRA,sptincj992,p99p100,2001,0.115
FRA,sptincj992,p99p100,2002,0.1108
FRA,sptincj992,p99p100,2003,0.112
FRA,sptincj992,p99p100,2004,0.1171
FRA,sptincj992,p99p100,2005,0.1152
FRA,sptincj992,p99p100,2006,0.1117
FRA,sptincj992,p99p100,2007,0.1185
FRA,sptincj992,p99p100,2008,0.1209
FRA,sptincj992,p99p100,2009,0.1036
FRA,sptincj992,p99p100,2010,0.1102
FRA,sptincj992,p99p100,2011,0.1124
FRA,sptincj992,p99p100,2012,0.1024
FRA,sptincj992,p99p100,2013,0.0955
FRA,sptincj992,p99p100,2014,0.0979
FRA,sptincj992,p99p100,2015,0.1034
FRA,sptincj992,p99p100,2016,0.1039
FRA,sptincj992,p99p100,2017,0.1079
FRA,sptincj992,p99p100,2018,0.1175
FRA,sptincj992,p99p100,2019,0.1139
FRA,sptincj992,p99p100,2020,0.1115
FRA,sptincj992,p99p100,2021,0.1272
FRA,sptincj992,p99p100,2022,0.121
FRA,sptincj992,p99p100,2023,0.1182
FRA,sptincj992,p99p100,2024,0.1182
GBR,spllinf992,p0p100,1990,0.28310001
GBR,spllinf992,p0p100,1991,0.29210001
GBR,spllinf992,p0p100,1992,0.30289999
GBR,spllinf992,p0p100,1993,0.30919999
GBR,spllinf992,p0p100,1994,0.31470001
GBR,spllinf992,p0p100,1995,0.32690001
GBR,spllinf992,p0p100,1996,0.32690001
GBR,spllinf992,p0p100,1997,0.31510001
GBR,spllinf992,p0p100,1998,0.3256
GBR,spllinf992,p0p100,1999,0.33019999
GBR,spllinf992,p0p100,2000,0.32120001
GBR,spllinf992,p0p100,2001,0.33939999
GBR,spllinf992,p0p100,2002,0.3405
GBR,spllinf992,p0p100,2003,0.34419999
GBR,spllinf992,p0p100,2004,0.3436
GBR,spllinf992,p0p100,2005,0.3522
GBR,spllinf992,p0p100,2006,0.34729999
GBR,spllinf992,p0p100,2007,0.3567
GBR,spllinf992,p0p100,2008,0.3617
GBR,spllinf992,p0p100,2009,0.36840001
GBR,spllinf992,p0p100,2010,0.37599999
GBR,spllinf992,p0p100,2011,0.37380001
GBR,spllinf992,p0p100,2012,0.37940001
GBR,spllinf992,p0p100,2013,0.37650001
GBR,spllinf992,p0p100,2014,0.37729999
GBR,spllinf992,p0p100,2015,0.3691
GBR,spllinf992,p0p100,2016,0.38190001
GBR,spllinf992,p0p100,2017,0.3725
GBR,spllinf992,p0p100,2018,0.37959999
GBR,spllinf992,p0p100,2019,0.38479999
GBR,spllinf992,p0p100,2020,0.38870001
GBR,spllinf992,p0p100,2021,0.38890001
GBR,spllinf992,p0p100,2022,0.4152
GBR,spllinf992,p0p100,2023,0.41940001
GBR,spllinf992,p0p100,2024,0.4201
GBR,sptincj992,p0p100,1820,1
GBR,sptincj992,p0p100,1850,1
GBR,sptincj992,p0p100,1880,1
GBR,sptincj992,p0p100,1900,1
GBR,sptincj992,p0p100,1908,1
GBR,sptincj992,p0p100,1909,1
GBR,sptincj992,p0p100,1910,1
GBR,sptincj992,p0p100,1911,1
GBR,sptincj992,p0p100,1912,1
GBR,sptincj992,p0p100,1913,1
GBR,sptincj992,p0p100,1914,1
GBR,sptincj992,p0p100,1915,1
GBR,sptincj992,p0p100,1916,1
GBR,sptincj992,p0p100,1917,1
GBR,sptincj992,p0p100,1918,1
GBR,sptincj992,p0p100,1919,1
GBR,sptincj992,p0p100,1920,1
GBR,sptincj992,p0p100,1921,1
GBR,sptincj992,p0p100,1922,1
GBR,sptincj992,p0p100,1923,1
GBR,sptincj992,p0p100,1924,1
GBR,sptincj992,p0p100,1925,1
GBR,sptincj992,p0p100,1926,1
GBR,sptincj992,p0p100,1927,1
GBR,sptincj992,p0p100,1928,1
GBR,sptincj992,p0p100,1929,1
GBR,sptincj992,p0p100,1930,1
GBR,sptincj992,p0p100,1931,1
GBR,sptincj992,p0p100,1932,1
GBR,sptincj992,p0p100,1933,1
GBR,sptincj992,p0p100,1934,1
GBR,sptincj992,p0p100,1935,1
GBR,sptincj992,p0p100,1936,1
GBR,sptincj992,p0p100,1937,1
GBR,sptincj992,p0p100,1938,1
GBR,sptincj992,p0p100,1939,1
GBR,sptincj992,p0p100,1940,1
GBR,sptincj992,p0p100,1941,1
GBR,sptincj992,p0p100,1942,1
GBR,sptincj992,p0p100,1943,1
GBR,sptincj992,p0p100,1944,1
GBR,sptincj992,p0p100,1945,1
GBR,sptincj992,p0p100,1946,1
GBR,sptincj992,p0p100,1947,1
GBR,sptincj992,p0p100,1948,1
GBR,sptincj992,p0p100,1949,1
GBR,sptincj992,p0p100,1950,1
GBR,sptincj992,p0p100,1951,1
GBR,sptincj992,p0p100,1952,1
GBR,sptincj992,p0p100,1953,1
GBR,sptincj992,p0p100,1954,1
GBR,sptincj992,p0p100,1955,1
GBR,sptincj992,p0p100,1956,1
GBR,sptincj992,p0p100,1957,1
GBR,sptincj992,p0p100,1958,1
GBR,sptincj992,p0p100,1959,1
GBR,sptincj992,p0p100,1960,1
GBR,sptincj992,p0p100,1962,1
GBR,sptincj992,p0p100,1963,1
GBR,sptincj992,p0p100,1964,1
GBR,sptincj992,p0p100,1965,1
GBR,sptincj992,p0p100,1966,1
GBR,sptincj992,p0p100,1967,1
GBR,sptincj992,p0p100,1968,1
GBR,sptincj992,p0p100,1969,1
GBR,sptincj992,p0p100,1970,1
GBR,sptincj992,p0p100,1971,1
GBR,sptincj992,p0p100,1972,1
GBR,sptincj992,p0p100,1973,1
GBR,sptincj992,p0p100,1974,1
GBR,sptincj992,p0p100,1975,1
GBR,sptincj992,p0p100,1976,1
GBR,sptincj992,p0p100,1977,1
GBR,sptincj992,p0p100,1978,1
GBR,sptincj992,p0p100,1979,1
GBR,sptincj992,p0p100,1980,1
GBR,sptincj992,p0p100,1981,1
GBR,sptincj992,p0p100,1982,1
GBR,sptincj992,p0p100,1983,1
GBR,sptincj992,p0p100,1984,1
GBR,sptincj992,p0p100,1985,1
GBR,sptincj992,p0p100,1986,1
GBR,sptincj992,p0p100,1987,1
GBR,sptincj992,p0p100,1988,1
GBR,sptincj992,p0p100,1989,1
GBR,sptincj992,p0p100,1990,1
GBR,sptincj992,p0p100,1991,1
GBR,sptincj992,p0p100,1992,1
GBR,sptincj992,p0p100,1993,1
GBR,sptincj992,p0p100,1994,1
GBR,sptincj992,p0p100,1995,1
GBR,sptincj992,p0p100,1996,1
GBR,sptincj992,p0p100,1997,1
GBR,sptincj992,p0p100,1998,1
GBR,sptincj992,p0p100,1999,1
GBR,sptincj992,p0p100,2000,1
GBR,sptincj992,p0p100,2001,1
GBR,sptincj992,p0p100,2002,1
GBR,sptincj992,p0p100,2003,1
GBR,sptincj992,p0p100,2004,1
GBR,sptincj992,p0p100,2005,1
GBR,sptincj992,p0p100,2006,1
GBR,sptincj992,p0p100,2007,1
GBR,sptincj992,p0p100,2008,1
GBR,sptincj992,p0p100,2009,1
GBR,sptincj992,p0p100,2010,1
GBR,sptincj992,p0p100,2011,1
GBR,sptincj992,p0p100,2012,1
GBR,sptincj992,p0p100,2013,1
GBR,sptincj992,p0p100,2014,1
GBR,sptincj992,p0p100,2015,1
GBR,sptincj992,p0p100,2016,1
GBR,sptincj992,p0p100,2017,1
GBR,sptincj992,p0p100,2018,1
GBR,sptincj992,p0p100,2019,1
GBR,sptincj992,p0p100,2020,1
GBR,sptincj992,p0p100,2021,1
GBR,sptincj992,p0p100,2022,1
GBR,sptincj992,p0p100,2023,1
GBR,sptincj992,p0p100,2024,1
GBR,sptincj992,p0p50,1820,0.1659
GBR,sptincj992,p0p50,1850,0.1646
GBR,sptincj992,p0p50,1880,0.1541
GBR,sptincj992,p0p50,1900,0.1527
GBR,sptincj992,p0p50,1908,0.1572
GBR,sptincj992,p0p50,1909,0.1575
GBR,sptincj992,p0p50,1910,0.1579
GBR,sptincj992,p0p50,1911,0.1586
GBR,sptincj992,p0p50,1912,0.1606
GBR,sptincj992,p0p50,1913,0.1603
GBR,sptincj992,p0p50,1914,0.1623
GBR,sptincj992,p0p50,1915,0.1644
GBR,sptincj992,p0p50,1916,0.1641
GBR,sptincj992,p0p50,1917,0.1665
GBR,sptincj992,p0p50,1918,0.1687
GBR,sptincj992,p0p50,1919,0.1687
GBR,sptincj992,p0p50,1920,0.1716
GBR,sptincj992,p0p50,1921,0.1769
GBR,sptincj992,p0p50,1922,0.1828
GBR,sptincj992,p0p50,1923,0.1864
GBR,sptincj992,p0p50,1924,0.1928
GBR,sptincj992,p0p50,1925,0.1993
GBR,sptincj992,p0p50,1926,0.2033
GBR,sptincj992,p0p50,1927,0.2096
GBR,sptincj992,p0p50,1928,0.2158
GBR,sptincj992,p0p50,1929,0.2204
GBR,sptincj992,p0p50,1930,0.228
GBR,sptincj992,p0p50,1931,0.2285
GBR,sptincj992,p0p50,1932,0.227
GBR,sptincj992,p0p50,1933,0.2282
GBR,sptincj992,p0p50,1934,0.2269
GBR,sptincj992,p0p50,1935,0.2252
GBR,sptincj992,p0p50,1936,0.2236
GBR,sptincj992,p0p50,1937,0.2241
GBR,sptincj992,p0p50,1938,0.2232
GBR,sptincj992,p0p50,1939,0.2218
GBR,sptincj992,p0p50,1940,0.2228
GBR,sptincj992,p0p50,1941,0.2237
GBR,sptincj992,p0p50,1942,0.2227
GBR,sptincj992,p0p50,1943,0.2245
GBR,sptincj992,p0p50,1944,0.2237
GBR,sptincj992,p0p50,1945,0.2227
GBR,sptincj992,p0p50,1946,0.2213
GBR,sptincj992,p0p50,1947,0.2221
GBR,sptincj992,p0p50,1948,0.2223
GBR,sptincj992,p0p50,1949,0.2232
GBR,sptincj992,p0p50,1950,0.2218
GBR,sptincj992,p0p50,1951,0.2232
GBR,sptincj992,p0p50,1952,0.223
GBR,sptincj992,p0p50,1953,0.2251
GBR,sptincj992,p0p50,1954,0.2252
GBR,sptincj992,p0p50,1955,0.2251
GBR,sptincj992,p0p50,1956,0.227
GBR,sptincj992,p0p50,1957,0.2271
GBR,sptincj992,p0p50,1958,0.2271
GBR,sptincj992,p0p50,1959,0.228
GBR,sptincj992,p0p50,1960,0.2276
GBR,sptincj992,p0p50,1962,0.2289
GBR,sptincj992,p0p50,1963,0.2293
GBR,sptincj992,p0p50,1964,0.2297
GBR,sptincj992,p0p50,1965,0.2304
GBR,sptincj992,p0p50,1966,0.2314
GBR,sptincj992,p0p50,1967,0.2322
GBR,sptincj992,p0p50,1968,0.2328
GBR,sptincj992,p0p50,1969,0.2333
GBR,sptincj992,p0p50,1970,0.2306
GBR,sptincj992,p0p50,1971,0.2348
GBR,sptincj992,p0p50,1972,0.2352
GBR,sptincj992,p0p50,1973,0.2356
GBR,sptincj992,p0p50,1974,0.2369
GBR,sptincj992,p0p50,1975,0.2375
GBR,sptincj992,p0p50,1976,0.2388
GBR,sptincj992,p0p50,1977,0.2391
GBR,sptincj992,p0p50,1978,0.2396
GBR,sptincj992,p0p50,1979,0.2399
GBR,sptincj992,p0p50,1980,0.2257
GBR,sptincj992,p0p50,1981,0.2257
GBR,sptincj992,p0p50,1982,0.2253
GBR,sptincj992,p0p50,1983,0.2219
GBR,sptincj992,p0p50,1984,0.218
GBR,sptincj992,p0p50,1985,0.2156
GBR,sptincj992,p0p50,1986,0.2148
GBR,sptincj992,p0p50,1987,0.2125
GBR,sptincj992,p0p50,1988,0.2085
GBR,sptincj992,p0p50,1989,0.2094
GBR,sptincj992,p0p50,1990,0.1952
GBR,sptincj992,p0p50,1991,0.1923
GBR,sptincj992,p0p50,1992,0.1919
GBR,sptincj992,p0p50,1993,0.1893
GBR,sptincj992,p0p50,1994,0.1923
GBR,sptincj992,p0p50,1995,0.1871
GBR,sptincj992,p0p50,1996,0.187
GBR,sptincj992,p0p50,1997,0.1871
GBR,sptincj992,p0p50,1998,0.1859
GBR,sptincj992,p0p50,1999,0.1824
GBR,sptincj992,p0p50,2000,0.1875
GBR,sptincj992,p0p50,2001,0.1851
GBR,sptincj992,p0p50,2002,0.1846
GBR,sptincj992,p0p50,2003,0.1804
GBR,sptincj992,p0p50,2004,0.1849
GBR,sptincj992,p0p50,2005,0.1815
GBR,sptincj992,p0p50,2006,0.1799
GBR,sptincj992,p0p50,2007,0.1835
GBR,sptincj992,p0p50,2008,0.1861
GBR,sptincj992,p0p50,2009,0.1763
GBR,sptincj992,p0p50,2010,0.1976
GBR,sptincj992,p0p50,2011,0.1944
GBR,sptincj992,p0p50,2012,0.1878
GBR,sptincj992,p0p50,2013,0.1829
GBR,sptincj992,p0p50,2014,0.1931
GBR,sptincj992,p0p50,2015,0.1986
GBR,sptincj992,p0p50,2016,0.2002
GBR,sptincj992,p0p50,2017,0.2034
GBR,sptincj992,p0p50,2018,0.2019
GBR,sptincj992,p0p50,2019,0.2029
GBR,sptincj992,p0p50,2020,0.2029
GBR,sptincj992,p0p50,2021,0.2017
GBR,sptincj992,p0p50,2022,0.202
GBR,sptincj992,p0p50,2023,0.2043
GBR,sptincj992,p0p50,2024,0.2043
GBR,sptincj992,p0p90,1820,0.504
GBR,sptincj992,p0p90,1850,0.5
GBR,sptincj992,p0p90,1880,0.468
GBR,sptincj992,p0p90,1900,0.4638
GBR,sptincj992,p0p90,1908,0.4773
GBR,sptincj992,p0p90,1909,0.4783
GBR,sptincj992,p0p90,1910,0.4797
GBR,sptincj992,p0p90,1911,0.4827
GBR,sptincj992,p0p90,1912,0.4897
GBR,sptincj992,p0p90,1913,0.4896
GBR,sptincj992,p0p90,1914,0.4966
GBR,sptincj992,p0p90,1915,0.504
GBR,sptincj992,p0p90,1916,0.504
GBR,sptincj992,p0p90,1917,0.5123
GBR,sptincj992,p0p90,1918,0.5197
GBR,sptincj992,p0p90,1919,0.5207
GBR,sptincj992,p0p90,1920,0.5307000000000001
GBR,sptincj992,p0p90,1921,0.5344
GBR,sptincj992,p0p90,1922,0.54
GBR,sptincj992,p0p90,1923,0.5388000000000001
GBR,sptincj992,p0p90,1924,0.5458000000000001
GBR,sptincj992,p0p90,1925,0.5532
GBR,sptincj992,p0p90,1926,0.5535
GBR,sptincj992,p0p90,1927,0.56
GBR,sptincj992,p0p90,1928,0.5665
GBR,sptincj992,p0p90,1929,0.5686
GBR,sptincj992,p0p90,1930,0.5783
GBR,sptincj992,p0p90,1931,0.5884
GBR,sptincj992,p0p90,1932,0.5933
GBR,sptincj992,p0p90,1933,0.6052000000000001
GBR,sptincj992,p0p90,1934,0.6107
GBR,sptincj992,p0p90,1935,0.6148
GBR,sptincj992,p0p90,1936,0.6193000000000001
GBR,sptincj992,p0p90,1937,0.6294000000000001
GBR,sptincj992,p0p90,1938,0.6356
GBR,sptincj992,p0p90,1939,0.6406000000000001
GBR,sptincj992,p0p90,1940,0.6524
GBR,sptincj992,p0p90,1941,0.6573
GBR,sptincj992,p0p90,1942,0.6569
GBR,sptincj992,p0p90,1943,0.6645
GBR,sptincj992,p0p90,1944,0.6648000000000001
GBR,sptincj992,p0p90,1945,0.6643
GBR,sptincj992,p0p90,1946,0.6625
GBR,sptincj992,p0p90,1947,0.6674
GBR,sptincj992,p0p90,1948,0.6702
GBR,sptincj992,p0p90,1949,0.6755
GBR,sptincj992,p0p90,1950,0.6735
GBR,sptincj992,p0p90,1951,0.6777000000000001
GBR,sptincj992,p0p90,1952,0.6773
GBR,sptincj992,p0p90,1953,0.6836
GBR,sptincj992,p0p90,1954,0.6839000000000001
GBR,sptincj992,p0p90,1955,0.6838000000000001
GBR,sptincj992,p0p90,1956,0.6893
GBR,sptincj992,p0p90,1957,0.6897
GBR,sptincj992,p0p90,1958,0.6897
GBR,sptincj992,p0p90,1959,0.6925
GBR,sptincj992,p0p90,1960,0.6913
GBR,sptincj992,p0p90,1962,0.6944
GBR,sptincj992,p0p90,1963,0.6950000000000001
GBR,sptincj992,p0p90,1964,0.6957
GBR,sptincj992,p0p90,1965,0.6974
GBR,sptincj992,p0p90,1966,0.7000000000000001
GBR,sptincj992,p0p90,1967,0.7020000000000001
GBR,sptincj992,p0p90,1968,0.7034
GBR,sptincj992,p0p90,1969,0.7045
GBR,sptincj992,p0p90,1970,0.7003
GBR,sptincj992,p0p90,1971,0.7083
GBR,sptincj992,p0p90,1972,0.7090000000000001
GBR,sptincj992,p0p90,1973,0.7095
GBR,sptincj992,p0p90,1974,0.7130000000000001
GBR,sptincj992,p0p90,1975,0.7145
GBR,sptincj992,p0p90,1976,0.7180000000000001
GBR,sptincj992,p0p90,1977,0.7184
GBR,sptincj992,p0p90,1978,0.7194
GBR,sptincj992,p0p90,1979,0.7201000000000001
GBR,sptincj992,p0p90,1980,0.7152000000000001
GBR,sptincj992,p0p90,1981,0.7152000000000001
GBR,sptincj992,p0p90,1982,0.7134
GBR,sptincj992,p0p90,1983,0.7095
GBR,sptincj992,p0p90,1984,0.7036
GBR,sptincj992,p0p90,1985,0.7026
GBR,sptincj992,p0p90,1986,0.7011000000000001
GBR,sptincj992,p0p90,1987,0.6977
GBR,sptincj992,p0p90,1988,0.6905
GBR,sptincj992,p0p90,1989,0.6905
GBR,sptincj992,p0p90,1990,0.6709
GBR,sptincj992,p0p90,1991,0.6644
GBR,sptincj992,p0p90,1992,0.6637000000000001
GBR,sptincj992,p0p90,1993,0.6577000000000001
GBR,sptincj992,p0p90,1994,0.6565000000000001
GBR,sptincj992,p0p90,1995,0.6551
GBR,sptincj992,p0p90,1996,0.6436000000000001
GBR,sptincj992,p0p90,1997,0.6438
GBR,sptincj992,p0p90,1998,0.6338
GBR,sptincj992,p0p90,1999,0.6324000000000001
GBR,sptincj992,p0p90,2000,0.6403
GBR,sptincj992,p0p90,2001,0.637
GBR,sptincj992,p0p90,2002,0.6341
GBR,sptincj992,p0p90,2003,0.6219
GBR,sptincj992,p0p90,2004,0.6279
GBR,sptincj992,p0p90,2005,0.616
GBR,sptincj992,p0p90,2006,0.6127
GBR,sptincj992,p0p90,2007,0.6124
GBR,sptincj992,p0p90,2008,0.6293000000000001
GBR,sptincj992,p0p90,2009,0.6135
GBR,sptincj992,p0p90,2010,0.6516000000000001
GBR,sptincj992,p0p90,2011,0.642
GBR,sptincj992,p0p90,2012,0.6331
GBR,sptincj992,p0p90,2013,0.6119
GBR,sptincj992,p0p90,2014,0.6314000000000001
GBR,sptincj992,p0p90,2015,0.6431
GBR,sptincj992,p0p90,2016,0.6428
GBR,sptincj992,p0p90,2017,0.6388
GBR,sptincj992,p0p90,2018,0.6388
GBR,sptincj992,p0p90,2019,0.6421
GBR,sptincj992,p0p90,2020,0.6421
GBR,sptincj992,p0p90,2021,0.64
GBR,sptincj992,p0p90,2022,0.6375000000000001
GBR,sptincj992,p0p90,2023,0.6378
GBR,sptincj992,p0p90,2024,0.6378
GBR,sptincj992,p0p99,1820,0.752
GBR,sptincj992,p0p99,1850,0.75
GBR,sptincj992,p0p99,1880,0.734
GBR,sptincj992,p0p99,1900,0.7240000000000001
GBR,sptincj992,p0p99,1908,0.73
GBR,sptincj992,p0p99,1909,0.7297
GBR,sptincj992,p0p99,1910,0.73
GBR,sptincj992,p0p99,1911,0.7278
GBR,sptincj992,p0p99,1912,0.7315
GBR,sptincj992,p0p99,1913,0.7248
GBR,sptincj992,p0p99,1914,0.7286
GBR,sptincj992,p0p99,1915,0.7328
GBR,sptincj992,p0p99,1916,0.7265
GBR,sptincj992,p0p99,1917,0.732
GBR,sptincj992,p0p99,1918,0.7363000000000001
GBR,sptincj992,p0p99,1919,0.7315
GBR,sptincj992,p0p99,1920,0.7393000000000001
GBR,sptincj992,p0p99,1921,0.7405
GBR,sptincj992,p0p99,1922,0.7442000000000001
GBR,sptincj992,p0p99,1923,0.7387
GBR,sptincj992,p0p99,1924,0.7444000000000001
GBR,sptincj992,p0p99,1925,0.7507
GBR,sptincj992,p0p99,1926,0.7474000000000001
GBR,sptincj992,p0p99,1927,0.7524000000000001
GBR,sptincj992,p0p99,1928,0.7575000000000001
GBR,sptincj992,p0p99,1929,0.7565000000000001
GBR,sptincj992,p0p99,1930,0.7657
GBR,sptincj992,p0p99,1931,0.778
GBR,sptincj992,p0p99,1932,0.7834
GBR,sptincj992,p0p99,1933,0.798
GBR,sptincj992,p0p99,1934,0.8042
GBR,sptincj992,p0p99,1935,0.8086
GBR,sptincj992,p0p99,1936,0.8134
GBR,sptincj992,p0p99,1937,0.8256
GBR,sptincj992,p0p99,1938,0.8328
GBR,sptincj992,p0p99,1939,0.8383
GBR,sptincj992,p0p99,1940,0.8527
GBR,sptincj992,p0p99,1941,0.86
GBR,sptincj992,p0p99,1942,0.8602000000000001
GBR,sptincj992,p0p99,1943,0.871
GBR,sptincj992,p0p99,1944,0.8721
GBR,sptincj992,p0p99,1945,0.8722000000000001
GBR,sptincj992,p0p99,1946,0.8706
GBR,sptincj992,p0p99,1947,0.8778
GBR,sptincj992,p0p99,1948,0.8823000000000001
GBR,sptincj992,p0p99,1949,0.8901
GBR,sptincj992,p0p99,1950,0.8882
GBR,sptincj992,p0p99,1951,0.8938
GBR,sptincj992,p0p99,1952,0.8932
GBR,sptincj992,p0p99,1953,0.9014000000000001
GBR,sptincj992,p0p99,1954,0.9018
GBR,sptincj992,p0p99,1955,0.9016000000000001
GBR,sptincj992,p0p99,1956,0.9089
GBR,sptincj992,p0p99,1957,0.9093
GBR,sptincj992,p0p99,1958,0.9093
GBR,sptincj992,p0p99,1959,0.913
GBR,sptincj992,p0p99,1960,0.9113
GBR,sptincj992,p0p99,1962,0.9138000000000001
GBR,sptincj992,p0p99,1963,0.9137000000000001
GBR,sptincj992,p0p99,1964,0.9139
GBR,sptincj992,p0p99,1965,0.9153
GBR,sptincj992,p0p99,1966,0.9179
GBR,sptincj992,p0p99,1967,0.9197000000000001
GBR,sptincj992,p0p99,1968,0.9208000000000001
GBR,sptincj992,p0p99,1969,0.9213
GBR,sptincj992,p0p99,1970,0.9258000000000001
GBR,sptincj992,p0p99,1971,0.9247000000000001
GBR,sptincj992,p0p99,1972,0.9249
GBR,sptincj992,p0p99,1973,0.9247000000000001
GBR,sptincj992,p0p99,1974,0.9284
GBR,sptincj992,p0p99,1975,0.9296000000000001
GBR,sptincj992,p0p99,1976,0.9334
GBR,sptincj992,p0p99,1977,0.9331
GBR,sptincj992,p0p99,1978,0.9336000000000001
GBR,sptincj992,p0p99,1979,0.9336000000000001
GBR,sptincj992,p0p99,1980,0.9322
GBR,sptincj992,p0p99,1981,0.9322
GBR,sptincj992,p0p99,1982,0.9308000000000001
GBR,sptincj992,p0p99,1983,0.9312
GBR,sptincj992,p0p99,1984,0.9285
GBR,sptincj992,p0p99,1985,0.9269000000000001
GBR,sptincj992,p0p99,1986,0.9257000000000001
GBR,sptincj992,p0p99,1987,0.9235000000000001
GBR,sptincj992,p0p99,1988,0.917
GBR,sptincj992,p0p99,1989,0.9168000000000001
GBR,sptincj992,p0p99,1990,0.909
GBR,sptincj992,p0p99,1991,0.9046000000000001
GBR,sptincj992,p0p99,1992,0.9076000000000001
GBR,sptincj992,p0p99,1993,0.9028
GBR,sptincj992,p0p99,1994,0.9004000000000001
GBR,sptincj992,p0p99,1995,0.8988
GBR,sptincj992,p0p99,1996,0.8841
GBR,sptincj992,p0p99,1997,0.8792000000000001
GBR,sptincj992,p0p99,1998,0.8702000000000001
GBR,sptincj992,p0p99,1999,0.8785000000000001
GBR,sptincj992,p0p99,2000,0.8827
GBR,sptincj992,p0p99,2001,0.8836
GBR,sptincj992,p0p99,2002,0.88
GBR,sptincj992,p0p99,2003,0.8686
GBR,sptincj992,p0p99,2004,0.8703000000000001
GBR,sptincj992,p0p99,2005,0.8572000000000001
GBR,sptincj992,p0p99,2006,0.8533000000000001
GBR,sptincj992,p0p99,2007,0.8531000000000001
GBR,sptincj992,p0p99,2008,0.8593000000000001
GBR,sptincj992,p0p99,2009,0.8573000000000001
GBR,sptincj992,p0p99,2010,0.8771
GBR,sptincj992,p0p99,2011,0.8683000000000001
GBR,sptincj992,p0p99,2012,0.8724000000000001
GBR,sptincj992,p0p99,2013,0.8622000000000001
GBR,sptincj992,p0p99,2014,0.8668
GBR,sptincj992,p0p99,2015,0.877
GBR,sptincj992,p0p99,2016,0.8752000000000001
GBR,sptincj992,p0p99,2017,0.8656
GBR,sptincj992,p0p99,2018,0.8693000000000001
GBR,sptincj992,p0p99,2019,0.873
GBR,sptincj992,p0p99,2020,0.873
GBR,sptincj992,p0p99,2021,0.8709
GBR,sptincj992,p0p99,2022,0.8665
GBR,sptincj992,p0p99,2023,0.8692000000000001
GBR,sptincj992,p0p99,2024,0.8692000000000001
GBR,sptincj992,p50p90,1820,0.3381
GBR,sptincj992,p50p90,1850,0.3354
GBR,sptincj992,p50p90,1880,0.3139
GBR,sptincj992,p50p90,1900,0.3111
GBR,sptincj992,p50p90,1908,0.3201
GBR,sptincj992,p50p90,1909,0.3208
GBR,sptincj992,p50p90,1910,0.3218
GBR,sptincj992,p50p90,1911,0.3241
GBR,sptincj992,p50p90,1912,0.3291
GBR,sptincj992,p50p90,1913,0.3293
GBR,sptincj992,p50p90,1914,0.3343
GBR,sptincj992,p50p90,1915,0.3396
GBR,sptincj992,p50p90,1916,0.3399
GBR,sptincj992,p50p90,1917,0.3458
GBR,sptincj992,p50p90,1918,0.3511
GBR,sptincj992,p50p90,1919,0.352
GBR,sptincj992,p50p90,1920,0.359
GBR,sptincj992,p50p90,1921,0.3575
GBR,sptincj992,p50p90,1922,0.3571
GBR,sptincj992,p50p90,1923,0.3524
GBR,sptincj992,p50p90,1924,0.353
GBR,sptincj992,p50p90,1925,0.3538
GBR,sptincj992,p50p90,1926,0.3502
GBR,sptincj992,p50p90,1927,0.3504
GBR,sptincj992,p50p90,1928,0.3507
GBR,sptincj992,p50p90,1929,0.3482
GBR,sptincj992,p50p90,1930,0.3503
GBR,sptincj992,p50p90,1931,0.3599
GBR,sptincj992,p50p90,1932,0.3663
GBR,sptincj992,p50p90,1933,0.377
GBR,sptincj992,p50p90,1934,0.3838
GBR,sptincj992,p50p90,1935,0.3896
GBR,sptincj992,p50p90,1936,0.3957
GBR,sptincj992,p50p90,1937,0.4053
GBR,sptincj992,p50p90,1938,0.4125
GBR,sptincj992,p50p90,1939,0.4188
GBR,sptincj992,p50p90,1940,0.4296
GBR,sptincj992,p50p90,1941,0.4337
GBR,sptincj992,p50p90,1942,0.4342
GBR,sptincj992,p50p90,1943,0.4401
GBR,sptincj992,p50p90,1944,0.4411
GBR,sptincj992,p50p90,1945,0.4415
GBR,sptincj992,p50p90,1946,0.4411
GBR,sptincj992,p50p90,1947,0.4452
GBR,sptincj992,p50p90,1948,0.4479
GBR,sptincj992,p50p90,1949,0.4523
GBR,sptincj992,p50p90,1950,0.4517
GBR,sptincj992,p50p90,1951,0.4546
GBR,sptincj992,p50p90,1952,0.4543
GBR,sptincj992,p50p90,1953,0.4585
GBR,sptincj992,p50p90,1954,0.4587
GBR,sptincj992,p50p90,1955,0.4587
GBR,sptincj992,p50p90,1956,0.4624
GBR,sptincj992,p50p90,1957,0.4626
GBR,sptincj992,p50p90,1958,0.4626
GBR,sptincj992,p50p90,1959,0.4645
GBR,sptincj992,p50p90,1960,0.4637
GBR,sptincj992,p50p90,1962,0.4655
GBR,sptincj992,p50p90,1963,0.4657
GBR,sptincj992,p50p90,1964,0.4661
GBR,sptincj992,p50p90,1965,0.467
GBR,sptincj992,p50p90,1966,0.4686
GBR,sptincj992,p50p90,1967,0.4698
GBR,sptincj992,p50p90,1968,0.4706
GBR,sptincj992,p50p90,1969,0.4712
GBR,sptincj992,p50p90,1970,0.4697
GBR,sptincj992,p50p90,1971,0.4734
GBR,sptincj992,p50p90,1972,0.4738
GBR,sptincj992,p50p90,1973,0.474
GBR,sptincj992,p50p90,1974,0.4762
GBR,sptincj992,p50p90,1975,0.477
GBR,sptincj992,p50p90,1976,0.4792
GBR,sptincj992,p50p90,1977,0.4793
GBR,sptincj992,p50p90,1978,0.4799
GBR,sptincj992,p50p90,1979,0.4802
GBR,sptincj992,p50p90,1980,0.4895
GBR,sptincj992,p50p90,1981,0.4895
GBR,sptincj992,p50p90,1982,0.4881
GBR,sptincj992,p50p90,1983,0.4876
GBR,sptincj992,p50p90,1984,0.4856
GBR,sptincj992,p50p90,1985,0.487
GBR,sptincj992,p50p90,1986,0.4863
GBR,sptincj992,p50p90,1987,0.4853
GBR,sptincj992,p50p90,1988,0.4821
GBR,sptincj992,p50p90,1989,0.4811
GBR,sptincj992,p50p90,1990,0.4757
GBR,sptincj992,p50p90,1991,0.4721
GBR,sptincj992,p50p90,1992,0.4718
GBR,sptincj992,p50p90,1993,0.4684
GBR,sptincj992,p50p90,1994,0.4641
GBR,sptincj992,p50p90,1995,0.468
GBR,sptincj992,p50p90,1996,0.4566
GBR,sptincj992,p50p90,1997,0.4567
GBR,sptincj992,p50p90,1998,0.4479
GBR,sptincj992,p50p90,1999,0.45
GBR,sptincj992,p50p90,2000,0.4529
GBR,sptincj992,p50p90,2001,0.4518
GBR,sptincj992,p50p90,2002,0.4495
GBR,sptincj992,p50p90,2003,0.4414
GBR,sptincj992,p50p90,2004,0.443
GBR,sptincj992,p50p90,2005,0.4345
GBR,sptincj992,p50p90,2006,0.4328
GBR,sptincj992,p50p90,2007,0.4289
GBR,sptincj992,p50p90,2008,0.4432
GBR,sptincj992,p50p90,2009,0.4373
GBR,sptincj992,p50p90,2010,0.4539
GBR,sptincj992,p50p90,2011,0.4477
GBR,sptincj992,p50p90,2012,0.4453
GBR,sptincj992,p50p90,2013,0.429
GBR,sptincj992,p50p90,2014,0.4383
GBR,sptincj992,p50p90,2015,0.4445
GBR,sptincj992,p50p90,2016,0.4426
GBR,sptincj992,p50p90,2017,0.4353
GBR,sptincj992,p50p90,2018,0.4369
GBR,sptincj992,p50p90,2019,0.4392
GBR,sptincj992,p50p90,2020,0.4392
GBR,sptincj992,p50p90,2021,0.4383
GBR,sptincj992,p50p90,2022,0.4355
GBR,sptincj992,p50p90,2023,0.4335
GBR,sptincj992,p50p90,2024,0.4335
GBR,sptincj992,p90p100,1820,0.496
GBR,sptincj992,p90p100,1850,0.5
GBR,sptincj992,p90p100,1880,0.532
GBR,sptincj992,p90p100,1900,0.5362
GBR,sptincj992,p90p100,1908,0.5227
GBR,sptincj992,p90p100,1909,0.5217
GBR,sptincj992,p90p100,1910,0.5203
GBR,sptincj992,p90p100,1911,0.5173
GBR,sptincj992,p90p100,1912,0.5103
GBR,sptincj992,p90p100,1913,0.5104000000000001
GBR,sptincj992,p90p100,1914,0.5034000000000001
GBR,sptincj992,p90p100,1915,0.496
GBR,sptincj992,p90p100,1916,0.496
GBR,sptincj992,p90p100,1917,0.4877
GBR,sptincj992,p90p100,1918,0.4803
GBR,sptincj992,p90p100,1919,0.4793
GBR,sptincj992,p90p100,1920,0.4693
GBR,sptincj992,p90p100,1921,0.4656
GBR,sptincj992,p90p100,1922,0.46
GBR,sptincj992,p90p100,1923,0.4612
GBR,sptincj992,p90p100,1924,0.4542
GBR,sptincj992,p90p100,1925,0.4468
GBR,sptincj992,p90p100,1926,0.4465
GBR,sptincj992,p90p100,1927,0.44
GBR,sptincj992,p90p100,1928,0.4335
GBR,sptincj992,p90p100,1929,0.4314
GBR,sptincj992,p90p100,1930,0.4217
GBR,sptincj992,p90p100,1931,0.4116
GBR,sptincj992,p90p100,1932,0.4067
GBR,sptincj992,p90p100,1933,0.3948
GBR,sptincj992,p90p100,1934,0.3893
GBR,sptincj992,p90p100,1935,0.3852
GBR,sptincj992,p90p100,1936,0.3807
GBR,sptincj992,p90p100,1937,0.3706
GBR,sptincj992,p90p100,1938,0.3644
GBR,sptincj992,p90p100,1939,0.3594
GBR,sptincj992,p90p100,1940,0.3476
GBR,sptincj992,p90p100,1941,0.3427
GBR,sptincj992,p90p100,1942,0.3431
GBR,sptincj992,p90p100,1943,0.3355
GBR,sptincj992,p90p100,1944,0.3352
GBR,sptincj992,p90p100,1945,0.3357
GBR,sptincj992,p90p100,1946,0.3375
GBR,sptincj992,p90p100,1947,0.3326
GBR,sptincj992,p90p100,1948,0.3298
GBR,sptincj992,p90p100,1949,0.3245
GBR,sptincj992,p90p100,1950,0.3265
GBR,sptincj992,p90p100,1951,0.3223
GBR,sptincj992,p90p100,1952,0.3227
GBR,sptincj992,p90p100,1953,0.3164
GBR,sptincj992,p90p100,1954,0.3161
GBR,sptincj992,p90p100,1955,0.3162
GBR,sptincj992,p90p100,1956,0.3107
GBR,sptincj992,p90p100,1957,0.3103
GBR,sptincj992,p90p100,1958,0.3103
GBR,sptincj992,p90p100,1959,0.3075
GBR,sptincj992,p90p100,1960,0.3087
GBR,sptincj992,p90p100,1962,0.3056
GBR,sptincj992,p90p100,1963,0.305
GBR,sptincj992,p90p100,1964,0.3043
GBR,sptincj992,p90p100,1965,0.3026
GBR,sptincj992,p90p100,1966,0.3
GBR,sptincj992,p90p100,1967,0.298
GBR,sptincj992,p90p100,1968,0.2966
GBR,sptincj992,p90p100,1969,0.2955
GBR,sptincj992,p90p100,1970,0.2997
GBR,sptincj992,p90p100,1971,0.2917
GBR,sptincj992,p90p100,1972,0.291
GBR,sptincj992,p90p100,1973,0.2905
GBR,sptincj992,p90p100,1974,0.287
GBR,sptincj992,p90p100,1975,0.2855
GBR,sptincj992,p90p100,1976,0.282
GBR,sptincj992,p90p100,1977,0.2816
GBR,sptincj992,p90p100,1978,0.2806
GBR,sptincj992,p90p100,1979,0.2799
GBR,sptincj992,p90p100,1980,0.2848
GBR,sptincj992,p90p100,1981,0.2848
GBR,sptincj992,p90p100,1982,0.2866
GBR,sptincj992,p90p100,1983,0.2905
GBR,sptincj992,p90p100,1984,0.2964
GBR,sptincj992,p90p100,1985,0.2974
GBR,sptincj992,p90p100,1986,0.2989
GBR,sptincj992,p90p100,1987,0.3023
GBR,sptincj992,p90p100,1988,0.3095
GBR,sptincj992,p90p100,1989,0.3095
GBR,sptincj992,p90p100,1990,0.3291
GBR,sptincj992,p90p100,1991,0.3356
GBR,sptincj992,p90p100,1992,0.3363
GBR,sptincj992,p90p100,1993,0.3423
GBR,sptincj992,p90p100,1994,0.3435
GBR,sptincj992,p90p100,1995,0.3449
GBR,sptincj992,p90p100,1996,0.3564
GBR,sptincj992,p90p100,1997,0.3562
GBR,sptincj992,p90p100,1998,0.3662
GBR,sptincj992,p90p100,1999,0.3676
GBR,sptincj992,p90p100,2000,0.3597
GBR,sptincj992,p90p100,2001,0.363
GBR,sptincj992,p90p100,2002,0.3659
GBR,sptincj992,p90p100,2003,0.3781
GBR,sptincj992,p90p100,2004,0.3721
GBR,sptincj992,p90p100,2005,0.384
GBR,sptincj992,p90p100,2006,0.3873
GBR,sptincj992,p90p100,2007,0.3876
GBR,sptincj992,p90p100,2008,0.3707
GBR,sptincj992,p90p100,2009,0.3865
GBR,sptincj992,p90p100,2010,0.3484
GBR,sptincj992,p90p100,2011,0.358
GBR,sptincj992,p90p100,2012,0.3669
GBR,sptincj992,p90p100,2013,0.3881
GBR,sptincj992,p90p100,2014,0.3686
GBR,sptincj992,p90p100,2015,0.3569
GBR,sptincj992,p90p100,2016,0.3572
GBR,sptincj992,p90p100,2017,0.3612
GBR,sptincj992,p90p100,2018,0.3612
GBR,sptincj992,p90p100,2019,0.3579
GBR,sptincj992,p90p100,2020,0.3579
GBR,sptincj992,p90p100,2021,0.36
GBR,sptincj992,p90p100,2022,0.3625
GBR,sptincj992,p90p100,2023,0.3622
GBR,sptincj992,p90p100,2024,0.3622
GBR,sptincj992,p99p100,1820,0.248
GBR,sptincj992,p99p100,1850,0.25
GBR,sptincj992,p99p100,1880,0.266
GBR,sptincj992,p99p100,1900,0.276
GBR,sptincj992,p99p100,1908,0.27
GBR,sptincj992,p99p100,1909,0.2703
GBR,sptincj992,p99p100,1910,0.27
GBR,sptincj992,p99p100,1911,0.2722
GBR,sptincj992,p99p100,1912,0.2685
GBR,sptincj992,p99p100,1913,0.2752
GBR,sptincj992,p99p100,1914,0.2714
GBR,sptincj992,p99p100,1915,0.2672
GBR,sptincj992,p99p100,1916,0.2735
GBR,sptincj992,p99p100,1917,0.268
GBR,sptincj992,p99p100,1918,0.2637
GBR,sptincj992,p99p100,1919,0.2685
GBR,sptincj992,p99p100,1920,0.2607
GBR,sptincj992,p99p100,1921,0.2595
GBR,sptincj992,p99p100,1922,0.2558
GBR,sptincj992,p99p100,1923,0.2613
GBR,sptincj992,p99p100,1924,0.2556
GBR,sptincj992,p99p100,1925,0.2493
GBR,sptincj992,p99p100,1926,0.2526
GBR,sptincj992,p99p100,1927,0.2476
GBR,sptincj992,p99p100,1928,0.2425
GBR,sptincj992,p99p100,1929,0.2435
GBR,sptincj992,p99p100,1930,0.2343
GBR,sptincj992,p99p100,1931,0.222
GBR,sptincj992,p99p100,1932,0.2166
GBR,sptincj992,p99p100,1933,0.202
GBR,sptincj992,p99p100,1934,0.1958
GBR,sptincj992,p99p100,1935,0.1914
GBR,sptincj992,p99p100,1936,0.1866
GBR,sptincj992,p99p100,1937,0.1744
GBR,sptincj992,p99p100,1938,0.1672
GBR,sptincj992,p99p100,1939,0.1617
GBR,sptincj992,p99p100,1940,0.1473
GBR,sptincj992,p99p100,1941,0.14
GBR,sptincj992,p99p100,1942,0.1398
GBR,sptincj992,p99p100,1943,0.129
GBR,sptincj992,p99p100,1944,0.1279
GBR,sptincj992,p99p100,1945,0.1278
GBR,sptincj992,p99p100,1946,0.1294
GBR,sptincj992,p99p100,1947,0.1222
GBR,sptincj992,p99p100,1948,0.1177
GBR,sptincj992,p99p100,1949,0.1099
GBR,sptincj992,p99p100,1950,0.1118
GBR,sptincj992,p99p100,1951,0.1062
GBR,sptincj992,p99p100,1952,0.1068
GBR,sptincj992,p99p100,1953,0.0986
GBR,sptincj992,p99p100,1954,0.0982
GBR,sptincj992,p99p100,1955,0.0984
GBR,sptincj992,p99p100,1956,0.0911
GBR,sptincj992,p99p100,1957,0.0907
GBR,sptincj992,p99p100,1958,0.0907
GBR,sptincj992,p99p100,1959,0.087
GBR,sptincj992,p99p100,1960,0.0887
GBR,sptincj992,p99p100,1962,0.0862
GBR,sptincj992,p99p100,1963,0.0863
GBR,sptincj992,p99p100,1964,0.0861
GBR,sptincj992,p99p100,1965,0.0847
GBR,sptincj992,p99p100,1966,0.0821
GBR,sptincj992,p99p100,1967,0.0803
GBR,sptincj992,p99p100,1968,0.0792
GBR,sptincj992,p99p100,1969,0.0787
GBR,sptincj992,p99p100,1970,0.0742
GBR,sptincj992,p99p100,1971,0.0753
GBR,sptincj992,p99p100,1972,0.0751
GBR,sptincj992,p99p100,1973,0.0753
GBR,sptincj992,p99p100,1974,0.0716
GBR,sptincj992,p99p100,1975,0.0704
GBR,sptincj992,p99p100,1976,0.0666
GBR,sptincj992,p99p100,1977,0.0669
GBR,sptincj992,p99p100,1978,0.0664
GBR,sptincj992,p99p100,1979,0.0664
GBR,sptincj992,p99p100,1980,0.0678
GBR,sptincj992,p99p100,1981,0.0678
GBR,sptincj992,p99p100,1982,0.0692
GBR,sptincj992,p99p100,1983,0.0688
GBR,sptincj992,p99p100,1984,0.0715
GBR,sptincj992,p99p100,1985,0.0731
GBR,sptincj992,p99p100,1986,0.0743
GBR,sptincj992,p99p100,1987,0.0765
GBR,sptincj992,p99p100,1988,0.083
GBR,sptincj992,p99p100,1989,0.0832
GBR,sptincj992,p99p100,1990,0.091
GBR,sptincj992,p99p100,1991,0.0954
GBR,sptincj992,p99p100,1992,0.0924
GBR,sptincj992,p99p100,1993,0.0972
GBR,sptincj992,p99p100,1994,0.0996
GBR,sptincj992,p99p100,1995,0.1012
GBR,sptincj992,p99p100,1996,0.1159
GBR,sptincj992,p99p100,1997,0.1208
GBR,sptincj992,p99p100,1998,0.1298
GBR,sptincj992,p99p100,1999,0.1215
GBR,sptincj992,p99p100,2000,0.1173
GBR,sptincj992,p99p100,2001,0.1164
GBR,sptincj992,p99p100,2002,0.12
GBR,sptincj992,p99p100,2003,0.1314
GBR,sptincj992,p99p100,2004,0.1297
GBR,sptincj992,p99p100,2005,0.1428
GBR,sptincj992,p99p100,2006,0.1467
GBR,sptincj992,p99p100,2007,0.1469
GBR,sptincj992,p99p100,2008,0.1407
GBR,sptincj992,p99p100,2009,0.1427
GBR,sptincj992,p99p100,2010,0.1229
GBR,sptincj992,p99p100,2011,0.1317
GBR,sptincj992,p99p100,2012,0.1276
GBR,sptincj992,p99p100,2013,0.1378
GBR,sptincj992,p99p100,2014,0.1332
GBR,sptincj992,p99p100,2015,0.123
GBR,sptincj992,p99p100,2016,0.1248
GBR,sptincj992,p99p100,2017,0.1344
GBR,sptincj992,p99p100,2018,0.1307
GBR,sptincj992,p99p100,2019,0.127
GBR,sptincj992,p99p100,2020,0.127
GBR,sptincj992,p99p100,2021,0.1291
GBR,sptincj992,p99p100,2022,0.1335
GBR,sptincj992,p99p100,2023,0.1308
GBR,sptincj992,p99p100,2024,0.1308
GRC,spllinf992,p0p100,1990,0.24959999
GRC,spllinf992,p0p100,1991,0.24959999
GRC,spllinf992,p0p100,1992,0.25420001
GRC,spllinf992,p0p100,1993,0.2552
GRC,spllinf992,p0p100,1994,0.25920001
GRC,spllinf992,p0p100,1995,0.26249999
GRC,spllinf992,p0p100,1996,0.26539999
GRC,spllinf992,p0p100,1997,0.2694
GRC,spllinf992,p0p100,1998,0.27410001
GRC,spllinf992,p0p100,1999,0.28060001
GRC,spllinf992,p0p100,2000,0.2823
GRC,spllinf992,p0p100,2001,0.3107
GRC,spllinf992,p0p100,2002,0.31940001
GRC,spllinf992,p0p100,2003,0.3211
GRC,spllinf992,p0p100,2004,0.31830001
GRC,spllinf992,p0p100,2005,0.3114
GRC,spllinf992,p0p100,2006,0.31869999
GRC,spllinf992,p0p100,2007,0.32710001
GRC,spllinf992,p0p100,2008,0.33899999
GRC,spllinf992,p0p100,2009,0.35330001
GRC,spllinf992,p0p100,2010,0.33849999
GRC,spllinf992,p0p100,2011,0.33379999
GRC,spllinf992,p0p100,2012,0.3443
GRC,spllinf992,p0p100,2013,0.34869999
GRC,spllinf992,p0p100,2014,0.3558
GRC,spllinf992,p0p100,2015,0.36000001
GRC,spllinf992,p0p100,2016,0.36480001
GRC,spllinf992,p0p100,2017,0.36250001
GRC,spllinf992,p0p100,2018,0.36829999
GRC,spllinf992,p0p100,2019,0.3617
GRC,spllinf992,p0p100,2020,0.37020001
GRC,spllinf992,p0p100,2021,0.3707
GRC,spllinf992,p0p100,2022,0.36880001
GRC,spllinf992,p0p100,2023,0.37470001
GRC,spllinf992,p0p100,2024,0.37650001
GRC,sptincj992,p0p100,1967,1
GRC,sptincj992,p0p100,1968,1
GRC,sptincj992,p0p100,1969,1
GRC,sptincj992,p0p100,1970,1
GRC,sptincj992,p0p100,1971,1
GRC,sptincj992,p0p100,1972,1
GRC,sptincj992,p0p100,1973,1
GRC,sptincj992,p0p100,1974,1
GRC,sptincj992,p0p100,1975,1
GRC,sptincj992,p0p100,1976,1
GRC,sptincj992,p0p100,1977,1
GRC,sptincj992,p0p100,1978,1
GRC,sptincj992,p0p100,1979,1
GRC,sptincj992,p0p100,1980,1
GRC,sptincj992,p0p100,1981,1
GRC,sptincj992,p0p100,1982,1
GRC,sptincj992,p0p100,1983,1
GRC,sptincj992,p0p100,1984,1
GRC,sptincj992,p0p100,1985,1
GRC,sptincj992,p0p100,1986,1
GRC,sptincj992,p0p100,1987,1
GRC,sptincj992,p0p100,1988,1
GRC,sptincj992,p0p100,1989,1
GRC,sptincj992,p0p100,1990,1
GRC,sptincj992,p0p100,1991,1
GRC,sptincj992,p0p100,1992,1
GRC,sptincj992,p0p100,1993,1
GRC,sptincj992,p0p100,1994,1
GRC,sptincj992,p0p100,1995,1
GRC,sptincj992,p0p100,1996,1
GRC,sptincj992,p0p100,1997,1
GRC,sptincj992,p0p100,1998,1
GRC,sptincj992,p0p100,1999,1
GRC,sptincj992,p0p100,2000,1
GRC,sptincj992,p0p100,2001,1
GRC,sptincj992,p0p100,2002,1
GRC,sptincj992,p0p100,2003,1
GRC,sptincj992,p0p100,2004,1
GRC,sptincj992,p0p100,2005,1
GRC,sptincj992,p0p100,2006,1
GRC,sptincj992,p0p100,2007,1
GRC,sptincj992,p0p100,2008,1
GRC,sptincj992,p0p100,2009,1
GRC,sptincj992,p0p100,2010,1
GRC,sptincj992,p0p100,2011,1
GRC,sptincj992,p0p100,2012,1
GRC,sptincj992,p0p100,2013,1
GRC,sptincj992,p0p100,2014,1
GRC,sptincj992,p0p100,2015,1
GRC,sptincj992,p0p100,2016,1
GRC,sptincj992,p0p100,2017,1
GRC,sptincj992,p0p100,2018,1
GRC,sptincj992,p0p100,2019,1
GRC,sptincj992,p0p100,2020,1
GRC,sptincj992,p0p100,2021,1
GRC,sptincj992,p0p100,2022,1
GRC,sptincj992,p0p100,2023,1
GRC,sptincj992,p0p100,2024,1
GRC,sptincj992,p0p50,1967,0.2098
GRC,sptincj992,p0p50,1968,0.2079
GRC,sptincj992,p0p50,1969,0.2046
GRC,sptincj992,p0p50,1970,0.2025
GRC,sptincj992,p0p50,1971,0.2006
GRC,sptincj992,p0p50,1972,0.1987
GRC,sptincj992,p0p50,1973,0.1954
GRC,sptincj992,p0p50,1974,0.1934
GRC,sptincj992,p0p50,1975,0.1914
GRC,sptincj992,p0p50,1976,0.1892
GRC,sptincj992,p0p50,1977,0.1865
GRC,sptincj992,p0p50,1978,0.1842
GRC,sptincj992,p0p50,1979,0.1819
GRC,sptincj992,p0p50,1980,0.1781
GRC,sptincj992,p0p50,1981,0.1697
GRC,sptincj992,p0p50,1982,0.1743
GRC,sptincj992,p0p50,1983,0.1818
GRC,sptincj992,p0p50,1984,0.1827
GRC,sptincj992,p0p50,1985,0.1776
GRC,sptincj992,p0p50,1986,0.1836
GRC,sptincj992,p0p50,1987,0.1903
GRC,sptincj992,p0p50,1988,0.179
GRC,sptincj992,p0p50,1989,0.1805
GRC,sptincj992,p0p50,1990,0.1781
GRC,sptincj992,p0p50,1991,0.1849
GRC,sptincj992,p0p50,1992,0.1907
GRC,sptincj992,p0p50,1993,0.1788
GRC,sptincj992,p0p50,1994,0.1716
GRC,sptincj992,p0p50,1995,0.1712
GRC,sptincj992,p0p50,1996,0.1703
GRC,sptincj992,p0p50,1997,0.1599
GRC,sptincj992,p0p50,1998,0.1566
GRC,sptincj992,p0p50,1999,0.1578
GRC,sptincj992,p0p50,2000,0.1515
GRC,sptincj992,p0p50,2001,0.1535
GRC,sptincj992,p0p50,2002,0.1683
GRC,sptincj992,p0p50,2003,0.1776
GRC,sptincj992,p0p50,2004,0.1773
GRC,sptincj992,p0p50,2005,0.1737
GRC,sptincj992,p0p50,2006,0.18
GRC,sptincj992,p0p50,2007,0.1859
GRC,sptincj992,p0p50,2008,0.1986
GRC,sptincj992,p0p50,2009,0.2015
GRC,sptincj992,p0p50,2010,0.1939
GRC,sptincj992,p0p50,2011,0.1962
GRC,sptincj992,p0p50,2012,0.1958
GRC,sptincj992,p0p50,2013,0.1975
GRC,sptincj992,p0p50,2014,0.186
GRC,sptincj992,p0p50,2015,0.1871
GRC,sptincj992,p0p50,2016,0.1943
GRC,sptincj992,p0p50,2017,0.2005
GRC,sptincj992,p0p50,2018,0.209
GRC,sptincj992,p0p50,2019,0.2106
GRC,sptincj992,p0p50,2020,0.2106
GRC,sptincj992,p0p50,2021,0.2095
GRC,sptincj992,p0p50,2022,0.2053
GRC,sptincj992,p0p50,2023,0.2091
GRC,sptincj992,p0p50,2024,0.2091
GRC,sptincj992,p0p90,1967,0.657
GRC,sptincj992,p0p90,1968,0.6569
GRC,sptincj992,p0p90,1969,0.6524
GRC,sptincj992,p0p90,1970,0.6517000000000001
GRC,sptincj992,p0p90,1971,0.6515000000000001
GRC,sptincj992,p0p90,1972,0.6516000000000001
GRC,sptincj992,p0p90,1973,0.647
GRC,sptincj992,p0p90,1974,0.6465000000000001
GRC,sptincj992,p0p90,1975,0.6463
GRC,sptincj992,p0p90,1976,0.6452
GRC,sptincj992,p0p90,1977,0.6424000000000001
GRC,sptincj992,p0p90,1978,0.6411
GRC,sptincj992,p0p90,1979,0.6396000000000001
GRC,sptincj992,p0p90,1980,0.638
GRC,sptincj992,p0p90,1981,0.6262
GRC,sptincj992,p0p90,1982,0.6353
GRC,sptincj992,p0p90,1983,0.6444000000000001
GRC,sptincj992,p0p90,1984,0.6508
GRC,sptincj992,p0p90,1985,0.6454000000000001
GRC,sptincj992,p0p90,1986,0.6644
GRC,sptincj992,p0p90,1987,0.6631
GRC,sptincj992,p0p90,1988,0.6708000000000001
GRC,sptincj992,p0p90,1989,0.6759000000000001
GRC,sptincj992,p0p90,1990,0.6685
GRC,sptincj992,p0p90,1991,0.6698000000000001
GRC,sptincj992,p0p90,1992,0.672
GRC,sptincj992,p0p90,1993,0.6615
GRC,sptincj992,p0p90,1994,0.6493
GRC,sptincj992,p0p90,1995,0.6465000000000001
GRC,sptincj992,p0p90,1996,0.6402
GRC,sptincj992,p0p90,1997,0.6213000000000001
GRC,sptincj992,p0p90,1998,0.6129
GRC,sptincj992,p0p90,1999,0.6044
GRC,sptincj992,p0p90,2000,0.5976
GRC,sptincj992,p0p90,2001,0.6017
GRC,sptincj992,p0p90,2002,0.624
GRC,sptincj992,p0p90,2003,0.6372
GRC,sptincj992,p0p90,2004,0.6288
GRC,sptincj992,p0p90,2005,0.6253000000000001
GRC,sptincj992,p0p90,2006,0.6336
GRC,sptincj992,p0p90,2007,0.6444000000000001
GRC,sptincj992,p0p90,2008,0.6685
GRC,sptincj992,p0p90,2009,0.675
GRC,sptincj992,p0p90,2010,0.6626000000000001
GRC,sptincj992,p0p90,2011,0.6857000000000001
GRC,sptincj992,p0p90,2012,0.6823
GRC,sptincj992,p0p90,2013,0.6668000000000001
GRC,sptincj992,p0p90,2014,0.6427
GRC,sptincj992,p0p90,2015,0.6454000000000001
GRC,sptincj992,p0p90,2016,0.6575000000000001
GRC,sptincj992,p0p90,2017,0.6608
GRC,sptincj992,p0p90,2018,0.6702
GRC,sptincj992,p0p90,2019,0.6736000000000001
GRC,sptincj992,p0p90,2020,0.6736000000000001
GRC,sptincj992,p0p90,2021,0.6691
GRC,sptincj992,p0p90,2022,0.6647000000000001
GRC,sptincj992,p0p90,2023,0.6679
GRC,sptincj992,p0p90,2024,0.6679
GRC,sptincj992,p0p99,1967,0.8956000000000001
GRC,sptincj992,p0p99,1968,0.8978
GRC,sptincj992,p0p99,1969,0.8939
GRC,sptincj992,p0p99,1970,0.8954000000000001
GRC,sptincj992,p0p99,1971,0.8974000000000001
GRC,sptincj992,p0p99,1972,0.9
GRC,sptincj992,p0p99,1973,0.8959
GRC,sptincj992,p0p99,1974,0.8977
GRC,sptincj992,p0p99,1975,0.8997
GRC,sptincj992,p0p99,1976,0.9006000000000001
GRC,sptincj992,p0p99,1977,0.8991
GRC,sptincj992,p0p99,1978,0.8997
GRC,sptincj992,p0p99,1979,0.9
GRC,sptincj992,p0p99,1980,0.9009
GRC,sptincj992,p0p99,1981,0.8992
GRC,sptincj992,p0p99,1982,0.9044000000000001
GRC,sptincj992,p0p99,1983,0.9107000000000001
GRC,sptincj992,p0p99,1984,0.9108
GRC,sptincj992,p0p99,1985,0.9075000000000001
GRC,sptincj992,p0p99,1986,0.9075000000000001
GRC,sptincj992,p0p99,1987,0.9082
GRC,sptincj992,p0p99,1988,0.9092
GRC,sptincj992,p0p99,1989,0.9097000000000001
GRC,sptincj992,p0p99,1990,0.9086000000000001
GRC,sptincj992,p0p99,1991,0.9068
GRC,sptincj992,p0p99,1992,0.9085000000000001
GRC,sptincj992,p0p99,1993,0.9059
GRC,sptincj992,p0p99,1994,0.9037000000000001
GRC,sptincj992,p0p99,1995,0.903
GRC,sptincj992,p0p99,1996,0.8998
GRC,sptincj992,p0p99,1997,0.8854000000000001
GRC,sptincj992,p0p99,1998,0.8782000000000001
GRC,sptincj992,p0p99,1999,0.8713000000000001
GRC,sptincj992,p0p99,2000,0.8745
GRC,sptincj992,p0p99,2001,0.8769
GRC,sptincj992,p0p99,2002,0.8911
GRC,sptincj992,p0p99,2003,0.8924000000000001
GRC,sptincj992,p0p99,2004,0.8854000000000001
GRC,sptincj992,p0p99,2005,0.8857
GRC,sptincj992,p0p99,2006,0.8863000000000001
GRC,sptincj992,p0p99,2007,0.8933000000000001
GRC,sptincj992,p0p99,2008,0.9108
GRC,sptincj992,p0p99,2009,0.9154
GRC,sptincj992,p0p99,2010,0.9119
GRC,sptincj992,p0p99,2011,0.9272
GRC,sptincj992,p0p99,2012,0.9215000000000001
GRC,sptincj992,p0p99,2013,0.9004000000000001
GRC,sptincj992,p0p99,2014,0.875
GRC,sptincj992,p0p99,2015,0.8771
GRC,sptincj992,p0p99,2016,0.8875000000000001
GRC,sptincj992,p0p99,2017,0.89
GRC,sptincj992,p0p99,2018,0.889
GRC,sptincj992,p0p99,2019,0.8916000000000001
GRC,sptincj992,p0p99,2020,0.8916000000000001
GRC,sptincj992,p0p99,2021,0.8871
GRC,sptincj992,p0p99,2022,0.8816
GRC,sptincj992,p0p99,2023,0.8866
GRC,sptincj992,p0p99,2024,0.8866
GRC,sptincj992,p50p90,1967,0.4472
GRC,sptincj992,p50p90,1968,0.449
GRC,sptincj992,p50p90,1969,0.4478
GRC,sptincj992,p50p90,1970,0.4492
GRC,sptincj992,p50p90,1971,0.4509
GRC,sptincj992,p50p90,1972,0.4529
GRC,sptincj992,p50p90,1973,0.4515
GRC,sptincj992,p50p90,1974,0.4531
GRC,sptincj992,p50p90,1975,0.4548
GRC,sptincj992,p50p90,1976,0.456
GRC,sptincj992,p50p90,1977,0.4559
GRC,sptincj992,p50p90,1978,0.4569
GRC,sptincj992,p50p90,1979,0.4578
GRC,sptincj992,p50p90,1980,0.4599
GRC,sptincj992,p50p90,1981,0.4565
GRC,sptincj992,p50p90,1982,0.461
GRC,sptincj992,p50p90,1983,0.4626
GRC,sptincj992,p50p90,1984,0.4681
GRC,sptincj992,p50p90,1985,0.4678
GRC,sptincj992,p50p90,1986,0.4808
GRC,sptincj992,p50p90,1987,0.4728
GRC,sptincj992,p50p90,1988,0.4918
GRC,sptincj992,p50p90,1989,0.4954
GRC,sptincj992,p50p90,1990,0.4905
GRC,sptincj992,p50p90,1991,0.4849
GRC,sptincj992,p50p90,1992,0.4813
GRC,sptincj992,p50p90,1993,0.4827
GRC,sptincj992,p50p90,1994,0.4777
GRC,sptincj992,p50p90,1995,0.4753
GRC,sptincj992,p50p90,1996,0.4699
GRC,sptincj992,p50p90,1997,0.4614
GRC,sptincj992,p50p90,1998,0.4563
GRC,sptincj992,p50p90,1999,0.4466
GRC,sptincj992,p50p90,2000,0.446
GRC,sptincj992,p50p90,2001,0.4483
GRC,sptincj992,p50p90,2002,0.4557
GRC,sptincj992,p50p90,2003,0.4597
GRC,sptincj992,p50p90,2004,0.4515
GRC,sptincj992,p50p90,2005,0.4516
GRC,sptincj992,p50p90,2006,0.4535
GRC,sptincj992,p50p90,2007,0.4585
GRC,sptincj992,p50p90,2008,0.4699
GRC,sptincj992,p50p90,2009,0.4735
GRC,sptincj992,p50p90,2010,0.4687
GRC,sptincj992,p50p90,2011,0.4895
GRC,sptincj992,p50p90,2012,0.4864
GRC,sptincj992,p50p90,2013,0.4693
GRC,sptincj992,p50p90,2014,0.4567
GRC,sptincj992,p50p90,2015,0.4583
GRC,sptincj992,p50p90,2016,0.4632
GRC,sptincj992,p50p90,2017,0.4603
GRC,sptincj992,p50p90,2018,0.4612
GRC,sptincj992,p50p90,2019,0.463
GRC,sptincj992,p50p90,2020,0.463
GRC,sptincj992,p50p90,2021,0.4596
GRC,sptincj992,p50p90,2022,0.4595
GRC,sptincj992,p50p90,2023,0.4589
GRC,sptincj992,p50p90,2024,0.4589
GRC,sptincj992,p90p100,1967,0.343
GRC,sptincj992,p90p100,1968,0.3431
GRC,sptincj992,p90p100,1969,0.3476
GRC,sptincj992,p90p100,1970,0.3483
GRC,sptincj992,p90p100,1971,0.3485
GRC,sptincj992,p90p100,1972,0.3484
GRC,sptincj992,p90p100,1973,0.353
GRC,sptincj992,p90p100,1974,0.3535
GRC,sptincj992,p90p100,1975,0.3537
GRC,sptincj992,p90p100,1976,0.3548
GRC,sptincj992,p90p100,1977,0.3576
GRC,sptincj992,p90p100,1978,0.3589
GRC,sptincj992,p90p100,1979,0.3604
GRC,sptincj992,p90p100,1980,0.362
GRC,sptincj992,p90p100,1981,0.3738
GRC,sptincj992,p90p100,1982,0.3647
GRC,sptincj992,p90p100,1983,0.3556
GRC,sptincj992,p90p100,1984,0.3492
GRC,sptincj992,p90p100,1985,0.3546
GRC,sptincj992,p90p100,1986,0.3356
GRC,sptincj992,p90p100,1987,0.3369
GRC,sptincj992,p90p100,1988,0.3292
GRC,sptincj992,p90p100,1989,0.3241
GRC,sptincj992,p90p100,1990,0.3315
GRC,sptincj992,p90p100,1991,0.3302
GRC,sptincj992,p90p100,1992,0.328
GRC,sptincj992,p90p100,1993,0.3385
GRC,sptincj992,p90p100,1994,0.3507
GRC,sptincj992,p90p100,1995,0.3535
GRC,sptincj992,p90p100,1996,0.3598
GRC,sptincj992,p90p100,1997,0.3787
GRC,sptincj992,p90p100,1998,0.3871
GRC,sptincj992,p90p100,1999,0.3956
GRC,sptincj992,p90p100,2000,0.4024
GRC,sptincj992,p90p100,2001,0.3983
GRC,sptincj992,p90p100,2002,0.376
GRC,sptincj992,p90p100,2003,0.3628
GRC,sptincj992,p90p100,2004,0.3712
GRC,sptincj992,p90p100,2005,0.3747
GRC,sptincj992,p90p100,2006,0.3664
GRC,sptincj992,p90p100,2007,0.3556
GRC,sptincj992,p90p100,2008,0.3315
GRC,sptincj992,p90p100,2009,0.325
GRC,sptincj992,p90p100,2010,0.3374
GRC,sptincj992,p90p100,2011,0.3143
GRC,sptincj992,p90p100,2012,0.3177
GRC,sptincj992,p90p100,2013,0.3332
GRC,sptincj992,p90p100,2014,0.3573
GRC,sptincj992,p90p100,2015,0.3546
GRC,sptincj992,p90p100,2016,0.3425
GRC,sptincj992,p90p100,2017,0.3392
GRC,sptincj992,p90p100,2018,0.3298
GRC,sptincj992,p90p100,2019,0.3264
GRC,sptincj992,p90p100,2020,0.3264
GRC,sptincj992,p90p100,2021,0.3309
GRC,sptincj992,p90p100,2022,0.3353
GRC,sptincj992,p90p100,2023,0.3321
GRC,sptincj992,p90p100,2024,0.3321
GRC,sptincj992,p99p100,1967,0.1044
GRC,sptincj992,p99p100,1968,0.1022
GRC,sptincj992,p99p100,1969,0.1061
GRC,sptincj992,p99p100,1970,0.1046
GRC,sptincj992,p99p100,1971,0.1026
GRC,sptincj992,p99p100,1972,0.1
GRC,sptincj992,p99p100,1973,0.1041
GRC,sptincj992,p99p100,1974,0.1023
GRC,sptincj992,p99p100,1975,0.1003
GRC,sptincj992,p99p100,1976,0.0994
GRC,sptincj992,p99p100,1977,0.1009
GRC,sptincj992,p99p100,1978,0.1003
GRC,sptincj992,p99p100,1979,0.1
GRC,sptincj992,p99p100,1980,0.0991
GRC,sptincj992,p99p100,1981,0.1008
GRC,sptincj992,p99p100,1982,0.0956
GRC,sptincj992,p99p100,1983,0.0893
GRC,sptincj992,p99p100,1984,0.0892
GRC,sptincj992,p99p100,1985,0.0925
GRC,sptincj992,p99p100,1986,0.0925
GRC,sptincj992,p99p100,1987,0.0918
GRC,sptincj992,p99p100,1988,0.0908
GRC,sptincj992,p99p100,1989,0.0903
GRC,sptincj992,p99p100,1990,0.0914
GRC,sptincj992,p99p100,1991,0.0932
GRC,sptincj992,p99p100,1992,0.0915
GRC,sptincj992,p99p100,1993,0.0941
GRC,sptincj992,p99p100,1994,0.0963
GRC,sptincj992,p99p100,1995,0.097
GRC,sptincj992,p99p100,1996,0.1002
GRC,sptincj992,p99p100,1997,0.1146
GRC,sptincj992,p99p100,1998,0.1218
GRC,sptincj992,p99p100,1999,0.1287
GRC,sptincj992,p99p100,2000,0.1255
GRC,sptincj992,p99p100,2001,0.1231
GRC,sptincj992,p99p100,2002,0.1089
GRC,sptincj992,p99p100,2003,0.1076
GRC,sptincj992,p99p100,2004,0.1146
GRC,sptincj992,p99p100,2005,0.1143
GRC,sptincj992,p99p100,2006,0.1137
GRC,sptincj992,p99p100,2007,0.1067
GRC,sptincj992,p99p100,2008,0.0892
GRC,sptincj992,p99p100,2009,0.0846
GRC,sptincj992,p99p100,2010,0.0881
GRC,sptincj992,p99p100,2011,0.0728
GRC,sptincj992,p99p100,2012,0.0785
GRC,sptincj992,p99p100,2013,0.0996
GRC,sptincj992,p99p100,2014,0.125
GRC,sptincj992,p99p100,2015,0.1229
GRC,sptincj992,p99p100,2016,0.1125
GRC,sptincj992,p99p100,2017,0.11
GRC,sptincj992,p99p100,2018,0.111
GRC,sptincj992,p99p100,2019,0.1084
GRC,sptincj992,p99p100,2020,0.1084
GRC,sptincj992,p99p100,2021,0.1129
GRC,sptincj992,p99p100,2022,0.1184
GRC,sptincj992,p99p100,2023,0.1134
GRC,sptincj992,p99p100,2024,0.1134
HUN,spllinf992,p0p100,1990,0.4276
HUN,spllinf992,p0p100,1991,0.4276
HUN,spllinf992,p0p100,1992,0.42930001
HUN,spllinf992,p0p100,1993,0.42879999
HUN,spllinf992,p0p100,1994,0.4258
HUN,spllinf992,p0p100,1995,0.4262
HUN,spllinf992,p0p100,1996,0.42539999
HUN,spllinf992,p0p100,1997,0.426
HUN,spllinf992,p0p100,1998,0.4228
HUN,spllinf992,p0p100,1999,0.42210001
HUN,spllinf992,p0p100,2000,0.42550001
HUN,spllinf992,p0p100,2001,0.42519999
HUN,spllinf992,p0p100,2002,0.4249
HUN,spllinf992,p0p100,2003,0.42460001
HUN,spllinf992,p0p100,2004,0.4188
HUN,spllinf992,p0p100,2005,0.41760001
HUN,spllinf992,p0p100,2006,0.4438
HUN,spllinf992,p0p100,2007,0.42550001
HUN,spllinf992,p0p100,2008,0.42699999
HUN,spllinf992,p0p100,2009,0.4298
HUN,spllinf992,p0p100,2010,0.43020001
HUN,spllinf992,p0p100,2011,0.42809999
HUN,spllinf992,p0p100,2012,0.42390001
HUN,spllinf992,p0p100,2013,0.42570001
HUN,spllinf992,p0p100,2014,0.4316
HUN,spllinf992,p0p100,2015,0.4233
HUN,spllinf992,p0p100,2016,0.4305
HUN,spllinf992,p0p100,2017,0.4262
HUN,spllinf992,p0p100,2018,0.42160001
HUN,spllinf992,p0p100,2019,0.43259999
HUN,spllinf992,p0p100,2020,0.4278
HUN,spllinf992,p0p100,2021,0.41069999
HUN,spllinf992,p0p100,2022,0.41479999
HUN,spllinf992,p0p100,2023,0.41460001
HUN,spllinf992,p0p100,2024,0.41710001
HUN,sptincj992,p0p100,1914,1
HUN,sptincj992,p0p100,1915,1
HUN,sptincj992,p0p100,1927,1
HUN,sptincj992,p0p100,1930,1
HUN,sptincj992,p0p100,1931,1
HUN,sptincj992,p0p100,1932,1
HUN,sptincj992,p0p100,1933,1
HUN,sptincj992,p0p100,1934,1
HUN,sptincj992,p0p100,1935,1
HUN,sptincj992,p0p100,1936,1
HUN,sptincj992,p0p100,1937,1
HUN,sptincj992,p0p100,1938,1
HUN,sptincj992,p0p100,1939,1
HUN,sptincj992,p0p100,1940,1
HUN,sptincj992,p0p100,1951,1
HUN,sptincj992,p0p100,1955,1
HUN,sptincj992,p0p100,1956,1
HUN,sptincj992,p0p100,1957,1
HUN,sptincj992,p0p100,1958,1
HUN,sptincj992,p0p100,1960,1
HUN,sptincj992,p0p100,1961,1
HUN,sptincj992,p0p100,1962,1
HUN,sptincj992,p0p100,1964,1
HUN,sptincj992,p0p100,1966,1
HUN,sptincj992,p0p100,1968,1
HUN,sptincj992,p0p100,1970,1
HUN,sptincj992,p0p100,1972,1
HUN,sptincj992,p0p100,1974,1
HUN,sptincj992,p0p100,1976,1
HUN,sptincj992,p0p100,1978,1
HUN,sptincj992,p0p100,1980,1
HUN,sptincj992,p0p100,1981,1
HUN,sptincj992,p0p100,1982,1
HUN,sptincj992,p0p100,1983,1
HUN,sptincj992,p0p100,1984,1
HUN,sptincj992,p0p100,1985,1
HUN,sptincj992,p0p100,1986,1
HUN,sptincj992,p0p100,1987,1
HUN,sptincj992,p0p100,1988,1
HUN,sptincj992,p0p100,1989,1
HUN,sptincj992,p0p100,1990,1
HUN,sptincj992,p0p100,1991,1
HUN,sptincj992,p0p100,1992,1
HUN,sptincj992,p0p100,1993,1
HUN,sptincj992,p0p100,1994,1
HUN,sptincj992,p0p100,1995,1
HUN,sptincj992,p0p100,1996,1
HUN,sptincj992,p0p100,1997,1
HUN,sptincj992,p0p100,1998,1
HUN,sptincj992,p0p100,1999,1
HUN,sptincj992,p0p100,2000,1
HUN,sptincj992,p0p100,2001,1
HUN,sptincj992,p0p100,2002,1
HUN,sptincj992,p0p100,2003,1
HUN,sptincj992,p0p100,2004,1
HUN,sptincj992,p0p100,2005,1
HUN,sptincj992,p0p100,2006,1
HUN,sptincj992,p0p100,2007,1
HUN,sptincj992,p0p100,2008,1
HUN,sptincj992,p0p100,2009,1
HUN,sptincj992,p0p100,2010,1
HUN,sptincj992,p0p100,2011,1
HUN,sptincj992,p0p100,2012,1
HUN,sptincj992,p0p100,2013,1
HUN,sptincj992,p0p100,2014,1
HUN,sptincj992,p0p100,2015,1
HUN,sptincj992,p0p100,2016,1
HUN,sptincj992,p0p100,2017,1
HUN,sptincj992,p0p100,2018,1
HUN,sptincj992,p0p100,2019,1
HUN,sptincj992,p0p100,2020,1
HUN,sptincj992,p0p100,2021,1
HUN,sptincj992,p0p100,2022,1
HUN,sptincj992,p0p100,2023,1
HUN,sptincj992,p0p100,2024,1
HUN,sptincj992,p0p50,1914,0.1954
HUN,sptincj992,p0p50,1915,0.2026
HUN,sptincj992,p0p50,1927,0.247
HUN,sptincj992,p0p50,1930,0.2511
HUN,sptincj992,p0p50,1931,0.2494
HUN,sptincj992,p0p50,1932,0.2484
HUN,sptincj992,p0p50,1933,0.2466
HUN,sptincj992,p0p50,1934,0.2455
HUN,sptincj992,p0p50,1935,0.2445
HUN,sptincj992,p0p50,1936,0.2434
HUN,sptincj992,p0p50,1937,0.2419
HUN,sptincj992,p0p50,1938,0.2404
HUN,sptincj992,p0p50,1939,0.2393
HUN,sptincj992,p0p50,1940,0.2378
HUN,sptincj992,p0p50,1951,0.2401
HUN,sptincj992,p0p50,1955,0.2403
HUN,sptincj992,p0p50,1956,0.2403
HUN,sptincj992,p0p50,1957,0.2404
HUN,sptincj992,p0p50,1958,0.2404
HUN,sptincj992,p0p50,1960,0.2406
HUN,sptincj992,p0p50,1961,0.2473
HUN,sptincj992,p0p50,1962,0.254
HUN,sptincj992,p0p50,1964,0.2675
HUN,sptincj992,p0p50,1966,0.2809
HUN,sptincj992,p0p50,1968,0.2944
HUN,sptincj992,p0p50,1970,0.3079
HUN,sptincj992,p0p50,1972,0.3213
HUN,sptincj992,p0p50,1974,0.3348
HUN,sptincj992,p0p50,1976,0.3482
HUN,sptincj992,p0p50,1978,0.3617
HUN,sptincj992,p0p50,1980,0.3347
HUN,sptincj992,p0p50,1981,0.3357
HUN,sptincj992,p0p50,1982,0.3386
HUN,sptincj992,p0p50,1983,0.351
HUN,sptincj992,p0p50,1984,0.3647
HUN,sptincj992,p0p50,1985,0.365
HUN,sptincj992,p0p50,1986,0.3611
HUN,sptincj992,p0p50,1987,0.3512
HUN,sptincj992,p0p50,1988,0.3426
HUN,sptincj992,p0p50,1989,0.326
HUN,sptincj992,p0p50,1990,0.3062
HUN,sptincj992,p0p50,1991,0.2857
HUN,sptincj992,p0p50,1992,0.2695
HUN,sptincj992,p0p50,1993,0.2721
HUN,sptincj992,p0p50,1994,0.2693
HUN,sptincj992,p0p50,1995,0.2804
HUN,sptincj992,p0p50,1996,0.2793
HUN,sptincj992,p0p50,1997,0.2747
HUN,sptincj992,p0p50,1998,0.2749
HUN,sptincj992,p0p50,1999,0.262
HUN,sptincj992,p0p50,2000,0.2644
HUN,sptincj992,p0p50,2001,0.2544
HUN,sptincj992,p0p50,2002,0.2455
HUN,sptincj992,p0p50,2003,0.2413
HUN,sptincj992,p0p50,2004,0.2491
HUN,sptincj992,p0p50,2005,0.2427
HUN,sptincj992,p0p50,2006,0.2305
HUN,sptincj992,p0p50,2007,0.2249
HUN,sptincj992,p0p50,2008,0.2313
HUN,sptincj992,p0p50,2009,0.2345
HUN,sptincj992,p0p50,2010,0.2304
HUN,sptincj992,p0p50,2011,0.2332
HUN,sptincj992,p0p50,2012,0.2365
HUN,sptincj992,p0p50,2013,0.231
HUN,sptincj992,p0p50,2014,0.2302
HUN,sptincj992,p0p50,2015,0.2302
HUN,sptincj992,p0p50,2016,0.2321
HUN,sptincj992,p0p50,2017,0.2317
HUN,sptincj992,p0p50,2018,0.2245
HUN,sptincj992,p0p50,2019,0.2236
HUN,sptincj992,p0p50,2020,0.2236
HUN,sptincj992,p0p50,2021,0.2241
HUN,sptincj992,p0p50,2022,0.2223
HUN,sptincj992,p0p50,2023,0.223
HUN,sptincj992,p0p50,2024,0.223
HUN,sptincj992,p0p90,1914,0.5662
HUN,sptincj992,p0p90,1915,0.5803
HUN,sptincj992,p0p90,1927,0.6777000000000001
HUN,sptincj992,p0p90,1930,0.6903
HUN,sptincj992,p0p90,1931,0.6876
HUN,sptincj992,p0p90,1932,0.6868000000000001
HUN,sptincj992,p0p90,1933,0.6836
HUN,sptincj992,p0p90,1934,0.6826
HUN,sptincj992,p0p90,1935,0.6818000000000001
HUN,sptincj992,p0p90,1936,0.6806
HUN,sptincj992,p0p90,1937,0.6785
HUN,sptincj992,p0p90,1938,0.6762
HUN,sptincj992,p0p90,1939,0.6753
HUN,sptincj992,p0p90,1940,0.673
HUN,sptincj992,p0p90,1951,0.7042
HUN,sptincj992,p0p90,1955,0.7033
HUN,sptincj992,p0p90,1956,0.7031000000000001
HUN,sptincj992,p0p90,1957,0.7028
HUN,sptincj992,p0p90,1958,0.7026
HUN,sptincj992,p0p90,1960,0.7022
HUN,sptincj992,p0p90,1961,0.7086
HUN,sptincj992,p0p90,1962,0.7150000000000001
HUN,sptincj992,p0p90,1964,0.7278
HUN,sptincj992,p0p90,1966,0.7407
HUN,sptincj992,p0p90,1968,0.7535000000000001
HUN,sptincj992,p0p90,1970,0.7663000000000001
HUN,sptincj992,p0p90,1972,0.7791
HUN,sptincj992,p0p90,1974,0.792
HUN,sptincj992,p0p90,1976,0.8048000000000001
HUN,sptincj992,p0p90,1978,0.8176
HUN,sptincj992,p0p90,1980,0.8195
HUN,sptincj992,p0p90,1981,0.8198000000000001
HUN,sptincj992,p0p90,1982,0.8211
HUN,sptincj992,p0p90,1983,0.8273
HUN,sptincj992,p0p90,1984,0.8331000000000001
HUN,sptincj992,p0p90,1985,0.8316
HUN,sptincj992,p0p90,1986,0.8292
HUN,sptincj992,p0p90,1987,0.8194
HUN,sptincj992,p0p90,1988,0.8096
HUN,sptincj992,p0p90,1989,0.7931
HUN,sptincj992,p0p90,1990,0.7729
HUN,sptincj992,p0p90,1991,0.7562
HUN,sptincj992,p0p90,1992,0.7387
HUN,sptincj992,p0p90,1993,0.7375
HUN,sptincj992,p0p90,1994,0.7345
HUN,sptincj992,p0p90,1995,0.7419
HUN,sptincj992,p0p90,1996,0.733
HUN,sptincj992,p0p90,1997,0.7211000000000001
HUN,sptincj992,p0p90,1998,0.7182000000000001
HUN,sptincj992,p0p90,1999,0.7078
HUN,sptincj992,p0p90,2000,0.7113
HUN,sptincj992,p0p90,2001,0.6929000000000001
HUN,sptincj992,p0p90,2002,0.6761
HUN,sptincj992,p0p90,2003,0.676
HUN,sptincj992,p0p90,2004,0.6833
HUN,sptincj992,p0p90,2005,0.6662
HUN,sptincj992,p0p90,2006,0.6531
HUN,sptincj992,p0p90,2007,0.6503
HUN,sptincj992,p0p90,2008,0.6578
HUN,sptincj992,p0p90,2009,0.6665
HUN,sptincj992,p0p90,2010,0.663
HUN,sptincj992,p0p90,2011,0.6713
HUN,sptincj992,p0p90,2012,0.6804
HUN,sptincj992,p0p90,2013,0.6663
HUN,sptincj992,p0p90,2014,0.6709
HUN,sptincj992,p0p90,2015,0.6712
HUN,sptincj992,p0p90,2016,0.6694
HUN,sptincj992,p0p90,2017,0.6701
HUN,sptincj992,p0p90,2018,0.6752
HUN,sptincj992,p0p90,2019,0.6711
HUN,sptincj992,p0p90,2020,0.6711
HUN,sptincj992,p0p90,2021,0.6716000000000001
HUN,sptincj992,p0p90,2022,0.6663
HUN,sptincj992,p0p90,2023,0.6689
HUN,sptincj992,p0p90,2024,0.6689
HUN,sptincj992,p0p99,1914,0.8202
HUN,sptincj992,p0p99,1915,0.8282
HUN,sptincj992,p0p99,1927,0.8881
HUN,sptincj992,p0p99,1930,0.8979
HUN,sptincj992,p0p99,1931,0.8973000000000001
HUN,sptincj992,p0p99,1932,0.8993
HUN,sptincj992,p0p99,1933,0.8981
HUN,sptincj992,p0p99,1934,0.8998
HUN,sptincj992,p0p99,1935,0.9017000000000001
HUN,sptincj992,p0p99,1936,0.9032
HUN,sptincj992,p0p99,1937,0.9034000000000001
HUN,sptincj992,p0p99,1938,0.9033
HUN,sptincj992,p0p99,1939,0.9052
HUN,sptincj992,p0p99,1940,0.9051
HUN,sptincj992,p0p99,1951,0.9172
HUN,sptincj992,p0p99,1955,0.9204
HUN,sptincj992,p0p99,1956,0.9212
HUN,sptincj992,p0p99,1957,0.922
HUN,sptincj992,p0p99,1958,0.9228000000000001
HUN,sptincj992,p0p99,1960,0.9244
HUN,sptincj992,p0p99,1961,0.9268000000000001
HUN,sptincj992,p0p99,1962,0.9293
HUN,sptincj992,p0p99,1964,0.9341
HUN,sptincj992,p0p99,1966,0.9390000000000001
HUN,sptincj992,p0p99,1968,0.9439000000000001
HUN,sptincj992,p0p99,1970,0.9487000000000001
HUN,sptincj992,p0p99,1972,0.9536
HUN,sptincj992,p0p99,1974,0.9584
HUN,sptincj992,p0p99,1976,0.9633
HUN,sptincj992,p0p99,1978,0.9682000000000001
HUN,sptincj992,p0p99,1980,0.9713
HUN,sptincj992,p0p99,1981,0.9715
HUN,sptincj992,p0p99,1982,0.9718
HUN,sptincj992,p0p99,1983,0.9720000000000001
HUN,sptincj992,p0p99,1984,0.9721000000000001
HUN,sptincj992,p0p99,1985,0.9714
HUN,sptincj992,p0p99,1986,0.9705
HUN,sptincj992,p0p99,1987,0.9659000000000001
HUN,sptincj992,p0p99,1988,0.9614
HUN,sptincj992,p0p99,1989,0.9542
HUN,sptincj992,p0p99,1990,0.9463
HUN,sptincj992,p0p99,1991,0.9395
HUN,sptincj992,p0p99,1992,0.9325
HUN,sptincj992,p0p99,1993,0.9299000000000001
HUN,sptincj992,p0p99,1994,0.9302
HUN,sptincj992,p0p99,1995,0.9271
HUN,sptincj992,p0p99,1996,0.9191
HUN,sptincj992,p0p99,1997,0.9163
HUN,sptincj992,p0p99,1998,0.9129
HUN,sptincj992,p0p99,1999,0.9109
HUN,sptincj992,p0p99,2000,0.9077000000000001
HUN,sptincj992,p0p99,2001,0.8989
HUN,sptincj992,p0p99,2002,0.8909
HUN,sptincj992,p0p99,2003,0.8932
HUN,sptincj992,p0p99,2004,0.8942
HUN,sptincj992,p0p99,2005,0.8821
HUN,sptincj992,p0p99,2006,0.8738
HUN,sptincj992,p0p99,2007,0.8859
HUN,sptincj992,p0p99,2008,0.8866
HUN,sptincj992,p0p99,2009,0.8881
HUN,sptincj992,p0p99,2010,0.8854000000000001
HUN,sptincj992,p0p99,2011,0.89
HUN,sptincj992,p0p99,2012,0.8963000000000001
HUN,sptincj992,p0p99,2013,0.8833000000000001
HUN,sptincj992,p0p99,2014,0.8838
HUN,sptincj992,p0p99,2015,0.8836
HUN,sptincj992,p0p99,2016,0.8797
HUN,sptincj992,p0p99,2017,0.8863000000000001
HUN,sptincj992,p0p99,2018,0.8903000000000001
HUN,sptincj992,p0p99,2019,0.8857
HUN,sptincj992,p0p99,2020,0.8857
HUN,sptincj992,p0p99,2021,0.8865000000000001
HUN,sptincj992,p0p99,2022,0.8816
HUN,sptincj992,p0p99,2023,0.8848
HUN,sptincj992,p0p99,2024,0.8848
HUN,sptincj992,p50p90,1914,0.3708
HUN,sptincj992,p50p90,1915,0.3777
HUN,sptincj992,p50p90,1927,0.4307
HUN,sptincj992,p50p90,1930,0.4392
HUN,sptincj992,p50p90,1931,0.4381
HUN,sptincj992,p50p90,1932,0.4383
HUN,sptincj992,p50p90,1933,0.437
HUN,sptincj992,p50p90,1934,0.4371
HUN,sptincj992,p50p90,1935,0.4373
HUN,sptincj992,p50p90,1936,0.4372
HUN,sptincj992,p50p90,1937,0.4366
HUN,sptincj992,p50p90,1938,0.4358
HUN,sptincj992,p50p90,1939,0.436
HUN,sptincj992,p50p90,1940,0.4352
HUN,sptincj992,p50p90,1951,0.4641
HUN,sptincj992,p50p90,1955,0.463
HUN,sptincj992,p50p90,1956,0.4627
HUN,sptincj992,p50p90,1957,0.4625
HUN,sptincj992,p50p90,1958,0.4622
HUN,sptincj992,p50p90,1960,0.4616
HUN,sptincj992,p50p90,1961,0.4613
HUN,sptincj992,p50p90,1962,0.461
HUN,sptincj992,p50p90,1964,0.4604
HUN,sptincj992,p50p90,1966,0.4597
HUN,sptincj992,p50p90,1968,0.4591
HUN,sptincj992,p50p90,1970,0.4585
HUN,sptincj992,p50p90,1972,0.4578
HUN,sptincj992,p50p90,1974,0.4572
HUN,sptincj992,p50p90,1976,0.4566
HUN,sptincj992,p50p90,1978,0.4559
HUN,sptincj992,p50p90,1980,0.4848
HUN,sptincj992,p50p90,1981,0.4841
HUN,sptincj992,p50p90,1982,0.4825
HUN,sptincj992,p50p90,1983,0.4763
HUN,sptincj992,p50p90,1984,0.4684
HUN,sptincj992,p50p90,1985,0.4666
HUN,sptincj992,p50p90,1986,0.4681
HUN,sptincj992,p50p90,1987,0.4681
HUN,sptincj992,p50p90,1988,0.467
HUN,sptincj992,p50p90,1989,0.467
HUN,sptincj992,p50p90,1990,0.4667
HUN,sptincj992,p50p90,1991,0.4704
HUN,sptincj992,p50p90,1992,0.4691
HUN,sptincj992,p50p90,1993,0.4654
HUN,sptincj992,p50p90,1994,0.4652
HUN,sptincj992,p50p90,1995,0.4615
HUN,sptincj992,p50p90,1996,0.4537
HUN,sptincj992,p50p90,1997,0.4463
HUN,sptincj992,p50p90,1998,0.4433
HUN,sptincj992,p50p90,1999,0.4458
HUN,sptincj992,p50p90,2000,0.4469
HUN,sptincj992,p50p90,2001,0.4385
HUN,sptincj992,p50p90,2002,0.4306
HUN,sptincj992,p50p90,2003,0.4347
HUN,sptincj992,p50p90,2004,0.4342
HUN,sptincj992,p50p90,2005,0.4235
HUN,sptincj992,p50p90,2006,0.4226
HUN,sptincj992,p50p90,2007,0.4254
HUN,sptincj992,p50p90,2008,0.4265
HUN,sptincj992,p50p90,2009,0.432
HUN,sptincj992,p50p90,2010,0.4326
HUN,sptincj992,p50p90,2011,0.4381
HUN,sptincj992,p50p90,2012,0.4439
HUN,sptincj992,p50p90,2013,0.4353
HUN,sptincj992,p50p90,2014,0.4407
HUN,sptincj992,p50p90,2015,0.441
HUN,sptincj992,p50p90,2016,0.4373
HUN,sptincj992,p50p90,2017,0.4384
HUN,sptincj992,p50p90,2018,0.4507
HUN,sptincj992,p50p90,2019,0.4475
HUN,sptincj992,p50p90,2020,0.4475
HUN,sptincj992,p50p90,2021,0.4475
HUN,sptincj992,p50p90,2022,0.444
HUN,sptincj992,p50p90,2023,0.446
HUN,sptincj992,p50p90,2024,0.446
HUN,sptincj992,p90p100,1914,0.4338
HUN,sptincj992,p90p100,1915,0.4197
HUN,sptincj992,p90p100,1927,0.3223
HUN,sptincj992,p90p100,1930,0.3097
HUN,sptincj992,p90p100,1931,0.3124
HUN,sptincj992,p90p100,1932,0.3132
HUN,sptincj992,p90p100,1933,0.3164
HUN,sptincj992,p90p100,1934,0.3174
HUN,sptincj992,p90p100,1935,0.3182
HUN,sptincj992,p90p100,1936,0.3194
HUN,sptincj992,p90p100,1937,0.3215
HUN,sptincj992,p90p100,1938,0.3238
HUN,sptincj992,p90p100,1939,0.3247
HUN,sptincj992,p90p100,1940,0.327
HUN,sptincj992,p90p100,1951,0.2958
HUN,sptincj992,p90p100,1955,0.2967
HUN,sptincj992,p90p100,1956,0.2969
HUN,sptincj992,p90p100,1957,0.2972
HUN,sptincj992,p90p100,1958,0.2974
HUN,sptincj992,p90p100,1960,0.2978
HUN,sptincj992,p90p100,1961,0.2914
HUN,sptincj992,p90p100,1962,0.285
HUN,sptincj992,p90p100,1964,0.2722
HUN,sptincj992,p90p100,1966,0.2593
HUN,sptincj992,p90p100,1968,0.2465
HUN,sptincj992,p90p100,1970,0.2337
HUN,sptincj992,p90p100,1972,0.2209
HUN,sptincj992,p90p100,1974,0.208
HUN,sptincj992,p90p100,1976,0.1952
HUN,sptincj992,p90p100,1978,0.1824
HUN,sptincj992,p90p100,1980,0.1805
HUN,sptincj992,p90p100,1981,0.1802
HUN,sptincj992,p90p100,1982,0.1789
HUN,sptincj992,p90p100,1983,0.1727
HUN,sptincj992,p90p100,1984,0.1669
HUN,sptincj992,p90p100,1985,0.1684
HUN,sptincj992,p90p100,1986,0.1708
HUN,sptincj992,p90p100,1987,0.1806
HUN,sptincj992,p90p100,1988,0.1904
HUN,sptincj992,p90p100,1989,0.2069
HUN,sptincj992,p90p100,1990,0.2271
HUN,sptincj992,p90p100,1991,0.2438
HUN,sptincj992,p90p100,1992,0.2613
HUN,sptincj992,p90p100,1993,0.2625
HUN,sptincj992,p90p100,1994,0.2655
HUN,sptincj992,p90p100,1995,0.2581
HUN,sptincj992,p90p100,1996,0.267
HUN,sptincj992,p90p100,1997,0.2789
HUN,sptincj992,p90p100,1998,0.2818
HUN,sptincj992,p90p100,1999,0.2922
HUN,sptincj992,p90p100,2000,0.2887
HUN,sptincj992,p90p100,2001,0.3071
HUN,sptincj992,p90p100,2002,0.3239
HUN,sptincj992,p90p100,2003,0.324
HUN,sptincj992,p90p100,2004,0.3167
HUN,sptincj992,p90p100,2005,0.3338
HUN,sptincj992,p90p100,2006,0.3469
HUN,sptincj992,p90p100,2007,0.3497
HUN,sptincj992,p90p100,2008,0.3422
HUN,sptincj992,p90p100,2009,0.3335
HUN,sptincj992,p90p100,2010,0.337
HUN,sptincj992,p90p100,2011,0.3287
HUN,sptincj992,p90p100,2012,0.3196
HUN,sptincj992,p90p100,2013,0.3337
HUN,sptincj992,p90p100,2014,0.3291
HUN,sptincj992,p90p100,2015,0.3288
HUN,sptincj992,p90p100,2016,0.3306
HUN,sptincj992,p90p100,2017,0.3299
HUN,sptincj992,p90p100,2018,0.3248
HUN,sptincj992,p90p100,2019,0.3289
HUN,sptincj992,p90p100,2020,0.3289
HUN,sptincj992,p90p100,2021,0.3284
HUN,sptincj992,p90p100,2022,0.3337
HUN,sptincj992,p90p100,2023,0.3311
HUN,sptincj992,p90p100,2024,0.3311
HUN,sptincj992,p99p100,1914,0.1798
HUN,sptincj992,p99p100,1915,0.1718
HUN,sptincj992,p99p100,1927,0.1119
HUN,sptincj992,p99p100,1930,0.1021
HUN,sptincj992,p99p100,1931,0.1027
HUN,sptincj992,p99p100,1932,0.1007
HUN,sptincj992,p99p100,1933,0.1019
HUN,sptincj992,p99p100,1934,0.1002
HUN,sptincj992,p99p100,1935,0.0983
HUN,sptincj992,p99p100,1936,0.0968
HUN,sptincj992,p99p100,1937,0.0966
HUN,sptincj992,p99p100,1938,0.0967
HUN,sptincj992,p99p100,1939,0.0948
HUN,sptincj992,p99p100,1940,0.0949
HUN,sptincj992,p99p100,1951,0.0828
HUN,sptincj992,p99p100,1955,0.0796
HUN,sptincj992,p99p100,1956,0.0788
HUN,sptincj992,p99p100,1957,0.078
HUN,sptincj992,p99p100,1958,0.0772
HUN,sptincj992,p99p100,1960,0.0756
HUN,sptincj992,p99p100,1961,0.0732
HUN,sptincj992,p99p100,1962,0.0707
HUN,sptincj992,p99p100,1964,0.0659
HUN,sptincj992,p99p100,1966,0.061
HUN,sptincj992,p99p100,1968,0.0561
HUN,sptincj992,p99p100,1970,0.0513
HUN,sptincj992,p99p100,1972,0.0464
HUN,sptincj992,p99p100,1974,0.0416
HUN,sptincj992,p99p100,1976,0.0367
HUN,sptincj992,p99p100,1978,0.0318
HUN,sptincj992,p99p100,1980,0.0287
HUN,sptincj992,p99p100,1981,0.0285
HUN,sptincj992,p99p100,1982,0.0282
HUN,sptincj992,p99p100,1983,0.028
HUN,sptincj992,p99p100,1984,0.0279
HUN,sptincj992,p99p100,1985,0.0286
HUN,sptincj992,p99p100,1986,0.0295
HUN,sptincj992,p99p100,1987,0.0341
HUN,sptincj992,p99p100,1988,0.0386
HUN,sptincj992,p99p100,1989,0.0458
HUN,sptincj992,p99p100,1990,0.0537
HUN,sptincj992,p99p100,1991,0.0605
HUN,sptincj992,p99p100,1992,0.0675
HUN,sptincj992,p99p100,1993,0.0701
HUN,sptincj992,p99p100,1994,0.0698
HUN,sptincj992,p99p100,1995,0.0729
HUN,sptincj992,p99p100,1996,0.0809
HUN,sptincj992,p99p100,1997,0.0837
HUN,sptincj992,p99p100,1998,0.0871
HUN,sptincj992,p99p100,1999,0.0891
HUN,sptincj992,p99p100,2000,0.0923
HUN,sptincj992,p99p100,2001,0.1011
HUN,sptincj992,p99p100,2002,0.1091
HUN,sptincj992,p99p100,2003,0.1068
HUN,sptincj992,p99p100,2004,0.1058
HUN,sptincj992,p99p100,2005,0.1179
HUN,sptincj992,p99p100,2006,0.1262
HUN,sptincj992,p99p100,2007,0.1141
HUN,sptincj992,p99p100,2008,0.1134
HUN,sptincj992,p99p100,2009,0.1119
HUN,sptincj992,p99p100,2010,0.1146
HUN,sptincj992,p99p100,2011,0.11
HUN,sptincj992,p99p100,2012,0.1037
HUN,sptincj992,p99p100,2013,0.1167
HUN,sptincj992,p99p100,2014,0.1162
HUN,sptincj992,p99p100,2015,0.1164
HUN,sptincj992,p99p100,2016,0.1203
HUN,sptincj992,p99p100,2017,0.1137
HUN,sptincj992,p99p100,2018,0.1097
HUN,sptincj992,p99p100,2019,0.1143
HUN,sptincj992,p99p100,2020,0.1143
HUN,sptincj992,p99p100,2021,0.1135
HUN,sptincj992,p99p100,2022,0.1184
HUN,sptincj992,p99p100,2023,0.1152
HUN,sptincj992,p99p100,2024,0.1152
IDN,spllinf992,p0p100,1990,0.22310001
IDN,spllinf992,p0p100,1991,0.22310001
IDN,spllinf992,p0p100,1992,0.2279
IDN,spllinf992,p0p100,1993,0.2255
IDN,spllinf992,p0p100,1994,0.22660001
IDN,spllinf992,p0p100,1995,0.2269
IDN,spllinf992,p0p100,1996,0.22660001
IDN,spllinf992,p0p100,1997,0.2357
IDN,spllinf992,p0p100,1998,0.2465
IDN,spllinf992,p0p100,1999,0.25119999
IDN,spllinf992,p0p100,2000,0.24950001
IDN,spllinf992,p0p100,2001,0.255
IDN,spllinf992,p0p100,2002,0.2534
IDN,spllinf992,p0p100,2003,0.2536
IDN,spllinf992,p0p100,2004,0.24770001
IDN,spllinf992,p0p100,2005,0.257
IDN,spllinf992,p0p100,2006,0.27430001
IDN,spllinf992,p0p100,2007,0.2701
IDN,spllinf992,p0p100,2008,0.2823
IDN,spllinf992,p0p100,2009,0.28639999
IDN,spllinf992,p0p100,2010,0.29570001
IDN,spllinf992,p0p100,2011,0.27599999
IDN,spllinf992,p0p100,2012,0.27959999
IDN,spllinf992,p0p100,2013,0.27759999
IDN,spllinf992,p0p100,2014,0.27250001
IDN,spllinf992,p0p100,2015,0.28510001
IDN,spllinf992,p0p100,2016,0.28560001
IDN,spllinf992,p0p100,2017,0.28299999
IDN,spllinf992,p0p100,2018,0.28290001
IDN,spllinf992,p0p100,2019,0.2841
IDN,spllinf992,p0p100,2020,0.2881
IDN,spllinf992,p0p100,2021,0.29010001
IDN,spllinf992,p0p100,2022,0.2766
IDN,spllinf992,p0p100,2023,0.27399999
IDN,spllinf992,p0p100,2024,0.27509999
IDN,sptincj992,p0p100,1820,1
IDN,sptincj992,p0p100,1850,1
IDN,sptincj992,p0p100,1880,1
IDN,sptincj992,p0p100,1900,1
IDN,sptincj992,p0p100,1910,1
IDN,sptincj992,p0p100,1920,1
IDN,sptincj992,p0p100,1921,1
IDN,sptincj992,p0p100,1922,1
IDN,sptincj992,p0p100,1923,1
IDN,sptincj992,p0p100,1924,1
IDN,sptincj992,p0p100,1925,1
IDN,sptincj992,p0p100,1926,1
IDN,sptincj992,p0p100,1927,1
IDN,sptincj992,p0p100,1928,1
IDN,sptincj992,p0p100,1929,1
IDN,sptincj992,p0p100,1930,1
IDN,sptincj992,p0p100,1931,1
IDN,sptincj992,p0p100,1932,1
IDN,sptincj992,p0p100,1933,1
IDN,sptincj992,p0p100,1934,1
IDN,sptincj992,p0p100,1935,1
IDN,sptincj992,p0p100,1936,1
IDN,sptincj992,p0p100,1937,1
IDN,sptincj992,p0p100,1938,1
IDN,sptincj992,p0p100,1939,1
IDN,sptincj992,p0p100,1940,1
IDN,sptincj992,p0p100,1950,1
IDN,sptincj992,p0p100,1960,1
IDN,sptincj992,p0p100,1970,1
IDN,sptincj992,p0p100,1980,1
IDN,sptincj992,p0p100,1981,1
IDN,sptincj992,p0p100,1982,1
IDN,sptincj992,p0p100,1983,1
IDN,sptincj992,p0p100,1984,1
IDN,sptincj992,p0p100,1985,1
IDN,sptincj992,p0p100,1986,1
IDN,sptincj992,p0p100,1987,1
IDN,sptincj992,p0p100,1988,1
IDN,sptincj992,p0p100,1989,1
IDN,sptincj992,p0p100,1990,1
IDN,sptincj992,p0p100,1991,1
IDN,sptincj992,p0p100,1992,1
IDN,sptincj992,p0p100,1993,1
IDN,sptincj992,p0p100,1994,1
IDN,sptincj992,p0p100,1995,1
IDN,sptincj992,p0p100,1996,1
IDN,sptincj992,p0p100,1997,1
IDN,sptincj992,p0p100,1998,1
IDN,sptincj992,p0p100,1999,1
IDN,sptincj992,p0p100,2000,1
IDN,sptincj992,p0p100,2001,1
IDN,sptincj992,p0p100,2002,1
IDN,sptincj992,p0p100,2003,1
IDN,sptincj992,p0p100,2004,1
IDN,sptincj992,p0p100,2005,1
IDN,sptincj992,p0p100,2006,1
IDN,sptincj992,p0p100,2007,1
IDN,sptincj992,p0p100,2008,1
IDN,sptincj992,p0p100,2009,1
IDN,sptincj992,p0p100,2010,1
IDN,sptincj992,p0p100,2011,1
IDN,sptincj992,p0p100,2012,1
IDN,sptincj992,p0p100,2013,1
IDN,sptincj992,p0p100,2014,1
IDN,sptincj992,p0p100,2015,1
IDN,sptincj992,p0p100,2016,1
IDN,sptincj992,p0p100,2017,1
IDN,sptincj992,p0p100,2018,1
IDN,sptincj992,p0p100,2019,1
IDN,sptincj992,p0p100,2020,1
IDN,sptincj992,p0p100,2021,1
IDN,sptincj992,p0p100,2022,1
IDN,sptincj992,p0p100,2023,1
IDN,sptincj992,p0p100,2024,1
IDN,sptincj992,p0p50,1820,0.1756
IDN,sptincj992,p0p50,1850,0.1743
IDN,sptincj992,p0p50,1880,0.173
IDN,sptincj992,p0p50,1900,0.1717
IDN,sptincj992,p0p50,1910,0.1691
IDN,sptincj992,p0p50,1920,0.1691
IDN,sptincj992,p0p50,1921,0.1661
IDN,sptincj992,p0p50,1922,0.1679
IDN,sptincj992,p0p50,1923,0.1627
IDN,sptincj992,p0p50,1924,0.164
IDN,sptincj992,p0p50,1925,0.1656
IDN,sptincj992,p0p50,1926,0.1616
IDN,sptincj992,p0p50,1927,0.1625
IDN,sptincj992,p0p50,1928,0.1635
IDN,sptincj992,p0p50,1929,0.1618
IDN,sptincj992,p0p50,1930,0.1641
IDN,sptincj992,p0p50,1931,0.1615
IDN,sptincj992,p0p50,1932,0.1624
IDN,sptincj992,p0p50,1933,0.1585
IDN,sptincj992,p0p50,1934,0.1588
IDN,sptincj992,p0p50,1935,0.1596
IDN,sptincj992,p0p50,1936,0.1579
IDN,sptincj992,p0p50,1937,0.1597
IDN,sptincj992,p0p50,1938,0.1574
IDN,sptincj992,p0p50,1939,0.1568
IDN,sptincj992,p0p50,1940,0.1566
IDN,sptincj992,p0p50,1950,0.1636
IDN,sptincj992,p0p50,1960,0.1705
IDN,sptincj992,p0p50,1970,0.1774
IDN,sptincj992,p0p50,1980,0.1646
IDN,sptincj992,p0p50,1981,0.1646
IDN,sptincj992,p0p50,1982,0.1646
IDN,sptincj992,p0p50,1983,0.1646
IDN,sptincj992,p0p50,1984,0.1646
IDN,sptincj992,p0p50,1985,0.159
IDN,sptincj992,p0p50,1986,0.1539
IDN,sptincj992,p0p50,1987,0.1493
IDN,sptincj992,p0p50,1988,0.1473
IDN,sptincj992,p0p50,1989,0.1454
IDN,sptincj992,p0p50,1990,0.1438
IDN,sptincj992,p0p50,1991,0.1419
IDN,sptincj992,p0p50,1992,0.1404
IDN,sptincj992,p0p50,1993,0.139
IDN,sptincj992,p0p50,1994,0.1351
IDN,sptincj992,p0p50,1995,0.1321
IDN,sptincj992,p0p50,1996,0.1299
IDN,sptincj992,p0p50,1997,0.1528
IDN,sptincj992,p0p50,1998,0.178
IDN,sptincj992,p0p50,1999,0.1818
IDN,sptincj992,p0p50,2000,0.1801
IDN,sptincj992,p0p50,2001,0.1752
IDN,sptincj992,p0p50,2002,0.1735
IDN,sptincj992,p0p50,2003,0.1719
IDN,sptincj992,p0p50,2004,0.1649
IDN,sptincj992,p0p50,2005,0.1604
IDN,sptincj992,p0p50,2006,0.1655
IDN,sptincj992,p0p50,2007,0.1587
IDN,sptincj992,p0p50,2008,0.1342
IDN,sptincj992,p0p50,2009,0.1299
IDN,sptincj992,p0p50,2010,0.1491
IDN,sptincj992,p0p50,2011,0.1428
IDN,sptincj992,p0p50,2012,0.1479
IDN,sptincj992,p0p50,2013,0.1518
IDN,sptincj992,p0p50,2014,0.1514
IDN,sptincj992,p0p50,2015,0.1475
IDN,sptincj992,p0p50,2016,0.1514
IDN,sptincj992,p0p50,2017,0.1535
IDN,sptincj992,p0p50,2018,0.1245
IDN,sptincj992,p0p50,2019,0.1245
IDN,sptincj992,p0p50,2020,0.1245
IDN,sptincj992,p0p50,2021,0.1245
IDN,sptincj992,p0p50,2022,0.1245
IDN,sptincj992,p0p50,2023,0.1245
IDN,sptincj992,p0p50,2024,0.1245
IDN,sptincj992,p0p90,1820,0.5883
IDN,sptincj992,p0p90,1850,0.5839
IDN,sptincj992,p0p90,1880,0.5796
IDN,sptincj992,p0p90,1900,0.5753
IDN,sptincj992,p0p90,1910,0.5666
IDN,sptincj992,p0p90,1920,0.5666
IDN,sptincj992,p0p90,1921,0.5566
IDN,sptincj992,p0p90,1922,0.5626
IDN,sptincj992,p0p90,1923,0.5451
IDN,sptincj992,p0p90,1924,0.5496
IDN,sptincj992,p0p90,1925,0.5549000000000001
IDN,sptincj992,p0p90,1926,0.5415
IDN,sptincj992,p0p90,1927,0.5445
IDN,sptincj992,p0p90,1928,0.548
IDN,sptincj992,p0p90,1929,0.542
IDN,sptincj992,p0p90,1930,0.5497000000000001
IDN,sptincj992,p0p90,1931,0.541
IDN,sptincj992,p0p90,1932,0.5442
IDN,sptincj992,p0p90,1933,0.531
IDN,sptincj992,p0p90,1934,0.5319
IDN,sptincj992,p0p90,1935,0.5347000000000001
IDN,sptincj992,p0p90,1936,0.5289
IDN,sptincj992,p0p90,1937,0.5352
IDN,sptincj992,p0p90,1938,0.5275000000000001
IDN,sptincj992,p0p90,1939,0.5254
IDN,sptincj992,p0p90,1940,0.5248
IDN,sptincj992,p0p90,1950,0.548
IDN,sptincj992,p0p90,1960,0.5713
IDN,sptincj992,p0p90,1970,0.5945
IDN,sptincj992,p0p90,1980,0.5876
IDN,sptincj992,p0p90,1981,0.5876
IDN,sptincj992,p0p90,1982,0.5876
IDN,sptincj992,p0p90,1983,0.5876
IDN,sptincj992,p0p90,1984,0.5876
IDN,sptincj992,p0p90,1985,0.5775
IDN,sptincj992,p0p90,1986,0.5683
IDN,sptincj992,p0p90,1987,0.5598000000000001
IDN,sptincj992,p0p90,1988,0.557
IDN,sptincj992,p0p90,1989,0.5545
IDN,sptincj992,p0p90,1990,0.5523
IDN,sptincj992,p0p90,1991,0.5465
IDN,sptincj992,p0p90,1992,0.5416000000000001
IDN,sptincj992,p0p90,1993,0.5374
IDN,sptincj992,p0p90,1994,0.5294
IDN,sptincj992,p0p90,1995,0.5229
IDN,sptincj992,p0p90,1996,0.5177
IDN,sptincj992,p0p90,1997,0.5595
IDN,sptincj992,p0p90,1998,0.6054
IDN,sptincj992,p0p90,1999,0.6126
IDN,sptincj992,p0p90,2000,0.6116
IDN,sptincj992,p0p90,2001,0.6014
IDN,sptincj992,p0p90,2002,0.6026
IDN,sptincj992,p0p90,2003,0.604
IDN,sptincj992,p0p90,2004,0.5879
IDN,sptincj992,p0p90,2005,0.5759000000000001
IDN,sptincj992,p0p90,2006,0.5823
IDN,sptincj992,p0p90,2007,0.5756
IDN,sptincj992,p0p90,2008,0.5346000000000001
IDN,sptincj992,p0p90,2009,0.5212
IDN,sptincj992,p0p90,2010,0.5704
IDN,sptincj992,p0p90,2011,0.5516
IDN,sptincj992,p0p90,2012,0.5571
IDN,sptincj992,p0p90,2013,0.5646
IDN,sptincj992,p0p90,2014,0.5657
IDN,sptincj992,p0p90,2015,0.5503
IDN,sptincj992,p0p90,2016,0.5685
IDN,sptincj992,p0p90,2017,0.5827
IDN,sptincj992,p0p90,2018,0.5314
IDN,sptincj992,p0p90,2019,0.5314
IDN,sptincj992,p0p90,2020,0.5314
IDN,sptincj992,p0p90,2021,0.5314
IDN,sptincj992,p0p90,2022,0.5314
IDN,sptincj992,p0p90,2023,0.5314
IDN,sptincj992,p0p90,2024,0.5314
IDN,sptincj992,p0p99,1820,0.8628
IDN,sptincj992,p0p99,1850,0.8613000000000001
IDN,sptincj992,p0p99,1880,0.8599
IDN,sptincj992,p0p99,1900,0.8584
IDN,sptincj992,p0p99,1910,0.8555
IDN,sptincj992,p0p99,1920,0.8555
IDN,sptincj992,p0p99,1921,0.8372
IDN,sptincj992,p0p99,1922,0.8429000000000001
IDN,sptincj992,p0p99,1923,0.8133
IDN,sptincj992,p0p99,1924,0.8168000000000001
IDN,sptincj992,p0p99,1925,0.8212
IDN,sptincj992,p0p99,1926,0.798
IDN,sptincj992,p0p99,1927,0.7991
IDN,sptincj992,p0p99,1928,0.8009000000000001
IDN,sptincj992,p0p99,1929,0.7887000000000001
IDN,sptincj992,p0p99,1930,0.7966000000000001
IDN,sptincj992,p0p99,1931,0.7838
IDN,sptincj992,p0p99,1932,0.7885000000000001
IDN,sptincj992,p0p99,1933,0.7694000000000001
IDN,sptincj992,p0p99,1934,0.7708
IDN,sptincj992,p0p99,1935,0.7748
IDN,sptincj992,p0p99,1936,0.7664000000000001
IDN,sptincj992,p0p99,1937,0.7755000000000001
IDN,sptincj992,p0p99,1938,0.7643000000000001
IDN,sptincj992,p0p99,1939,0.7613000000000001
IDN,sptincj992,p0p99,1940,0.7604000000000001
IDN,sptincj992,p0p99,1950,0.7941
IDN,sptincj992,p0p99,1960,0.8278000000000001
IDN,sptincj992,p0p99,1970,0.8614
IDN,sptincj992,p0p99,1980,0.8521000000000001
IDN,sptincj992,p0p99,1981,0.8521000000000001
IDN,sptincj992,p0p99,1982,0.8521000000000001
IDN,sptincj992,p0p99,1983,0.8521000000000001
IDN,sptincj992,p0p99,1984,0.8521000000000001
IDN,sptincj992,p0p99,1985,0.8453
IDN,sptincj992,p0p99,1986,0.8391000000000001
IDN,sptincj992,p0p99,1987,0.8334
IDN,sptincj992,p0p99,1988,0.8397
IDN,sptincj992,p0p99,1989,0.8452000000000001
IDN,sptincj992,p0p99,1990,0.8500000000000001
IDN,sptincj992,p0p99,1991,0.8396
IDN,sptincj992,p0p99,1992,0.8308000000000001
IDN,sptincj992,p0p99,1993,0.8234
IDN,sptincj992,p0p99,1994,0.8158000000000001
IDN,sptincj992,p0p99,1995,0.8098000000000001
IDN,sptincj992,p0p99,1996,0.8049000000000001
IDN,sptincj992,p0p99,1997,0.8312
IDN,sptincj992,p0p99,1998,0.8601000000000001
IDN,sptincj992,p0p99,1999,0.8642000000000001
IDN,sptincj992,p0p99,2000,0.863
IDN,sptincj992,p0p99,2001,0.8533000000000001
IDN,sptincj992,p0p99,2002,0.8571000000000001
IDN,sptincj992,p0p99,2003,0.8612000000000001
IDN,sptincj992,p0p99,2004,0.8483
IDN,sptincj992,p0p99,2005,0.8388
IDN,sptincj992,p0p99,2006,0.8460000000000001
IDN,sptincj992,p0p99,2007,0.8416
IDN,sptincj992,p0p99,2008,0.8188000000000001
IDN,sptincj992,p0p99,2009,0.7985
IDN,sptincj992,p0p99,2010,0.8364
IDN,sptincj992,p0p99,2011,0.8244
IDN,sptincj992,p0p99,2012,0.8252
IDN,sptincj992,p0p99,2013,0.8297
IDN,sptincj992,p0p99,2014,0.8294
IDN,sptincj992,p0p99,2015,0.8192
IDN,sptincj992,p0p99,2016,0.8418
IDN,sptincj992,p0p99,2017,0.8447
IDN,sptincj992,p0p99,2018,0.8215
IDN,sptincj992,p0p99,2019,0.8215
IDN,sptincj992,p0p99,2020,0.8215
IDN,sptincj992,p0p99,2021,0.8215
IDN,sptincj992,p0p99,2022,0.8215
IDN,sptincj992,p0p99,2023,0.8215
IDN,sptincj992,p0p99,2024,0.8215
IDN,sptincj992,p50p90,1820,0.4127
IDN,sptincj992,p50p90,1850,0.4097
IDN,sptincj992,p50p90,1880,0.4066
IDN,sptincj992,p50p90,1900,0.4036
IDN,sptincj992,p50p90,1910,0.3975
IDN,sptincj992,p50p90,1920,0.3975
IDN,sptincj992,p50p90,1921,0.3905
IDN,sptincj992,p50p90,1922,0.3947
IDN,sptincj992,p50p90,1923,0.3824
IDN,sptincj992,p50p90,1924,0.3856
IDN,sptincj992,p50p90,1925,0.3893
IDN,sptincj992,p50p90,1926,0.3799
IDN,sptincj992,p50p90,1927,0.382
IDN,sptincj992,p50p90,1928,0.3844
IDN,sptincj992,p50p90,1929,0.3802
IDN,sptincj992,p50p90,1930,0.3857
IDN,sptincj992,p50p90,1931,0.3795
IDN,sptincj992,p50p90,1932,0.3818
IDN,sptincj992,p50p90,1933,0.3725
IDN,sptincj992,p50p90,1934,0.3732
IDN,sptincj992,p50p90,1935,0.3751
IDN,sptincj992,p50p90,1936,0.3711
IDN,sptincj992,p50p90,1937,0.3755
IDN,sptincj992,p50p90,1938,0.37
IDN,sptincj992,p50p90,1939,0.3686
IDN,sptincj992,p50p90,1940,0.3682
IDN,sptincj992,p50p90,1950,0.3845
IDN,sptincj992,p50p90,1960,0.4008
IDN,sptincj992,p50p90,1970,0.417
IDN,sptincj992,p50p90,1980,0.423
IDN,sptincj992,p50p90,1981,0.423
IDN,sptincj992,p50p90,1982,0.423
IDN,sptincj992,p50p90,1983,0.423
IDN,sptincj992,p50p90,1984,0.423
IDN,sptincj992,p50p90,1985,0.4184
IDN,sptincj992,p50p90,1986,0.4143
IDN,sptincj992,p50p90,1987,0.4105
IDN,sptincj992,p50p90,1988,0.4098
IDN,sptincj992,p50p90,1989,0.4091
IDN,sptincj992,p50p90,1990,0.4085
IDN,sptincj992,p50p90,1991,0.4045
IDN,sptincj992,p50p90,1992,0.4012
IDN,sptincj992,p50p90,1993,0.3984
IDN,sptincj992,p50p90,1994,0.3944
IDN,sptincj992,p50p90,1995,0.3909
IDN,sptincj992,p50p90,1996,0.3878
IDN,sptincj992,p50p90,1997,0.4067
IDN,sptincj992,p50p90,1998,0.4274
IDN,sptincj992,p50p90,1999,0.4309
IDN,sptincj992,p50p90,2000,0.4316
IDN,sptincj992,p50p90,2001,0.4262
IDN,sptincj992,p50p90,2002,0.4291
IDN,sptincj992,p50p90,2003,0.4321
IDN,sptincj992,p50p90,2004,0.423
IDN,sptincj992,p50p90,2005,0.4155
IDN,sptincj992,p50p90,2006,0.4168
IDN,sptincj992,p50p90,2007,0.4168
IDN,sptincj992,p50p90,2008,0.4005
IDN,sptincj992,p50p90,2009,0.3913
IDN,sptincj992,p50p90,2010,0.4213
IDN,sptincj992,p50p90,2011,0.4088
IDN,sptincj992,p50p90,2012,0.4092
IDN,sptincj992,p50p90,2013,0.4128
IDN,sptincj992,p50p90,2014,0.4144
IDN,sptincj992,p50p90,2015,0.4028
IDN,sptincj992,p50p90,2016,0.4171
IDN,sptincj992,p50p90,2017,0.4292
IDN,sptincj992,p50p90,2018,0.4069
IDN,sptincj992,p50p90,2019,0.4069
IDN,sptincj992,p50p90,2020,0.4069
IDN,sptincj992,p50p90,2021,0.4069
IDN,sptincj992,p50p90,2022,0.4069
IDN,sptincj992,p50p90,2023,0.4069
IDN,sptincj992,p50p90,2024,0.4069
IDN,sptincj992,p90p100,1820,0.4117
IDN,sptincj992,p90p100,1850,0.4161
IDN,sptincj992,p90p100,1880,0.4204
IDN,sptincj992,p90p100,1900,0.4247
IDN,sptincj992,p90p100,1910,0.4334
IDN,sptincj992,p90p100,1920,0.4334
IDN,sptincj992,p90p100,1921,0.4434
IDN,sptincj992,p90p100,1922,0.4374
IDN,sptincj992,p90p100,1923,0.4549
IDN,sptincj992,p90p100,1924,0.4504
IDN,sptincj992,p90p100,1925,0.4451
IDN,sptincj992,p90p100,1926,0.4585
IDN,sptincj992,p90p100,1927,0.4555
IDN,sptincj992,p90p100,1928,0.452
IDN,sptincj992,p90p100,1929,0.458
IDN,sptincj992,p90p100,1930,0.4503
IDN,sptincj992,p90p100,1931,0.459
IDN,sptincj992,p90p100,1932,0.4558
IDN,sptincj992,p90p100,1933,0.469
IDN,sptincj992,p90p100,1934,0.4681
IDN,sptincj992,p90p100,1935,0.4653
IDN,sptincj992,p90p100,1936,0.4711
IDN,sptincj992,p90p100,1937,0.4648
IDN,sptincj992,p90p100,1938,0.4725
IDN,sptincj992,p90p100,1939,0.4746
IDN,sptincj992,p90p100,1940,0.4752
IDN,sptincj992,p90p100,1950,0.452
IDN,sptincj992,p90p100,1960,0.4287
IDN,sptincj992,p90p100,1970,0.4055
IDN,sptincj992,p90p100,1980,0.4124
IDN,sptincj992,p90p100,1981,0.4124
IDN,sptincj992,p90p100,1982,0.4124
IDN,sptincj992,p90p100,1983,0.4124
IDN,sptincj992,p90p100,1984,0.4124
IDN,sptincj992,p90p100,1985,0.4225
IDN,sptincj992,p90p100,1986,0.4317
IDN,sptincj992,p90p100,1987,0.4402
IDN,sptincj992,p90p100,1988,0.443
IDN,sptincj992,p90p100,1989,0.4455
IDN,sptincj992,p90p100,1990,0.4477
IDN,sptincj992,p90p100,1991,0.4535
IDN,sptincj992,p90p100,1992,0.4584
IDN,sptincj992,p90p100,1993,0.4626
IDN,sptincj992,p90p100,1994,0.4706
IDN,sptincj992,p90p100,1995,0.4771
IDN,sptincj992,p90p100,1996,0.4823
IDN,sptincj992,p90p100,1997,0.4405
IDN,sptincj992,p90p100,1998,0.3946
IDN,sptincj992,p90p100,1999,0.3874
IDN,sptincj992,p90p100,2000,0.3884
IDN,sptincj992,p90p100,2001,0.3986
IDN,sptincj992,p90p100,2002,0.3974
IDN,sptincj992,p90p100,2003,0.396
IDN,sptincj992,p90p100,2004,0.4121
IDN,sptincj992,p90p100,2005,0.4241
IDN,sptincj992,p90p100,2006,0.4177
IDN,sptincj992,p90p100,2007,0.4244
IDN,sptincj992,p90p100,2008,0.4654
IDN,sptincj992,p90p100,2009,0.4788
IDN,sptincj992,p90p100,2010,0.4296
IDN,sptincj992,p90p100,2011,0.4484
IDN,sptincj992,p90p100,2012,0.4429
IDN,sptincj992,p90p100,2013,0.4354
IDN,sptincj992,p90p100,2014,0.4343
IDN,sptincj992,p90p100,2015,0.4497
IDN,sptincj992,p90p100,2016,0.4315
IDN,sptincj992,p90p100,2017,0.4173
IDN,sptincj992,p90p100,2018,0.4686
IDN,sptincj992,p90p100,2019,0.4686
IDN,sptincj992,p90p100,2020,0.4686
IDN,sptincj992,p90p100,2021,0.4686
IDN,sptincj992,p90p100,2022,0.4686
IDN,sptincj992,p90p100,2023,0.4686
IDN,sptincj992,p90p100,2024,0.4686
IDN,sptincj992,p99p100,1820,0.1372
IDN,sptincj992,p99p100,1850,0.1387
IDN,sptincj992,p99p100,1880,0.1401
IDN,sptincj992,p99p100,1900,0.1416
IDN,sptincj992,p99p100,1910,0.1445
IDN,sptincj992,p99p100,1920,0.1445
IDN,sptincj992,p99p100,1921,0.1628
IDN,sptincj992,p99p100,1922,0.1571
IDN,sptincj992,p99p100,1923,0.1867
IDN,sptincj992,p99p100,1924,0.1832
IDN,sptincj992,p99p100,1925,0.1788
IDN,sptincj992,p99p100,1926,0.202
IDN,sptincj992,p99p100,1927,0.2009
IDN,sptincj992,p99p100,1928,0.1991
IDN,sptincj992,p99p100,1929,0.2113
IDN,sptincj992,p99p100,1930,0.2034
IDN,sptincj992,p99p100,1931,0.2162
IDN,sptincj992,p99p100,1932,0.2115
IDN,sptincj992,p99p100,1933,0.2306
IDN,sptincj992,p99p100,1934,0.2292
IDN,sptincj992,p99p100,1935,0.2252
IDN,sptincj992,p99p100,1936,0.2336
IDN,sptincj992,p99p100,1937,0.2245
IDN,sptincj992,p99p100,1938,0.2357
IDN,sptincj992,p99p100,1939,0.2387
IDN,sptincj992,p99p100,1940,0.2396
IDN,sptincj992,p99p100,1950,0.2059
IDN,sptincj992,p99p100,1960,0.1722
IDN,sptincj992,p99p100,1970,0.1386
IDN,sptincj992,p99p100,1980,0.1479
IDN,sptincj992,p99p100,1981,0.1479
IDN,sptincj992,p99p100,1982,0.1479
IDN,sptincj992,p99p100,1983,0.1479
IDN,sptincj992,p99p100,1984,0.1479
IDN,sptincj992,p99p100,1985,0.1547
IDN,sptincj992,p99p100,1986,0.1609
IDN,sptincj992,p99p100,1987,0.1666
IDN,sptincj992,p99p100,1988,0.1603
IDN,sptincj992,p99p100,1989,0.1548
IDN,sptincj992,p99p100,1990,0.15
IDN,sptincj992,p99p100,1991,0.1604
IDN,sptincj992,p99p100,1992,0.1692
IDN,sptincj992,p99p100,1993,0.1766
IDN,sptincj992,p99p100,1994,0.1842
IDN,sptincj992,p99p100,1995,0.1902
IDN,sptincj992,p99p100,1996,0.1951
IDN,sptincj992,p99p100,1997,0.1688
IDN,sptincj992,p99p100,1998,0.1399
IDN,sptincj992,p99p100,1999,0.1358
IDN,sptincj992,p99p100,2000,0.137
IDN,sptincj992,p99p100,2001,0.1467
IDN,sptincj992,p99p100,2002,0.1429
IDN,sptincj992,p99p100,2003,0.1388
IDN,sptincj992,p99p100,2004,0.1517
IDN,sptincj992,p99p100,2005,0.1612
IDN,sptincj992,p99p100,2006,0.154
IDN,sptincj992,p99p100,2007,0.1584
IDN,sptincj992,p99p100,2008,0.1812
IDN,sptincj992,p99p100,2009,0.2015
IDN,sptincj992,p99p100,2010,0.1636
IDN,sptincj992,p99p100,2011,0.1756
IDN,sptincj992,p99p100,2012,0.1748
IDN,sptincj992,p99p100,2013,0.1703
IDN,sptincj992,p99p100,2014,0.1706
IDN,sptincj992,p99p100,2015,0.1808
IDN,sptincj992,p99p100,2016,0.1582
IDN,sptincj992,p99p100,2017,0.1553
IDN,sptincj992,p99p100,2018,0.1785
IDN,sptincj992,p99p100,2019,0.1785
IDN,sptincj992,p99p100,2020,0.1785
IDN,sptincj992,p99p100,2021,0.1785
IDN,sptincj992,p99p100,2022,0.1785
IDN,sptincj992,p99p100,2023,0.1785
IDN,sptincj992,p99p100,2024,0.1785
IRL,spllinf992,p0p100,1990,0.2823
IRL,spllinf992,p0p100,1991,0.2823
IRL,spllinf992,p0p100,1992,0.29159999
IRL,spllinf992,p0p100,1993,0.29789999
IRL,spllinf992,p0p100,1994,0.301
IRL,spllinf992,p0p100,1995,0.30520001
IRL,spllinf992,p0p100,1996,0.30880001
IRL,spllinf992,p0p100,1997,0.3136
IRL,spllinf992,p0p100,1998,0.31900001
IRL,spllinf992,p0p100,1999,0.32089999
IRL,spllinf992,p0p100,2000,0.32429999
IRL,spllinf992,p0p100,2001,0.34189999
IRL,spllinf992,p0p100,2002,0.33899999
IRL,spllinf992,p0p100,2003,0.33430001
IRL,spllinf992,p0p100,2004,0.34889999
IRL,spllinf992,p0p100,2005,0.3502
IRL,spllinf992,p0p100,2006,0.3536
IRL,spllinf992,p0p100,2007,0.36250001
IRL,spllinf992,p0p100,2008,0.36860001
IRL,spllinf992,p0p100,2009,0.39469999
IRL,spllinf992,p0p100,2010,0.4075
IRL,spllinf992,p0p100,2011,0.41800001
IRL,spllinf992,p0p100,2012,0.4066
IRL,spllinf992,p0p100,2013,0.3987
IRL,spllinf992,p0p100,2014,0.39399999
IRL,spllinf992,p0p100,2015,0.3899
IRL,spllinf992,p0p100,2016,0.39320001
IRL,spllinf992,p0p100,2017,0.38190001
IRL,spllinf992,p0p100,2018,0.40079999
IRL,spllinf992,p0p100,2019,0.3973
IRL,spllinf992,p0p100,2020,0.3937
IRL,spllinf992,p0p100,2021,0.3863
IRL,spllinf992,p0p100,2022,0.38929999
IRL,spllinf992,p0p100,2023,0.40700001
IRL,spllinf992,p0p100,2024,0.4102
IRL,sptincj992,p0p100,1922,1
IRL,sptincj992,p0p100,1923,1
IRL,sptincj992,p0p100,1924,1
IRL,sptincj992,p0p100,1925,1
IRL,sptincj992,p0p100,1926,1
IRL,sptincj992,p0p100,1927,1
IRL,sptincj992,p0p100,1929,1
IRL,sptincj992,p0p100,1930,1
IRL,sptincj992,p0p100,1931,1
IRL,sptincj992,p0p100,1932,1
IRL,sptincj992,p0p100,1933,1
IRL,sptincj992,p0p100,1934,1
IRL,sptincj992,p0p100,1935,1
IRL,sptincj992,p0p100,1936,1
IRL,sptincj992,p0p100,1937,1
IRL,sptincj992,p0p100,1938,1
IRL,sptincj992,p0p100,1939,1
IRL,sptincj992,p0p100,1940,1
IRL,sptincj992,p0p100,1941,1
IRL,sptincj992,p0p100,1942,1
IRL,sptincj992,p0p100,1943,1
IRL,sptincj992,p0p100,1944,1
IRL,sptincj992,p0p100,1945,1
IRL,sptincj992,p0p100,1946,1
IRL,sptincj992,p0p100,1947,1
IRL,sptincj992,p0p100,1948,1
IRL,sptincj992,p0p100,1949,1
IRL,sptincj992,p0p100,1950,1
IRL,sptincj992,p0p100,1951,1
IRL,sptincj992,p0p100,1952,1
IRL,sptincj992,p0p100,1953,1
IRL,sptincj992,p0p100,1964,1
IRL,sptincj992,p0p100,1965,1
IRL,sptincj992,p0p100,1966,1
IRL,sptincj992,p0p100,1967,1
IRL,sptincj992,p0p100,1968,1
IRL,sptincj992,p0p100,1969,1
IRL,sptincj992,p0p100,1970,1
IRL,sptincj992,p0p100,1971,1
IRL,sptincj992,p0p100,1972,1
IRL,sptincj992,p0p100,1973,1
IRL,sptincj992,p0p100,1975,1
IRL,sptincj992,p0p100,1976,1
IRL,sptincj992,p0p100,1977,1
IRL,sptincj992,p0p100,1978,1
IRL,sptincj992,p0p100,1979,1
IRL,sptincj992,p0p100,1980,1
IRL,sptincj992,p0p100,1981,1
IRL,sptincj992,p0p100,1982,1
IRL,sptincj992,p0p100,1983,1
IRL,sptincj992,p0p100,1984,1
IRL,sptincj992,p0p100,1985,1
IRL,sptincj992,p0p100,1986,1
IRL,sptincj992,p0p100,1987,1
IRL,sptincj992,p0p100,1988,1
IRL,sptincj992,p0p100,1989,1
IRL,sptincj992,p0p100,1990,1
IRL,sptincj992,p0p100,1991,1
IRL,sptincj992,p0p100,1992,1
IRL,sptincj992,p0p100,1993,1
IRL,sptincj992,p0p100,1994,1
IRL,sptincj992,p0p100,1995,1
IRL,sptincj992,p0p100,1996,1
IRL,sptincj992,p0p100,1997,1
IRL,sptincj992,p0p100,1998,1
IRL,sptincj992,p0p100,1999,1
IRL,sptincj992,p0p100,2000,1
IRL,sptincj992,p0p100,2001,1
IRL,sptincj992,p0p100,2002,1
IRL,sptincj992,p0p100,2003,1
IRL,sptincj992,p0p100,2004,1
IRL,sptincj992,p0p100,2005,1
IRL,sptincj992,p0p100,2006,1
IRL,sptincj992,p0p100,2007,1
IRL,sptincj992,p0p100,2008,1
IRL,sptincj992,p0p100,2009,1
IRL,sptincj992,p0p100,2010,1
IRL,sptincj992,p0p100,2011,1
IRL,sptincj992,p0p100,2012,1
IRL,sptincj992,p0p100,2013,1
IRL,sptincj992,p0p100,2014,1
IRL,sptincj992,p0p100,2015,1
IRL,sptincj992,p0p100,2016,1
IRL,sptincj992,p0p100,2017,1
IRL,sptincj992,p0p100,2018,1
IRL,sptincj992,p0p100,2019,1
IRL,sptincj992,p0p100,2020,1
IRL,sptincj992,p0p100,2021,1
IRL,sptincj992,p0p100,2022,1
IRL,sptincj992,p0p100,2023,1
IRL,sptincj992,p0p100,2024,1
IRL,sptincj992,p0p50,1922,0.1902
IRL,sptincj992,p0p50,1923,0.1907
IRL,sptincj992,p0p50,1924,0.195
IRL,sptincj992,p0p50,1925,0.1965
IRL,sptincj992,p0p50,1926,0.1999
IRL,sptincj992,p0p50,1927,0.2018
IRL,sptincj992,p0p50,1929,0.2069
IRL,sptincj992,p0p50,1930,0.2086
IRL,sptincj992,p0p50,1931,0.2066
IRL,sptincj992,p0p50,1932,0.2077
IRL,sptincj992,p0p50,1933,0.2044
IRL,sptincj992,p0p50,1934,0.2051
IRL,sptincj992,p0p50,1935,0.2059
IRL,sptincj992,p0p50,1936,0.2032
IRL,sptincj992,p0p50,1937,0.2036
IRL,sptincj992,p0p50,1938,0.2043
IRL,sptincj992,p0p50,1939,0.2029
IRL,sptincj992,p0p50,1940,0.2045
IRL,sptincj992,p0p50,1941,0.2063
IRL,sptincj992,p0p50,1942,0.2093
IRL,sptincj992,p0p50,1943,0.2136
IRL,sptincj992,p0p50,1944,0.2138
IRL,sptincj992,p0p50,1945,0.216
IRL,sptincj992,p0p50,1946,0.2173
IRL,sptincj992,p0p50,1947,0.2196
IRL,sptincj992,p0p50,1948,0.2228
IRL,sptincj992,p0p50,1949,0.2253
IRL,sptincj992,p0p50,1950,0.2281
IRL,sptincj992,p0p50,1951,0.229
IRL,sptincj992,p0p50,1952,0.2281
IRL,sptincj992,p0p50,1953,0.2299
IRL,sptincj992,p0p50,1964,0.2314
IRL,sptincj992,p0p50,1965,0.2316
IRL,sptincj992,p0p50,1966,0.2319
IRL,sptincj992,p0p50,1967,0.2331
IRL,sptincj992,p0p50,1968,0.2349
IRL,sptincj992,p0p50,1969,0.2363
IRL,sptincj992,p0p50,1970,0.2371
IRL,sptincj992,p0p50,1971,0.2384
IRL,sptincj992,p0p50,1972,0.2382
IRL,sptincj992,p0p50,1973,0.2415
IRL,sptincj992,p0p50,1975,0.2414
IRL,sptincj992,p0p50,1976,0.2439
IRL,sptincj992,p0p50,1977,0.2444
IRL,sptincj992,p0p50,1978,0.2443
IRL,sptincj992,p0p50,1979,0.2418
IRL,sptincj992,p0p50,1980,0.2303
IRL,sptincj992,p0p50,1981,0.2322
IRL,sptincj992,p0p50,1982,0.2201
IRL,sptincj992,p0p50,1983,0.2143
IRL,sptincj992,p0p50,1984,0.2233
IRL,sptincj992,p0p50,1985,0.2242
IRL,sptincj992,p0p50,1986,0.2258
IRL,sptincj992,p0p50,1987,0.2203
IRL,sptincj992,p0p50,1988,0.2285
IRL,sptincj992,p0p50,1989,0.2297
IRL,sptincj992,p0p50,1990,0.2256
IRL,sptincj992,p0p50,1991,0.2181
IRL,sptincj992,p0p50,1992,0.2244
IRL,sptincj992,p0p50,1993,0.2154
IRL,sptincj992,p0p50,1994,0.2082
IRL,sptincj992,p0p50,1995,0.2101
IRL,sptincj992,p0p50,1996,0.2249
IRL,sptincj992,p0p50,1997,0.2261
IRL,sptincj992,p0p50,1998,0.2183
IRL,sptincj992,p0p50,1999,0.2115
IRL,sptincj992,p0p50,2000,0.2064
IRL,sptincj992,p0p50,2001,0.2096
IRL,sptincj992,p0p50,2002,0.213
IRL,sptincj992,p0p50,2003,0.2056
IRL,sptincj992,p0p50,2004,0.1991
IRL,sptincj992,p0p50,2005,0.2027
IRL,sptincj992,p0p50,2006,0.1957
IRL,sptincj992,p0p50,2007,0.1866
IRL,sptincj992,p0p50,2008,0.1991
IRL,sptincj992,p0p50,2009,0.215
IRL,sptincj992,p0p50,2010,0.2083
IRL,sptincj992,p0p50,2011,0.2106
IRL,sptincj992,p0p50,2012,0.2078
IRL,sptincj992,p0p50,2013,0.1994
IRL,sptincj992,p0p50,2014,0.1946
IRL,sptincj992,p0p50,2015,0.1889
IRL,sptincj992,p0p50,2016,0.1902
IRL,sptincj992,p0p50,2017,0.1967
IRL,sptincj992,p0p50,2018,0.199
IRL,sptincj992,p0p50,2019,0.1967
IRL,sptincj992,p0p50,2020,0.1967
IRL,sptincj992,p0p50,2021,0.1957
IRL,sptincj992,p0p50,2022,0.1954
IRL,sptincj992,p0p50,2023,0.1953
IRL,sptincj992,p0p50,2024,0.1953
IRL,sptincj992,p0p90,1922,0.5582
IRL,sptincj992,p0p90,1923,0.5601
IRL,sptincj992,p0p90,1924,0.5731
IRL,sptincj992,p0p90,1925,0.5781000000000001
IRL,sptincj992,p0p90,1926,0.5884
IRL,sptincj992,p0p90,1927,0.5942000000000001
IRL,sptincj992,p0p90,1929,0.6101
IRL,sptincj992,p0p90,1930,0.6156
IRL,sptincj992,p0p90,1931,0.6095
IRL,sptincj992,p0p90,1932,0.6127
IRL,sptincj992,p0p90,1933,0.603
IRL,sptincj992,p0p90,1934,0.6048
IRL,sptincj992,p0p90,1935,0.6074
IRL,sptincj992,p0p90,1936,0.5991000000000001
IRL,sptincj992,p0p90,1937,0.6003000000000001
IRL,sptincj992,p0p90,1938,0.6024
IRL,sptincj992,p0p90,1939,0.5982000000000001
IRL,sptincj992,p0p90,1940,0.603
IRL,sptincj992,p0p90,1941,0.6086
IRL,sptincj992,p0p90,1942,0.6176
IRL,sptincj992,p0p90,1943,0.6305000000000001
IRL,sptincj992,p0p90,1944,0.6311
IRL,sptincj992,p0p90,1945,0.6379
IRL,sptincj992,p0p90,1946,0.642
IRL,sptincj992,p0p90,1947,0.649
IRL,sptincj992,p0p90,1948,0.6587000000000001
IRL,sptincj992,p0p90,1949,0.6662
IRL,sptincj992,p0p90,1950,0.6748000000000001
IRL,sptincj992,p0p90,1951,0.6773
IRL,sptincj992,p0p90,1952,0.6745
IRL,sptincj992,p0p90,1953,0.6796
IRL,sptincj992,p0p90,1964,0.6772
IRL,sptincj992,p0p90,1965,0.6764
IRL,sptincj992,p0p90,1966,0.6758000000000001
IRL,sptincj992,p0p90,1967,0.678
IRL,sptincj992,p0p90,1968,0.6817000000000001
IRL,sptincj992,p0p90,1969,0.6844
IRL,sptincj992,p0p90,1970,0.6854
IRL,sptincj992,p0p90,1971,0.6878000000000001
IRL,sptincj992,p0p90,1972,0.6857000000000001
IRL,sptincj992,p0p90,1973,0.6938000000000001
IRL,sptincj992,p0p90,1975,0.6908000000000001
IRL,sptincj992,p0p90,1976,0.6966
IRL,sptincj992,p0p90,1977,0.6967
IRL,sptincj992,p0p90,1978,0.6949000000000001
IRL,sptincj992,p0p90,1979,0.6866
IRL,sptincj992,p0p90,1980,0.6887
IRL,sptincj992,p0p90,1981,0.6927
IRL,sptincj992,p0p90,1982,0.6832
IRL,sptincj992,p0p90,1983,0.6795
IRL,sptincj992,p0p90,1984,0.6884
IRL,sptincj992,p0p90,1985,0.6912
IRL,sptincj992,p0p90,1986,0.6931
IRL,sptincj992,p0p90,1987,0.6911
IRL,sptincj992,p0p90,1988,0.6936
IRL,sptincj992,p0p90,1989,0.6923
IRL,sptincj992,p0p90,1990,0.6902
IRL,sptincj992,p0p90,1991,0.6819000000000001
IRL,sptincj992,p0p90,1992,0.6723
IRL,sptincj992,p0p90,1993,0.6765
IRL,sptincj992,p0p90,1994,0.6675
IRL,sptincj992,p0p90,1995,0.6685
IRL,sptincj992,p0p90,1996,0.6829000000000001
IRL,sptincj992,p0p90,1997,0.6661
IRL,sptincj992,p0p90,1998,0.6435000000000001
IRL,sptincj992,p0p90,1999,0.6507000000000001
IRL,sptincj992,p0p90,2000,0.6353
IRL,sptincj992,p0p90,2001,0.6463
IRL,sptincj992,p0p90,2002,0.6446000000000001
IRL,sptincj992,p0p90,2003,0.6374000000000001
IRL,sptincj992,p0p90,2004,0.6394000000000001
IRL,sptincj992,p0p90,2005,0.6291
IRL,sptincj992,p0p90,2006,0.6251
IRL,sptincj992,p0p90,2007,0.6402
IRL,sptincj992,p0p90,2008,0.6777000000000001
IRL,sptincj992,p0p90,2009,0.6749
IRL,sptincj992,p0p90,2010,0.6769000000000001
IRL,sptincj992,p0p90,2011,0.6683
IRL,sptincj992,p0p90,2012,0.6921
IRL,sptincj992,p0p90,2013,0.6763
IRL,sptincj992,p0p90,2014,0.6716000000000001
IRL,sptincj992,p0p90,2015,0.6474000000000001
IRL,sptincj992,p0p90,2016,0.6393
IRL,sptincj992,p0p90,2017,0.6524
IRL,sptincj992,p0p90,2018,0.638
IRL,sptincj992,p0p90,2019,0.6315000000000001
IRL,sptincj992,p0p90,2020,0.6315000000000001
IRL,sptincj992,p0p90,2021,0.6309
IRL,sptincj992,p0p90,2022,0.6306
IRL,sptincj992,p0p90,2023,0.6313000000000001
IRL,sptincj992,p0p90,2024,0.6313000000000001
IRL,sptincj992,p0p99,1922,0.7973
IRL,sptincj992,p0p99,1923,0.7949
IRL,sptincj992,p0p99,1924,0.808
IRL,sptincj992,p0p99,1925,0.8099000000000001
IRL,sptincj992,p0p99,1926,0.8192
IRL,sptincj992,p0p99,1927,0.8223
IRL,sptincj992,p0p99,1929,0.8343
IRL,sptincj992,p0p99,1930,0.8369000000000001
IRL,sptincj992,p0p99,1931,0.8318000000000001
IRL,sptincj992,p0p99,1932,0.8395
IRL,sptincj992,p0p99,1933,0.8294
IRL,sptincj992,p0p99,1934,0.8351000000000001
IRL,sptincj992,p0p99,1935,0.8419000000000001
IRL,sptincj992,p0p99,1936,0.8337
IRL,sptincj992,p0p99,1937,0.8385
IRL,sptincj992,p0p99,1938,0.8448
IRL,sptincj992,p0p99,1939,0.8421000000000001
IRL,sptincj992,p0p99,1940,0.8521000000000001
IRL,sptincj992,p0p99,1941,0.8540000000000001
IRL,sptincj992,p0p99,1942,0.8607
IRL,sptincj992,p0p99,1943,0.8726
IRL,sptincj992,p0p99,1944,0.8676
IRL,sptincj992,p0p99,1945,0.8712000000000001
IRL,sptincj992,p0p99,1946,0.871
IRL,sptincj992,p0p99,1947,0.8749
IRL,sptincj992,p0p99,1948,0.8824000000000001
IRL,sptincj992,p0p99,1949,0.8868
IRL,sptincj992,p0p99,1950,0.8929
IRL,sptincj992,p0p99,1951,0.8972
IRL,sptincj992,p0p99,1952,0.8945000000000001
IRL,sptincj992,p0p99,1953,0.9024000000000001
IRL,sptincj992,p0p99,1964,0.9029
IRL,sptincj992,p0p99,1965,0.9009
IRL,sptincj992,p0p99,1966,0.8992
IRL,sptincj992,p0p99,1967,0.9012
IRL,sptincj992,p0p99,1968,0.9052
IRL,sptincj992,p0p99,1969,0.9078
IRL,sptincj992,p0p99,1970,0.9082
IRL,sptincj992,p0p99,1971,0.9105000000000001
IRL,sptincj992,p0p99,1972,0.9069
IRL,sptincj992,p0p99,1973,0.9166000000000001
IRL,sptincj992,p0p99,1975,0.9108
IRL,sptincj992,p0p99,1976,0.9177000000000001
IRL,sptincj992,p0p99,1977,0.9168000000000001
IRL,sptincj992,p0p99,1978,0.9136000000000001
IRL,sptincj992,p0p99,1979,0.9018
IRL,sptincj992,p0p99,1980,0.9097000000000001
IRL,sptincj992,p0p99,1981,0.9113
IRL,sptincj992,p0p99,1982,0.9088
IRL,sptincj992,p0p99,1983,0.9079
IRL,sptincj992,p0p99,1984,0.9104000000000001
IRL,sptincj992,p0p99,1985,0.9118
IRL,sptincj992,p0p99,1986,0.9127000000000001
IRL,sptincj992,p0p99,1987,0.9125000000000001
IRL,sptincj992,p0p99,1988,0.9121
IRL,sptincj992,p0p99,1989,0.9101
IRL,sptincj992,p0p99,1990,0.9093
IRL,sptincj992,p0p99,1991,0.9055000000000001
IRL,sptincj992,p0p99,1992,0.9018
IRL,sptincj992,p0p99,1993,0.9049
IRL,sptincj992,p0p99,1994,0.9018
IRL,sptincj992,p0p99,1995,0.8988
IRL,sptincj992,p0p99,1996,0.9027000000000001
IRL,sptincj992,p0p99,1997,0.8924000000000001
IRL,sptincj992,p0p99,1998,0.8785000000000001
IRL,sptincj992,p0p99,1999,0.8823000000000001
IRL,sptincj992,p0p99,2000,0.8742000000000001
IRL,sptincj992,p0p99,2001,0.8814000000000001
IRL,sptincj992,p0p99,2002,0.8793000000000001
IRL,sptincj992,p0p99,2003,0.876
IRL,sptincj992,p0p99,2004,0.8766
IRL,sptincj992,p0p99,2005,0.8674000000000001
IRL,sptincj992,p0p99,2006,0.8649
IRL,sptincj992,p0p99,2007,0.8796
IRL,sptincj992,p0p99,2008,0.8971
IRL,sptincj992,p0p99,2009,0.8997
IRL,sptincj992,p0p99,2010,0.9009
IRL,sptincj992,p0p99,2011,0.8999
IRL,sptincj992,p0p99,2012,0.9081
IRL,sptincj992,p0p99,2013,0.8996000000000001
IRL,sptincj992,p0p99,2014,0.8966000000000001
IRL,sptincj992,p0p99,2015,0.8819
IRL,sptincj992,p0p99,2016,0.8774000000000001
IRL,sptincj992,p0p99,2017,0.8844000000000001
IRL,sptincj992,p0p99,2018,0.8755000000000001
IRL,sptincj992,p0p99,2019,0.8729
IRL,sptincj992,p0p99,2020,0.8729
IRL,sptincj992,p0p99,2021,0.8707
IRL,sptincj992,p0p99,2022,0.8703000000000001
IRL,sptincj992,p0p99,2023,0.8705
IRL,sptincj992,p0p99,2024,0.8705
IRL,sptincj992,p50p90,1922,0.368
IRL,sptincj992,p50p90,1923,0.3694
IRL,sptincj992,p50p90,1924,0.3781
IRL,sptincj992,p50p90,1925,0.3815
IRL,sptincj992,p50p90,1926,0.3885
IRL,sptincj992,p50p90,1927,0.3924
IRL,sptincj992,p50p90,1929,0.4032
IRL,sptincj992,p50p90,1930,0.4069
IRL,sptincj992,p50p90,1931,0.4029
IRL,sptincj992,p50p90,1932,0.405
IRL,sptincj992,p50p90,1933,0.3986
IRL,sptincj992,p50p90,1934,0.3998
IRL,sptincj992,p50p90,1935,0.4014
IRL,sptincj992,p50p90,1936,0.396
IRL,sptincj992,p50p90,1937,0.3967
IRL,sptincj992,p50p90,1938,0.3981
IRL,sptincj992,p50p90,1939,0.3953
IRL,sptincj992,p50p90,1940,0.3984
IRL,sptincj992,p50p90,1941,0.4022
IRL,sptincj992,p50p90,1942,0.4083
IRL,sptincj992,p50p90,1943,0.4169
IRL,sptincj992,p50p90,1944,0.4173
IRL,sptincj992,p50p90,1945,0.4219
IRL,sptincj992,p50p90,1946,0.4247
IRL,sptincj992,p50p90,1947,0.4294
IRL,sptincj992,p50p90,1948,0.4359
IRL,sptincj992,p50p90,1949,0.4409
IRL,sptincj992,p50p90,1950,0.4467
IRL,sptincj992,p50p90,1951,0.4483
IRL,sptincj992,p50p90,1952,0.4464
IRL,sptincj992,p50p90,1953,0.4497
IRL,sptincj992,p50p90,1964,0.4458
IRL,sptincj992,p50p90,1965,0.4448
IRL,sptincj992,p50p90,1966,0.4439
IRL,sptincj992,p50p90,1967,0.4449
IRL,sptincj992,p50p90,1968,0.4468
IRL,sptincj992,p50p90,1969,0.4481
IRL,sptincj992,p50p90,1970,0.4483
IRL,sptincj992,p50p90,1971,0.4494
IRL,sptincj992,p50p90,1972,0.4476
IRL,sptincj992,p50p90,1973,0.4523
IRL,sptincj992,p50p90,1975,0.4494
IRL,sptincj992,p50p90,1976,0.4527
IRL,sptincj992,p50p90,1977,0.4523
IRL,sptincj992,p50p90,1978,0.4507
IRL,sptincj992,p50p90,1979,0.4448
IRL,sptincj992,p50p90,1980,0.4584
IRL,sptincj992,p50p90,1981,0.4605
IRL,sptincj992,p50p90,1982,0.4631
IRL,sptincj992,p50p90,1983,0.4652
IRL,sptincj992,p50p90,1984,0.4651
IRL,sptincj992,p50p90,1985,0.467
IRL,sptincj992,p50p90,1986,0.4674
IRL,sptincj992,p50p90,1987,0.4708
IRL,sptincj992,p50p90,1988,0.4651
IRL,sptincj992,p50p90,1989,0.4627
IRL,sptincj992,p50p90,1990,0.4646
IRL,sptincj992,p50p90,1991,0.4638
IRL,sptincj992,p50p90,1992,0.4479
IRL,sptincj992,p50p90,1993,0.4611
IRL,sptincj992,p50p90,1994,0.4593
IRL,sptincj992,p50p90,1995,0.4584
IRL,sptincj992,p50p90,1996,0.458
IRL,sptincj992,p50p90,1997,0.44
IRL,sptincj992,p50p90,1998,0.4251
IRL,sptincj992,p50p90,1999,0.4392
IRL,sptincj992,p50p90,2000,0.4289
IRL,sptincj992,p50p90,2001,0.4367
IRL,sptincj992,p50p90,2002,0.4316
IRL,sptincj992,p50p90,2003,0.4319
IRL,sptincj992,p50p90,2004,0.4403
IRL,sptincj992,p50p90,2005,0.4264
IRL,sptincj992,p50p90,2006,0.4294
IRL,sptincj992,p50p90,2007,0.4536
IRL,sptincj992,p50p90,2008,0.4785
IRL,sptincj992,p50p90,2009,0.4599
IRL,sptincj992,p50p90,2010,0.4687
IRL,sptincj992,p50p90,2011,0.4578
IRL,sptincj992,p50p90,2012,0.4843
IRL,sptincj992,p50p90,2013,0.4769
IRL,sptincj992,p50p90,2014,0.477
IRL,sptincj992,p50p90,2015,0.4585
IRL,sptincj992,p50p90,2016,0.4491
IRL,sptincj992,p50p90,2017,0.4557
IRL,sptincj992,p50p90,2018,0.439
IRL,sptincj992,p50p90,2019,0.4348
IRL,sptincj992,p50p90,2020,0.4348
IRL,sptincj992,p50p90,2021,0.4352
IRL,sptincj992,p50p90,2022,0.4352
IRL,sptincj992,p50p90,2023,0.436
IRL,sptincj992,p50p90,2024,0.436
IRL,sptincj992,p90p100,1922,0.4418
IRL,sptincj992,p90p100,1923,0.4399
IRL,sptincj992,p90p100,1924,0.4269
IRL,sptincj992,p90p100,1925,0.4219
IRL,sptincj992,p90p100,1926,0.4116
IRL,sptincj992,p90p100,1927,0.4058
IRL,sptincj992,p90p100,1929,0.3899
IRL,sptincj992,p90p100,1930,0.3844
IRL,sptincj992,p90p100,1931,0.3905
IRL,sptincj992,p90p100,1932,0.3873
IRL,sptincj992,p90p100,1933,0.397
IRL,sptincj992,p90p100,1934,0.3952
IRL,sptincj992,p90p100,1935,0.3926
IRL,sptincj992,p90p100,1936,0.4009
IRL,sptincj992,p90p100,1937,0.3997
IRL,sptincj992,p90p100,1938,0.3976
IRL,sptincj992,p90p100,1939,0.4018
IRL,sptincj992,p90p100,1940,0.397
IRL,sptincj992,p90p100,1941,0.3914
IRL,sptincj992,p90p100,1942,0.3824
IRL,sptincj992,p90p100,1943,0.3695
IRL,sptincj992,p90p100,1944,0.3689
IRL,sptincj992,p90p100,1945,0.3621
IRL,sptincj992,p90p100,1946,0.358
IRL,sptincj992,p90p100,1947,0.351
IRL,sptincj992,p90p100,1948,0.3413
IRL,sptincj992,p90p100,1949,0.3338
IRL,sptincj992,p90p100,1950,0.3252
IRL,sptincj992,p90p100,1951,0.3227
IRL,sptincj992,p90p100,1952,0.3255
IRL,sptincj992,p90p100,1953,0.3204
IRL,sptincj992,p90p100,1964,0.3228
IRL,sptincj992,p90p100,1965,0.3236
IRL,sptincj992,p90p100,1966,0.3242
IRL,sptincj992,p90p100,1967,0.322
IRL,sptincj992,p90p100,1968,0.3183
IRL,sptincj992,p90p100,1969,0.3156
IRL,sptincj992,p90p100,1970,0.3146
IRL,sptincj992,p90p100,1971,0.3122
IRL,sptincj992,p90p100,1972,0.3143
IRL,sptincj992,p90p100,1973,0.3062
IRL,sptincj992,p90p100,1975,0.3092
IRL,sptincj992,p90p100,1976,0.3034
IRL,sptincj992,p90p100,1977,0.3033
IRL,sptincj992,p90p100,1978,0.3051
IRL,sptincj992,p90p100,1979,0.3134
IRL,sptincj992,p90p100,1980,0.3113
IRL,sptincj992,p90p100,1981,0.3073
IRL,sptincj992,p90p100,1982,0.3168
IRL,sptincj992,p90p100,1983,0.3205
IRL,sptincj992,p90p100,1984,0.3116
IRL,sptincj992,p90p100,1985,0.3088
IRL,sptincj992,p90p100,1986,0.3069
IRL,sptincj992,p90p100,1987,0.3089
IRL,sptincj992,p90p100,1988,0.3064
IRL,sptincj992,p90p100,1989,0.3077
IRL,sptincj992,p90p100,1990,0.3098
IRL,sptincj992,p90p100,1991,0.3181
IRL,sptincj992,p90p100,1992,0.3277
IRL,sptincj992,p90p100,1993,0.3235
IRL,sptincj992,p90p100,1994,0.3325
IRL,sptincj992,p90p100,1995,0.3315
IRL,sptincj992,p90p100,1996,0.3171
IRL,sptincj992,p90p100,1997,0.3339
IRL,sptincj992,p90p100,1998,0.3565
IRL,sptincj992,p90p100,1999,0.3493
IRL,sptincj992,p90p100,2000,0.3647
IRL,sptincj992,p90p100,2001,0.3537
IRL,sptincj992,p90p100,2002,0.3554
IRL,sptincj992,p90p100,2003,0.3626
IRL,sptincj992,p90p100,2004,0.3606
IRL,sptincj992,p90p100,2005,0.3709
IRL,sptincj992,p90p100,2006,0.3749
IRL,sptincj992,p90p100,2007,0.3598
IRL,sptincj992,p90p100,2008,0.3223
IRL,sptincj992,p90p100,2009,0.3251
IRL,sptincj992,p90p100,2010,0.3231
IRL,sptincj992,p90p100,2011,0.3317
IRL,sptincj992,p90p100,2012,0.3079
IRL,sptincj992,p90p100,2013,0.3237
IRL,sptincj992,p90p100,2014,0.3284
IRL,sptincj992,p90p100,2015,0.3526
IRL,sptincj992,p90p100,2016,0.3607
IRL,sptincj992,p90p100,2017,0.3476
IRL,sptincj992,p90p100,2018,0.362
IRL,sptincj992,p90p100,2019,0.3685
IRL,sptincj992,p90p100,2020,0.3685
IRL,sptincj992,p90p100,2021,0.3691
IRL,sptincj992,p90p100,2022,0.3694
IRL,sptincj992,p90p100,2023,0.3687
IRL,sptincj992,p90p100,2024,0.3687
IRL,sptincj992,p99p100,1922,0.2027
IRL,sptincj992,p99p100,1923,0.2051
IRL,sptincj992,p99p100,1924,0.192
IRL,sptincj992,p99p100,1925,0.1901
IRL,sptincj992,p99p100,1926,0.1808
IRL,sptincj992,p99p100,1927,0.1777
IRL,sptincj992,p99p100,1929,0.1657
IRL,sptincj992,p99p100,1930,0.1631
IRL,sptincj992,p99p100,1931,0.1682
IRL,sptincj992,p99p100,1932,0.1605
IRL,sptincj992,p99p100,1933,0.1706
IRL,sptincj992,p99p100,1934,0.1649
IRL,sptincj992,p99p100,1935,0.1581
IRL,sptincj992,p99p100,1936,0.1663
IRL,sptincj992,p99p100,1937,0.1615
IRL,sptincj992,p99p100,1938,0.1552
IRL,sptincj992,p99p100,1939,0.1579
IRL,sptincj992,p99p100,1940,0.1479
IRL,sptincj992,p99p100,1941,0.146
IRL,sptincj992,p99p100,1942,0.1393
IRL,sptincj992,p99p100,1943,0.1274
IRL,sptincj992,p99p100,1944,0.1324
IRL,sptincj992,p99p100,1945,0.1288
IRL,sptincj992,p99p100,1946,0.129
IRL,sptincj992,p99p100,1947,0.1251
IRL,sptincj992,p99p100,1948,0.1176
IRL,sptincj992,p99p100,1949,0.1132
IRL,sptincj992,p99p100,1950,0.1071
IRL,sptincj992,p99p100,1951,0.1028
IRL,sptincj992,p99p100,1952,0.1055
IRL,sptincj992,p99p100,1953,0.0976
IRL,sptincj992,p99p100,1964,0.0971
IRL,sptincj992,p99p100,1965,0.0991
IRL,sptincj992,p99p100,1966,0.1008
IRL,sptincj992,p99p100,1967,0.0988
IRL,sptincj992,p99p100,1968,0.0948
IRL,sptincj992,p99p100,1969,0.0922
IRL,sptincj992,p99p100,1970,0.0918
IRL,sptincj992,p99p100,1971,0.0895
IRL,sptincj992,p99p100,1972,0.0931
IRL,sptincj992,p99p100,1973,0.0834
IRL,sptincj992,p99p100,1975,0.0892
IRL,sptincj992,p99p100,1976,0.0823
IRL,sptincj992,p99p100,1977,0.0832
IRL,sptincj992,p99p100,1978,0.0864
IRL,sptincj992,p99p100,1979,0.0982
IRL,sptincj992,p99p100,1980,0.0903
IRL,sptincj992,p99p100,1981,0.0887
IRL,sptincj992,p99p100,1982,0.0912
IRL,sptincj992,p99p100,1983,0.0921
IRL,sptincj992,p99p100,1984,0.0896
IRL,sptincj992,p99p100,1985,0.0882
IRL,sptincj992,p99p100,1986,0.0873
IRL,sptincj992,p99p100,1987,0.0875
IRL,sptincj992,p99p100,1988,0.0879
IRL,sptincj992,p99p100,1989,0.0899
IRL,sptincj992,p99p100,1990,0.0907
IRL,sptincj992,p99p100,1991,0.0945
IRL,sptincj992,p99p100,1992,0.0982
IRL,sptincj992,p99p100,1993,0.0951
IRL,sptincj992,p99p100,1994,0.0982
IRL,sptincj992,p99p100,1995,0.1012
IRL,sptincj992,p99p100,1996,0.0973
IRL,sptincj992,p99p100,1997,0.1076
IRL,sptincj992,p99p100,1998,0.1215
IRL,sptincj992,p99p100,1999,0.1177
IRL,sptincj992,p99p100,2000,0.1258
IRL,sptincj992,p99p100,2001,0.1186
IRL,sptincj992,p99p100,2002,0.1207
IRL,sptincj992,p99p100,2003,0.124
IRL,sptincj992,p99p100,2004,0.1234
IRL,sptincj992,p99p100,2005,0.1326
IRL,sptincj992,p99p100,2006,0.1351
IRL,sptincj992,p99p100,2007,0.1204
IRL,sptincj992,p99p100,2008,0.1029
IRL,sptincj992,p99p100,2009,0.1003
IRL,sptincj992,p99p100,2010,0.0991
IRL,sptincj992,p99p100,2011,0.1001
IRL,sptincj992,p99p100,2012,0.0919
IRL,sptincj992,p99p100,2013,0.1004
IRL,sptincj992,p99p100,2014,0.1034
IRL,sptincj992,p99p100,2015,0.1181
IRL,sptincj992,p99p100,2016,0.1226
IRL,sptincj992,p99p100,2017,0.1156
IRL,sptincj992,p99p100,2018,0.1245
IRL,sptincj992,p99p100,2019,0.1271
IRL,sptincj992,p99p100,2020,0.1271
IRL,sptincj992,p99p100,2021,0.1293
IRL,sptincj992,p99p100,2022,0.1297
IRL,sptincj992,p99p100,2023,0.1295
IRL,sptincj992,p99p100,2024,0.1295
ISR,spllinf992,p0p100,1990,0.28740001
ISR,spllinf992,p0p100,1991,0.28740001
ISR,spllinf992,p0p100,1992,0.29390001
ISR,spllinf992,p0p100,1993,0.2974
ISR,spllinf992,p0p100,1994,0.30270001
ISR,spllinf992,p0p100,1995,0.30919999
ISR,spllinf992,p0p100,1996,0.31470001
ISR,spllinf992,p0p100,1997,0.3161
ISR,spllinf992,p0p100,1998,0.32159999
ISR,spllinf992,p0p100,1999,0.3283
ISR,spllinf992,p0p100,2000,0.333
ISR,spllinf992,p0p100,2001,0.33430001
ISR,spllinf992,p0p100,2002,0.33500001
ISR,spllinf992,p0p100,2003,0.34459999
ISR,spllinf992,p0p100,2004,0.3565
ISR,spllinf992,p0p100,2005,0.34599999
ISR,spllinf992,p0p100,2006,0.3484
ISR,spllinf992,p0p100,2007,0.35339999
ISR,spllinf992,p0p100,2008,0.34349999
ISR,spllinf992,p0p100,2009,0.3624
ISR,spllinf992,p0p100,2010,0.35589999
ISR,spllinf992,p0p100,2011,0.36840001
ISR,spllinf992,p0p100,2012,0.3671
ISR,spllinf992,p0p100,2013,0.37180001
ISR,spllinf992,p0p100,2014,0.37059999
ISR,spllinf992,p0p100,2015,0.3766
ISR,spllinf992,p0p100,2016,0.3635
ISR,spllinf992,p0p100,2017,0.38229999
ISR,spllinf992,p0p100,2018,0.37639999
ISR,spllinf992,p0p100,2019,0.37990001
ISR,spllinf992,p0p100,2020,0.3788
ISR,spllinf992,p0p100,2021,0.37709999
ISR,spllinf992,p0p100,2022,0.37630001
ISR,spllinf992,p0p100,2023,0.37450001
ISR,spllinf992,p0p100,2024,0.37720001
ISR,sptincj992,p0p100,1979,1
ISR,sptincj992,p0p100,1980,1
ISR,sptincj992,p0p100,1981,1
ISR,sptincj992,p0p100,1982,1
ISR,sptincj992,p0p100,1983,1
ISR,sptincj992,p0p100,1984,1
ISR,sptincj992,p0p100,1985,1
ISR,sptincj992,p0p100,1986,1
ISR,sptincj992,p0p100,1987,1
ISR,sptincj992,p0p100,1988,1
ISR,sptincj992,p0p100,1989,1
ISR,sptincj992,p0p100,1990,1
ISR,sptincj992,p0p100,1991,1
ISR,sptincj992,p0p100,1992,1
ISR,sptincj992,p0p100,1993,1
ISR,sptincj992,p0p100,1994,1
ISR,sptincj992,p0p100,1995,1
ISR,sptincj992,p0p100,1996,1
ISR,sptincj992,p0p100,1997,1
ISR,sptincj992,p0p100,1998,1
ISR,sptincj992,p0p100,1999,1
ISR,sptincj992,p0p100,2000,1
ISR,sptincj992,p0p100,2001,1
ISR,sptincj992,p0p100,2002,1
ISR,sptincj992,p0p100,2003,1
ISR,sptincj992,p0p100,2004,1
ISR,sptincj992,p0p100,2005,1
ISR,sptincj992,p0p100,2006,1
ISR,sptincj992,p0p100,2007,1
ISR,sptincj992,p0p100,2008,1
ISR,sptincj992,p0p100,2009,1
ISR,sptincj992,p0p100,2010,1
ISR,sptincj992,p0p100,2011,1
ISR,sptincj992,p0p100,2012,1
ISR,sptincj992,p0p100,2013,1
ISR,sptincj992,p0p100,2014,1
ISR,sptincj992,p0p100,2015,1
ISR,sptincj992,p0p100,2016,1
ISR,sptincj992,p0p100,2017,1
ISR,sptincj992,p0p100,2018,1
ISR,sptincj992,p0p100,2019,1
ISR,sptincj992,p0p100,2020,1
ISR,sptincj992,p0p100,2021,1
ISR,sptincj992,p0p100,2022,1
ISR,sptincj992,p0p100,2023,1
ISR,sptincj992,p0p100,2024,1
ISR,sptincj992,p0p50,1979,0.1342
ISR,sptincj992,p0p50,1980,0.1344
ISR,sptincj992,p0p50,1981,0.1345
ISR,sptincj992,p0p50,1982,0.1347
ISR,sptincj992,p0p50,1983,0.1348
ISR,sptincj992,p0p50,1984,0.135
ISR,sptincj992,p0p50,1985,0.1351
ISR,sptincj992,p0p50,1986,0.1353
ISR,sptincj992,p0p50,1987,0.135
ISR,sptincj992,p0p50,1988,0.1347
ISR,sptincj992,p0p50,1989,0.1345
ISR,sptincj992,p0p50,1990,0.1343
ISR,sptincj992,p0p50,1991,0.134
ISR,sptincj992,p0p50,1992,0.1338
ISR,sptincj992,p0p50,1993,0.1327
ISR,sptincj992,p0p50,1994,0.1316
ISR,sptincj992,p0p50,1995,0.1305
ISR,sptincj992,p0p50,1996,0.1295
ISR,sptincj992,p0p50,1997,0.1285
ISR,sptincj992,p0p50,1998,0.1278
ISR,sptincj992,p0p50,1999,0.1271
ISR,sptincj992,p0p50,2000,0.1264
ISR,sptincj992,p0p50,2001,0.1257
ISR,sptincj992,p0p50,2002,0.1236
ISR,sptincj992,p0p50,2003,0.1215
ISR,sptincj992,p0p50,2004,0.1195
ISR,sptincj992,p0p50,2005,0.1175
ISR,sptincj992,p0p50,2006,0.117
ISR,sptincj992,p0p50,2007,0.1166
ISR,sptincj992,p0p50,2008,0.1169
ISR,sptincj992,p0p50,2009,0.1172
ISR,sptincj992,p0p50,2010,0.1176
ISR,sptincj992,p0p50,2011,0.1185
ISR,sptincj992,p0p50,2012,0.1195
ISR,sptincj992,p0p50,2013,0.1247
ISR,sptincj992,p0p50,2014,0.1296
ISR,sptincj992,p0p50,2015,0.1312
ISR,sptincj992,p0p50,2016,0.1328
ISR,sptincj992,p0p50,2017,0.1328
ISR,sptincj992,p0p50,2018,0.1328
ISR,sptincj992,p0p50,2019,0.1328
ISR,sptincj992,p0p50,2020,0.1328
ISR,sptincj992,p0p50,2021,0.1328
ISR,sptincj992,p0p50,2022,0.1328
ISR,sptincj992,p0p50,2023,0.1328
ISR,sptincj992,p0p50,2024,0.1328
ISR,sptincj992,p0p90,1979,0.5044000000000001
ISR,sptincj992,p0p90,1980,0.505
ISR,sptincj992,p0p90,1981,0.5055000000000001
ISR,sptincj992,p0p90,1982,0.506
ISR,sptincj992,p0p90,1983,0.5065000000000001
ISR,sptincj992,p0p90,1984,0.5071
ISR,sptincj992,p0p90,1985,0.5076
ISR,sptincj992,p0p90,1986,0.5081
ISR,sptincj992,p0p90,1987,0.5062
ISR,sptincj992,p0p90,1988,0.5046
ISR,sptincj992,p0p90,1989,0.503
ISR,sptincj992,p0p90,1990,0.5015000000000001
ISR,sptincj992,p0p90,1991,0.5001
ISR,sptincj992,p0p90,1992,0.4988
ISR,sptincj992,p0p90,1993,0.4976
ISR,sptincj992,p0p90,1994,0.4964
ISR,sptincj992,p0p90,1995,0.4953
ISR,sptincj992,p0p90,1996,0.4942
ISR,sptincj992,p0p90,1997,0.4932
ISR,sptincj992,p0p90,1998,0.4918
ISR,sptincj992,p0p90,1999,0.4904
ISR,sptincj992,p0p90,2000,0.4891
ISR,sptincj992,p0p90,2001,0.4878
ISR,sptincj992,p0p90,2002,0.4854
ISR,sptincj992,p0p90,2003,0.4831
ISR,sptincj992,p0p90,2004,0.4808
ISR,sptincj992,p0p90,2005,0.4786
ISR,sptincj992,p0p90,2006,0.4791
ISR,sptincj992,p0p90,2007,0.4795
ISR,sptincj992,p0p90,2008,0.4766
ISR,sptincj992,p0p90,2009,0.4739
ISR,sptincj992,p0p90,2010,0.4712
ISR,sptincj992,p0p90,2011,0.477
ISR,sptincj992,p0p90,2012,0.4827
ISR,sptincj992,p0p90,2013,0.4926
ISR,sptincj992,p0p90,2014,0.502
ISR,sptincj992,p0p90,2015,0.505
ISR,sptincj992,p0p90,2016,0.5079
ISR,sptincj992,p0p90,2017,0.5079
ISR,sptincj992,p0p90,2018,0.5079
ISR,sptincj992,p0p90,2019,0.5079
ISR,sptincj992,p0p90,2020,0.5079
ISR,sptincj992,p0p90,2021,0.5079
ISR,sptincj992,p0p90,2022,0.5079
ISR,sptincj992,p0p90,2023,0.5079
ISR,sptincj992,p0p90,2024,0.5079
ISR,sptincj992,p0p99,1979,0.8165
ISR,sptincj992,p0p99,1980,0.8179000000000001
ISR,sptincj992,p0p99,1981,0.8193
ISR,sptincj992,p0p99,1982,0.8207
ISR,sptincj992,p0p99,1983,0.8221
ISR,sptincj992,p0p99,1984,0.8235
ISR,sptincj992,p0p99,1985,0.8248000000000001
ISR,sptincj992,p0p99,1986,0.8261000000000001
ISR,sptincj992,p0p99,1987,0.8233
ISR,sptincj992,p0p99,1988,0.8207
ISR,sptincj992,p0p99,1989,0.8182
ISR,sptincj992,p0p99,1990,0.8159000000000001
ISR,sptincj992,p0p99,1991,0.8137000000000001
ISR,sptincj992,p0p99,1992,0.8117000000000001
ISR,sptincj992,p0p99,1993,0.8115
ISR,sptincj992,p0p99,1994,0.8114
ISR,sptincj992,p0p99,1995,0.8112
ISR,sptincj992,p0p99,1996,0.8111
ISR,sptincj992,p0p99,1997,0.8109000000000001
ISR,sptincj992,p0p99,1998,0.8097000000000001
ISR,sptincj992,p0p99,1999,0.8086
ISR,sptincj992,p0p99,2000,0.8074
ISR,sptincj992,p0p99,2001,0.8062
ISR,sptincj992,p0p99,2002,0.8055
ISR,sptincj992,p0p99,2003,0.8048000000000001
ISR,sptincj992,p0p99,2004,0.8042
ISR,sptincj992,p0p99,2005,0.8035
ISR,sptincj992,p0p99,2006,0.8029000000000001
ISR,sptincj992,p0p99,2007,0.8023
ISR,sptincj992,p0p99,2008,0.8
ISR,sptincj992,p0p99,2009,0.7978000000000001
ISR,sptincj992,p0p99,2010,0.7956000000000001
ISR,sptincj992,p0p99,2011,0.8
ISR,sptincj992,p0p99,2012,0.8044
ISR,sptincj992,p0p99,2013,0.8138000000000001
ISR,sptincj992,p0p99,2014,0.8226
ISR,sptincj992,p0p99,2015,0.8269000000000001
ISR,sptincj992,p0p99,2016,0.8309000000000001
ISR,sptincj992,p0p99,2017,0.8309000000000001
ISR,sptincj992,p0p99,2018,0.8309000000000001
ISR,sptincj992,p0p99,2019,0.8309000000000001
ISR,sptincj992,p0p99,2020,0.8309000000000001
ISR,sptincj992,p0p99,2021,0.8309000000000001
ISR,sptincj992,p0p99,2022,0.8309000000000001
ISR,sptincj992,p0p99,2023,0.8309000000000001
ISR,sptincj992,p0p99,2024,0.8309000000000001
ISR,sptincj992,p50p90,1979,0.3702
ISR,sptincj992,p50p90,1980,0.3706
ISR,sptincj992,p50p90,1981,0.371
ISR,sptincj992,p50p90,1982,0.3713
ISR,sptincj992,p50p90,1983,0.3717
ISR,sptincj992,p50p90,1984,0.3721
ISR,sptincj992,p50p90,1985,0.3724
ISR,sptincj992,p50p90,1986,0.3728
ISR,sptincj992,p50p90,1987,0.3712
ISR,sptincj992,p50p90,1988,0.3698
ISR,sptincj992,p50p90,1989,0.3685
ISR,sptincj992,p50p90,1990,0.3673
ISR,sptincj992,p50p90,1991,0.3661
ISR,sptincj992,p50p90,1992,0.365
ISR,sptincj992,p50p90,1993,0.3649
ISR,sptincj992,p50p90,1994,0.3648
ISR,sptincj992,p50p90,1995,0.3648
ISR,sptincj992,p50p90,1996,0.3647
ISR,sptincj992,p50p90,1997,0.3646
ISR,sptincj992,p50p90,1998,0.364
ISR,sptincj992,p50p90,1999,0.3633
ISR,sptincj992,p50p90,2000,0.3627
ISR,sptincj992,p50p90,2001,0.3621
ISR,sptincj992,p50p90,2002,0.3618
ISR,sptincj992,p50p90,2003,0.3616
ISR,sptincj992,p50p90,2004,0.3614
ISR,sptincj992,p50p90,2005,0.3611
ISR,sptincj992,p50p90,2006,0.3621
ISR,sptincj992,p50p90,2007,0.3629
ISR,sptincj992,p50p90,2008,0.3597
ISR,sptincj992,p50p90,2009,0.3566
ISR,sptincj992,p50p90,2010,0.3537
ISR,sptincj992,p50p90,2011,0.3585
ISR,sptincj992,p50p90,2012,0.3633
ISR,sptincj992,p50p90,2013,0.3679
ISR,sptincj992,p50p90,2014,0.3723
ISR,sptincj992,p50p90,2015,0.3738
ISR,sptincj992,p50p90,2016,0.3752
ISR,sptincj992,p50p90,2017,0.3752
ISR,sptincj992,p50p90,2018,0.3752
ISR,sptincj992,p50p90,2019,0.3752
ISR,sptincj992,p50p90,2020,0.3752
ISR,sptincj992,p50p90,2021,0.3752
ISR,sptincj992,p50p90,2022,0.3752
ISR,sptincj992,p50p90,2023,0.3752
ISR,sptincj992,p50p90,2024,0.3752
ISR,sptincj992,p90p100,1979,0.4956
ISR,sptincj992,p90p100,1980,0.4950000000000001
ISR,sptincj992,p90p100,1981,0.4945000000000001
ISR,sptincj992,p90p100,1982,0.4940000000000001
ISR,sptincj992,p90p100,1983,0.4935
ISR,sptincj992,p90p100,1984,0.4929
ISR,sptincj992,p90p100,1985,0.4924
ISR,sptincj992,p90p100,1986,0.4919
ISR,sptincj992,p90p100,1987,0.4938
ISR,sptincj992,p90p100,1988,0.4954
ISR,sptincj992,p90p100,1989,0.497
ISR,sptincj992,p90p100,1990,0.4985
ISR,sptincj992,p90p100,1991,0.4999
ISR,sptincj992,p90p100,1992,0.5012
ISR,sptincj992,p90p100,1993,0.5024000000000001
ISR,sptincj992,p90p100,1994,0.5036
ISR,sptincj992,p90p100,1995,0.5047
ISR,sptincj992,p90p100,1996,0.5058
ISR,sptincj992,p90p100,1997,0.5068
ISR,sptincj992,p90p100,1998,0.5082
ISR,sptincj992,p90p100,1999,0.5096
ISR,sptincj992,p90p100,2000,0.5109
ISR,sptincj992,p90p100,2001,0.5122
ISR,sptincj992,p90p100,2002,0.5146000000000001
ISR,sptincj992,p90p100,2003,0.5169
ISR,sptincj992,p90p100,2004,0.5192
ISR,sptincj992,p90p100,2005,0.5214
ISR,sptincj992,p90p100,2006,0.5209
ISR,sptincj992,p90p100,2007,0.5205000000000001
ISR,sptincj992,p90p100,2008,0.5234
ISR,sptincj992,p90p100,2009,0.5261
ISR,sptincj992,p90p100,2010,0.5288
ISR,sptincj992,p90p100,2011,0.523
ISR,sptincj992,p90p100,2012,0.5173
ISR,sptincj992,p90p100,2013,0.5074000000000001
ISR,sptincj992,p90p100,2014,0.498
ISR,sptincj992,p90p100,2015,0.4950000000000001
ISR,sptincj992,p90p100,2016,0.4921
ISR,sptincj992,p90p100,2017,0.4921
ISR,sptincj992,p90p100,2018,0.4921
ISR,sptincj992,p90p100,2019,0.4921
ISR,sptincj992,p90p100,2020,0.4921
ISR,sptincj992,p90p100,2021,0.4921
ISR,sptincj992,p90p100,2022,0.4921
ISR,sptincj992,p90p100,2023,0.4921
ISR,sptincj992,p90p100,2024,0.4921
ISR,sptincj992,p99p100,1979,0.1835
ISR,sptincj992,p99p100,1980,0.1821
ISR,sptincj992,p99p100,1981,0.1807
ISR,sptincj992,p99p100,1982,0.1793
ISR,sptincj992,p99p100,1983,0.1779
ISR,sptincj992,p99p100,1984,0.1765
ISR,sptincj992,p99p100,1985,0.1752
ISR,sptincj992,p99p100,1986,0.1739
ISR,sptincj992,p99p100,1987,0.1767
ISR,sptincj992,p99p100,1988,0.1793
ISR,sptincj992,p99p100,1989,0.1818
ISR,sptincj992,p99p100,1990,0.1841
ISR,sptincj992,p99p100,1991,0.1863
ISR,sptincj992,p99p100,1992,0.1883
ISR,sptincj992,p99p100,1993,0.1885
ISR,sptincj992,p99p100,1994,0.1886
ISR,sptincj992,p99p100,1995,0.1888
ISR,sptincj992,p99p100,1996,0.1889
ISR,sptincj992,p99p100,1997,0.1891
ISR,sptincj992,p99p100,1998,0.1903
ISR,sptincj992,p99p100,1999,0.1914
ISR,sptincj992,p99p100,2000,0.1926
ISR,sptincj992,p99p100,2001,0.1938
ISR,sptincj992,p99p100,2002,0.1945
ISR,sptincj992,p99p100,2003,0.1952
ISR,sptincj992,p99p100,2004,0.1958
ISR,sptincj992,p99p100,2005,0.1965
ISR,sptincj992,p99p100,2006,0.1971
ISR,sptincj992,p99p100,2007,0.1977
ISR,sptincj992,p99p100,2008,0.2
ISR,sptincj992,p99p100,2009,0.2022
ISR,sptincj992,p99p100,2010,0.2044
ISR,sptincj992,p99p100,2011,0.2
ISR,sptincj992,p99p100,2012,0.1956
ISR,sptincj992,p99p100,2013,0.1862
ISR,sptincj992,p99p100,2014,0.1774
ISR,sptincj992,p99p100,2015,0.1731
ISR,sptincj992,p99p100,2016,0.1691
ISR,sptincj992,p99p100,2017,0.1691
ISR,sptincj992,p99p100,2018,0.1691
ISR,sptincj992,p99p100,2019,0.1691
ISR,sptincj992,p99p100,2020,0.1691
ISR,sptincj992,p99p100,2021,0.1691
ISR,sptincj992,p99p100,2022,0.1691
ISR,sptincj992,p99p100,2023,0.1691
ISR,sptincj992,p99p100,2024,0.1691
IND,spllinf992,p0p100,1990,0.1425
IND,spllinf992,p0p100,1991,0.1425
IND,spllinf992,p0p100,1992,0.14380001
IND,spllinf992,p0p100,1993,0.145
IND,spllinf992,p0p100,1994,0.1478
IND,spllinf992,p0p100,1995,0.1506
IND,spllinf992,p0p100,1996,0.15350001
IND,spllinf992,p0p100,1997,0.15629999
IND,spllinf992,p0p100,1998,0.1591
IND,spllinf992,p0p100,1999,0.1619
IND,spllinf992,p0p100,2000,0.1609
IND,spllinf992,p0p100,2001,0.15989999
IND,spllinf992,p0p100,2002,0.15889999
IND,spllinf992,p0p100,2003,0.15790001
IND,spllinf992,p0p100,2004,0.1569
IND,spllinf992,p0p100,2005,0.1569
IND,spllinf992,p0p100,2006,0.1569
IND,spllinf992,p0p100,2007,0.1568
IND,spllinf992,p0p100,2008,0.1568
IND,spllinf992,p0p100,2009,0.1568
IND,spllinf992,p0p100,2010,0.1532
IND,spllinf992,p0p100,2011,0.15530001
IND,spllinf992,p0p100,2012,0.15710001
IND,spllinf992,p0p100,2013,0.1593
IND,spllinf992,p0p100,2014,0.1618
IND,spllinf992,p0p100,2015,0.1646
IND,spllinf992,p0p100,2016,0.16769999
IND,spllinf992,p0p100,2017,0.17110001
IND,spllinf992,p0p100,2018,0.1744
IND,spllinf992,p0p100,2019,0.1788
IND,spllinf992,p0p100,2020,0.18350001
IND,spllinf992,p0p100,2021,0.1929
IND,spllinf992,p0p100,2022,0.1982
IND,spllinf992,p0p100,2023,0.1919
IND,spllinf992,p0p100,2024,0.1989
IND,sptincj992,p0p100,1820,1
IND,sptincj992,p0p100,1850,1
IND,sptincj992,p0p100,1880,1
IND,sptincj992,p0p100,1900,1
IND,sptincj992,p0p100,1910,1
IND,sptincj992,p0p100,1920,1
IND,sptincj992,p0p100,1922,1
IND,sptincj992,p0p100,1923,1
IND,sptincj992,p0p100,1924,1
IND,sptincj992,p0p100,1925,1
IND,sptincj992,p0p100,1926,1
IND,sptincj992,p0p100,1927,1
IND,sptincj992,p0p100,1928,1
IND,sptincj992,p0p100,1929,1
IND,sptincj992,p0p100,1930,1
IND,sptincj992,p0p100,1931,1
IND,sptincj992,p0p100,1932,1
IND,sptincj992,p0p100,1933,1
IND,sptincj992,p0p100,1934,1
IND,sptincj992,p0p100,1935,1
IND,sptincj992,p0p100,1936,1
IND,sptincj992,p0p100,1937,1
IND,sptincj992,p0p100,1938,1
IND,sptincj992,p0p100,1939,1
IND,sptincj992,p0p100,1940,1
IND,sptincj992,p0p100,1941,1
IND,sptincj992,p0p100,1943,1
IND,sptincj992,p0p100,1944,1
IND,sptincj992,p0p100,1945,1
IND,sptincj992,p0p100,1947,1
IND,sptincj992,p0p100,1948,1
IND,sptincj992,p0p100,1949,1
IND,sptincj992,p0p100,1950,1
IND,sptincj992,p0p100,1951,1
IND,sptincj992,p0p100,1952,1
IND,sptincj992,p0p100,1953,1
IND,sptincj992,p0p100,1954,1
IND,sptincj992,p0p100,1955,1
IND,sptincj992,p0p100,1956,1
IND,sptincj992,p0p100,1957,1
IND,sptincj992,p0p100,1958,1
IND,sptincj992,p0p100,1959,1
IND,sptincj992,p0p100,1960,1
IND,sptincj992,p0p100,1961,1
IND,sptincj992,p0p100,1962,1
IND,sptincj992,p0p100,1963,1
IND,sptincj992,p0p100,1964,1
IND,sptincj992,p0p100,1965,1
IND,sptincj992,p0p100,1966,1
IND,sptincj992,p0p100,1967,1
IND,sptincj992,p0p100,1968,1
IND,sptincj992,p0p100,1969,1
IND,sptincj992,p0p100,1970,1
IND,sptincj992,p0p100,1971,1
IND,sptincj992,p0p100,1972,1
IND,sptincj992,p0p100,1973,1
IND,sptincj992,p0p100,1974,1
IND,sptincj992,p0p100,1975,1
IND,sptincj992,p0p100,1976,1
IND,sptincj992,p0p100,1977,1
IND,sptincj992,p0p100,1978,1
IND,sptincj992,p0p100,1979,1
IND,sptincj992,p0p100,1980,1
IND,sptincj992,p0p100,1981,1
IND,sptincj992,p0p100,1982,1
IND,sptincj992,p0p100,1983,1
IND,sptincj992,p0p100,1984,1
IND,sptincj992,p0p100,1985,1
IND,sptincj992,p0p100,1986,1
IND,sptincj992,p0p100,1987,1
IND,sptincj992,p0p100,1988,1
IND,sptincj992,p0p100,1989,1
IND,sptincj992,p0p100,1990,1
IND,sptincj992,p0p100,1991,1
IND,sptincj992,p0p100,1992,1
IND,sptincj992,p0p100,1993,1
IND,sptincj992,p0p100,1994,1
IND,sptincj992,p0p100,1995,1
IND,sptincj992,p0p100,1996,1
IND,sptincj992,p0p100,1997,1
IND,sptincj992,p0p100,1998,1
IND,sptincj992,p0p100,1999,1
IND,sptincj992,p0p100,2000,1
IND,sptincj992,p0p100,2001,1
IND,sptincj992,p0p100,2002,1
IND,sptincj992,p0p100,2003,1
IND,sptincj992,p0p100,2004,1
IND,sptincj992,p0p100,2005,1
IND,sptincj992,p0p100,2006,1
IND,sptincj992,p0p100,2007,1
IND,sptincj992,p0p100,2008,1
IND,sptincj992,p0p100,2009,1
IND,sptincj992,p0p100,2010,1
IND,sptincj992,p0p100,2011,1
IND,sptincj992,p0p100,2012,1
IND,sptincj992,p0p100,2013,1
IND,sptincj992,p0p100,2014,1
IND,sptincj992,p0p100,2015,1
IND,sptincj992,p0p100,2016,1
IND,sptincj992,p0p100,2017,1
IND,sptincj992,p0p100,2018,1
IND,sptincj992,p0p100,2019,1
IND,sptincj992,p0p100,2020,1
IND,sptincj992,p0p100,2021,1
IND,sptincj992,p0p100,2022,1
IND,sptincj992,p0p100,2023,1
IND,sptincj992,p0p100,2024,1
IND,sptincj992,p0p50,1820,0.1756
IND,sptincj992,p0p50,1850,0.1688
IND,sptincj992,p0p50,1880,0.1533
IND,sptincj992,p0p50,1900,0.1561
IND,sptincj992,p0p50,1910,0.1864
IND,sptincj992,p0p50,1920,0.1577
IND,sptincj992,p0p50,1922,0.1615
IND,sptincj992,p0p50,1923,0.1629
IND,sptincj992,p0p50,1924,0.1661
IND,sptincj992,p0p50,1925,0.1673
IND,sptincj992,p0p50,1926,0.1698
IND,sptincj992,p0p50,1927,0.1714
IND,sptincj992,p0p50,1928,0.173
IND,sptincj992,p0p50,1929,0.1757
IND,sptincj992,p0p50,1930,0.1764
IND,sptincj992,p0p50,1931,0.1747
IND,sptincj992,p0p50,1932,0.1743
IND,sptincj992,p0p50,1933,0.1721
IND,sptincj992,p0p50,1934,0.1715
IND,sptincj992,p0p50,1935,0.1711
IND,sptincj992,p0p50,1936,0.1705
IND,sptincj992,p0p50,1937,0.1698
IND,sptincj992,p0p50,1938,0.168
IND,sptincj992,p0p50,1939,0.1674
IND,sptincj992,p0p50,1940,0.1666
IND,sptincj992,p0p50,1941,0.1726
IND,sptincj992,p0p50,1943,0.1842
IND,sptincj992,p0p50,1944,0.1887
IND,sptincj992,p0p50,1945,0.1931
IND,sptincj992,p0p50,1947,0.2047
IND,sptincj992,p0p50,1948,0.2091
IND,sptincj992,p0p50,1949,0.2154
IND,sptincj992,p0p50,1950,0.2189
IND,sptincj992,p0p50,1951,0.1895
IND,sptincj992,p0p50,1952,0.1893
IND,sptincj992,p0p50,1953,0.1932
IND,sptincj992,p0p50,1954,0.1858
IND,sptincj992,p0p50,1955,0.1784
IND,sptincj992,p0p50,1956,0.1771
IND,sptincj992,p0p50,1957,0.1863
IND,sptincj992,p0p50,1958,0.1816
IND,sptincj992,p0p50,1959,0.1839
IND,sptincj992,p0p50,1960,0.1912
IND,sptincj992,p0p50,1961,0.1928
IND,sptincj992,p0p50,1962,0.1973
IND,sptincj992,p0p50,1963,0.2062
IND,sptincj992,p0p50,1964,0.204
IND,sptincj992,p0p50,1965,0.2035
IND,sptincj992,p0p50,1966,0.2028
IND,sptincj992,p0p50,1967,0.2021
IND,sptincj992,p0p50,1968,0.2034
IND,sptincj992,p0p50,1969,0.1992
IND,sptincj992,p0p50,1970,0.1985
IND,sptincj992,p0p50,1971,0.2059
IND,sptincj992,p0p50,1972,0.2075
IND,sptincj992,p0p50,1973,0.2083
IND,sptincj992,p0p50,1974,0.2076
IND,sptincj992,p0p50,1975,0.2066
IND,sptincj992,p0p50,1976,0.2053
IND,sptincj992,p0p50,1977,0.2054
IND,sptincj992,p0p50,1978,0.2063
IND,sptincj992,p0p50,1979,0.2103
IND,sptincj992,p0p50,1980,0.2121
IND,sptincj992,p0p50,1981,0.2139
IND,sptincj992,p0p50,1982,0.2154
IND,sptincj992,p0p50,1983,0.1983
IND,sptincj992,p0p50,1984,0.204
IND,sptincj992,p0p50,1985,0.1992
IND,sptincj992,p0p50,1986,0.198
IND,sptincj992,p0p50,1987,0.1996
IND,sptincj992,p0p50,1988,0.1965
IND,sptincj992,p0p50,1989,0.1965
IND,sptincj992,p0p50,1990,0.2027
IND,sptincj992,p0p50,1991,0.2011
IND,sptincj992,p0p50,1992,0.1982
IND,sptincj992,p0p50,1993,0.1933
IND,sptincj992,p0p50,1994,0.1887
IND,sptincj992,p0p50,1995,0.189
IND,sptincj992,p0p50,1996,0.1905
IND,sptincj992,p0p50,1997,0.1883
IND,sptincj992,p0p50,1998,0.187
IND,sptincj992,p0p50,1999,0.1864
IND,sptincj992,p0p50,2000,0.1854
IND,sptincj992,p0p50,2001,0.1814
IND,sptincj992,p0p50,2002,0.1773
IND,sptincj992,p0p50,2003,0.1732
IND,sptincj992,p0p50,2004,0.169
IND,sptincj992,p0p50,2005,0.1648
IND,sptincj992,p0p50,2006,0.1607
IND,sptincj992,p0p50,2007,0.1564
IND,sptincj992,p0p50,2008,0.1521
IND,sptincj992,p0p50,2009,0.1477
IND,sptincj992,p0p50,2010,0.1433
IND,sptincj992,p0p50,2011,0.1373
IND,sptincj992,p0p50,2012,0.1346
IND,sptincj992,p0p50,2013,0.1339
IND,sptincj992,p0p50,2014,0.1313
IND,sptincj992,p0p50,2015,0.1297
IND,sptincj992,p0p50,2016,0.1256
IND,sptincj992,p0p50,2017,0.1239
IND,sptincj992,p0p50,2018,0.1281
IND,sptincj992,p0p50,2019,0.1307
IND,sptincj992,p0p50,2020,0.1372
IND,sptincj992,p0p50,2021,0.1364
IND,sptincj992,p0p50,2022,0.1325
IND,sptincj992,p0p50,2023,0.1325
IND,sptincj992,p0p50,2024,0.1325
IND,sptincj992,p0p90,1820,0.52
IND,sptincj992,p0p90,1850,0.5
IND,sptincj992,p0p90,1880,0.454
IND,sptincj992,p0p90,1900,0.4624
IND,sptincj992,p0p90,1910,0.552
IND,sptincj992,p0p90,1920,0.4671
IND,sptincj992,p0p90,1922,0.4783
IND,sptincj992,p0p90,1923,0.4825
IND,sptincj992,p0p90,1924,0.492
IND,sptincj992,p0p90,1925,0.4956
IND,sptincj992,p0p90,1926,0.5029
IND,sptincj992,p0p90,1927,0.5075000000000001
IND,sptincj992,p0p90,1928,0.5124000000000001
IND,sptincj992,p0p90,1929,0.5204
IND,sptincj992,p0p90,1930,0.5223
IND,sptincj992,p0p90,1931,0.5174
IND,sptincj992,p0p90,1932,0.5164
IND,sptincj992,p0p90,1933,0.5096
IND,sptincj992,p0p90,1934,0.5081
IND,sptincj992,p0p90,1935,0.5069
IND,sptincj992,p0p90,1936,0.505
IND,sptincj992,p0p90,1937,0.503
IND,sptincj992,p0p90,1938,0.4975
IND,sptincj992,p0p90,1939,0.4958
IND,sptincj992,p0p90,1940,0.4933
IND,sptincj992,p0p90,1941,0.5112
IND,sptincj992,p0p90,1943,0.5456
IND,sptincj992,p0p90,1944,0.5589000000000001
IND,sptincj992,p0p90,1945,0.5720000000000001
IND,sptincj992,p0p90,1947,0.6062000000000001
IND,sptincj992,p0p90,1948,0.6194000000000001
IND,sptincj992,p0p90,1949,0.638
IND,sptincj992,p0p90,1950,0.6483
IND,sptincj992,p0p90,1951,0.6258
IND,sptincj992,p0p90,1952,0.6308
IND,sptincj992,p0p90,1953,0.6316
IND,sptincj992,p0p90,1954,0.6123000000000001
IND,sptincj992,p0p90,1955,0.598
IND,sptincj992,p0p90,1956,0.5985
IND,sptincj992,p0p90,1957,0.6039
IND,sptincj992,p0p90,1958,0.603
IND,sptincj992,p0p90,1959,0.6134000000000001
IND,sptincj992,p0p90,1960,0.6205
IND,sptincj992,p0p90,1961,0.6192000000000001
IND,sptincj992,p0p90,1962,0.6211
IND,sptincj992,p0p90,1963,0.6444000000000001
IND,sptincj992,p0p90,1964,0.6348
IND,sptincj992,p0p90,1965,0.631
IND,sptincj992,p0p90,1966,0.6275000000000001
IND,sptincj992,p0p90,1967,0.6324000000000001
IND,sptincj992,p0p90,1968,0.6384000000000001
IND,sptincj992,p0p90,1969,0.6283000000000001
IND,sptincj992,p0p90,1970,0.6246
IND,sptincj992,p0p90,1971,0.6457
IND,sptincj992,p0p90,1972,0.6489
IND,sptincj992,p0p90,1973,0.6501
IND,sptincj992,p0p90,1974,0.6498
IND,sptincj992,p0p90,1975,0.6488
IND,sptincj992,p0p90,1976,0.6468
IND,sptincj992,p0p90,1977,0.649
IND,sptincj992,p0p90,1978,0.654
IND,sptincj992,p0p90,1979,0.6687000000000001
IND,sptincj992,p0p90,1980,0.6764
IND,sptincj992,p0p90,1981,0.6845
IND,sptincj992,p0p90,1982,0.6913
IND,sptincj992,p0p90,1983,0.6385000000000001
IND,sptincj992,p0p90,1984,0.6576000000000001
IND,sptincj992,p0p90,1985,0.6432
IND,sptincj992,p0p90,1986,0.6403
IND,sptincj992,p0p90,1987,0.6463
IND,sptincj992,p0p90,1988,0.637
IND,sptincj992,p0p90,1989,0.6366
IND,sptincj992,p0p90,1990,0.656
IND,sptincj992,p0p90,1991,0.6498
IND,sptincj992,p0p90,1992,0.6401
IND,sptincj992,p0p90,1993,0.6233000000000001
IND,sptincj992,p0p90,1994,0.6078
IND,sptincj992,p0p90,1995,0.6072000000000001
IND,sptincj992,p0p90,1996,0.6106
IND,sptincj992,p0p90,1997,0.6025
IND,sptincj992,p0p90,1998,0.5975
IND,sptincj992,p0p90,1999,0.5948
IND,sptincj992,p0p90,2000,0.5910000000000001
IND,sptincj992,p0p90,2001,0.5801000000000001
IND,sptincj992,p0p90,2002,0.5690000000000001
IND,sptincj992,p0p90,2003,0.5577
IND,sptincj992,p0p90,2004,0.5462
IND,sptincj992,p0p90,2005,0.5345
IND,sptincj992,p0p90,2006,0.5218
IND,sptincj992,p0p90,2007,0.5087
IND,sptincj992,p0p90,2008,0.4954
IND,sptincj992,p0p90,2009,0.4817
IND,sptincj992,p0p90,2010,0.4679
IND,sptincj992,p0p90,2011,0.4483
IND,sptincj992,p0p90,2012,0.4397
IND,sptincj992,p0p90,2013,0.4373
IND,sptincj992,p0p90,2014,0.4287
IND,sptincj992,p0p90,2015,0.4223
IND,sptincj992,p0p90,2016,0.4077
IND,sptincj992,p0p90,2017,0.4013
IND,sptincj992,p0p90,2018,0.4107
IND,sptincj992,p0p90,2019,0.413
IND,sptincj992,p0p90,2020,0.4198
IND,sptincj992,p0p90,2021,0.4181
IND,sptincj992,p0p90,2022,0.4111
IND,sptincj992,p0p90,2023,0.4111
IND,sptincj992,p0p90,2024,0.4111
IND,sptincj992,p0p99,1820,0.8400000000000001
IND,sptincj992,p0p99,1850,0.8200000000000001
IND,sptincj992,p0p99,1880,0.8180000000000001
IND,sptincj992,p0p99,1900,0.8320000000000001
IND,sptincj992,p0p99,1910,0.86
IND,sptincj992,p0p99,1920,0.8335
IND,sptincj992,p0p99,1922,0.8398
IND,sptincj992,p0p99,1923,0.8405
IND,sptincj992,p0p99,1924,0.8502000000000001
IND,sptincj992,p0p99,1925,0.8501000000000001
IND,sptincj992,p0p99,1926,0.8560000000000001
IND,sptincj992,p0p99,1927,0.8575
IND,sptincj992,p0p99,1928,0.8593000000000001
IND,sptincj992,p0p99,1929,0.8665
IND,sptincj992,p0p99,1930,0.8635
IND,sptincj992,p0p99,1931,0.8543000000000001
IND,sptincj992,p0p99,1932,0.8515
IND,sptincj992,p0p99,1933,0.8394
IND,sptincj992,p0p99,1934,0.8358
IND,sptincj992,p0p99,1935,0.8327
IND,sptincj992,p0p99,1936,0.8286
IND,sptincj992,p0p99,1937,0.8241
IND,sptincj992,p0p99,1938,0.8141
IND,sptincj992,p0p99,1939,0.8102
IND,sptincj992,p0p99,1940,0.8051
IND,sptincj992,p0p99,1941,0.8166
IND,sptincj992,p0p99,1943,0.8372
IND,sptincj992,p0p99,1944,0.8416
IND,sptincj992,p0p99,1945,0.8457
IND,sptincj992,p0p99,1947,0.8657
IND,sptincj992,p0p99,1948,0.8701000000000001
IND,sptincj992,p0p99,1949,0.8822000000000001
IND,sptincj992,p0p99,1950,0.8828
IND,sptincj992,p0p99,1951,0.8823000000000001
IND,sptincj992,p0p99,1952,0.8792000000000001
IND,sptincj992,p0p99,1953,0.8863000000000001
IND,sptincj992,p0p99,1954,0.8715
IND,sptincj992,p0p99,1955,0.8606
IND,sptincj992,p0p99,1956,0.8592000000000001
IND,sptincj992,p0p99,1957,0.8556
IND,sptincj992,p0p99,1958,0.8606
IND,sptincj992,p0p99,1959,0.8672000000000001
IND,sptincj992,p0p99,1960,0.8646
IND,sptincj992,p0p99,1961,0.8697
IND,sptincj992,p0p99,1962,0.8709
IND,sptincj992,p0p99,1963,0.8744000000000001
IND,sptincj992,p0p99,1964,0.8767
IND,sptincj992,p0p99,1965,0.8701000000000001
IND,sptincj992,p0p99,1966,0.8674000000000001
IND,sptincj992,p0p99,1967,0.8706
IND,sptincj992,p0p99,1968,0.8754000000000001
IND,sptincj992,p0p99,1969,0.8672000000000001
IND,sptincj992,p0p99,1970,0.8669
IND,sptincj992,p0p99,1971,0.8829
IND,sptincj992,p0p99,1972,0.8871
IND,sptincj992,p0p99,1973,0.8946000000000001
IND,sptincj992,p0p99,1974,0.8958
IND,sptincj992,p0p99,1975,0.893
IND,sptincj992,p0p99,1976,0.8944000000000001
IND,sptincj992,p0p99,1977,0.8999
IND,sptincj992,p0p99,1978,0.9048
IND,sptincj992,p0p99,1979,0.9176000000000001
IND,sptincj992,p0p99,1980,0.9246000000000001
IND,sptincj992,p0p99,1981,0.9312
IND,sptincj992,p0p99,1982,0.9372
IND,sptincj992,p0p99,1983,0.8943000000000001
IND,sptincj992,p0p99,1984,0.9088
IND,sptincj992,p0p99,1985,0.8928
IND,sptincj992,p0p99,1986,0.8891
IND,sptincj992,p0p99,1987,0.8941
IND,sptincj992,p0p99,1988,0.886
IND,sptincj992,p0p99,1989,0.8869
IND,sptincj992,p0p99,1990,0.8926000000000001
IND,sptincj992,p0p99,1991,0.8956000000000001
IND,sptincj992,p0p99,1992,0.8973000000000001
IND,sptincj992,p0p99,1993,0.8721
IND,sptincj992,p0p99,1994,0.8733000000000001
IND,sptincj992,p0p99,1995,0.8665
IND,sptincj992,p0p99,1996,0.8644000000000001
IND,sptincj992,p0p99,1997,0.8581000000000001
IND,sptincj992,p0p99,1998,0.8527
IND,sptincj992,p0p99,1999,0.8492000000000001
IND,sptincj992,p0p99,2000,0.8449000000000001
IND,sptincj992,p0p99,2001,0.8371000000000001
IND,sptincj992,p0p99,2002,0.8290000000000001
IND,sptincj992,p0p99,2003,0.8206
IND,sptincj992,p0p99,2004,0.8119000000000001
IND,sptincj992,p0p99,2005,0.8029000000000001
IND,sptincj992,p0p99,2006,0.799
IND,sptincj992,p0p99,2007,0.795
IND,sptincj992,p0p99,2008,0.7912
IND,sptincj992,p0p99,2009,0.7873
IND,sptincj992,p0p99,2010,0.7836000000000001
IND,sptincj992,p0p99,2011,0.7846000000000001
IND,sptincj992,p0p99,2012,0.783
IND,sptincj992,p0p99,2013,0.78
IND,sptincj992,p0p99,2014,0.7827000000000001
IND,sptincj992,p0p99,2015,0.779
IND,sptincj992,p0p99,2016,0.7736000000000001
IND,sptincj992,p0p99,2017,0.7735000000000001
IND,sptincj992,p0p99,2018,0.7722
IND,sptincj992,p0p99,2019,0.7797000000000001
IND,sptincj992,p0p99,2020,0.7801
IND,sptincj992,p0p99,2021,0.7787000000000001
IND,sptincj992,p0p99,2022,0.7693
IND,sptincj992,p0p99,2023,0.7693
IND,sptincj992,p0p99,2024,0.7693
IND,sptincj992,p50p90,1820,0.3444
IND,sptincj992,p50p90,1850,0.3312
IND,sptincj992,p50p90,1880,0.3007
IND,sptincj992,p50p90,1900,0.3063
IND,sptincj992,p50p90,1910,0.3656
IND,sptincj992,p50p90,1920,0.3094
IND,sptincj992,p50p90,1922,0.3168
IND,sptincj992,p50p90,1923,0.3196
IND,sptincj992,p50p90,1924,0.3259
IND,sptincj992,p50p90,1925,0.3283
IND,sptincj992,p50p90,1926,0.3331
IND,sptincj992,p50p90,1927,0.3362
IND,sptincj992,p50p90,1928,0.3394
IND,sptincj992,p50p90,1929,0.3447
IND,sptincj992,p50p90,1930,0.346
IND,sptincj992,p50p90,1931,0.3427
IND,sptincj992,p50p90,1932,0.342
IND,sptincj992,p50p90,1933,0.3376
IND,sptincj992,p50p90,1934,0.3365
IND,sptincj992,p50p90,1935,0.3357
IND,sptincj992,p50p90,1936,0.3345
IND,sptincj992,p50p90,1937,0.3331
IND,sptincj992,p50p90,1938,0.3295
IND,sptincj992,p50p90,1939,0.3284
IND,sptincj992,p50p90,1940,0.3268
IND,sptincj992,p50p90,1941,0.3386
IND,sptincj992,p50p90,1943,0.3614
IND,sptincj992,p50p90,1944,0.3702
IND,sptincj992,p50p90,1945,0.3789
IND,sptincj992,p50p90,1947,0.4015
IND,sptincj992,p50p90,1948,0.4103
IND,sptincj992,p50p90,1949,0.4226
IND,sptincj992,p50p90,1950,0.4294
IND,sptincj992,p50p90,1951,0.4363
IND,sptincj992,p50p90,1952,0.4416
IND,sptincj992,p50p90,1953,0.4384
IND,sptincj992,p50p90,1954,0.4265
IND,sptincj992,p50p90,1955,0.4195
IND,sptincj992,p50p90,1956,0.4214
IND,sptincj992,p50p90,1957,0.4176
IND,sptincj992,p50p90,1958,0.4214
IND,sptincj992,p50p90,1959,0.4295
IND,sptincj992,p50p90,1960,0.4293
IND,sptincj992,p50p90,1961,0.4264
IND,sptincj992,p50p90,1962,0.4238
IND,sptincj992,p50p90,1963,0.4381
IND,sptincj992,p50p90,1964,0.4307
IND,sptincj992,p50p90,1965,0.4274
IND,sptincj992,p50p90,1966,0.4247
IND,sptincj992,p50p90,1967,0.4303
IND,sptincj992,p50p90,1968,0.435
IND,sptincj992,p50p90,1969,0.4291
IND,sptincj992,p50p90,1970,0.4261
IND,sptincj992,p50p90,1971,0.4398
IND,sptincj992,p50p90,1972,0.4414
IND,sptincj992,p50p90,1973,0.4418
IND,sptincj992,p50p90,1974,0.4422
IND,sptincj992,p50p90,1975,0.4422
IND,sptincj992,p50p90,1976,0.4415
IND,sptincj992,p50p90,1977,0.4436
IND,sptincj992,p50p90,1978,0.4476
IND,sptincj992,p50p90,1979,0.4584
IND,sptincj992,p50p90,1980,0.4643
IND,sptincj992,p50p90,1981,0.4706
IND,sptincj992,p50p90,1982,0.4759
IND,sptincj992,p50p90,1983,0.4402
IND,sptincj992,p50p90,1984,0.4536
IND,sptincj992,p50p90,1985,0.444
IND,sptincj992,p50p90,1986,0.4423
IND,sptincj992,p50p90,1987,0.4467
IND,sptincj992,p50p90,1988,0.4405
IND,sptincj992,p50p90,1989,0.44
IND,sptincj992,p50p90,1990,0.4532
IND,sptincj992,p50p90,1991,0.4488
IND,sptincj992,p50p90,1992,0.4418
IND,sptincj992,p50p90,1993,0.4301
IND,sptincj992,p50p90,1994,0.4192
IND,sptincj992,p50p90,1995,0.4182
IND,sptincj992,p50p90,1996,0.4201
IND,sptincj992,p50p90,1997,0.4142
IND,sptincj992,p50p90,1998,0.4104
IND,sptincj992,p50p90,1999,0.4084
IND,sptincj992,p50p90,2000,0.4056
IND,sptincj992,p50p90,2001,0.3987
IND,sptincj992,p50p90,2002,0.3917
IND,sptincj992,p50p90,2003,0.3845
IND,sptincj992,p50p90,2004,0.3772
IND,sptincj992,p50p90,2005,0.3697
IND,sptincj992,p50p90,2006,0.3611
IND,sptincj992,p50p90,2007,0.3523
IND,sptincj992,p50p90,2008,0.3432
IND,sptincj992,p50p90,2009,0.334
IND,sptincj992,p50p90,2010,0.3246
IND,sptincj992,p50p90,2011,0.311
IND,sptincj992,p50p90,2012,0.3051
IND,sptincj992,p50p90,2013,0.3034
IND,sptincj992,p50p90,2014,0.2974
IND,sptincj992,p50p90,2015,0.2926
IND,sptincj992,p50p90,2016,0.2822
IND,sptincj992,p50p90,2017,0.2774
IND,sptincj992,p50p90,2018,0.2826
IND,sptincj992,p50p90,2019,0.2824
IND,sptincj992,p50p90,2020,0.2826
IND,sptincj992,p50p90,2021,0.2817
IND,sptincj992,p50p90,2022,0.2786
IND,sptincj992,p50p90,2023,0.2786
IND,sptincj992,p50p90,2024,0.2786
IND,sptincj992,p90p100,1820,0.48
IND,sptincj992,p90p100,1850,0.5
IND,sptincj992,p90p100,1880,0.546
IND,sptincj992,p90p100,1900,0.5376000000000001
IND,sptincj992,p90p100,1910,0.448
IND,sptincj992,p90p100,1920,0.5329
IND,sptincj992,p90p100,1922,0.5217
IND,sptincj992,p90p100,1923,0.5175000000000001
IND,sptincj992,p90p100,1924,0.508
IND,sptincj992,p90p100,1925,0.5044000000000001
IND,sptincj992,p90p100,1926,0.4971
IND,sptincj992,p90p100,1927,0.4925
IND,sptincj992,p90p100,1928,0.4876
IND,sptincj992,p90p100,1929,0.4796
IND,sptincj992,p90p100,1930,0.4777
IND,sptincj992,p90p100,1931,0.4826
IND,sptincj992,p90p100,1932,0.4836
IND,sptincj992,p90p100,1933,0.4904
IND,sptincj992,p90p100,1934,0.4919
IND,sptincj992,p90p100,1935,0.4931
IND,sptincj992,p90p100,1936,0.4950000000000001
IND,sptincj992,p90p100,1937,0.497
IND,sptincj992,p90p100,1938,0.5025000000000001
IND,sptincj992,p90p100,1939,0.5042
IND,sptincj992,p90p100,1940,0.5067
IND,sptincj992,p90p100,1941,0.4888
IND,sptincj992,p90p100,1943,0.4544
IND,sptincj992,p90p100,1944,0.4411
IND,sptincj992,p90p100,1945,0.428
IND,sptincj992,p90p100,1947,0.3938
IND,sptincj992,p90p100,1948,0.3806
IND,sptincj992,p90p100,1949,0.362
IND,sptincj992,p90p100,1950,0.3517
IND,sptincj992,p90p100,1951,0.3742
IND,sptincj992,p90p100,1952,0.3692
IND,sptincj992,p90p100,1953,0.3684
IND,sptincj992,p90p100,1954,0.3877
IND,sptincj992,p90p100,1955,0.402
IND,sptincj992,p90p100,1956,0.4015
IND,sptincj992,p90p100,1957,0.3961
IND,sptincj992,p90p100,1958,0.397
IND,sptincj992,p90p100,1959,0.3866
IND,sptincj992,p90p100,1960,0.3795
IND,sptincj992,p90p100,1961,0.3808
IND,sptincj992,p90p100,1962,0.3789
IND,sptincj992,p90p100,1963,0.3556
IND,sptincj992,p90p100,1964,0.3652
IND,sptincj992,p90p100,1965,0.369
IND,sptincj992,p90p100,1966,0.3725
IND,sptincj992,p90p100,1967,0.3676
IND,sptincj992,p90p100,1968,0.3616
IND,sptincj992,p90p100,1969,0.3717
IND,sptincj992,p90p100,1970,0.3754
IND,sptincj992,p90p100,1971,0.3543
IND,sptincj992,p90p100,1972,0.3511
IND,sptincj992,p90p100,1973,0.3499
IND,sptincj992,p90p100,1974,0.3502
IND,sptincj992,p90p100,1975,0.3512
IND,sptincj992,p90p100,1976,0.3532
IND,sptincj992,p90p100,1977,0.351
IND,sptincj992,p90p100,1978,0.346
IND,sptincj992,p90p100,1979,0.3313
IND,sptincj992,p90p100,1980,0.3236
IND,sptincj992,p90p100,1981,0.3155
IND,sptincj992,p90p100,1982,0.3087
IND,sptincj992,p90p100,1983,0.3615
IND,sptincj992,p90p100,1984,0.3424
IND,sptincj992,p90p100,1985,0.3568
IND,sptincj992,p90p100,1986,0.3597
IND,sptincj992,p90p100,1987,0.3537
IND,sptincj992,p90p100,1988,0.363
IND,sptincj992,p90p100,1989,0.3634
IND,sptincj992,p90p100,1990,0.344
IND,sptincj992,p90p100,1991,0.3502
IND,sptincj992,p90p100,1992,0.3599
IND,sptincj992,p90p100,1993,0.3767
IND,sptincj992,p90p100,1994,0.3922
IND,sptincj992,p90p100,1995,0.3928
IND,sptincj992,p90p100,1996,0.3894
IND,sptincj992,p90p100,1997,0.3975
IND,sptincj992,p90p100,1998,0.4025
IND,sptincj992,p90p100,1999,0.4052
IND,sptincj992,p90p100,2000,0.409
IND,sptincj992,p90p100,2001,0.4199
IND,sptincj992,p90p100,2002,0.431
IND,sptincj992,p90p100,2003,0.4423
IND,sptincj992,p90p100,2004,0.4538
IND,sptincj992,p90p100,2005,0.4655
IND,sptincj992,p90p100,2006,0.4782
IND,sptincj992,p90p100,2007,0.4913
IND,sptincj992,p90p100,2008,0.5046
IND,sptincj992,p90p100,2009,0.5183
IND,sptincj992,p90p100,2010,0.5321
IND,sptincj992,p90p100,2011,0.5517000000000001
IND,sptincj992,p90p100,2012,0.5603
IND,sptincj992,p90p100,2013,0.5627
IND,sptincj992,p90p100,2014,0.5713
IND,sptincj992,p90p100,2015,0.5777
IND,sptincj992,p90p100,2016,0.5923
IND,sptincj992,p90p100,2017,0.5987
IND,sptincj992,p90p100,2018,0.5893
IND,sptincj992,p90p100,2019,0.5870000000000001
IND,sptincj992,p90p100,2020,0.5802
IND,sptincj992,p90p100,2021,0.5819
IND,sptincj992,p90p100,2022,0.5889
IND,sptincj992,p90p100,2023,0.5889
IND,sptincj992,p90p100,2024,0.5889
IND,sptincj992,p99p100,1820,0.16
IND,sptincj992,p99p100,1850,0.18
IND,sptincj992,p99p100,1880,0.182
IND,sptincj992,p99p100,1900,0.168
IND,sptincj992,p99p100,1910,0.14
IND,sptincj992,p99p100,1920,0.1665
IND,sptincj992,p99p100,1922,0.1602
IND,sptincj992,p99p100,1923,0.1595
IND,sptincj992,p99p100,1924,0.1498
IND,sptincj992,p99p100,1925,0.1499
IND,sptincj992,p99p100,1926,0.144
IND,sptincj992,p99p100,1927,0.1425
IND,sptincj992,p99p100,1928,0.1407
IND,sptincj992,p99p100,1929,0.1335
IND,sptincj992,p99p100,1930,0.1365
IND,sptincj992,p99p100,1931,0.1457
IND,sptincj992,p99p100,1932,0.1485
IND,sptincj992,p99p100,1933,0.1606
IND,sptincj992,p99p100,1934,0.1642
IND,sptincj992,p99p100,1935,0.1673
IND,sptincj992,p99p100,1936,0.1714
IND,sptincj992,p99p100,1937,0.1759
IND,sptincj992,p99p100,1938,0.1859
IND,sptincj992,p99p100,1939,0.1898
IND,sptincj992,p99p100,1940,0.1949
IND,sptincj992,p99p100,1941,0.1834
IND,sptincj992,p99p100,1943,0.1628
IND,sptincj992,p99p100,1944,0.1584
IND,sptincj992,p99p100,1945,0.1543
IND,sptincj992,p99p100,1947,0.1343
IND,sptincj992,p99p100,1948,0.1299
IND,sptincj992,p99p100,1949,0.1178
IND,sptincj992,p99p100,1950,0.1172
IND,sptincj992,p99p100,1951,0.1177
IND,sptincj992,p99p100,1952,0.1208
IND,sptincj992,p99p100,1953,0.1137
IND,sptincj992,p99p100,1954,0.1285
IND,sptincj992,p99p100,1955,0.1394
IND,sptincj992,p99p100,1956,0.1408
IND,sptincj992,p99p100,1957,0.1444
IND,sptincj992,p99p100,1958,0.1394
IND,sptincj992,p99p100,1959,0.1328
IND,sptincj992,p99p100,1960,0.1354
IND,sptincj992,p99p100,1961,0.1303
IND,sptincj992,p99p100,1962,0.1291
IND,sptincj992,p99p100,1963,0.1256
IND,sptincj992,p99p100,1964,0.1233
IND,sptincj992,p99p100,1965,0.1299
IND,sptincj992,p99p100,1966,0.1326
IND,sptincj992,p99p100,1967,0.1294
IND,sptincj992,p99p100,1968,0.1246
IND,sptincj992,p99p100,1969,0.1328
IND,sptincj992,p99p100,1970,0.1331
IND,sptincj992,p99p100,1971,0.1171
IND,sptincj992,p99p100,1972,0.1129
IND,sptincj992,p99p100,1973,0.1054
IND,sptincj992,p99p100,1974,0.1042
IND,sptincj992,p99p100,1975,0.107
IND,sptincj992,p99p100,1976,0.1056
IND,sptincj992,p99p100,1977,0.1001
IND,sptincj992,p99p100,1978,0.0952
IND,sptincj992,p99p100,1979,0.0824
IND,sptincj992,p99p100,1980,0.0754
IND,sptincj992,p99p100,1981,0.0688
IND,sptincj992,p99p100,1982,0.0628
IND,sptincj992,p99p100,1983,0.1057
IND,sptincj992,p99p100,1984,0.0912
IND,sptincj992,p99p100,1985,0.1072
IND,sptincj992,p99p100,1986,0.1109
IND,sptincj992,p99p100,1987,0.1059
IND,sptincj992,p99p100,1988,0.114
IND,sptincj992,p99p100,1989,0.1131
IND,sptincj992,p99p100,1990,0.1074
IND,sptincj992,p99p100,1991,0.1044
IND,sptincj992,p99p100,1992,0.1027
IND,sptincj992,p99p100,1993,0.1279
IND,sptincj992,p99p100,1994,0.1267
IND,sptincj992,p99p100,1995,0.1335
IND,sptincj992,p99p100,1996,0.1356
IND,sptincj992,p99p100,1997,0.1419
IND,sptincj992,p99p100,1998,0.1473
IND,sptincj992,p99p100,1999,0.1508
IND,sptincj992,p99p100,2000,0.1551
IND,sptincj992,p99p100,2001,0.1629
IND,sptincj992,p99p100,2002,0.171
IND,sptincj992,p99p100,2003,0.1794
IND,sptincj992,p99p100,2004,0.1881
IND,sptincj992,p99p100,2005,0.1971
IND,sptincj992,p99p100,2006,0.201
IND,sptincj992,p99p100,2007,0.205
IND,sptincj992,p99p100,2008,0.2088
IND,sptincj992,p99p100,2009,0.2127
IND,sptincj992,p99p100,2010,0.2164
IND,sptincj992,p99p100,2011,0.2154
IND,sptincj992,p99p100,2012,0.217
IND,sptincj992,p99p100,2013,0.22
IND,sptincj992,p99p100,2014,0.2173
IND,sptincj992,p99p100,2015,0.221
IND,sptincj992,p99p100,2016,0.2264
IND,sptincj992,p99p100,2017,0.2265
IND,sptincj992,p99p100,2018,0.2278
IND,sptincj992,p99p100,2019,0.2203
IND,sptincj992,p99p100,2020,0.2199
IND,sptincj992,p99p100,2021,0.2213
IND,sptincj992,p99p100,2022,0.2307
IND,sptincj992,p99p100,2023,0.2307
IND,sptincj992,p99p100,2024,0.2307
ISL,spllinf992,p0p100,1990,0.36559999
ISL,spllinf992,p0p100,1991,0.36559999
ISL,spllinf992,p0p100,1992,0.3662
ISL,spllinf992,p0p100,1993,0.3682
ISL,spllinf992,p0p100,1994,0.36849999
ISL,spllinf992,p0p100,1995,0.36840001
ISL,spllinf992,p0p100,1996,0.36469999
ISL,spllinf992,p0p100,1997,0.36250001
ISL,spllinf992,p0p100,1998,0.3619
ISL,spllinf992,p0p100,1999,0.36610001
ISL,spllinf992,p0p100,2000,0.36989999
ISL,spllinf992,p0p100,2001,0.36590001
ISL,spllinf992,p0p100,2002,0.36970001
ISL,spllinf992,p0p100,2003,0.3673
ISL,spllinf992,p0p100,2004,0.36610001
ISL,spllinf992,p0p100,2005,0.36539999
ISL,spllinf992,p0p100,2006,0.36660001
ISL,spllinf992,p0p100,2007,0.36919999
ISL,spllinf992,p0p100,2008,0.37360001
ISL,spllinf992,p0p100,2009,0.39309999
ISL,spllinf992,p0p100,2010,0.39410001
ISL,spllinf992,p0p100,2011,0.3892
ISL,spllinf992,p0p100,2012,0.38280001
ISL,spllinf992,p0p100,2013,0.39050001
ISL,spllinf992,p0p100,2014,0.38479999
ISL,spllinf992,p0p100,2015,0.3955
ISL,spllinf992,p0p100,2016,0.40149999
ISL,spllinf992,p0p100,2017,0.40270001
ISL,spllinf992,p0p100,2018,0.41100001
ISL,spllinf992,p0p100,2019,0.4136
ISL,spllinf992,p0p100,2020,0.41010001
ISL,spllinf992,p0p100,2021,0.41260001
ISL,spllinf992,p0p100,2022,0.41850001
ISL,spllinf992,p0p100,2023,0.414
ISL,spllinf992,p0p100,2024,0.40849999
ISL,sptincj992,p0p100,1980,1
ISL,sptincj992,p0p100,1981,1
ISL,sptincj992,p0p100,1982,1
ISL,sptincj992,p0p100,1983,1
ISL,sptincj992,p0p100,1984,1
ISL,sptincj992,p0p100,1985,1
ISL,sptincj992,p0p100,1986,1
ISL,sptincj992,p0p100,1987,1
ISL,sptincj992,p0p100,1988,1
ISL,sptincj992,p0p100,1989,1
ISL,sptincj992,p0p100,1990,1
ISL,sptincj992,p0p100,1991,1
ISL,sptincj992,p0p100,1992,1
ISL,sptincj992,p0p100,1993,1
ISL,sptincj992,p0p100,1994,1
ISL,sptincj992,p0p100,1995,1
ISL,sptincj992,p0p100,1996,1
ISL,sptincj992,p0p100,1997,1
ISL,sptincj992,p0p100,1998,1
ISL,sptincj992,p0p100,1999,1
ISL,sptincj992,p0p100,2000,1
ISL,sptincj992,p0p100,2001,1
ISL,sptincj992,p0p100,2002,1
ISL,sptincj992,p0p100,2003,1
ISL,sptincj992,p0p100,2004,1
ISL,sptincj992,p0p100,2005,1
ISL,sptincj992,p0p100,2006,1
ISL,sptincj992,p0p100,2007,1
ISL,sptincj992,p0p100,2008,1
ISL,sptincj992,p0p100,2009,1
ISL,sptincj992,p0p100,2010,1
ISL,sptincj992,p0p100,2011,1
ISL,sptincj992,p0p100,2012,1
ISL,sptincj992,p0p100,2013,1
ISL,sptincj992,p0p100,2014,1
ISL,sptincj992,p0p100,2015,1
ISL,sptincj992,p0p100,2016,1
ISL,sptincj992,p0p100,2017,1
ISL,sptincj992,p0p100,2018,1
ISL,sptincj992,p0p100,2019,1
ISL,sptincj992,p0p100,2020,1
ISL,sptincj992,p0p100,2021,1
ISL,sptincj992,p0p100,2022,1
ISL,sptincj992,p0p100,2023,1
ISL,sptincj992,p0p100,2024,1
ISL,sptincj992,p0p50,1980,0.2228
ISL,sptincj992,p0p50,1981,0.2227
ISL,sptincj992,p0p50,1982,0.2226
ISL,sptincj992,p0p50,1983,0.2225
ISL,sptincj992,p0p50,1984,0.2226
ISL,sptincj992,p0p50,1985,0.2226
ISL,sptincj992,p0p50,1986,0.2227
ISL,sptincj992,p0p50,1987,0.2228
ISL,sptincj992,p0p50,1988,0.2228
ISL,sptincj992,p0p50,1989,0.2227
ISL,sptincj992,p0p50,1990,0.2227
ISL,sptincj992,p0p50,1991,0.223
ISL,sptincj992,p0p50,1992,0.2239
ISL,sptincj992,p0p50,1993,0.2244
ISL,sptincj992,p0p50,1994,0.2239
ISL,sptincj992,p0p50,1995,0.225
ISL,sptincj992,p0p50,1996,0.2232
ISL,sptincj992,p0p50,1997,0.2215
ISL,sptincj992,p0p50,1998,0.2193
ISL,sptincj992,p0p50,1999,0.2175
ISL,sptincj992,p0p50,2000,0.2185
ISL,sptincj992,p0p50,2001,0.2137
ISL,sptincj992,p0p50,2002,0.2121
ISL,sptincj992,p0p50,2003,0.2166
ISL,sptincj992,p0p50,2004,0.223
ISL,sptincj992,p0p50,2005,0.2229
ISL,sptincj992,p0p50,2006,0.2186
ISL,sptincj992,p0p50,2007,0.2125
ISL,sptincj992,p0p50,2008,0.2368
ISL,sptincj992,p0p50,2009,0.2438
ISL,sptincj992,p0p50,2010,0.2455
ISL,sptincj992,p0p50,2011,0.2449
ISL,sptincj992,p0p50,2012,0.2451
ISL,sptincj992,p0p50,2013,0.2375
ISL,sptincj992,p0p50,2014,0.2392
ISL,sptincj992,p0p50,2015,0.2385
ISL,sptincj992,p0p50,2016,0.2413
ISL,sptincj992,p0p50,2017,0.2491
ISL,sptincj992,p0p50,2018,0.2549
ISL,sptincj992,p0p50,2019,0.2567
ISL,sptincj992,p0p50,2020,0.2567
ISL,sptincj992,p0p50,2021,0.2523
ISL,sptincj992,p0p50,2022,0.2569
ISL,sptincj992,p0p50,2023,0.2572
ISL,sptincj992,p0p50,2024,0.2572
ISL,sptincj992,p0p90,1980,0.7008
ISL,sptincj992,p0p90,1981,0.7008
ISL,sptincj992,p0p90,1982,0.7007
ISL,sptincj992,p0p90,1983,0.7006
ISL,sptincj992,p0p90,1984,0.7007
ISL,sptincj992,p0p90,1985,0.7007
ISL,sptincj992,p0p90,1986,0.7007
ISL,sptincj992,p0p90,1987,0.7008
ISL,sptincj992,p0p90,1988,0.7008
ISL,sptincj992,p0p90,1989,0.7008
ISL,sptincj992,p0p90,1990,0.7008
ISL,sptincj992,p0p90,1991,0.7009000000000001
ISL,sptincj992,p0p90,1992,0.6996
ISL,sptincj992,p0p90,1993,0.6993
ISL,sptincj992,p0p90,1994,0.6980000000000001
ISL,sptincj992,p0p90,1995,0.6981
ISL,sptincj992,p0p90,1996,0.6976
ISL,sptincj992,p0p90,1997,0.6968000000000001
ISL,sptincj992,p0p90,1998,0.6959000000000001
ISL,sptincj992,p0p90,1999,0.6936
ISL,sptincj992,p0p90,2000,0.6936
ISL,sptincj992,p0p90,2001,0.677
ISL,sptincj992,p0p90,2002,0.67
ISL,sptincj992,p0p90,2003,0.6759000000000001
ISL,sptincj992,p0p90,2004,0.6910000000000001
ISL,sptincj992,p0p90,2005,0.6902
ISL,sptincj992,p0p90,2006,0.6802
ISL,sptincj992,p0p90,2007,0.6471
ISL,sptincj992,p0p90,2008,0.7105
ISL,sptincj992,p0p90,2009,0.7243
ISL,sptincj992,p0p90,2010,0.7317
ISL,sptincj992,p0p90,2011,0.7261000000000001
ISL,sptincj992,p0p90,2012,0.7221000000000001
ISL,sptincj992,p0p90,2013,0.7019000000000001
ISL,sptincj992,p0p90,2014,0.7032
ISL,sptincj992,p0p90,2015,0.7038
ISL,sptincj992,p0p90,2016,0.7071000000000001
ISL,sptincj992,p0p90,2017,0.7079000000000001
ISL,sptincj992,p0p90,2018,0.7191000000000001
ISL,sptincj992,p0p90,2019,0.7197
ISL,sptincj992,p0p90,2020,0.7197
ISL,sptincj992,p0p90,2021,0.7115
ISL,sptincj992,p0p90,2022,0.7203
ISL,sptincj992,p0p90,2023,0.7205
ISL,sptincj992,p0p90,2024,0.7205
ISL,sptincj992,p0p99,1980,0.9232
ISL,sptincj992,p0p99,1981,0.9232
ISL,sptincj992,p0p99,1982,0.9231
ISL,sptincj992,p0p99,1983,0.9231
ISL,sptincj992,p0p99,1984,0.9231
ISL,sptincj992,p0p99,1985,0.9231
ISL,sptincj992,p0p99,1986,0.9232
ISL,sptincj992,p0p99,1987,0.9232
ISL,sptincj992,p0p99,1988,0.9232
ISL,sptincj992,p0p99,1989,0.9232
ISL,sptincj992,p0p99,1990,0.9232
ISL,sptincj992,p0p99,1991,0.924
ISL,sptincj992,p0p99,1992,0.9219
ISL,sptincj992,p0p99,1993,0.9229
ISL,sptincj992,p0p99,1994,0.9229
ISL,sptincj992,p0p99,1995,0.923
ISL,sptincj992,p0p99,1996,0.9227000000000001
ISL,sptincj992,p0p99,1997,0.9215000000000001
ISL,sptincj992,p0p99,1998,0.9206000000000001
ISL,sptincj992,p0p99,1999,0.9181
ISL,sptincj992,p0p99,2000,0.9153
ISL,sptincj992,p0p99,2001,0.8965000000000001
ISL,sptincj992,p0p99,2002,0.8886000000000001
ISL,sptincj992,p0p99,2003,0.8893000000000001
ISL,sptincj992,p0p99,2004,0.9067000000000001
ISL,sptincj992,p0p99,2005,0.8995000000000001
ISL,sptincj992,p0p99,2006,0.8945000000000001
ISL,sptincj992,p0p99,2007,0.8551000000000001
ISL,sptincj992,p0p99,2008,0.9241
ISL,sptincj992,p0p99,2009,0.9344
ISL,sptincj992,p0p99,2010,0.9438000000000001
ISL,sptincj992,p0p99,2011,0.9410000000000001
ISL,sptincj992,p0p99,2012,0.9359000000000001
ISL,sptincj992,p0p99,2013,0.9157000000000001
ISL,sptincj992,p0p99,2014,0.9143
ISL,sptincj992,p0p99,2015,0.9154
ISL,sptincj992,p0p99,2016,0.9145000000000001
ISL,sptincj992,p0p99,2017,0.9104000000000001
ISL,sptincj992,p0p99,2018,0.9203
ISL,sptincj992,p0p99,2019,0.9199
ISL,sptincj992,p0p99,2020,0.9199
ISL,sptincj992,p0p99,2021,0.9195000000000001
ISL,sptincj992,p0p99,2022,0.9206000000000001
ISL,sptincj992,p0p99,2023,0.9203
ISL,sptincj992,p0p99,2024,0.9203
ISL,sptincj992,p50p90,1980,0.478
ISL,sptincj992,p50p90,1981,0.478
ISL,sptincj992,p50p90,1982,0.4781
ISL,sptincj992,p50p90,1983,0.4781
ISL,sptincj992,p50p90,1984,0.4781
ISL,sptincj992,p50p90,1985,0.4781
ISL,sptincj992,p50p90,1986,0.478
ISL,sptincj992,p50p90,1987,0.478
ISL,sptincj992,p50p90,1988,0.478
ISL,sptincj992,p50p90,1989,0.478
ISL,sptincj992,p50p90,1990,0.478
ISL,sptincj992,p50p90,1991,0.4779
ISL,sptincj992,p50p90,1992,0.4757
ISL,sptincj992,p50p90,1993,0.4749
ISL,sptincj992,p50p90,1994,0.474
ISL,sptincj992,p50p90,1995,0.4732
ISL,sptincj992,p50p90,1996,0.4744
ISL,sptincj992,p50p90,1997,0.4753
ISL,sptincj992,p50p90,1998,0.4766
ISL,sptincj992,p50p90,1999,0.4761
ISL,sptincj992,p50p90,2000,0.475
ISL,sptincj992,p50p90,2001,0.4633
ISL,sptincj992,p50p90,2002,0.4579
ISL,sptincj992,p50p90,2003,0.4592
ISL,sptincj992,p50p90,2004,0.468
ISL,sptincj992,p50p90,2005,0.4673
ISL,sptincj992,p50p90,2006,0.4616
ISL,sptincj992,p50p90,2007,0.4346
ISL,sptincj992,p50p90,2008,0.4737
ISL,sptincj992,p50p90,2009,0.4805
ISL,sptincj992,p50p90,2010,0.4862
ISL,sptincj992,p50p90,2011,0.4812
ISL,sptincj992,p50p90,2012,0.477
ISL,sptincj992,p50p90,2013,0.4643
ISL,sptincj992,p50p90,2014,0.464
ISL,sptincj992,p50p90,2015,0.4653
ISL,sptincj992,p50p90,2016,0.4657
ISL,sptincj992,p50p90,2017,0.4588
ISL,sptincj992,p50p90,2018,0.4642
ISL,sptincj992,p50p90,2019,0.4629
ISL,sptincj992,p50p90,2020,0.4629
ISL,sptincj992,p50p90,2021,0.4592
ISL,sptincj992,p50p90,2022,0.4634
ISL,sptincj992,p50p90,2023,0.4633
ISL,sptincj992,p50p90,2024,0.4633
ISL,sptincj992,p90p100,1980,0.2992
ISL,sptincj992,p90p100,1981,0.2992
ISL,sptincj992,p90p100,1982,0.2993
ISL,sptincj992,p90p100,1983,0.2994
ISL,sptincj992,p90p100,1984,0.2993
ISL,sptincj992,p90p100,1985,0.2993
ISL,sptincj992,p90p100,1986,0.2993
ISL,sptincj992,p90p100,1987,0.2992
ISL,sptincj992,p90p100,1988,0.2992
ISL,sptincj992,p90p100,1989,0.2992
ISL,sptincj992,p90p100,1990,0.2992
ISL,sptincj992,p90p100,1991,0.2991
ISL,sptincj992,p90p100,1992,0.3004
ISL,sptincj992,p90p100,1993,0.3007
ISL,sptincj992,p90p100,1994,0.302
ISL,sptincj992,p90p100,1995,0.3019
ISL,sptincj992,p90p100,1996,0.3024
ISL,sptincj992,p90p100,1997,0.3032
ISL,sptincj992,p90p100,1998,0.3041
ISL,sptincj992,p90p100,1999,0.3064
ISL,sptincj992,p90p100,2000,0.3064
ISL,sptincj992,p90p100,2001,0.323
ISL,sptincj992,p90p100,2002,0.33
ISL,sptincj992,p90p100,2003,0.3241
ISL,sptincj992,p90p100,2004,0.309
ISL,sptincj992,p90p100,2005,0.3098
ISL,sptincj992,p90p100,2006,0.3198
ISL,sptincj992,p90p100,2007,0.3529
ISL,sptincj992,p90p100,2008,0.2895
ISL,sptincj992,p90p100,2009,0.2757
ISL,sptincj992,p90p100,2010,0.2683
ISL,sptincj992,p90p100,2011,0.2739
ISL,sptincj992,p90p100,2012,0.2779
ISL,sptincj992,p90p100,2013,0.2981
ISL,sptincj992,p90p100,2014,0.2968
ISL,sptincj992,p90p100,2015,0.2962
ISL,sptincj992,p90p100,2016,0.2929
ISL,sptincj992,p90p100,2017,0.2921
ISL,sptincj992,p90p100,2018,0.2809
ISL,sptincj992,p90p100,2019,0.2803
ISL,sptincj992,p90p100,2020,0.2803
ISL,sptincj992,p90p100,2021,0.2885
ISL,sptincj992,p90p100,2022,0.2797
ISL,sptincj992,p90p100,2023,0.2795
ISL,sptincj992,p90p100,2024,0.2795
ISL,sptincj992,p99p100,1980,0.0768
ISL,sptincj992,p99p100,1981,0.0768
ISL,sptincj992,p99p100,1982,0.0769
ISL,sptincj992,p99p100,1983,0.0769
ISL,sptincj992,p99p100,1984,0.0769
ISL,sptincj992,p99p100,1985,0.0769
ISL,sptincj992,p99p100,1986,0.0768
ISL,sptincj992,p99p100,1987,0.0768
ISL,sptincj992,p99p100,1988,0.0768
ISL,sptincj992,p99p100,1989,0.0768
ISL,sptincj992,p99p100,1990,0.0768
ISL,sptincj992,p99p100,1991,0.076
ISL,sptincj992,p99p100,1992,0.0781
ISL,sptincj992,p99p100,1993,0.0771
ISL,sptincj992,p99p100,1994,0.0771
ISL,sptincj992,p99p100,1995,0.077
ISL,sptincj992,p99p100,1996,0.0773
ISL,sptincj992,p99p100,1997,0.0785
ISL,sptincj992,p99p100,1998,0.0794
ISL,sptincj992,p99p100,1999,0.0819
ISL,sptincj992,p99p100,2000,0.0847
ISL,sptincj992,p99p100,2001,0.1035
ISL,sptincj992,p99p100,2002,0.1114
ISL,sptincj992,p99p100,2003,0.1107
ISL,sptincj992,p99p100,2004,0.0933
ISL,sptincj992,p99p100,2005,0.1005
ISL,sptincj992,p99p100,2006,0.1055
ISL,sptincj992,p99p100,2007,0.1449
ISL,sptincj992,p99p100,2008,0.0759
ISL,sptincj992,p99p100,2009,0.0656
ISL,sptincj992,p99p100,2010,0.0562
ISL,sptincj992,p99p100,2011,0.059
ISL,sptincj992,p99p100,2012,0.0641
ISL,sptincj992,p99p100,2013,0.0843
ISL,sptincj992,p99p100,2014,0.0857
ISL,sptincj992,p99p100,2015,0.0846
ISL,sptincj992,p99p100,2016,0.0855
ISL,sptincj992,p99p100,2017,0.0896
ISL,sptincj992,p99p100,2018,0.0797
ISL,sptincj992,p99p100,2019,0.0801
ISL,sptincj992,p99p100,2020,0.0801
ISL,sptincj992,p99p100,2021,0.0805
ISL,sptincj992,p99p100,2022,0.0794
ISL,sptincj992,p99p100,2023,0.0797
ISL,sptincj992,p99p100,2024,0.0797
ITA,spllinf992,p0p100,1990,0.301
ITA,spllinf992,p0p100,1991,0.301
ITA,spllinf992,p0p100,1992,0.29730001
ITA,spllinf992,p0p100,1993,0.29370001
ITA,spllinf992,p0p100,1994,0.30320001
ITA,spllinf992,p0p100,1995,0.3127
ITA,spllinf992,p0p100,1996,0.3168
ITA,spllinf992,p0p100,1997,0.32080001
ITA,spllinf992,p0p100,1998,0.32480001
ITA,spllinf992,p0p100,1999,0.32370001
ITA,spllinf992,p0p100,2000,0.32260001
ITA,spllinf992,p0p100,2001,0.3256
ITA,spllinf992,p0p100,2002,0.32870001
ITA,spllinf992,p0p100,2003,0.3308
ITA,spllinf992,p0p100,2004,0.33289999
ITA,spllinf992,p0p100,2005,0.33579999
ITA,spllinf992,p0p100,2006,0.33880001
ITA,spllinf992,p0p100,2007,0.34560001
ITA,spllinf992,p0p100,2008,0.3524
ITA,spllinf992,p0p100,2009,0.35929999
ITA,spllinf992,p0p100,2010,0.3662
ITA,spllinf992,p0p100,2011,0.3653
ITA,spllinf992,p0p100,2012,0.36430001
ITA,spllinf992,p0p100,2013,0.3601
ITA,spllinf992,p0p100,2014,0.35589999
ITA,spllinf992,p0p100,2015,0.35749999
ITA,spllinf992,p0p100,2016,0.35910001
ITA,spllinf992,p0p100,2017,0.3608
ITA,spllinf992,p0p100,2018,0.36250001
ITA,spllinf992,p0p100,2019,0.3642
ITA,spllinf992,p0p100,2020,0.366
ITA,spllinf992,p0p100,2021,0.3624
ITA,spllinf992,p0p100,2022,0.36430001
ITA,spllinf992,p0p100,2023,0.3664
ITA,spllinf992,p0p100,2024,0.36660001
ITA,sptincj992,p0p100,1820,1
ITA,sptincj992,p0p100,1850,1
ITA,sptincj992,p0p100,1880,1
ITA,sptincj992,p0p100,1900,1
ITA,sptincj992,p0p100,1910,1
ITA,sptincj992,p0p100,1920,1
ITA,sptincj992,p0p100,1930,1
ITA,sptincj992,p0p100,1940,1
ITA,sptincj992,p0p100,1950,1
ITA,sptincj992,p0p100,1960,1
ITA,sptincj992,p0p100,1970,1
ITA,sptincj992,p0p100,1974,1
ITA,sptincj992,p0p100,1975,1
ITA,sptincj992,p0p100,1976,1
ITA,sptincj992,p0p100,1977,1
ITA,sptincj992,p0p100,1978,1
ITA,sptincj992,p0p100,1979,1
ITA,sptincj992,p0p100,1980,1
ITA,sptincj992,p0p100,1981,1
ITA,sptincj992,p0p100,1982,1
ITA,sptincj992,p0p100,1983,1
ITA,sptincj992,p0p100,1984,1
ITA,sptincj992,p0p100,1985,1
ITA,sptincj992,p0p100,1986,1
ITA,sptincj992,p0p100,1987,1
ITA,sptincj992,p0p100,1988,1
ITA,sptincj992,p0p100,1989,1
ITA,sptincj992,p0p100,1990,1
ITA,sptincj992,p0p100,1991,1
ITA,sptincj992,p0p100,1992,1
ITA,sptincj992,p0p100,1993,1
ITA,sptincj992,p0p100,1994,1
ITA,sptincj992,p0p100,1995,1
ITA,sptincj992,p0p100,1996,1
ITA,sptincj992,p0p100,1997,1
ITA,sptincj992,p0p100,1998,1
ITA,sptincj992,p0p100,1999,1
ITA,sptincj992,p0p100,2000,1
ITA,sptincj992,p0p100,2001,1
ITA,sptincj992,p0p100,2002,1
ITA,sptincj992,p0p100,2003,1
ITA,sptincj992,p0p100,2004,1
ITA,sptincj992,p0p100,2005,1
ITA,sptincj992,p0p100,2006,1
ITA,sptincj992,p0p100,2007,1
ITA,sptincj992,p0p100,2008,1
ITA,sptincj992,p0p100,2009,1
ITA,sptincj992,p0p100,2010,1
ITA,sptincj992,p0p100,2011,1
ITA,sptincj992,p0p100,2012,1
ITA,sptincj992,p0p100,2013,1
ITA,sptincj992,p0p100,2014,1
ITA,sptincj992,p0p100,2015,1
ITA,sptincj992,p0p100,2016,1
ITA,sptincj992,p0p100,2017,1
ITA,sptincj992,p0p100,2018,1
ITA,sptincj992,p0p100,2019,1
ITA,sptincj992,p0p100,2020,1
ITA,sptincj992,p0p100,2021,1
ITA,sptincj992,p0p100,2022,1
ITA,sptincj992,p0p100,2023,1
ITA,sptincj992,p0p100,2024,1
ITA,sptincj992,p0p50,1820,0.1748
ITA,sptincj992,p0p50,1850,0.1725
ITA,sptincj992,p0p50,1880,0.1713
ITA,sptincj992,p0p50,1900,0.1621
ITA,sptincj992,p0p50,1910,0.167
ITA,sptincj992,p0p50,1920,0.1854
ITA,sptincj992,p0p50,1930,0.2086
ITA,sptincj992,p0p50,1940,0.2045
ITA,sptincj992,p0p50,1950,0.2281
ITA,sptincj992,p0p50,1960,0.2274
ITA,sptincj992,p0p50,1970,0.2708
ITA,sptincj992,p0p50,1974,0.2675
ITA,sptincj992,p0p50,1975,0.2704
ITA,sptincj992,p0p50,1976,0.2732
ITA,sptincj992,p0p50,1977,0.2762
ITA,sptincj992,p0p50,1978,0.279
ITA,sptincj992,p0p50,1979,0.282
ITA,sptincj992,p0p50,1980,0.2634
ITA,sptincj992,p0p50,1981,0.2666
ITA,sptincj992,p0p50,1982,0.2642
ITA,sptincj992,p0p50,1983,0.2652
ITA,sptincj992,p0p50,1984,0.2614
ITA,sptincj992,p0p50,1985,0.2581
ITA,sptincj992,p0p50,1986,0.2465
ITA,sptincj992,p0p50,1987,0.245
ITA,sptincj992,p0p50,1988,0.2419
ITA,sptincj992,p0p50,1989,0.2405
ITA,sptincj992,p0p50,1990,0.2349
ITA,sptincj992,p0p50,1991,0.2376
ITA,sptincj992,p0p50,1992,0.2342
ITA,sptincj992,p0p50,1993,0.2293
ITA,sptincj992,p0p50,1994,0.2305
ITA,sptincj992,p0p50,1995,0.2259
ITA,sptincj992,p0p50,1996,0.2217
ITA,sptincj992,p0p50,1997,0.2217
ITA,sptincj992,p0p50,1998,0.2154
ITA,sptincj992,p0p50,1999,0.2164
ITA,sptincj992,p0p50,2000,0.2123
ITA,sptincj992,p0p50,2001,0.2116
ITA,sptincj992,p0p50,2002,0.2181
ITA,sptincj992,p0p50,2003,0.2162
ITA,sptincj992,p0p50,2004,0.2234
ITA,sptincj992,p0p50,2005,0.2159
ITA,sptincj992,p0p50,2006,0.2168
ITA,sptincj992,p0p50,2007,0.2164
ITA,sptincj992,p0p50,2008,0.2168
ITA,sptincj992,p0p50,2009,0.2182
ITA,sptincj992,p0p50,2010,0.2149
ITA,sptincj992,p0p50,2011,0.2153
ITA,sptincj992,p0p50,2012,0.2124
ITA,sptincj992,p0p50,2013,0.2136
ITA,sptincj992,p0p50,2014,0.212
ITA,sptincj992,p0p50,2015,0.2096
ITA,sptincj992,p0p50,2016,0.2068
ITA,sptincj992,p0p50,2017,0.2051
ITA,sptincj992,p0p50,2018,0.2043
ITA,sptincj992,p0p50,2019,0.205
ITA,sptincj992,p0p50,2020,0.205
ITA,sptincj992,p0p50,2021,0.2145
ITA,sptincj992,p0p50,2022,0.2168
ITA,sptincj992,p0p50,2023,0.2155
ITA,sptincj992,p0p50,2024,0.2155
ITA,sptincj992,p0p90,1820,0.5158
ITA,sptincj992,p0p90,1850,0.5092
ITA,sptincj992,p0p90,1880,0.506
ITA,sptincj992,p0p90,1900,0.4772
ITA,sptincj992,p0p90,1910,0.4897
ITA,sptincj992,p0p90,1920,0.5434
ITA,sptincj992,p0p90,1930,0.6156
ITA,sptincj992,p0p90,1940,0.603
ITA,sptincj992,p0p90,1950,0.6748000000000001
ITA,sptincj992,p0p90,1960,0.6713
ITA,sptincj992,p0p90,1970,0.7588
ITA,sptincj992,p0p90,1974,0.7384000000000001
ITA,sptincj992,p0p90,1975,0.7433000000000001
ITA,sptincj992,p0p90,1976,0.7481
ITA,sptincj992,p0p90,1977,0.7532
ITA,sptincj992,p0p90,1978,0.7579
ITA,sptincj992,p0p90,1979,0.7628
ITA,sptincj992,p0p90,1980,0.7604000000000001
ITA,sptincj992,p0p90,1981,0.7673
ITA,sptincj992,p0p90,1982,0.7653000000000001
ITA,sptincj992,p0p90,1983,0.7665000000000001
ITA,sptincj992,p0p90,1984,0.7624000000000001
ITA,sptincj992,p0p90,1985,0.7574000000000001
ITA,sptincj992,p0p90,1986,0.747
ITA,sptincj992,p0p90,1987,0.7418
ITA,sptincj992,p0p90,1988,0.7326
ITA,sptincj992,p0p90,1989,0.7295
ITA,sptincj992,p0p90,1990,0.7286
ITA,sptincj992,p0p90,1991,0.7292000000000001
ITA,sptincj992,p0p90,1992,0.7269
ITA,sptincj992,p0p90,1993,0.7218
ITA,sptincj992,p0p90,1994,0.7202000000000001
ITA,sptincj992,p0p90,1995,0.7115
ITA,sptincj992,p0p90,1996,0.7077
ITA,sptincj992,p0p90,1997,0.7048
ITA,sptincj992,p0p90,1998,0.6986
ITA,sptincj992,p0p90,1999,0.6989000000000001
ITA,sptincj992,p0p90,2000,0.6908000000000001
ITA,sptincj992,p0p90,2001,0.687
ITA,sptincj992,p0p90,2002,0.6914
ITA,sptincj992,p0p90,2003,0.6914
ITA,sptincj992,p0p90,2004,0.6925
ITA,sptincj992,p0p90,2005,0.6934
ITA,sptincj992,p0p90,2006,0.6914
ITA,sptincj992,p0p90,2007,0.6896
ITA,sptincj992,p0p90,2008,0.6928000000000001
ITA,sptincj992,p0p90,2009,0.6958000000000001
ITA,sptincj992,p0p90,2010,0.6911
ITA,sptincj992,p0p90,2011,0.6871
ITA,sptincj992,p0p90,2012,0.6884
ITA,sptincj992,p0p90,2013,0.6916
ITA,sptincj992,p0p90,2014,0.6913
ITA,sptincj992,p0p90,2015,0.6925
ITA,sptincj992,p0p90,2016,0.6785
ITA,sptincj992,p0p90,2017,0.6711
ITA,sptincj992,p0p90,2018,0.6714
ITA,sptincj992,p0p90,2019,0.6732
ITA,sptincj992,p0p90,2020,0.6732
ITA,sptincj992,p0p90,2021,0.677
ITA,sptincj992,p0p90,2022,0.6768000000000001
ITA,sptincj992,p0p90,2023,0.6769000000000001
ITA,sptincj992,p0p90,2024,0.6769000000000001
ITA,sptincj992,p0p99,1820,0.7984
ITA,sptincj992,p0p99,1850,0.7935
ITA,sptincj992,p0p99,1880,0.7958000000000001
ITA,sptincj992,p0p99,1900,0.7471
ITA,sptincj992,p0p99,1910,0.7506
ITA,sptincj992,p0p99,1920,0.7869
ITA,sptincj992,p0p99,1930,0.8369000000000001
ITA,sptincj992,p0p99,1940,0.8521000000000001
ITA,sptincj992,p0p99,1950,0.8929
ITA,sptincj992,p0p99,1960,0.8988
ITA,sptincj992,p0p99,1970,0.9470000000000001
ITA,sptincj992,p0p99,1974,0.9357000000000001
ITA,sptincj992,p0p99,1975,0.9385
ITA,sptincj992,p0p99,1976,0.9411
ITA,sptincj992,p0p99,1977,0.9442
ITA,sptincj992,p0p99,1978,0.9467000000000001
ITA,sptincj992,p0p99,1979,0.9495
ITA,sptincj992,p0p99,1980,0.9504
ITA,sptincj992,p0p99,1981,0.9541000000000001
ITA,sptincj992,p0p99,1982,0.9543
ITA,sptincj992,p0p99,1983,0.9550000000000001
ITA,sptincj992,p0p99,1984,0.9525
ITA,sptincj992,p0p99,1985,0.9494
ITA,sptincj992,p0p99,1986,0.9426
ITA,sptincj992,p0p99,1987,0.9415
ITA,sptincj992,p0p99,1988,0.9385
ITA,sptincj992,p0p99,1989,0.937
ITA,sptincj992,p0p99,1990,0.9375
ITA,sptincj992,p0p99,1991,0.9369000000000001
ITA,sptincj992,p0p99,1992,0.9367000000000001
ITA,sptincj992,p0p99,1993,0.9345
ITA,sptincj992,p0p99,1994,0.9328000000000001
ITA,sptincj992,p0p99,1995,0.9273
ITA,sptincj992,p0p99,1996,0.9253
ITA,sptincj992,p0p99,1997,0.9242
ITA,sptincj992,p0p99,1998,0.9207000000000001
ITA,sptincj992,p0p99,1999,0.9227000000000001
ITA,sptincj992,p0p99,2000,0.9176000000000001
ITA,sptincj992,p0p99,2001,0.9138000000000001
ITA,sptincj992,p0p99,2002,0.9173
ITA,sptincj992,p0p99,2003,0.9164
ITA,sptincj992,p0p99,2004,0.9181
ITA,sptincj992,p0p99,2005,0.9185000000000001
ITA,sptincj992,p0p99,2006,0.9173
ITA,sptincj992,p0p99,2007,0.9177000000000001
ITA,sptincj992,p0p99,2008,0.9212
ITA,sptincj992,p0p99,2009,0.924
ITA,sptincj992,p0p99,2010,0.9197000000000001
ITA,sptincj992,p0p99,2011,0.9179
ITA,sptincj992,p0p99,2012,0.9191
ITA,sptincj992,p0p99,2013,0.9209
ITA,sptincj992,p0p99,2014,0.9201
ITA,sptincj992,p0p99,2015,0.922
ITA,sptincj992,p0p99,2016,0.9112
ITA,sptincj992,p0p99,2017,0.9078
ITA,sptincj992,p0p99,2018,0.9087000000000001
ITA,sptincj992,p0p99,2019,0.9099
ITA,sptincj992,p0p99,2020,0.9099
ITA,sptincj992,p0p99,2021,0.9094000000000001
ITA,sptincj992,p0p99,2022,0.9073
ITA,sptincj992,p0p99,2023,0.909
ITA,sptincj992,p0p99,2024,0.909
ITA,sptincj992,p50p90,1820,0.341
ITA,sptincj992,p50p90,1850,0.3367
ITA,sptincj992,p50p90,1880,0.3346
ITA,sptincj992,p50p90,1900,0.3152
ITA,sptincj992,p50p90,1910,0.3227
ITA,sptincj992,p50p90,1920,0.358
ITA,sptincj992,p50p90,1930,0.4069
ITA,sptincj992,p50p90,1940,0.3984
ITA,sptincj992,p50p90,1950,0.4467
ITA,sptincj992,p50p90,1960,0.4439
ITA,sptincj992,p50p90,1970,0.4879
ITA,sptincj992,p50p90,1974,0.4709
ITA,sptincj992,p50p90,1975,0.4729
ITA,sptincj992,p50p90,1976,0.4748
ITA,sptincj992,p50p90,1977,0.477
ITA,sptincj992,p50p90,1978,0.4788
ITA,sptincj992,p50p90,1979,0.4809
ITA,sptincj992,p50p90,1980,0.497
ITA,sptincj992,p50p90,1981,0.5007
ITA,sptincj992,p50p90,1982,0.5011
ITA,sptincj992,p50p90,1983,0.5012
ITA,sptincj992,p50p90,1984,0.501
ITA,sptincj992,p50p90,1985,0.4994
ITA,sptincj992,p50p90,1986,0.5005000000000001
ITA,sptincj992,p50p90,1987,0.4968
ITA,sptincj992,p50p90,1988,0.4907
ITA,sptincj992,p50p90,1989,0.4889
ITA,sptincj992,p50p90,1990,0.4937
ITA,sptincj992,p50p90,1991,0.4916
ITA,sptincj992,p50p90,1992,0.4927
ITA,sptincj992,p50p90,1993,0.4924
ITA,sptincj992,p50p90,1994,0.4897
ITA,sptincj992,p50p90,1995,0.4856
ITA,sptincj992,p50p90,1996,0.486
ITA,sptincj992,p50p90,1997,0.4831
ITA,sptincj992,p50p90,1998,0.4832
ITA,sptincj992,p50p90,1999,0.4825
ITA,sptincj992,p50p90,2000,0.4785
ITA,sptincj992,p50p90,2001,0.4754
ITA,sptincj992,p50p90,2002,0.4733
ITA,sptincj992,p50p90,2003,0.4753
ITA,sptincj992,p50p90,2004,0.4691
ITA,sptincj992,p50p90,2005,0.4775
ITA,sptincj992,p50p90,2006,0.4745
ITA,sptincj992,p50p90,2007,0.4732
ITA,sptincj992,p50p90,2008,0.476
ITA,sptincj992,p50p90,2009,0.4777
ITA,sptincj992,p50p90,2010,0.4763
ITA,sptincj992,p50p90,2011,0.4719
ITA,sptincj992,p50p90,2012,0.476
ITA,sptincj992,p50p90,2013,0.4779
ITA,sptincj992,p50p90,2014,0.4794
ITA,sptincj992,p50p90,2015,0.4829
ITA,sptincj992,p50p90,2016,0.4717
ITA,sptincj992,p50p90,2017,0.4659
ITA,sptincj992,p50p90,2018,0.4672
ITA,sptincj992,p50p90,2019,0.4683
ITA,sptincj992,p50p90,2020,0.4683
ITA,sptincj992,p50p90,2021,0.4626
ITA,sptincj992,p50p90,2022,0.4599
ITA,sptincj992,p50p90,2023,0.4615
ITA,sptincj992,p50p90,2024,0.4615
ITA,sptincj992,p90p100,1820,0.4842
ITA,sptincj992,p90p100,1850,0.4908
ITA,sptincj992,p90p100,1880,0.4940000000000001
ITA,sptincj992,p90p100,1900,0.5228
ITA,sptincj992,p90p100,1910,0.5103
ITA,sptincj992,p90p100,1920,0.4566
ITA,sptincj992,p90p100,1930,0.3844
ITA,sptincj992,p90p100,1940,0.397
ITA,sptincj992,p90p100,1950,0.3252
ITA,sptincj992,p90p100,1960,0.3287
ITA,sptincj992,p90p100,1970,0.2412
ITA,sptincj992,p90p100,1974,0.2616
ITA,sptincj992,p90p100,1975,0.2567
ITA,sptincj992,p90p100,1976,0.2519
ITA,sptincj992,p90p100,1977,0.2468
ITA,sptincj992,p90p100,1978,0.2421
ITA,sptincj992,p90p100,1979,0.2372
ITA,sptincj992,p90p100,1980,0.2396
ITA,sptincj992,p90p100,1981,0.2327
ITA,sptincj992,p90p100,1982,0.2347
ITA,sptincj992,p90p100,1983,0.2335
ITA,sptincj992,p90p100,1984,0.2376
ITA,sptincj992,p90p100,1985,0.2426
ITA,sptincj992,p90p100,1986,0.253
ITA,sptincj992,p90p100,1987,0.2582
ITA,sptincj992,p90p100,1988,0.2674
ITA,sptincj992,p90p100,1989,0.2705
ITA,sptincj992,p90p100,1990,0.2714
ITA,sptincj992,p90p100,1991,0.2708
ITA,sptincj992,p90p100,1992,0.2731
ITA,sptincj992,p90p100,1993,0.2782
ITA,sptincj992,p90p100,1994,0.2798
ITA,sptincj992,p90p100,1995,0.2885
ITA,sptincj992,p90p100,1996,0.2923
ITA,sptincj992,p90p100,1997,0.2952
ITA,sptincj992,p90p100,1998,0.3014
ITA,sptincj992,p90p100,1999,0.3011
ITA,sptincj992,p90p100,2000,0.3092
ITA,sptincj992,p90p100,2001,0.313
ITA,sptincj992,p90p100,2002,0.3086
ITA,sptincj992,p90p100,2003,0.3086
ITA,sptincj992,p90p100,2004,0.3075
ITA,sptincj992,p90p100,2005,0.3066
ITA,sptincj992,p90p100,2006,0.3086
ITA,sptincj992,p90p100,2007,0.3104
ITA,sptincj992,p90p100,2008,0.3072
ITA,sptincj992,p90p100,2009,0.3042
ITA,sptincj992,p90p100,2010,0.3089
ITA,sptincj992,p90p100,2011,0.3129
ITA,sptincj992,p90p100,2012,0.3116
ITA,sptincj992,p90p100,2013,0.3084
ITA,sptincj992,p90p100,2014,0.3087
ITA,sptincj992,p90p100,2015,0.3075
ITA,sptincj992,p90p100,2016,0.3215
ITA,sptincj992,p90p100,2017,0.3289
ITA,sptincj992,p90p100,2018,0.3286
ITA,sptincj992,p90p100,2019,0.3268
ITA,sptincj992,p90p100,2020,0.3268
ITA,sptincj992,p90p100,2021,0.323
ITA,sptincj992,p90p100,2022,0.3232
ITA,sptincj992,p90p100,2023,0.3231
ITA,sptincj992,p90p100,2024,0.3231
ITA,sptincj992,p99p100,1820,0.2016
ITA,sptincj992,p99p100,1850,0.2065
ITA,sptincj992,p99p100,1880,0.2042
ITA,sptincj992,p99p100,1900,0.2529
ITA,sptincj992,p99p100,1910,0.2494
ITA,sptincj992,p99p100,1920,0.2131
ITA,sptincj992,p99p100,1930,0.1631
ITA,sptincj992,p99p100,1940,0.1479
ITA,sptincj992,p99p100,1950,0.1071
ITA,sptincj992,p99p100,1960,0.1012
ITA,sptincj992,p99p100,1970,0.053
ITA,sptincj992,p99p100,1974,0.0643
ITA,sptincj992,p99p100,1975,0.0615
ITA,sptincj992,p99p100,1976,0.0589
ITA,sptincj992,p99p100,1977,0.0558
ITA,sptincj992,p99p100,1978,0.0533
ITA,sptincj992,p99p100,1979,0.0505
ITA,sptincj992,p99p100,1980,0.0496
ITA,sptincj992,p99p100,1981,0.0459
ITA,sptincj992,p99p100,1982,0.0457
ITA,sptincj992,p99p100,1983,0.045
ITA,sptincj992,p99p100,1984,0.0475
ITA,sptincj992,p99p100,1985,0.0506
ITA,sptincj992,p99p100,1986,0.0574
ITA,sptincj992,p99p100,1987,0.0585
ITA,sptincj992,p99p100,1988,0.0615
ITA,sptincj992,p99p100,1989,0.063
ITA,sptincj992,p99p100,1990,0.0625
ITA,sptincj992,p99p100,1991,0.0631
ITA,sptincj992,p99p100,1992,0.0633
ITA,sptincj992,p99p100,1993,0.0655
ITA,sptincj992,p99p100,1994,0.0672
ITA,sptincj992,p99p100,1995,0.0727
ITA,sptincj992,p99p100,1996,0.0747
ITA,sptincj992,p99p100,1997,0.0758
ITA,sptincj992,p99p100,1998,0.0793
ITA,sptincj992,p99p100,1999,0.0773
ITA,sptincj992,p99p100,2000,0.0824
ITA,sptincj992,p99p100,2001,0.0862
ITA,sptincj992,p99p100,2002,0.0827
ITA,sptincj992,p99p100,2003,0.0836
ITA,sptincj992,p99p100,2004,0.0819
ITA,sptincj992,p99p100,2005,0.0815
ITA,sptincj992,p99p100,2006,0.0827
ITA,sptincj992,p99p100,2007,0.0823
ITA,sptincj992,p99p100,2008,0.0788
ITA,sptincj992,p99p100,2009,0.076
ITA,sptincj992,p99p100,2010,0.0803
ITA,sptincj992,p99p100,2011,0.0821
ITA,sptincj992,p99p100,2012,0.0809
ITA,sptincj992,p99p100,2013,0.0791
ITA,sptincj992,p99p100,2014,0.0799
ITA,sptincj992,p99p100,2015,0.078
ITA,sptincj992,p99p100,2016,0.0888
ITA,sptincj992,p99p100,2017,0.0922
ITA,sptincj992,p99p100,2018,0.0913
ITA,sptincj992,p99p100,2019,0.0901
ITA,sptincj992,p99p100,2020,0.0901
ITA,sptincj992,p99p100,2021,0.0906
ITA,sptincj992,p99p100,2022,0.0927
ITA,sptincj992,p99p100,2023,0.091
ITA,sptincj992,p99p100,2024,0.091
JPN,spllinf992,p0p100,1990,0.2286
JPN,spllinf992,p0p100,1991,0.2286
JPN,spllinf992,p0p100,1992,0.2278
JPN,spllinf992,p0p100,1993,0.2254
JPN,spllinf992,p0p100,1994,0.22579999
JPN,spllinf992,p0p100,1995,0.2254
JPN,spllinf992,p0p100,1996,0.2255
JPN,spllinf992,p0p100,1997,0.2265
JPN,spllinf992,p0p100,1998,0.2281
JPN,spllinf992,p0p100,1999,0.2273
JPN,spllinf992,p0p100,2000,0.2269
JPN,spllinf992,p0p100,2001,0.228
JPN,spllinf992,p0p100,2002,0.22660001
JPN,spllinf992,p0p100,2003,0.2269
JPN,spllinf992,p0p100,2004,0.2281
JPN,spllinf992,p0p100,2005,0.2281
JPN,spllinf992,p0p100,2006,0.22750001
JPN,spllinf992,p0p100,2007,0.2265
JPN,spllinf992,p0p100,2008,0.2265
JPN,spllinf992,p0p100,2009,0.23029999
JPN,spllinf992,p0p100,2010,0.23450001
JPN,spllinf992,p0p100,2011,0.24330001
JPN,spllinf992,p0p100,2012,0.2421
JPN,spllinf992,p0p100,2013,0.23630001
JPN,spllinf992,p0p100,2014,0.2511
JPN,spllinf992,p0p100,2015,0.25170001
JPN,spllinf992,p0p100,2016,0.2516
JPN,spllinf992,p0p100,2017,0.2597
JPN,spllinf992,p0p100,2018,0.26320001
JPN,spllinf992,p0p100,2019,0.25690001
JPN,spllinf992,p0p100,2020,0.2579
JPN,spllinf992,p0p100,2021,0.2624
JPN,spllinf992,p0p100,2022,0.26320001
JPN,spllinf992,p0p100,2023,0.2665
JPN,spllinf992,p0p100,2024,0.26809999
JPN,sptincj992,p0p100,1820,1
JPN,sptincj992,p0p100,1850,1
JPN,sptincj992,p0p100,1880,1
JPN,sptincj992,p0p100,1886,1
JPN,sptincj992,p0p100,1887,1
JPN,sptincj992,p0p100,1888,1
JPN,sptincj992,p0p100,1889,1
JPN,sptincj992,p0p100,1890,1
JPN,sptincj992,p0p100,1891,1
JPN,sptincj992,p0p100,1892,1
JPN,sptincj992,p0p100,1893,1
JPN,sptincj992,p0p100,1894,1
JPN,sptincj992,p0p100,1895,1
JPN,sptincj992,p0p100,1896,1
JPN,sptincj992,p0p100,1897,1
JPN,sptincj992,p0p100,1898,1
JPN,sptincj992,p0p100,1899,1
JPN,sptincj992,p0p100,1900,1
JPN,sptincj992,p0p100,1901,1
JPN,sptincj992,p0p100,1902,1
JPN,sptincj992,p0p100,1903,1
JPN,sptincj992,p0p100,1904,1
JPN,sptincj992,p0p100,1905,1
JPN,sptincj992,p0p100,1906,1
JPN,sptincj992,p0p100,1907,1
JPN,sptincj992,p0p100,1908,1
JPN,sptincj992,p0p100,1909,1
JPN,sptincj992,p0p100,1910,1
JPN,sptincj992,p0p100,1911,1
JPN,sptincj992,p0p100,1912,1
JPN,sptincj992,p0p100,1913,1
JPN,sptincj992,p0p100,1914,1
JPN,sptincj992,p0p100,1915,1
JPN,sptincj992,p0p100,1916,1
JPN,sptincj992,p0p100,1917,1
JPN,sptincj992,p0p100,1918,1
JPN,sptincj992,p0p100,1919,1
JPN,sptincj992,p0p100,1920,1
JPN,sptincj992,p0p100,1921,1
JPN,sptincj992,p0p100,1922,1
JPN,sptincj992,p0p100,1923,1
JPN,sptincj992,p0p100,1924,1
JPN,sptincj992,p0p100,1925,1
JPN,sptincj992,p0p100,1926,1
JPN,sptincj992,p0p100,1927,1
JPN,sptincj992,p0p100,1928,1
JPN,sptincj992,p0p100,1929,1
JPN,sptincj992,p0p100,1930,1
JPN,sptincj992,p0p100,1931,1
JPN,sptincj992,p0p100,1932,1
JPN,sptincj992,p0p100,1933,1
JPN,sptincj992,p0p100,1934,1
JPN,sptincj992,p0p100,1935,1
JPN,sptincj992,p0p100,1936,1
JPN,sptincj992,p0p100,1937,1
JPN,sptincj992,p0p100,1938,1
JPN,sptincj992,p0p100,1939,1
JPN,sptincj992,p0p100,1940,1
JPN,sptincj992,p0p100,1941,1
JPN,sptincj992,p0p100,1942,1
JPN,sptincj992,p0p100,1943,1
JPN,sptincj992,p0p100,1944,1
JPN,sptincj992,p0p100,1945,1
JPN,sptincj992,p0p100,1947,1
JPN,sptincj992,p0p100,1948,1
JPN,sptincj992,p0p100,1949,1
JPN,sptincj992,p0p100,1950,1
JPN,sptincj992,p0p100,1951,1
JPN,sptincj992,p0p100,1952,1
JPN,sptincj992,p0p100,1953,1
JPN,sptincj992,p0p100,1954,1
JPN,sptincj992,p0p100,1955,1
JPN,sptincj992,p0p100,1956,1
JPN,sptincj992,p0p100,1957,1
JPN,sptincj992,p0p100,1958,1
JPN,sptincj992,p0p100,1959,1
JPN,sptincj992,p0p100,1960,1
JPN,sptincj992,p0p100,1961,1
JPN,sptincj992,p0p100,1962,1
JPN,sptincj992,p0p100,1963,1
JPN,sptincj992,p0p100,1964,1
JPN,sptincj992,p0p100,1965,1
JPN,sptincj992,p0p100,1966,1
JPN,sptincj992,p0p100,1967,1
JPN,sptincj992,p0p100,1968,1
JPN,sptincj992,p0p100,1969,1
JPN,sptincj992,p0p100,1970,1
JPN,sptincj992,p0p100,1971,1
JPN,sptincj992,p0p100,1972,1
JPN,sptincj992,p0p100,1973,1
JPN,sptincj992,p0p100,1974,1
JPN,sptincj992,p0p100,1975,1
JPN,sptincj992,p0p100,1976,1
JPN,sptincj992,p0p100,1977,1
JPN,sptincj992,p0p100,1978,1
JPN,sptincj992,p0p100,1979,1
JPN,sptincj992,p0p100,1980,1
JPN,sptincj992,p0p100,1981,1
JPN,sptincj992,p0p100,1982,1
JPN,sptincj992,p0p100,1983,1
JPN,sptincj992,p0p100,1984,1
JPN,sptincj992,p0p100,1985,1
JPN,sptincj992,p0p100,1986,1
JPN,sptincj992,p0p100,1987,1
JPN,sptincj992,p0p100,1988,1
JPN,sptincj992,p0p100,1989,1
JPN,sptincj992,p0p100,1990,1
JPN,sptincj992,p0p100,1991,1
JPN,sptincj992,p0p100,1992,1
JPN,sptincj992,p0p100,1993,1
JPN,sptincj992,p0p100,1994,1
JPN,sptincj992,p0p100,1995,1
JPN,sptincj992,p0p100,1996,1
JPN,sptincj992,p0p100,1997,1
JPN,sptincj992,p0p100,1998,1
JPN,sptincj992,p0p100,1999,1
JPN,sptincj992,p0p100,2000,1
JPN,sptincj992,p0p100,2001,1
JPN,sptincj992,p0p100,2002,1
JPN,sptincj992,p0p100,2003,1
JPN,sptincj992,p0p100,2004,1
JPN,sptincj992,p0p100,2005,1
JPN,sptincj992,p0p100,2006,1
JPN,sptincj992,p0p100,2007,1
JPN,sptincj992,p0p100,2008,1
JPN,sptincj992,p0p100,2009,1
JPN,sptincj992,p0p100,2010,1
JPN,sptincj992,p0p100,2011,1
JPN,sptincj992,p0p100,2012,1
JPN,sptincj992,p0p100,2013,1
JPN,sptincj992,p0p100,2014,1
JPN,sptincj992,p0p100,2015,1
JPN,sptincj992,p0p100,2016,1
JPN,sptincj992,p0p100,2017,1
JPN,sptincj992,p0p100,2018,1
JPN,sptincj992,p0p100,2019,1
JPN,sptincj992,p0p100,2020,1
JPN,sptincj992,p0p100,2021,1
JPN,sptincj992,p0p100,2022,1
JPN,sptincj992,p0p100,2023,1
JPN,sptincj992,p0p100,2024,1
JPN,sptincj992,p0p50,1820,0.1749
JPN,sptincj992,p0p50,1850,0.1736
JPN,sptincj992,p0p50,1880,0.1706
JPN,sptincj992,p0p50,1886,0.1679
JPN,sptincj992,p0p50,1887,0.1674
JPN,sptincj992,p0p50,1888,0.169
JPN,sptincj992,p0p50,1889,0.1704
JPN,sptincj992,p0p50,1890,0.1706
JPN,sptincj992,p0p50,1891,0.1696
JPN,sptincj992,p0p50,1892,0.168
JPN,sptincj992,p0p50,1893,0.17
JPN,sptincj992,p0p50,1894,0.1692
JPN,sptincj992,p0p50,1895,0.1678
JPN,sptincj992,p0p50,1896,0.1698
JPN,sptincj992,p0p50,1897,0.169
JPN,sptincj992,p0p50,1898,0.1675
JPN,sptincj992,p0p50,1899,0.1673
JPN,sptincj992,p0p50,1900,0.166
JPN,sptincj992,p0p50,1901,0.1634
JPN,sptincj992,p0p50,1902,0.1618
JPN,sptincj992,p0p50,1903,0.159
JPN,sptincj992,p0p50,1904,0.1586
JPN,sptincj992,p0p50,1905,0.1553
JPN,sptincj992,p0p50,1906,0.1531
JPN,sptincj992,p0p50,1907,0.1513
JPN,sptincj992,p0p50,1908,0.1489
JPN,sptincj992,p0p50,1909,0.1472
JPN,sptincj992,p0p50,1910,0.1453
JPN,sptincj992,p0p50,1911,0.146
JPN,sptincj992,p0p50,1912,0.1455
JPN,sptincj992,p0p50,1913,0.1464
JPN,sptincj992,p0p50,1914,0.1448
JPN,sptincj992,p0p50,1915,0.1449
JPN,sptincj992,p0p50,1916,0.1436
JPN,sptincj992,p0p50,1917,0.1443
JPN,sptincj992,p0p50,1918,0.146
JPN,sptincj992,p0p50,1919,0.1475
JPN,sptincj992,p0p50,1920,0.1454
JPN,sptincj992,p0p50,1921,0.1452
JPN,sptincj992,p0p50,1922,0.1468
JPN,sptincj992,p0p50,1923,0.1455
JPN,sptincj992,p0p50,1924,0.1469
JPN,sptincj992,p0p50,1925,0.1486
JPN,sptincj992,p0p50,1926,0.1481
JPN,sptincj992,p0p50,1927,0.1495
JPN,sptincj992,p0p50,1928,0.1505
JPN,sptincj992,p0p50,1929,0.1503
JPN,sptincj992,p0p50,1930,0.1528
JPN,sptincj992,p0p50,1931,0.1535
JPN,sptincj992,p0p50,1932,0.1555
JPN,sptincj992,p0p50,1933,0.1554
JPN,sptincj992,p0p50,1934,0.157
JPN,sptincj992,p0p50,1935,0.1594
JPN,sptincj992,p0p50,1936,0.1593
JPN,sptincj992,p0p50,1937,0.161
JPN,sptincj992,p0p50,1938,0.1632
JPN,sptincj992,p0p50,1939,0.1639
JPN,sptincj992,p0p50,1940,0.1672
JPN,sptincj992,p0p50,1941,0.1711
JPN,sptincj992,p0p50,1942,0.1771
JPN,sptincj992,p0p50,1943,0.1818
JPN,sptincj992,p0p50,1944,0.1888
JPN,sptincj992,p0p50,1945,0.193
JPN,sptincj992,p0p50,1947,0.2046
JPN,sptincj992,p0p50,1948,0.2084
JPN,sptincj992,p0p50,1949,0.2134
JPN,sptincj992,p0p50,1950,0.2173
JPN,sptincj992,p0p50,1951,0.2161
JPN,sptincj992,p0p50,1952,0.2158
JPN,sptincj992,p0p50,1953,0.2151
JPN,sptincj992,p0p50,1954,0.2154
JPN,sptincj992,p0p50,1955,0.2146
JPN,sptincj992,p0p50,1956,0.2144
JPN,sptincj992,p0p50,1957,0.2133
JPN,sptincj992,p0p50,1958,0.2126
JPN,sptincj992,p0p50,1959,0.2118
JPN,sptincj992,p0p50,1960,0.2106
JPN,sptincj992,p0p50,1961,0.2097
JPN,sptincj992,p0p50,1962,0.2104
JPN,sptincj992,p0p50,1963,0.2111
JPN,sptincj992,p0p50,1964,0.2113
JPN,sptincj992,p0p50,1965,0.211
JPN,sptincj992,p0p50,1966,0.2122
JPN,sptincj992,p0p50,1967,0.2117
JPN,sptincj992,p0p50,1968,0.2112
JPN,sptincj992,p0p50,1969,0.2082
JPN,sptincj992,p0p50,1970,0.2065
JPN,sptincj992,p0p50,1971,0.2081
JPN,sptincj992,p0p50,1972,0.2098
JPN,sptincj992,p0p50,1973,0.2063
JPN,sptincj992,p0p50,1974,0.2106
JPN,sptincj992,p0p50,1975,0.2094
JPN,sptincj992,p0p50,1976,0.2117
JPN,sptincj992,p0p50,1977,0.2112
JPN,sptincj992,p0p50,1978,0.2105
JPN,sptincj992,p0p50,1979,0.2097
JPN,sptincj992,p0p50,1980,0.2059
JPN,sptincj992,p0p50,1981,0.2091
JPN,sptincj992,p0p50,1982,0.2105
JPN,sptincj992,p0p50,1983,0.2082
JPN,sptincj992,p0p50,1984,0.206
JPN,sptincj992,p0p50,1985,0.2009
JPN,sptincj992,p0p50,1986,0.1977
JPN,sptincj992,p0p50,1987,0.1912
JPN,sptincj992,p0p50,1988,0.1879
JPN,sptincj992,p0p50,1989,0.1863
JPN,sptincj992,p0p50,1990,0.1868
JPN,sptincj992,p0p50,1991,0.1925
JPN,sptincj992,p0p50,1992,0.2069
JPN,sptincj992,p0p50,1993,0.2039
JPN,sptincj992,p0p50,1994,0.2018
JPN,sptincj992,p0p50,1995,0.1959
JPN,sptincj992,p0p50,1996,0.1897
JPN,sptincj992,p0p50,1997,0.1898
JPN,sptincj992,p0p50,1998,0.1888
JPN,sptincj992,p0p50,1999,0.186
JPN,sptincj992,p0p50,2000,0.18
JPN,sptincj992,p0p50,2001,0.1751
JPN,sptincj992,p0p50,2002,0.1703
JPN,sptincj992,p0p50,2003,0.1671
JPN,sptincj992,p0p50,2004,0.163
JPN,sptincj992,p0p50,2005,0.1631
JPN,sptincj992,p0p50,2006,0.1633
JPN,sptincj992,p0p50,2007,0.1626
JPN,sptincj992,p0p50,2008,0.1671
JPN,sptincj992,p0p50,2009,0.1806
JPN,sptincj992,p0p50,2010,0.1826
JPN,sptincj992,p0p50,2011,0.1842
JPN,sptincj992,p0p50,2012,0.1835
JPN,sptincj992,p0p50,2013,0.1819
JPN,sptincj992,p0p50,2014,0.1821
JPN,sptincj992,p0p50,2015,0.1813
JPN,sptincj992,p0p50,2016,0.1818
JPN,sptincj992,p0p50,2017,0.1821
JPN,sptincj992,p0p50,2018,0.1821
JPN,sptincj992,p0p50,2019,0.1821
JPN,sptincj992,p0p50,2020,0.1821
JPN,sptincj992,p0p50,2021,0.1821
JPN,sptincj992,p0p50,2022,0.1821
JPN,sptincj992,p0p50,2023,0.1821
JPN,sptincj992,p0p50,2024,0.1821
JPN,sptincj992,p0p90,1820,0.5409
JPN,sptincj992,p0p90,1850,0.5366000000000001
JPN,sptincj992,p0p90,1880,0.5275000000000001
JPN,sptincj992,p0p90,1886,0.5193
JPN,sptincj992,p0p90,1887,0.5176000000000001
JPN,sptincj992,p0p90,1888,0.5225000000000001
JPN,sptincj992,p0p90,1889,0.527
JPN,sptincj992,p0p90,1890,0.5274
JPN,sptincj992,p0p90,1891,0.5244
JPN,sptincj992,p0p90,1892,0.5193
JPN,sptincj992,p0p90,1893,0.5256000000000001
JPN,sptincj992,p0p90,1894,0.5232
JPN,sptincj992,p0p90,1895,0.5188
JPN,sptincj992,p0p90,1896,0.5249
JPN,sptincj992,p0p90,1897,0.5225000000000001
JPN,sptincj992,p0p90,1898,0.518
JPN,sptincj992,p0p90,1899,0.5173
JPN,sptincj992,p0p90,1900,0.5133
JPN,sptincj992,p0p90,1901,0.5051
JPN,sptincj992,p0p90,1902,0.5002
JPN,sptincj992,p0p90,1903,0.4916
JPN,sptincj992,p0p90,1904,0.4903
JPN,sptincj992,p0p90,1905,0.4801
JPN,sptincj992,p0p90,1906,0.4734
JPN,sptincj992,p0p90,1907,0.4677
JPN,sptincj992,p0p90,1908,0.4605
JPN,sptincj992,p0p90,1909,0.4551
JPN,sptincj992,p0p90,1910,0.4494
JPN,sptincj992,p0p90,1911,0.4516
JPN,sptincj992,p0p90,1912,0.4498
JPN,sptincj992,p0p90,1913,0.4528
JPN,sptincj992,p0p90,1914,0.4478
JPN,sptincj992,p0p90,1915,0.448
JPN,sptincj992,p0p90,1916,0.4441
JPN,sptincj992,p0p90,1917,0.4461
JPN,sptincj992,p0p90,1918,0.4516
JPN,sptincj992,p0p90,1919,0.4561
JPN,sptincj992,p0p90,1920,0.4497
JPN,sptincj992,p0p90,1921,0.4489
JPN,sptincj992,p0p90,1922,0.4539
JPN,sptincj992,p0p90,1923,0.45
JPN,sptincj992,p0p90,1924,0.4541
JPN,sptincj992,p0p90,1925,0.4595
JPN,sptincj992,p0p90,1926,0.4579
JPN,sptincj992,p0p90,1927,0.4622
JPN,sptincj992,p0p90,1928,0.4652
JPN,sptincj992,p0p90,1929,0.4646
JPN,sptincj992,p0p90,1930,0.4723
JPN,sptincj992,p0p90,1931,0.4747
JPN,sptincj992,p0p90,1932,0.4809
JPN,sptincj992,p0p90,1933,0.4806
JPN,sptincj992,p0p90,1934,0.4855
JPN,sptincj992,p0p90,1935,0.4928
JPN,sptincj992,p0p90,1936,0.4926
JPN,sptincj992,p0p90,1937,0.4978
JPN,sptincj992,p0p90,1938,0.5047
JPN,sptincj992,p0p90,1939,0.5069
JPN,sptincj992,p0p90,1940,0.5168
JPN,sptincj992,p0p90,1941,0.529
JPN,sptincj992,p0p90,1942,0.5475
JPN,sptincj992,p0p90,1943,0.562
JPN,sptincj992,p0p90,1944,0.5839
JPN,sptincj992,p0p90,1945,0.5966
JPN,sptincj992,p0p90,1947,0.6327
JPN,sptincj992,p0p90,1948,0.6442
JPN,sptincj992,p0p90,1949,0.6599
JPN,sptincj992,p0p90,1950,0.6718000000000001
JPN,sptincj992,p0p90,1951,0.6683
JPN,sptincj992,p0p90,1952,0.6672
JPN,sptincj992,p0p90,1953,0.6651
JPN,sptincj992,p0p90,1954,0.666
JPN,sptincj992,p0p90,1955,0.6635
JPN,sptincj992,p0p90,1956,0.6629
JPN,sptincj992,p0p90,1957,0.6594
JPN,sptincj992,p0p90,1958,0.6572
JPN,sptincj992,p0p90,1959,0.6548
JPN,sptincj992,p0p90,1960,0.6512
JPN,sptincj992,p0p90,1961,0.6485000000000001
JPN,sptincj992,p0p90,1962,0.6504
JPN,sptincj992,p0p90,1963,0.6526000000000001
JPN,sptincj992,p0p90,1964,0.6532
JPN,sptincj992,p0p90,1965,0.6524
JPN,sptincj992,p0p90,1966,0.6561
JPN,sptincj992,p0p90,1967,0.6547000000000001
JPN,sptincj992,p0p90,1968,0.653
JPN,sptincj992,p0p90,1969,0.6438
JPN,sptincj992,p0p90,1970,0.6385000000000001
JPN,sptincj992,p0p90,1971,0.6436000000000001
JPN,sptincj992,p0p90,1972,0.6489
JPN,sptincj992,p0p90,1973,0.6377
JPN,sptincj992,p0p90,1974,0.651
JPN,sptincj992,p0p90,1975,0.6474000000000001
JPN,sptincj992,p0p90,1976,0.6544
JPN,sptincj992,p0p90,1977,0.653
JPN,sptincj992,p0p90,1978,0.6507000000000001
JPN,sptincj992,p0p90,1979,0.6483
JPN,sptincj992,p0p90,1980,0.6464000000000001
JPN,sptincj992,p0p90,1981,0.6505000000000001
JPN,sptincj992,p0p90,1982,0.6514
JPN,sptincj992,p0p90,1983,0.6493
JPN,sptincj992,p0p90,1984,0.6459
JPN,sptincj992,p0p90,1985,0.6397
JPN,sptincj992,p0p90,1986,0.6319
JPN,sptincj992,p0p90,1987,0.6136
JPN,sptincj992,p0p90,1988,0.6074
JPN,sptincj992,p0p90,1989,0.5987
JPN,sptincj992,p0p90,1990,0.5931000000000001
JPN,sptincj992,p0p90,1991,0.6046
JPN,sptincj992,p0p90,1992,0.6452
JPN,sptincj992,p0p90,1993,0.6401
JPN,sptincj992,p0p90,1994,0.6365000000000001
JPN,sptincj992,p0p90,1995,0.6266
JPN,sptincj992,p0p90,1996,0.6174000000000001
JPN,sptincj992,p0p90,1997,0.6198
JPN,sptincj992,p0p90,1998,0.616
JPN,sptincj992,p0p90,1999,0.609
JPN,sptincj992,p0p90,2000,0.5978
JPN,sptincj992,p0p90,2001,0.5852
JPN,sptincj992,p0p90,2002,0.5752
JPN,sptincj992,p0p90,2003,0.5678000000000001
JPN,sptincj992,p0p90,2004,0.558
JPN,sptincj992,p0p90,2005,0.556
JPN,sptincj992,p0p90,2006,0.5538000000000001
JPN,sptincj992,p0p90,2007,0.5521
JPN,sptincj992,p0p90,2008,0.5606
JPN,sptincj992,p0p90,2009,0.5719000000000001
JPN,sptincj992,p0p90,2010,0.5656
JPN,sptincj992,p0p90,2011,0.5669000000000001
JPN,sptincj992,p0p90,2012,0.5662
JPN,sptincj992,p0p90,2013,0.5648000000000001
JPN,sptincj992,p0p90,2014,0.5650000000000001
JPN,sptincj992,p0p90,2015,0.5642
JPN,sptincj992,p0p90,2016,0.5647
JPN,sptincj992,p0p90,2017,0.5650000000000001
JPN,sptincj992,p0p90,2018,0.5650000000000001
JPN,sptincj992,p0p90,2019,0.5650000000000001
JPN,sptincj992,p0p90,2020,0.5650000000000001
JPN,sptincj992,p0p90,2021,0.5650000000000001
JPN,sptincj992,p0p90,2022,0.5650000000000001
JPN,sptincj992,p0p90,2023,0.5650000000000001
JPN,sptincj992,p0p90,2024,0.5650000000000001
JPN,sptincj992,p0p99,1820,0.8210000000000001
JPN,sptincj992,p0p99,1850,0.8180000000000001
JPN,sptincj992,p0p99,1880,0.8200000000000001
JPN,sptincj992,p0p99,1886,0.8084
JPN,sptincj992,p0p99,1887,0.806
JPN,sptincj992,p0p99,1888,0.8138000000000001
JPN,sptincj992,p0p99,1889,0.8210000000000001
JPN,sptincj992,p0p99,1890,0.8219000000000001
JPN,sptincj992,p0p99,1891,0.8174
JPN,sptincj992,p0p99,1892,0.8098000000000001
JPN,sptincj992,p0p99,1893,0.8198000000000001
JPN,sptincj992,p0p99,1894,0.8162
JPN,sptincj992,p0p99,1895,0.8096
JPN,sptincj992,p0p99,1896,0.8194
JPN,sptincj992,p0p99,1897,0.8157000000000001
JPN,sptincj992,p0p99,1898,0.8089000000000001
JPN,sptincj992,p0p99,1899,0.808
JPN,sptincj992,p0p99,1900,0.802
JPN,sptincj992,p0p99,1901,0.7972
JPN,sptincj992,p0p99,1902,0.7975
JPN,sptincj992,p0p99,1903,0.792
JPN,sptincj992,p0p99,1904,0.7983
JPN,sptincj992,p0p99,1905,0.7901
JPN,sptincj992,p0p99,1906,0.7875000000000001
JPN,sptincj992,p0p99,1907,0.7865000000000001
JPN,sptincj992,p0p99,1908,0.7832
JPN,sptincj992,p0p99,1909,0.7829
JPN,sptincj992,p0p99,1910,0.7821
JPN,sptincj992,p0p99,1911,0.7858
JPN,sptincj992,p0p99,1912,0.7826000000000001
JPN,sptincj992,p0p99,1913,0.7878000000000001
JPN,sptincj992,p0p99,1914,0.7792
JPN,sptincj992,p0p99,1915,0.7795000000000001
JPN,sptincj992,p0p99,1916,0.7727
JPN,sptincj992,p0p99,1917,0.7762
JPN,sptincj992,p0p99,1918,0.7856000000000001
JPN,sptincj992,p0p99,1919,0.7934
JPN,sptincj992,p0p99,1920,0.7822
JPN,sptincj992,p0p99,1921,0.7788
JPN,sptincj992,p0p99,1922,0.7856000000000001
JPN,sptincj992,p0p99,1923,0.7768
JPN,sptincj992,p0p99,1924,0.782
JPN,sptincj992,p0p99,1925,0.7893
JPN,sptincj992,p0p99,1926,0.7846000000000001
JPN,sptincj992,p0p99,1927,0.79
JPN,sptincj992,p0p99,1928,0.7933
JPN,sptincj992,p0p99,1929,0.7905000000000001
JPN,sptincj992,p0p99,1930,0.8016000000000001
JPN,sptincj992,p0p99,1931,0.7997000000000001
JPN,sptincj992,p0p99,1932,0.8044
JPN,sptincj992,p0p99,1933,0.7981
JPN,sptincj992,p0p99,1934,0.8007000000000001
JPN,sptincj992,p0p99,1935,0.8071
JPN,sptincj992,p0p99,1936,0.8013
JPN,sptincj992,p0p99,1937,0.8042
JPN,sptincj992,p0p99,1938,0.8098000000000001
JPN,sptincj992,p0p99,1939,0.8079000000000001
JPN,sptincj992,p0p99,1940,0.8183
JPN,sptincj992,p0p99,1941,0.8208000000000001
JPN,sptincj992,p0p99,1942,0.8331000000000001
JPN,sptincj992,p0p99,1943,0.8393
JPN,sptincj992,p0p99,1944,0.8563000000000001
JPN,sptincj992,p0p99,1945,0.8599
JPN,sptincj992,p0p99,1947,0.8821
JPN,sptincj992,p0p99,1948,0.8841
JPN,sptincj992,p0p99,1949,0.8919
JPN,sptincj992,p0p99,1950,0.8946000000000001
JPN,sptincj992,p0p99,1951,0.8922
JPN,sptincj992,p0p99,1952,0.8929
JPN,sptincj992,p0p99,1953,0.8923000000000001
JPN,sptincj992,p0p99,1954,0.8958
JPN,sptincj992,p0p99,1955,0.8946000000000001
JPN,sptincj992,p0p99,1956,0.896
JPN,sptincj992,p0p99,1957,0.8936000000000001
JPN,sptincj992,p0p99,1958,0.8929
JPN,sptincj992,p0p99,1959,0.8918
JPN,sptincj992,p0p99,1960,0.8891
JPN,sptincj992,p0p99,1961,0.886
JPN,sptincj992,p0p99,1962,0.8892
JPN,sptincj992,p0p99,1963,0.8927
JPN,sptincj992,p0p99,1964,0.894
JPN,sptincj992,p0p99,1965,0.8934000000000001
JPN,sptincj992,p0p99,1966,0.899
JPN,sptincj992,p0p99,1967,0.8976000000000001
JPN,sptincj992,p0p99,1968,0.8959
JPN,sptincj992,p0p99,1969,0.8838
JPN,sptincj992,p0p99,1970,0.8843000000000001
JPN,sptincj992,p0p99,1971,0.8845000000000001
JPN,sptincj992,p0p99,1972,0.8923000000000001
JPN,sptincj992,p0p99,1973,0.8775000000000001
JPN,sptincj992,p0p99,1974,0.8964000000000001
JPN,sptincj992,p0p99,1975,0.8919
JPN,sptincj992,p0p99,1976,0.9021
JPN,sptincj992,p0p99,1977,0.9006000000000001
JPN,sptincj992,p0p99,1978,0.8981
JPN,sptincj992,p0p99,1979,0.8953000000000001
JPN,sptincj992,p0p99,1980,0.895
JPN,sptincj992,p0p99,1981,0.8982
JPN,sptincj992,p0p99,1982,0.8988
JPN,sptincj992,p0p99,1983,0.8992
JPN,sptincj992,p0p99,1984,0.8977
JPN,sptincj992,p0p99,1985,0.8949
JPN,sptincj992,p0p99,1986,0.8898
JPN,sptincj992,p0p99,1987,0.8764000000000001
JPN,sptincj992,p0p99,1988,0.8736
JPN,sptincj992,p0p99,1989,0.8636
JPN,sptincj992,p0p99,1990,0.8557
JPN,sptincj992,p0p99,1991,0.8651000000000001
JPN,sptincj992,p0p99,1992,0.9016000000000001
JPN,sptincj992,p0p99,1993,0.8996000000000001
JPN,sptincj992,p0p99,1994,0.9012
JPN,sptincj992,p0p99,1995,0.8974000000000001
JPN,sptincj992,p0p99,1996,0.8909
JPN,sptincj992,p0p99,1997,0.8967
JPN,sptincj992,p0p99,1998,0.8977
JPN,sptincj992,p0p99,1999,0.8951
JPN,sptincj992,p0p99,2000,0.8885000000000001
JPN,sptincj992,p0p99,2001,0.886
JPN,sptincj992,p0p99,2002,0.8831
JPN,sptincj992,p0p99,2003,0.8784000000000001
JPN,sptincj992,p0p99,2004,0.8704000000000001
JPN,sptincj992,p0p99,2005,0.8661000000000001
JPN,sptincj992,p0p99,2006,0.8645
JPN,sptincj992,p0p99,2007,0.8642000000000001
JPN,sptincj992,p0p99,2008,0.8716
JPN,sptincj992,p0p99,2009,0.8793000000000001
JPN,sptincj992,p0p99,2010,0.8742000000000001
JPN,sptincj992,p0p99,2011,0.8759
JPN,sptincj992,p0p99,2012,0.875
JPN,sptincj992,p0p99,2013,0.8732000000000001
JPN,sptincj992,p0p99,2014,0.8735
JPN,sptincj992,p0p99,2015,0.8726
JPN,sptincj992,p0p99,2016,0.8732000000000001
JPN,sptincj992,p0p99,2017,0.8735
JPN,sptincj992,p0p99,2018,0.8735
JPN,sptincj992,p0p99,2019,0.8735
JPN,sptincj992,p0p99,2020,0.8735
JPN,sptincj992,p0p99,2021,0.8735
JPN,sptincj992,p0p99,2022,0.8735
JPN,sptincj992,p0p99,2023,0.8735
JPN,sptincj992,p0p99,2024,0.8735
JPN,sptincj992,p50p90,1820,0.366
JPN,sptincj992,p50p90,1850,0.3631
JPN,sptincj992,p50p90,1880,0.3569
JPN,sptincj992,p50p90,1886,0.3513
JPN,sptincj992,p50p90,1887,0.3502
JPN,sptincj992,p50p90,1888,0.3535
JPN,sptincj992,p50p90,1889,0.3565
JPN,sptincj992,p50p90,1890,0.3568
JPN,sptincj992,p50p90,1891,0.3548
JPN,sptincj992,p50p90,1892,0.3514
JPN,sptincj992,p50p90,1893,0.3556
JPN,sptincj992,p50p90,1894,0.354
JPN,sptincj992,p50p90,1895,0.351
JPN,sptincj992,p50p90,1896,0.3552
JPN,sptincj992,p50p90,1897,0.3535
JPN,sptincj992,p50p90,1898,0.3504
JPN,sptincj992,p50p90,1899,0.35
JPN,sptincj992,p50p90,1900,0.3473
JPN,sptincj992,p50p90,1901,0.3418
JPN,sptincj992,p50p90,1902,0.3384
JPN,sptincj992,p50p90,1903,0.3326
JPN,sptincj992,p50p90,1904,0.3318
JPN,sptincj992,p50p90,1905,0.3249
JPN,sptincj992,p50p90,1906,0.3203
JPN,sptincj992,p50p90,1907,0.3164
JPN,sptincj992,p50p90,1908,0.3116
JPN,sptincj992,p50p90,1909,0.3079
JPN,sptincj992,p50p90,1910,0.3041
JPN,sptincj992,p50p90,1911,0.3055
JPN,sptincj992,p50p90,1912,0.3043
JPN,sptincj992,p50p90,1913,0.3063
JPN,sptincj992,p50p90,1914,0.303
JPN,sptincj992,p50p90,1915,0.3031
JPN,sptincj992,p50p90,1916,0.3005
JPN,sptincj992,p50p90,1917,0.3019
JPN,sptincj992,p50p90,1918,0.3055
JPN,sptincj992,p50p90,1919,0.3086
JPN,sptincj992,p50p90,1920,0.3042
JPN,sptincj992,p50p90,1921,0.3037
JPN,sptincj992,p50p90,1922,0.3071
JPN,sptincj992,p50p90,1923,0.3045
JPN,sptincj992,p50p90,1924,0.3072
JPN,sptincj992,p50p90,1925,0.3109
JPN,sptincj992,p50p90,1926,0.3098
JPN,sptincj992,p50p90,1927,0.3127
JPN,sptincj992,p50p90,1928,0.3148
JPN,sptincj992,p50p90,1929,0.3144
JPN,sptincj992,p50p90,1930,0.3196
JPN,sptincj992,p50p90,1931,0.3212
JPN,sptincj992,p50p90,1932,0.3254
JPN,sptincj992,p50p90,1933,0.3251
JPN,sptincj992,p50p90,1934,0.3285
JPN,sptincj992,p50p90,1935,0.3334
JPN,sptincj992,p50p90,1936,0.3333
JPN,sptincj992,p50p90,1937,0.3368
JPN,sptincj992,p50p90,1938,0.3415
JPN,sptincj992,p50p90,1939,0.343
JPN,sptincj992,p50p90,1940,0.3497
JPN,sptincj992,p50p90,1941,0.3579
JPN,sptincj992,p50p90,1942,0.3704
JPN,sptincj992,p50p90,1943,0.3803
JPN,sptincj992,p50p90,1944,0.395
JPN,sptincj992,p50p90,1945,0.4037
JPN,sptincj992,p50p90,1947,0.4281
JPN,sptincj992,p50p90,1948,0.4359
JPN,sptincj992,p50p90,1949,0.4465
JPN,sptincj992,p50p90,1950,0.4545
JPN,sptincj992,p50p90,1951,0.4522
JPN,sptincj992,p50p90,1952,0.4514
JPN,sptincj992,p50p90,1953,0.45
JPN,sptincj992,p50p90,1954,0.4506
JPN,sptincj992,p50p90,1955,0.4489
JPN,sptincj992,p50p90,1956,0.4485
JPN,sptincj992,p50p90,1957,0.4462
JPN,sptincj992,p50p90,1958,0.4447
JPN,sptincj992,p50p90,1959,0.443
JPN,sptincj992,p50p90,1960,0.4406
JPN,sptincj992,p50p90,1961,0.4388
JPN,sptincj992,p50p90,1962,0.4401
JPN,sptincj992,p50p90,1963,0.4416
JPN,sptincj992,p50p90,1964,0.442
JPN,sptincj992,p50p90,1965,0.4414
JPN,sptincj992,p50p90,1966,0.4439
JPN,sptincj992,p50p90,1967,0.4429
JPN,sptincj992,p50p90,1968,0.4418
JPN,sptincj992,p50p90,1969,0.4356
JPN,sptincj992,p50p90,1970,0.432
JPN,sptincj992,p50p90,1971,0.4354
JPN,sptincj992,p50p90,1972,0.439
JPN,sptincj992,p50p90,1973,0.4315
JPN,sptincj992,p50p90,1974,0.4405
JPN,sptincj992,p50p90,1975,0.438
JPN,sptincj992,p50p90,1976,0.4428
JPN,sptincj992,p50p90,1977,0.4418
JPN,sptincj992,p50p90,1978,0.4403
JPN,sptincj992,p50p90,1979,0.4386
JPN,sptincj992,p50p90,1980,0.4405
JPN,sptincj992,p50p90,1981,0.4414
JPN,sptincj992,p50p90,1982,0.4409
JPN,sptincj992,p50p90,1983,0.4411
JPN,sptincj992,p50p90,1984,0.44
JPN,sptincj992,p50p90,1985,0.4388
JPN,sptincj992,p50p90,1986,0.4342
JPN,sptincj992,p50p90,1987,0.4224
JPN,sptincj992,p50p90,1988,0.4194
JPN,sptincj992,p50p90,1989,0.4124
JPN,sptincj992,p50p90,1990,0.4063
JPN,sptincj992,p50p90,1991,0.4122
JPN,sptincj992,p50p90,1992,0.4383
JPN,sptincj992,p50p90,1993,0.4362
JPN,sptincj992,p50p90,1994,0.4347
JPN,sptincj992,p50p90,1995,0.4308
JPN,sptincj992,p50p90,1996,0.4277
JPN,sptincj992,p50p90,1997,0.43
JPN,sptincj992,p50p90,1998,0.4272
JPN,sptincj992,p50p90,1999,0.423
JPN,sptincj992,p50p90,2000,0.4178
JPN,sptincj992,p50p90,2001,0.4101
JPN,sptincj992,p50p90,2002,0.4049
JPN,sptincj992,p50p90,2003,0.4007
JPN,sptincj992,p50p90,2004,0.395
JPN,sptincj992,p50p90,2005,0.3928
JPN,sptincj992,p50p90,2006,0.3905
JPN,sptincj992,p50p90,2007,0.3895
JPN,sptincj992,p50p90,2008,0.3935
JPN,sptincj992,p50p90,2009,0.3914
JPN,sptincj992,p50p90,2010,0.3829
JPN,sptincj992,p50p90,2011,0.3827
JPN,sptincj992,p50p90,2012,0.3828
JPN,sptincj992,p50p90,2013,0.3829
JPN,sptincj992,p50p90,2014,0.3829
JPN,sptincj992,p50p90,2015,0.383
JPN,sptincj992,p50p90,2016,0.3829
JPN,sptincj992,p50p90,2017,0.3829
JPN,sptincj992,p50p90,2018,0.3829
JPN,sptincj992,p50p90,2019,0.3829
JPN,sptincj992,p50p90,2020,0.3829
JPN,sptincj992,p50p90,2021,0.3829
JPN,sptincj992,p50p90,2022,0.3829
JPN,sptincj992,p50p90,2023,0.3829
JPN,sptincj992,p50p90,2024,0.3829
JPN,sptincj992,p90p100,1820,0.4591
JPN,sptincj992,p90p100,1850,0.4634
JPN,sptincj992,p90p100,1880,0.4725
JPN,sptincj992,p90p100,1886,0.4807
JPN,sptincj992,p90p100,1887,0.4824
JPN,sptincj992,p90p100,1888,0.4775
JPN,sptincj992,p90p100,1889,0.473
JPN,sptincj992,p90p100,1890,0.4726
JPN,sptincj992,p90p100,1891,0.4756
JPN,sptincj992,p90p100,1892,0.4807
JPN,sptincj992,p90p100,1893,0.4744
JPN,sptincj992,p90p100,1894,0.4768
JPN,sptincj992,p90p100,1895,0.4812
JPN,sptincj992,p90p100,1896,0.4751
JPN,sptincj992,p90p100,1897,0.4775
JPN,sptincj992,p90p100,1898,0.482
JPN,sptincj992,p90p100,1899,0.4827
JPN,sptincj992,p90p100,1900,0.4867
JPN,sptincj992,p90p100,1901,0.4949
JPN,sptincj992,p90p100,1902,0.4998
JPN,sptincj992,p90p100,1903,0.5084000000000001
JPN,sptincj992,p90p100,1904,0.5097
JPN,sptincj992,p90p100,1905,0.5199
JPN,sptincj992,p90p100,1906,0.5266000000000001
JPN,sptincj992,p90p100,1907,0.5323
JPN,sptincj992,p90p100,1908,0.5395
JPN,sptincj992,p90p100,1909,0.5449
JPN,sptincj992,p90p100,1910,0.5506
JPN,sptincj992,p90p100,1911,0.5484
JPN,sptincj992,p90p100,1912,0.5502
JPN,sptincj992,p90p100,1913,0.5472
JPN,sptincj992,p90p100,1914,0.5522
JPN,sptincj992,p90p100,1915,0.552
JPN,sptincj992,p90p100,1916,0.5559000000000001
JPN,sptincj992,p90p100,1917,0.5539000000000001
JPN,sptincj992,p90p100,1918,0.5484
JPN,sptincj992,p90p100,1919,0.5439
JPN,sptincj992,p90p100,1920,0.5503
JPN,sptincj992,p90p100,1921,0.5511
JPN,sptincj992,p90p100,1922,0.5461
JPN,sptincj992,p90p100,1923,0.55
JPN,sptincj992,p90p100,1924,0.5459
JPN,sptincj992,p90p100,1925,0.5405
JPN,sptincj992,p90p100,1926,0.5421
JPN,sptincj992,p90p100,1927,0.5378000000000001
JPN,sptincj992,p90p100,1928,0.5348
JPN,sptincj992,p90p100,1929,0.5354
JPN,sptincj992,p90p100,1930,0.5277000000000001
JPN,sptincj992,p90p100,1931,0.5253
JPN,sptincj992,p90p100,1932,0.5191
JPN,sptincj992,p90p100,1933,0.5194
JPN,sptincj992,p90p100,1934,0.5145000000000001
JPN,sptincj992,p90p100,1935,0.5072
JPN,sptincj992,p90p100,1936,0.5074000000000001
JPN,sptincj992,p90p100,1937,0.5022
JPN,sptincj992,p90p100,1938,0.4953
JPN,sptincj992,p90p100,1939,0.4931
JPN,sptincj992,p90p100,1940,0.4832
JPN,sptincj992,p90p100,1941,0.471
JPN,sptincj992,p90p100,1942,0.4525
JPN,sptincj992,p90p100,1943,0.438
JPN,sptincj992,p90p100,1944,0.4161
JPN,sptincj992,p90p100,1945,0.4034
JPN,sptincj992,p90p100,1947,0.3673
JPN,sptincj992,p90p100,1948,0.3558
JPN,sptincj992,p90p100,1949,0.3401
JPN,sptincj992,p90p100,1950,0.3282
JPN,sptincj992,p90p100,1951,0.3317
JPN,sptincj992,p90p100,1952,0.3328
JPN,sptincj992,p90p100,1953,0.3349
JPN,sptincj992,p90p100,1954,0.334
JPN,sptincj992,p90p100,1955,0.3365
JPN,sptincj992,p90p100,1956,0.3371
JPN,sptincj992,p90p100,1957,0.3406
JPN,sptincj992,p90p100,1958,0.3428
JPN,sptincj992,p90p100,1959,0.3452
JPN,sptincj992,p90p100,1960,0.3488
JPN,sptincj992,p90p100,1961,0.3515
JPN,sptincj992,p90p100,1962,0.3496
JPN,sptincj992,p90p100,1963,0.3474
JPN,sptincj992,p90p100,1964,0.3468
JPN,sptincj992,p90p100,1965,0.3476
JPN,sptincj992,p90p100,1966,0.3439
JPN,sptincj992,p90p100,1967,0.3453
JPN,sptincj992,p90p100,1968,0.347
JPN,sptincj992,p90p100,1969,0.3562
JPN,sptincj992,p90p100,1970,0.3615
JPN,sptincj992,p90p100,1971,0.3564
JPN,sptincj992,p90p100,1972,0.3511
JPN,sptincj992,p90p100,1973,0.3623
JPN,sptincj992,p90p100,1974,0.349
JPN,sptincj992,p90p100,1975,0.3526
JPN,sptincj992,p90p100,1976,0.3456
JPN,sptincj992,p90p100,1977,0.347
JPN,sptincj992,p90p100,1978,0.3493
JPN,sptincj992,p90p100,1979,0.3517
JPN,sptincj992,p90p100,1980,0.3536
JPN,sptincj992,p90p100,1981,0.3495
JPN,sptincj992,p90p100,1982,0.3486
JPN,sptincj992,p90p100,1983,0.3507
JPN,sptincj992,p90p100,1984,0.3541
JPN,sptincj992,p90p100,1985,0.3603
JPN,sptincj992,p90p100,1986,0.3681
JPN,sptincj992,p90p100,1987,0.3864
JPN,sptincj992,p90p100,1988,0.3926
JPN,sptincj992,p90p100,1989,0.4013
JPN,sptincj992,p90p100,1990,0.4069
JPN,sptincj992,p90p100,1991,0.3954
JPN,sptincj992,p90p100,1992,0.3548
JPN,sptincj992,p90p100,1993,0.3599
JPN,sptincj992,p90p100,1994,0.3635
JPN,sptincj992,p90p100,1995,0.3734
JPN,sptincj992,p90p100,1996,0.3826
JPN,sptincj992,p90p100,1997,0.3802
JPN,sptincj992,p90p100,1998,0.384
JPN,sptincj992,p90p100,1999,0.391
JPN,sptincj992,p90p100,2000,0.4022
JPN,sptincj992,p90p100,2001,0.4148
JPN,sptincj992,p90p100,2002,0.4248
JPN,sptincj992,p90p100,2003,0.4322
JPN,sptincj992,p90p100,2004,0.442
JPN,sptincj992,p90p100,2005,0.444
JPN,sptincj992,p90p100,2006,0.4462
JPN,sptincj992,p90p100,2007,0.4479
JPN,sptincj992,p90p100,2008,0.4394
JPN,sptincj992,p90p100,2009,0.4281
JPN,sptincj992,p90p100,2010,0.4344
JPN,sptincj992,p90p100,2011,0.4331
JPN,sptincj992,p90p100,2012,0.4338
JPN,sptincj992,p90p100,2013,0.4352
JPN,sptincj992,p90p100,2014,0.435
JPN,sptincj992,p90p100,2015,0.4358
JPN,sptincj992,p90p100,2016,0.4353
JPN,sptincj992,p90p100,2017,0.435
JPN,sptincj992,p90p100,2018,0.435
JPN,sptincj992,p90p100,2019,0.435
JPN,sptincj992,p90p100,2020,0.435
JPN,sptincj992,p90p100,2021,0.435
JPN,sptincj992,p90p100,2022,0.435
JPN,sptincj992,p90p100,2023,0.435
JPN,sptincj992,p90p100,2024,0.435
JPN,sptincj992,p99p100,1820,0.179
JPN,sptincj992,p99p100,1850,0.182
JPN,sptincj992,p99p100,1880,0.18
JPN,sptincj992,p99p100,1886,0.1916
JPN,sptincj992,p99p100,1887,0.194
JPN,sptincj992,p99p100,1888,0.1862
JPN,sptincj992,p99p100,1889,0.179
JPN,sptincj992,p99p100,1890,0.1781
JPN,sptincj992,p99p100,1891,0.1826
JPN,sptincj992,p99p100,1892,0.1902
JPN,sptincj992,p99p100,1893,0.1802
JPN,sptincj992,p99p100,1894,0.1838
JPN,sptincj992,p99p100,1895,0.1904
JPN,sptincj992,p99p100,1896,0.1806
JPN,sptincj992,p99p100,1897,0.1843
JPN,sptincj992,p99p100,1898,0.1911
JPN,sptincj992,p99p100,1899,0.192
JPN,sptincj992,p99p100,1900,0.198
JPN,sptincj992,p99p100,1901,0.2028
JPN,sptincj992,p99p100,1902,0.2025
JPN,sptincj992,p99p100,1903,0.208
JPN,sptincj992,p99p100,1904,0.2017
JPN,sptincj992,p99p100,1905,0.2099
JPN,sptincj992,p99p100,1906,0.2125
JPN,sptincj992,p99p100,1907,0.2135
JPN,sptincj992,p99p100,1908,0.2168
JPN,sptincj992,p99p100,1909,0.2171
JPN,sptincj992,p99p100,1910,0.2179
JPN,sptincj992,p99p100,1911,0.2142
JPN,sptincj992,p99p100,1912,0.2174
JPN,sptincj992,p99p100,1913,0.2122
JPN,sptincj992,p99p100,1914,0.2208
JPN,sptincj992,p99p100,1915,0.2205
JPN,sptincj992,p99p100,1916,0.2273
JPN,sptincj992,p99p100,1917,0.2238
JPN,sptincj992,p99p100,1918,0.2144
JPN,sptincj992,p99p100,1919,0.2066
JPN,sptincj992,p99p100,1920,0.2178
JPN,sptincj992,p99p100,1921,0.2212
JPN,sptincj992,p99p100,1922,0.2144
JPN,sptincj992,p99p100,1923,0.2232
JPN,sptincj992,p99p100,1924,0.218
JPN,sptincj992,p99p100,1925,0.2107
JPN,sptincj992,p99p100,1926,0.2154
JPN,sptincj992,p99p100,1927,0.21
JPN,sptincj992,p99p100,1928,0.2067
JPN,sptincj992,p99p100,1929,0.2095
JPN,sptincj992,p99p100,1930,0.1984
JPN,sptincj992,p99p100,1931,0.2003
JPN,sptincj992,p99p100,1932,0.1956
JPN,sptincj992,p99p100,1933,0.2019
JPN,sptincj992,p99p100,1934,0.1993
JPN,sptincj992,p99p100,1935,0.1929
JPN,sptincj992,p99p100,1936,0.1987
JPN,sptincj992,p99p100,1937,0.1958
JPN,sptincj992,p99p100,1938,0.1902
JPN,sptincj992,p99p100,1939,0.1921
JPN,sptincj992,p99p100,1940,0.1817
JPN,sptincj992,p99p100,1941,0.1792
JPN,sptincj992,p99p100,1942,0.1669
JPN,sptincj992,p99p100,1943,0.1607
JPN,sptincj992,p99p100,1944,0.1437
JPN,sptincj992,p99p100,1945,0.1401
JPN,sptincj992,p99p100,1947,0.1179
JPN,sptincj992,p99p100,1948,0.1159
JPN,sptincj992,p99p100,1949,0.1081
JPN,sptincj992,p99p100,1950,0.1054
JPN,sptincj992,p99p100,1951,0.1078
JPN,sptincj992,p99p100,1952,0.1071
JPN,sptincj992,p99p100,1953,0.1077
JPN,sptincj992,p99p100,1954,0.1042
JPN,sptincj992,p99p100,1955,0.1054
JPN,sptincj992,p99p100,1956,0.104
JPN,sptincj992,p99p100,1957,0.1064
JPN,sptincj992,p99p100,1958,0.1071
JPN,sptincj992,p99p100,1959,0.1082
JPN,sptincj992,p99p100,1960,0.1109
JPN,sptincj992,p99p100,1961,0.114
JPN,sptincj992,p99p100,1962,0.1108
JPN,sptincj992,p99p100,1963,0.1073
JPN,sptincj992,p99p100,1964,0.106
JPN,sptincj992,p99p100,1965,0.1066
JPN,sptincj992,p99p100,1966,0.101
JPN,sptincj992,p99p100,1967,0.1024
JPN,sptincj992,p99p100,1968,0.1041
JPN,sptincj992,p99p100,1969,0.1162
JPN,sptincj992,p99p100,1970,0.1157
JPN,sptincj992,p99p100,1971,0.1155
JPN,sptincj992,p99p100,1972,0.1077
JPN,sptincj992,p99p100,1973,0.1225
JPN,sptincj992,p99p100,1974,0.1036
JPN,sptincj992,p99p100,1975,0.1081
JPN,sptincj992,p99p100,1976,0.0979
JPN,sptincj992,p99p100,1977,0.0994
JPN,sptincj992,p99p100,1978,0.1019
JPN,sptincj992,p99p100,1979,0.1047
JPN,sptincj992,p99p100,1980,0.105
JPN,sptincj992,p99p100,1981,0.1018
JPN,sptincj992,p99p100,1982,0.1012
JPN,sptincj992,p99p100,1983,0.1008
JPN,sptincj992,p99p100,1984,0.1023
JPN,sptincj992,p99p100,1985,0.1051
JPN,sptincj992,p99p100,1986,0.1102
JPN,sptincj992,p99p100,1987,0.1236
JPN,sptincj992,p99p100,1988,0.1264
JPN,sptincj992,p99p100,1989,0.1364
JPN,sptincj992,p99p100,1990,0.1443
JPN,sptincj992,p99p100,1991,0.1349
JPN,sptincj992,p99p100,1992,0.0984
JPN,sptincj992,p99p100,1993,0.1004
JPN,sptincj992,p99p100,1994,0.0988
JPN,sptincj992,p99p100,1995,0.1026
JPN,sptincj992,p99p100,1996,0.1091
JPN,sptincj992,p99p100,1997,0.1033
JPN,sptincj992,p99p100,1998,0.1023
JPN,sptincj992,p99p100,1999,0.1049
JPN,sptincj992,p99p100,2000,0.1115
JPN,sptincj992,p99p100,2001,0.114
JPN,sptincj992,p99p100,2002,0.1169
JPN,sptincj992,p99p100,2003,0.1216
JPN,sptincj992,p99p100,2004,0.1296
JPN,sptincj992,p99p100,2005,0.1339
JPN,sptincj992,p99p100,2006,0.1355
JPN,sptincj992,p99p100,2007,0.1358
JPN,sptincj992,p99p100,2008,0.1284
JPN,sptincj992,p99p100,2009,0.1207
JPN,sptincj992,p99p100,2010,0.1258
JPN,sptincj992,p99p100,2011,0.1241
JPN,sptincj992,p99p100,2012,0.125
JPN,sptincj992,p99p100,2013,0.1268
JPN,sptincj992,p99p100,2014,0.1265
JPN,sptincj992,p99p100,2015,0.1274
JPN,sptincj992,p99p100,2016,0.1268
JPN,sptincj992,p99p100,2017,0.1265
JPN,sptincj992,p99p100,2018,0.1265
JPN,sptincj992,p99p100,2019,0.1265
JPN,sptincj992,p99p100,2020,0.1265
JPN,sptincj992,p99p100,2021,0.1265
JPN,sptincj992,p99p100,2022,0.1265
JPN,sptincj992,p99p100,2023,0.1265
JPN,sptincj992,p99p100,2024,0.1265
KOR,spllinf992,p0p100,1990,0.27860001
KOR,spllinf992,p0p100,1991,0.27860001
KOR,spllinf992,p0p100,1992,0.2764
KOR,spllinf992,p0p100,1993,0.27669999
KOR,spllinf992,p0p100,1994,0.2775
KOR,spllinf992,p0p100,1995,0.27869999
KOR,spllinf992,p0p100,1996,0.28130001
KOR,spllinf992,p0p100,1997,0.28490001
KOR,spllinf992,p0p100,1998,0.27939999
KOR,spllinf992,p0p100,1999,0.2834
KOR,spllinf992,p0p100,2000,0.2906
KOR,spllinf992,p0p100,2001,0.29300001
KOR,spllinf992,p0p100,2002,0.29229999
KOR,spllinf992,p0p100,2003,0.28799999
KOR,spllinf992,p0p100,2004,0.2922
KOR,spllinf992,p0p100,2005,0.294
KOR,spllinf992,p0p100,2006,0.29629999
KOR,spllinf992,p0p100,2007,0.2958
KOR,spllinf992,p0p100,2008,0.29620001
KOR,spllinf992,p0p100,2009,0.29409999
KOR,spllinf992,p0p100,2010,0.2938
KOR,spllinf992,p0p100,2011,0.2933
KOR,spllinf992,p0p100,2012,0.29390001
KOR,spllinf992,p0p100,2013,0.29550001
KOR,spllinf992,p0p100,2014,0.2976
KOR,spllinf992,p0p100,2015,0.30019999
KOR,spllinf992,p0p100,2016,0.3012
KOR,spllinf992,p0p100,2017,0.3035
KOR,spllinf992,p0p100,2018,0.3055
KOR,spllinf992,p0p100,2019,0.30790001
KOR,spllinf992,p0p100,2020,0.30680001
KOR,spllinf992,p0p100,2021,0.30779999
KOR,spllinf992,p0p100,2022,0.3096
KOR,spllinf992,p0p100,2023,0.31369999
KOR,spllinf992,p0p100,2024,0.31760001
KOR,sptincj992,p0p100,1820,1
KOR,sptincj992,p0p100,1850,1
KOR,sptincj992,p0p100,1880,1
KOR,sptincj992,p0p100,1900,1
KOR,sptincj992,p0p100,1910,1
KOR,sptincj992,p0p100,1920,1
KOR,sptincj992,p0p100,1930,1
KOR,sptincj992,p0p100,1933,1
KOR,sptincj992,p0p100,1934,1
KOR,sptincj992,p0p100,1935,1
KOR,sptincj992,p0p100,1936,1
KOR,sptincj992,p0p100,1937,1
KOR,sptincj992,p0p100,1938,1
KOR,sptincj992,p0p100,1939,1
KOR,sptincj992,p0p100,1940,1
KOR,sptincj992,p0p100,1941,1
KOR,sptincj992,p0p100,1942,1
KOR,sptincj992,p0p100,1943,1
KOR,sptincj992,p0p100,1944,1
KOR,sptincj992,p0p100,1945,1
KOR,sptincj992,p0p100,1946,1
KOR,sptincj992,p0p100,1947,1
KOR,sptincj992,p0p100,1948,1
KOR,sptincj992,p0p100,1949,1
KOR,sptincj992,p0p100,1950,1
KOR,sptincj992,p0p100,1951,1
KOR,sptincj992,p0p100,1952,1
KOR,sptincj992,p0p100,1953,1
KOR,sptincj992,p0p100,1954,1
KOR,sptincj992,p0p100,1955,1
KOR,sptincj992,p0p100,1956,1
KOR,sptincj992,p0p100,1957,1
KOR,sptincj992,p0p100,1958,1
KOR,sptincj992,p0p100,1959,1
KOR,sptincj992,p0p100,1960,1
KOR,sptincj992,p0p100,1961,1
KOR,sptincj992,p0p100,1962,1
KOR,sptincj992,p0p100,1963,1
KOR,sptincj992,p0p100,1964,1
KOR,sptincj992,p0p100,1965,1
KOR,sptincj992,p0p100,1966,1
KOR,sptincj992,p0p100,1967,1
KOR,sptincj992,p0p100,1968,1
KOR,sptincj992,p0p100,1969,1
KOR,sptincj992,p0p100,1970,1
KOR,sptincj992,p0p100,1971,1
KOR,sptincj992,p0p100,1972,1
KOR,sptincj992,p0p100,1973,1
KOR,sptincj992,p0p100,1974,1
KOR,sptincj992,p0p100,1975,1
KOR,sptincj992,p0p100,1976,1
KOR,sptincj992,p0p100,1977,1
KOR,sptincj992,p0p100,1978,1
KOR,sptincj992,p0p100,1979,1
KOR,sptincj992,p0p100,1980,1
KOR,sptincj992,p0p100,1981,1
KOR,sptincj992,p0p100,1982,1
KOR,sptincj992,p0p100,1983,1
KOR,sptincj992,p0p100,1984,1
KOR,sptincj992,p0p100,1985,1
KOR,sptincj992,p0p100,1986,1
KOR,sptincj992,p0p100,1987,1
KOR,sptincj992,p0p100,1988,1
KOR,sptincj992,p0p100,1989,1
KOR,sptincj992,p0p100,1990,1
KOR,sptincj992,p0p100,1991,1
KOR,sptincj992,p0p100,1992,1
KOR,sptincj992,p0p100,1993,1
KOR,sptincj992,p0p100,1994,1
KOR,sptincj992,p0p100,1995,1
KOR,sptincj992,p0p100,1996,1
KOR,sptincj992,p0p100,1997,1
KOR,sptincj992,p0p100,1998,1
KOR,sptincj992,p0p100,1999,1
KOR,sptincj992,p0p100,2000,1
KOR,sptincj992,p0p100,2001,1
KOR,sptincj992,p0p100,2002,1
KOR,sptincj992,p0p100,2003,1
KOR,sptincj992,p0p100,2004,1
KOR,sptincj992,p0p100,2005,1
KOR,sptincj992,p0p100,2006,1
KOR,sptincj992,p0p100,2007,1
KOR,sptincj992,p0p100,2008,1
KOR,sptincj992,p0p100,2009,1
KOR,sptincj992,p0p100,2010,1
KOR,sptincj992,p0p100,2011,1
KOR,sptincj992,p0p100,2012,1
KOR,sptincj992,p0p100,2013,1
KOR,sptincj992,p0p100,2014,1
KOR,sptincj992,p0p100,2015,1
KOR,sptincj992,p0p100,2016,1
KOR,sptincj992,p0p100,2017,1
KOR,sptincj992,p0p100,2018,1
KOR,sptincj992,p0p100,2019,1
KOR,sptincj992,p0p100,2020,1
KOR,sptincj992,p0p100,2021,1
KOR,sptincj992,p0p100,2022,1
KOR,sptincj992,p0p100,2023,1
KOR,sptincj992,p0p100,2024,1
KOR,sptincj992,p0p50,1820,0.1731
KOR,sptincj992,p0p50,1850,0.1691
KOR,sptincj992,p0p50,1880,0.1601
KOR,sptincj992,p0p50,1900,0.1591
KOR,sptincj992,p0p50,1910,0.1578
KOR,sptincj992,p0p50,1920,0.1454
KOR,sptincj992,p0p50,1930,0.1528
KOR,sptincj992,p0p50,1933,0.1563
KOR,sptincj992,p0p50,1934,0.1582
KOR,sptincj992,p0p50,1935,0.1601
KOR,sptincj992,p0p50,1936,0.162
KOR,sptincj992,p0p50,1937,0.1635
KOR,sptincj992,p0p50,1938,0.1644
KOR,sptincj992,p0p50,1939,0.1661
KOR,sptincj992,p0p50,1940,0.1672
KOR,sptincj992,p0p50,1941,0.1717
KOR,sptincj992,p0p50,1942,0.1771
KOR,sptincj992,p0p50,1943,0.1812
KOR,sptincj992,p0p50,1944,0.1866
KOR,sptincj992,p0p50,1945,0.192
KOR,sptincj992,p0p50,1946,0.1964
KOR,sptincj992,p0p50,1947,0.2017
KOR,sptincj992,p0p50,1948,0.207
KOR,sptincj992,p0p50,1949,0.212
KOR,sptincj992,p0p50,1950,0.2173
KOR,sptincj992,p0p50,1951,0.2165
KOR,sptincj992,p0p50,1952,0.2159
KOR,sptincj992,p0p50,1953,0.215
KOR,sptincj992,p0p50,1954,0.2144
KOR,sptincj992,p0p50,1955,0.2138
KOR,sptincj992,p0p50,1956,0.213
KOR,sptincj992,p0p50,1957,0.2124
KOR,sptincj992,p0p50,1958,0.2118
KOR,sptincj992,p0p50,1959,0.2112
KOR,sptincj992,p0p50,1960,0.2106
KOR,sptincj992,p0p50,1961,0.2125
KOR,sptincj992,p0p50,1962,0.214
KOR,sptincj992,p0p50,1963,0.2161
KOR,sptincj992,p0p50,1964,0.2177
KOR,sptincj992,p0p50,1965,0.2191
KOR,sptincj992,p0p50,1966,0.2214
KOR,sptincj992,p0p50,1967,0.2229
KOR,sptincj992,p0p50,1968,0.2243
KOR,sptincj992,p0p50,1969,0.2266
KOR,sptincj992,p0p50,1970,0.2065
KOR,sptincj992,p0p50,1971,0.2295
KOR,sptincj992,p0p50,1972,0.2306
KOR,sptincj992,p0p50,1973,0.2332
KOR,sptincj992,p0p50,1974,0.2346
KOR,sptincj992,p0p50,1975,0.2358
KOR,sptincj992,p0p50,1976,0.2383
KOR,sptincj992,p0p50,1977,0.2397
KOR,sptincj992,p0p50,1978,0.2409
KOR,sptincj992,p0p50,1979,0.243
KOR,sptincj992,p0p50,1980,0.2238
KOR,sptincj992,p0p50,1981,0.2238
KOR,sptincj992,p0p50,1982,0.2238
KOR,sptincj992,p0p50,1983,0.2434
KOR,sptincj992,p0p50,1984,0.2473
KOR,sptincj992,p0p50,1985,0.2514
KOR,sptincj992,p0p50,1986,0.2554
KOR,sptincj992,p0p50,1987,0.2596
KOR,sptincj992,p0p50,1988,0.2638
KOR,sptincj992,p0p50,1989,0.2564
KOR,sptincj992,p0p50,1990,0.2596
KOR,sptincj992,p0p50,1991,0.2547
KOR,sptincj992,p0p50,1992,0.2748
KOR,sptincj992,p0p50,1993,0.264
KOR,sptincj992,p0p50,1994,0.2752
KOR,sptincj992,p0p50,1995,0.2747
KOR,sptincj992,p0p50,1996,0.2583
KOR,sptincj992,p0p50,1997,0.2668
KOR,sptincj992,p0p50,1998,0.2596
KOR,sptincj992,p0p50,1999,0.2527
KOR,sptincj992,p0p50,2000,0.2298
KOR,sptincj992,p0p50,2001,0.2395
KOR,sptincj992,p0p50,2002,0.2331
KOR,sptincj992,p0p50,2003,0.227
KOR,sptincj992,p0p50,2004,0.221
KOR,sptincj992,p0p50,2005,0.2152
KOR,sptincj992,p0p50,2006,0.2038
KOR,sptincj992,p0p50,2007,0.1969
KOR,sptincj992,p0p50,2008,0.1939
KOR,sptincj992,p0p50,2009,0.1992
KOR,sptincj992,p0p50,2010,0.1947
KOR,sptincj992,p0p50,2011,0.198
KOR,sptincj992,p0p50,2012,0.2019
KOR,sptincj992,p0p50,2013,0.2048
KOR,sptincj992,p0p50,2014,0.2032
KOR,sptincj992,p0p50,2015,0.2019
KOR,sptincj992,p0p50,2016,0.181
KOR,sptincj992,p0p50,2017,0.176
KOR,sptincj992,p0p50,2018,0.1772
KOR,sptincj992,p0p50,2019,0.177
KOR,sptincj992,p0p50,2020,0.1754
KOR,sptincj992,p0p50,2021,0.1749
KOR,sptincj992,p0p50,2022,0.1763
KOR,sptincj992,p0p50,2023,0.1763
KOR,sptincj992,p0p50,2024,0.1763
KOR,sptincj992,p0p90,1820,0.5352
KOR,sptincj992,p0p90,1850,0.5228
KOR,sptincj992,p0p90,1880,0.4950000000000001
KOR,sptincj992,p0p90,1900,0.4921
KOR,sptincj992,p0p90,1910,0.488
KOR,sptincj992,p0p90,1920,0.4497
KOR,sptincj992,p0p90,1930,0.4723
KOR,sptincj992,p0p90,1933,0.4833
KOR,sptincj992,p0p90,1934,0.489
KOR,sptincj992,p0p90,1935,0.4951
KOR,sptincj992,p0p90,1936,0.501
KOR,sptincj992,p0p90,1937,0.5054000000000001
KOR,sptincj992,p0p90,1938,0.5085000000000001
KOR,sptincj992,p0p90,1939,0.5135000000000001
KOR,sptincj992,p0p90,1940,0.5168
KOR,sptincj992,p0p90,1941,0.531
KOR,sptincj992,p0p90,1942,0.5477000000000001
KOR,sptincj992,p0p90,1943,0.5604
KOR,sptincj992,p0p90,1944,0.5769000000000001
KOR,sptincj992,p0p90,1945,0.5937
KOR,sptincj992,p0p90,1946,0.6073000000000001
KOR,sptincj992,p0p90,1947,0.6237
KOR,sptincj992,p0p90,1948,0.64
KOR,sptincj992,p0p90,1949,0.6555000000000001
KOR,sptincj992,p0p90,1950,0.6718000000000001
KOR,sptincj992,p0p90,1951,0.6694
KOR,sptincj992,p0p90,1952,0.6675
KOR,sptincj992,p0p90,1953,0.6649
KOR,sptincj992,p0p90,1954,0.6628000000000001
KOR,sptincj992,p0p90,1955,0.661
KOR,sptincj992,p0p90,1956,0.6587000000000001
KOR,sptincj992,p0p90,1957,0.6567000000000001
KOR,sptincj992,p0p90,1958,0.6549
KOR,sptincj992,p0p90,1959,0.6529
KOR,sptincj992,p0p90,1960,0.6512
KOR,sptincj992,p0p90,1961,0.6535000000000001
KOR,sptincj992,p0p90,1962,0.6548
KOR,sptincj992,p0p90,1963,0.6579
KOR,sptincj992,p0p90,1964,0.6595000000000001
KOR,sptincj992,p0p90,1965,0.6605000000000001
KOR,sptincj992,p0p90,1966,0.6639
KOR,sptincj992,p0p90,1967,0.6653
KOR,sptincj992,p0p90,1968,0.6662
KOR,sptincj992,p0p90,1969,0.6697000000000001
KOR,sptincj992,p0p90,1970,0.6385000000000001
KOR,sptincj992,p0p90,1971,0.6719
KOR,sptincj992,p0p90,1972,0.6722
KOR,sptincj992,p0p90,1973,0.6766
KOR,sptincj992,p0p90,1974,0.6775
KOR,sptincj992,p0p90,1975,0.678
KOR,sptincj992,p0p90,1976,0.6822
KOR,sptincj992,p0p90,1977,0.6829000000000001
KOR,sptincj992,p0p90,1978,0.6835
KOR,sptincj992,p0p90,1979,0.6864
KOR,sptincj992,p0p90,1980,0.6776
KOR,sptincj992,p0p90,1981,0.6776
KOR,sptincj992,p0p90,1982,0.6776
KOR,sptincj992,p0p90,1983,0.6857000000000001
KOR,sptincj992,p0p90,1984,0.6873
KOR,sptincj992,p0p90,1985,0.6890000000000001
KOR,sptincj992,p0p90,1986,0.6907
KOR,sptincj992,p0p90,1987,0.6926
KOR,sptincj992,p0p90,1988,0.6945
KOR,sptincj992,p0p90,1989,0.6916
KOR,sptincj992,p0p90,1990,0.6933
KOR,sptincj992,p0p90,1991,0.6916
KOR,sptincj992,p0p90,1992,0.7088
KOR,sptincj992,p0p90,1993,0.7137
KOR,sptincj992,p0p90,1994,0.7274
KOR,sptincj992,p0p90,1995,0.7366
KOR,sptincj992,p0p90,1996,0.7406
KOR,sptincj992,p0p90,1997,0.7389
KOR,sptincj992,p0p90,1998,0.7318
KOR,sptincj992,p0p90,1999,0.7250000000000001
KOR,sptincj992,p0p90,2000,0.7123
KOR,sptincj992,p0p90,2001,0.7075
KOR,sptincj992,p0p90,2002,0.6969000000000001
KOR,sptincj992,p0p90,2003,0.6865
KOR,sptincj992,p0p90,2004,0.6763
KOR,sptincj992,p0p90,2005,0.6664
KOR,sptincj992,p0p90,2006,0.6541
KOR,sptincj992,p0p90,2007,0.6435000000000001
KOR,sptincj992,p0p90,2008,0.637
KOR,sptincj992,p0p90,2009,0.6395000000000001
KOR,sptincj992,p0p90,2010,0.6163000000000001
KOR,sptincj992,p0p90,2011,0.6223000000000001
KOR,sptincj992,p0p90,2012,0.6266
KOR,sptincj992,p0p90,2013,0.643
KOR,sptincj992,p0p90,2014,0.6393
KOR,sptincj992,p0p90,2015,0.6306
KOR,sptincj992,p0p90,2016,0.623
KOR,sptincj992,p0p90,2017,0.615
KOR,sptincj992,p0p90,2018,0.6179
KOR,sptincj992,p0p90,2019,0.6323000000000001
KOR,sptincj992,p0p90,2020,0.6261
KOR,sptincj992,p0p90,2021,0.6169
KOR,sptincj992,p0p90,2022,0.6224000000000001
KOR,sptincj992,p0p90,2023,0.6224000000000001
KOR,sptincj992,p0p90,2024,0.6224000000000001
KOR,sptincj992,p0p99,1820,0.8384
KOR,sptincj992,p0p99,1850,0.8265
KOR,sptincj992,p0p99,1880,0.8265
KOR,sptincj992,p0p99,1900,0.8244
KOR,sptincj992,p0p99,1910,0.7974
KOR,sptincj992,p0p99,1920,0.7822
KOR,sptincj992,p0p99,1930,0.8016000000000001
KOR,sptincj992,p0p99,1933,0.8027000000000001
KOR,sptincj992,p0p99,1934,0.8065
KOR,sptincj992,p0p99,1935,0.8108000000000001
KOR,sptincj992,p0p99,1936,0.8148000000000001
KOR,sptincj992,p0p99,1937,0.8165
KOR,sptincj992,p0p99,1938,0.8159000000000001
KOR,sptincj992,p0p99,1939,0.8184
KOR,sptincj992,p0p99,1940,0.8183
KOR,sptincj992,p0p99,1941,0.8240000000000001
KOR,sptincj992,p0p99,1942,0.8334
KOR,sptincj992,p0p99,1943,0.8369000000000001
KOR,sptincj992,p0p99,1944,0.8461000000000001
KOR,sptincj992,p0p99,1945,0.8556
KOR,sptincj992,p0p99,1946,0.8606
KOR,sptincj992,p0p99,1947,0.8695
KOR,sptincj992,p0p99,1948,0.8783000000000001
KOR,sptincj992,p0p99,1949,0.886
KOR,sptincj992,p0p99,1950,0.8946000000000001
KOR,sptincj992,p0p99,1951,0.8937
KOR,sptincj992,p0p99,1952,0.8934000000000001
KOR,sptincj992,p0p99,1953,0.892
KOR,sptincj992,p0p99,1954,0.8915000000000001
KOR,sptincj992,p0p99,1955,0.8913000000000001
KOR,sptincj992,p0p99,1956,0.8903000000000001
KOR,sptincj992,p0p99,1957,0.8899
KOR,sptincj992,p0p99,1958,0.8897
KOR,sptincj992,p0p99,1959,0.8893000000000001
KOR,sptincj992,p0p99,1960,0.8891
KOR,sptincj992,p0p99,1961,0.8917
KOR,sptincj992,p0p99,1962,0.8929
KOR,sptincj992,p0p99,1963,0.8967
KOR,sptincj992,p0p99,1964,0.8983000000000001
KOR,sptincj992,p0p99,1965,0.8991
KOR,sptincj992,p0p99,1966,0.9032
KOR,sptincj992,p0p99,1967,0.9046000000000001
KOR,sptincj992,p0p99,1968,0.9052
KOR,sptincj992,p0p99,1969,0.9095000000000001
KOR,sptincj992,p0p99,1970,0.8843000000000001
KOR,sptincj992,p0p99,1971,0.9113
KOR,sptincj992,p0p99,1972,0.9112
KOR,sptincj992,p0p99,1973,0.9167000000000001
KOR,sptincj992,p0p99,1974,0.9174
KOR,sptincj992,p0p99,1975,0.9175000000000001
KOR,sptincj992,p0p99,1976,0.9226000000000001
KOR,sptincj992,p0p99,1977,0.923
KOR,sptincj992,p0p99,1978,0.9233
KOR,sptincj992,p0p99,1979,0.9267000000000001
KOR,sptincj992,p0p99,1980,0.9236000000000001
KOR,sptincj992,p0p99,1981,0.9236000000000001
KOR,sptincj992,p0p99,1982,0.9236000000000001
KOR,sptincj992,p0p99,1983,0.9245000000000001
KOR,sptincj992,p0p99,1984,0.9238000000000001
KOR,sptincj992,p0p99,1985,0.9231
KOR,sptincj992,p0p99,1986,0.9225000000000001
KOR,sptincj992,p0p99,1987,0.9218000000000001
KOR,sptincj992,p0p99,1988,0.9211
KOR,sptincj992,p0p99,1989,0.9191
KOR,sptincj992,p0p99,1990,0.9182
KOR,sptincj992,p0p99,1991,0.9164
KOR,sptincj992,p0p99,1992,0.9248000000000001
KOR,sptincj992,p0p99,1993,0.9295
KOR,sptincj992,p0p99,1994,0.9358000000000001
KOR,sptincj992,p0p99,1995,0.9406
KOR,sptincj992,p0p99,1996,0.9438000000000001
KOR,sptincj992,p0p99,1997,0.9425
KOR,sptincj992,p0p99,1998,0.9399000000000001
KOR,sptincj992,p0p99,1999,0.9372
KOR,sptincj992,p0p99,2000,0.9329000000000001
KOR,sptincj992,p0p99,2001,0.9268000000000001
KOR,sptincj992,p0p99,2002,0.9184
KOR,sptincj992,p0p99,2003,0.9091
KOR,sptincj992,p0p99,2004,0.8987
KOR,sptincj992,p0p99,2005,0.8872
KOR,sptincj992,p0p99,2006,0.8734000000000001
KOR,sptincj992,p0p99,2007,0.8633000000000001
KOR,sptincj992,p0p99,2008,0.8561000000000001
KOR,sptincj992,p0p99,2009,0.8515
KOR,sptincj992,p0p99,2010,0.8319000000000001
KOR,sptincj992,p0p99,2011,0.8299000000000001
KOR,sptincj992,p0p99,2012,0.8305
KOR,sptincj992,p0p99,2013,0.8623000000000001
KOR,sptincj992,p0p99,2014,0.8522000000000001
KOR,sptincj992,p0p99,2015,0.8415
KOR,sptincj992,p0p99,2016,0.8412000000000001
KOR,sptincj992,p0p99,2017,0.8361000000000001
KOR,sptincj992,p0p99,2018,0.8430000000000001
KOR,sptincj992,p0p99,2019,0.866
KOR,sptincj992,p0p99,2020,0.8657
KOR,sptincj992,p0p99,2021,0.8602000000000001
KOR,sptincj992,p0p99,2022,0.8589
KOR,sptincj992,p0p99,2023,0.8589
KOR,sptincj992,p0p99,2024,0.8589
KOR,sptincj992,p50p90,1820,0.3621
KOR,sptincj992,p50p90,1850,0.3537
KOR,sptincj992,p50p90,1880,0.3349
KOR,sptincj992,p50p90,1900,0.3329
KOR,sptincj992,p50p90,1910,0.3302
KOR,sptincj992,p50p90,1920,0.3042
KOR,sptincj992,p50p90,1930,0.3196
KOR,sptincj992,p50p90,1933,0.327
KOR,sptincj992,p50p90,1934,0.3309
KOR,sptincj992,p50p90,1935,0.335
KOR,sptincj992,p50p90,1936,0.339
KOR,sptincj992,p50p90,1937,0.342
KOR,sptincj992,p50p90,1938,0.344
KOR,sptincj992,p50p90,1939,0.3474
KOR,sptincj992,p50p90,1940,0.3497
KOR,sptincj992,p50p90,1941,0.3593
KOR,sptincj992,p50p90,1942,0.3706
KOR,sptincj992,p50p90,1943,0.3792
KOR,sptincj992,p50p90,1944,0.3903
KOR,sptincj992,p50p90,1945,0.4017
KOR,sptincj992,p50p90,1946,0.4109
KOR,sptincj992,p50p90,1947,0.422
KOR,sptincj992,p50p90,1948,0.433
KOR,sptincj992,p50p90,1949,0.4435
KOR,sptincj992,p50p90,1950,0.4545
KOR,sptincj992,p50p90,1951,0.4529
KOR,sptincj992,p50p90,1952,0.4517
KOR,sptincj992,p50p90,1953,0.4499
KOR,sptincj992,p50p90,1954,0.4485
KOR,sptincj992,p50p90,1955,0.4473
KOR,sptincj992,p50p90,1956,0.4456
KOR,sptincj992,p50p90,1957,0.4443
KOR,sptincj992,p50p90,1958,0.4431
KOR,sptincj992,p50p90,1959,0.4418
KOR,sptincj992,p50p90,1960,0.4406
KOR,sptincj992,p50p90,1961,0.441
KOR,sptincj992,p50p90,1962,0.4408
KOR,sptincj992,p50p90,1963,0.4418
KOR,sptincj992,p50p90,1964,0.4418
KOR,sptincj992,p50p90,1965,0.4414
KOR,sptincj992,p50p90,1966,0.4426
KOR,sptincj992,p50p90,1967,0.4424
KOR,sptincj992,p50p90,1968,0.4419
KOR,sptincj992,p50p90,1969,0.4432
KOR,sptincj992,p50p90,1970,0.432
KOR,sptincj992,p50p90,1971,0.4424
KOR,sptincj992,p50p90,1972,0.4416
KOR,sptincj992,p50p90,1973,0.4434
KOR,sptincj992,p50p90,1974,0.4429
KOR,sptincj992,p50p90,1975,0.4422
KOR,sptincj992,p50p90,1976,0.4438
KOR,sptincj992,p50p90,1977,0.4432
KOR,sptincj992,p50p90,1978,0.4425
KOR,sptincj992,p50p90,1979,0.4434
KOR,sptincj992,p50p90,1980,0.4538
KOR,sptincj992,p50p90,1981,0.4538
KOR,sptincj992,p50p90,1982,0.4538
KOR,sptincj992,p50p90,1983,0.4423
KOR,sptincj992,p50p90,1984,0.4399
KOR,sptincj992,p50p90,1985,0.4376
KOR,sptincj992,p50p90,1986,0.4353
KOR,sptincj992,p50p90,1987,0.433
KOR,sptincj992,p50p90,1988,0.4307
KOR,sptincj992,p50p90,1989,0.4353
KOR,sptincj992,p50p90,1990,0.4337
KOR,sptincj992,p50p90,1991,0.4369
KOR,sptincj992,p50p90,1992,0.434
KOR,sptincj992,p50p90,1993,0.4497
KOR,sptincj992,p50p90,1994,0.4522
KOR,sptincj992,p50p90,1995,0.462
KOR,sptincj992,p50p90,1996,0.4823
KOR,sptincj992,p50p90,1997,0.4721
KOR,sptincj992,p50p90,1998,0.4722
KOR,sptincj992,p50p90,1999,0.4723
KOR,sptincj992,p50p90,2000,0.4825
KOR,sptincj992,p50p90,2001,0.468
KOR,sptincj992,p50p90,2002,0.4638
KOR,sptincj992,p50p90,2003,0.4595
KOR,sptincj992,p50p90,2004,0.4553
KOR,sptincj992,p50p90,2005,0.4512
KOR,sptincj992,p50p90,2006,0.4503
KOR,sptincj992,p50p90,2007,0.4466
KOR,sptincj992,p50p90,2008,0.4432
KOR,sptincj992,p50p90,2009,0.4403
KOR,sptincj992,p50p90,2010,0.4217
KOR,sptincj992,p50p90,2011,0.4243
KOR,sptincj992,p50p90,2012,0.4247
KOR,sptincj992,p50p90,2013,0.4382
KOR,sptincj992,p50p90,2014,0.4361
KOR,sptincj992,p50p90,2015,0.4287
KOR,sptincj992,p50p90,2016,0.4421
KOR,sptincj992,p50p90,2017,0.439
KOR,sptincj992,p50p90,2018,0.4407
KOR,sptincj992,p50p90,2019,0.4553
KOR,sptincj992,p50p90,2020,0.4507
KOR,sptincj992,p50p90,2021,0.442
KOR,sptincj992,p50p90,2022,0.4461
KOR,sptincj992,p50p90,2023,0.4461
KOR,sptincj992,p50p90,2024,0.4461
KOR,sptincj992,p90p100,1820,0.4648
KOR,sptincj992,p90p100,1850,0.4772
KOR,sptincj992,p90p100,1880,0.505
KOR,sptincj992,p90p100,1900,0.5079
KOR,sptincj992,p90p100,1910,0.512
KOR,sptincj992,p90p100,1920,0.5503
KOR,sptincj992,p90p100,1930,0.5277000000000001
KOR,sptincj992,p90p100,1933,0.5167
KOR,sptincj992,p90p100,1934,0.511
KOR,sptincj992,p90p100,1935,0.5049
KOR,sptincj992,p90p100,1936,0.499
KOR,sptincj992,p90p100,1937,0.4946
KOR,sptincj992,p90p100,1938,0.4915
KOR,sptincj992,p90p100,1939,0.4865
KOR,sptincj992,p90p100,1940,0.4832
KOR,sptincj992,p90p100,1941,0.469
KOR,sptincj992,p90p100,1942,0.4523
KOR,sptincj992,p90p100,1943,0.4396
KOR,sptincj992,p90p100,1944,0.4231
KOR,sptincj992,p90p100,1945,0.4063
KOR,sptincj992,p90p100,1946,0.3927
KOR,sptincj992,p90p100,1947,0.3763
KOR,sptincj992,p90p100,1948,0.36
KOR,sptincj992,p90p100,1949,0.3445
KOR,sptincj992,p90p100,1950,0.3282
KOR,sptincj992,p90p100,1951,0.3306
KOR,sptincj992,p90p100,1952,0.3325
KOR,sptincj992,p90p100,1953,0.3351
KOR,sptincj992,p90p100,1954,0.3372
KOR,sptincj992,p90p100,1955,0.339
KOR,sptincj992,p90p100,1956,0.3413
KOR,sptincj992,p90p100,1957,0.3433
KOR,sptincj992,p90p100,1958,0.3451
KOR,sptincj992,p90p100,1959,0.3471
KOR,sptincj992,p90p100,1960,0.3488
KOR,sptincj992,p90p100,1961,0.3465
KOR,sptincj992,p90p100,1962,0.3452
KOR,sptincj992,p90p100,1963,0.3421
KOR,sptincj992,p90p100,1964,0.3405
KOR,sptincj992,p90p100,1965,0.3395
KOR,sptincj992,p90p100,1966,0.3361
KOR,sptincj992,p90p100,1967,0.3347
KOR,sptincj992,p90p100,1968,0.3338
KOR,sptincj992,p90p100,1969,0.3303
KOR,sptincj992,p90p100,1970,0.3615
KOR,sptincj992,p90p100,1971,0.3281
KOR,sptincj992,p90p100,1972,0.3278
KOR,sptincj992,p90p100,1973,0.3234
KOR,sptincj992,p90p100,1974,0.3225
KOR,sptincj992,p90p100,1975,0.322
KOR,sptincj992,p90p100,1976,0.3178
KOR,sptincj992,p90p100,1977,0.3171
KOR,sptincj992,p90p100,1978,0.3165
KOR,sptincj992,p90p100,1979,0.3136
KOR,sptincj992,p90p100,1980,0.3224
KOR,sptincj992,p90p100,1981,0.3224
KOR,sptincj992,p90p100,1982,0.3224
KOR,sptincj992,p90p100,1983,0.3143
KOR,sptincj992,p90p100,1984,0.3127
KOR,sptincj992,p90p100,1985,0.311
KOR,sptincj992,p90p100,1986,0.3093
KOR,sptincj992,p90p100,1987,0.3074
KOR,sptincj992,p90p100,1988,0.3055
KOR,sptincj992,p90p100,1989,0.3084
KOR,sptincj992,p90p100,1990,0.3067
KOR,sptincj992,p90p100,1991,0.3084
KOR,sptincj992,p90p100,1992,0.2912
KOR,sptincj992,p90p100,1993,0.2863
KOR,sptincj992,p90p100,1994,0.2726
KOR,sptincj992,p90p100,1995,0.2634
KOR,sptincj992,p90p100,1996,0.2594
KOR,sptincj992,p90p100,1997,0.2611
KOR,sptincj992,p90p100,1998,0.2682
KOR,sptincj992,p90p100,1999,0.275
KOR,sptincj992,p90p100,2000,0.2877
KOR,sptincj992,p90p100,2001,0.2925
KOR,sptincj992,p90p100,2002,0.3031
KOR,sptincj992,p90p100,2003,0.3135
KOR,sptincj992,p90p100,2004,0.3237
KOR,sptincj992,p90p100,2005,0.3336
KOR,sptincj992,p90p100,2006,0.3459
KOR,sptincj992,p90p100,2007,0.3565
KOR,sptincj992,p90p100,2008,0.363
KOR,sptincj992,p90p100,2009,0.3605
KOR,sptincj992,p90p100,2010,0.3837
KOR,sptincj992,p90p100,2011,0.3777
KOR,sptincj992,p90p100,2012,0.3734
KOR,sptincj992,p90p100,2013,0.357
KOR,sptincj992,p90p100,2014,0.3607
KOR,sptincj992,p90p100,2015,0.3694
KOR,sptincj992,p90p100,2016,0.377
KOR,sptincj992,p90p100,2017,0.385
KOR,sptincj992,p90p100,2018,0.3821
KOR,sptincj992,p90p100,2019,0.3677
KOR,sptincj992,p90p100,2020,0.3739
KOR,sptincj992,p90p100,2021,0.3831
KOR,sptincj992,p90p100,2022,0.3776
KOR,sptincj992,p90p100,2023,0.3776
KOR,sptincj992,p90p100,2024,0.3776
KOR,sptincj992,p99p100,1820,0.1616
KOR,sptincj992,p99p100,1850,0.1735
KOR,sptincj992,p99p100,1880,0.1735
KOR,sptincj992,p99p100,1900,0.1756
KOR,sptincj992,p99p100,1910,0.2026
KOR,sptincj992,p99p100,1920,0.2178
KOR,sptincj992,p99p100,1930,0.1984
KOR,sptincj992,p99p100,1933,0.1973
KOR,sptincj992,p99p100,1934,0.1935
KOR,sptincj992,p99p100,1935,0.1892
KOR,sptincj992,p99p100,1936,0.1852
KOR,sptincj992,p99p100,1937,0.1835
KOR,sptincj992,p99p100,1938,0.1841
KOR,sptincj992,p99p100,1939,0.1816
KOR,sptincj992,p99p100,1940,0.1817
KOR,sptincj992,p99p100,1941,0.176
KOR,sptincj992,p99p100,1942,0.1666
KOR,sptincj992,p99p100,1943,0.1631
KOR,sptincj992,p99p100,1944,0.1539
KOR,sptincj992,p99p100,1945,0.1444
KOR,sptincj992,p99p100,1946,0.1394
KOR,sptincj992,p99p100,1947,0.1305
KOR,sptincj992,p99p100,1948,0.1217
KOR,sptincj992,p99p100,1949,0.114
KOR,sptincj992,p99p100,1950,0.1054
KOR,sptincj992,p99p100,1951,0.1063
KOR,sptincj992,p99p100,1952,0.1066
KOR,sptincj992,p99p100,1953,0.108
KOR,sptincj992,p99p100,1954,0.1085
KOR,sptincj992,p99p100,1955,0.1087
KOR,sptincj992,p99p100,1956,0.1097
KOR,sptincj992,p99p100,1957,0.1101
KOR,sptincj992,p99p100,1958,0.1103
KOR,sptincj992,p99p100,1959,0.1107
KOR,sptincj992,p99p100,1960,0.1109
KOR,sptincj992,p99p100,1961,0.1083
KOR,sptincj992,p99p100,1962,0.1071
KOR,sptincj992,p99p100,1963,0.1033
KOR,sptincj992,p99p100,1964,0.1017
KOR,sptincj992,p99p100,1965,0.1009
KOR,sptincj992,p99p100,1966,0.0968
KOR,sptincj992,p99p100,1967,0.0954
KOR,sptincj992,p99p100,1968,0.0948
KOR,sptincj992,p99p100,1969,0.0905
KOR,sptincj992,p99p100,1970,0.1157
KOR,sptincj992,p99p100,1971,0.0887
KOR,sptincj992,p99p100,1972,0.0888
KOR,sptincj992,p99p100,1973,0.0833
KOR,sptincj992,p99p100,1974,0.0826
KOR,sptincj992,p99p100,1975,0.0825
KOR,sptincj992,p99p100,1976,0.0774
KOR,sptincj992,p99p100,1977,0.077
KOR,sptincj992,p99p100,1978,0.0767
KOR,sptincj992,p99p100,1979,0.0733
KOR,sptincj992,p99p100,1980,0.0764
KOR,sptincj992,p99p100,1981,0.0764
KOR,sptincj992,p99p100,1982,0.0764
KOR,sptincj992,p99p100,1983,0.0755
KOR,sptincj992,p99p100,1984,0.0762
KOR,sptincj992,p99p100,1985,0.0769
KOR,sptincj992,p99p100,1986,0.0775
KOR,sptincj992,p99p100,1987,0.0782
KOR,sptincj992,p99p100,1988,0.0789
KOR,sptincj992,p99p100,1989,0.0809
KOR,sptincj992,p99p100,1990,0.0818
KOR,sptincj992,p99p100,1991,0.0836
KOR,sptincj992,p99p100,1992,0.0752
KOR,sptincj992,p99p100,1993,0.0705
KOR,sptincj992,p99p100,1994,0.0642
KOR,sptincj992,p99p100,1995,0.0594
KOR,sptincj992,p99p100,1996,0.0562
KOR,sptincj992,p99p100,1997,0.0575
KOR,sptincj992,p99p100,1998,0.0601
KOR,sptincj992,p99p100,1999,0.0628
KOR,sptincj992,p99p100,2000,0.0671
KOR,sptincj992,p99p100,2001,0.0732
KOR,sptincj992,p99p100,2002,0.0816
KOR,sptincj992,p99p100,2003,0.0909
KOR,sptincj992,p99p100,2004,0.1013
KOR,sptincj992,p99p100,2005,0.1128
KOR,sptincj992,p99p100,2006,0.1266
KOR,sptincj992,p99p100,2007,0.1367
KOR,sptincj992,p99p100,2008,0.1439
KOR,sptincj992,p99p100,2009,0.1485
KOR,sptincj992,p99p100,2010,0.1681
KOR,sptincj992,p99p100,2011,0.1701
KOR,sptincj992,p99p100,2012,0.1695
KOR,sptincj992,p99p100,2013,0.1377
KOR,sptincj992,p99p100,2014,0.1478
KOR,sptincj992,p99p100,2015,0.1585
KOR,sptincj992,p99p100,2016,0.1588
KOR,sptincj992,p99p100,2017,0.1639
KOR,sptincj992,p99p100,2018,0.157
KOR,sptincj992,p99p100,2019,0.134
KOR,sptincj992,p99p100,2020,0.1343
KOR,sptincj992,p99p100,2021,0.1398
KOR,sptincj992,p99p100,2022,0.1411
KOR,sptincj992,p99p100,2023,0.1411
KOR,sptincj992,p99p100,2024,0.1411
LTU,spllinf992,p0p100,1990,0.42879999
LTU,spllinf992,p0p100,1991,0.42879999
LTU,spllinf992,p0p100,1992,0.4285
LTU,spllinf992,p0p100,1993,0.43000001
LTU,spllinf992,p0p100,1994,0.43090001
LTU,spllinf992,p0p100,1995,0.43189999
LTU,spllinf992,p0p100,1996,0.43200001
LTU,spllinf992,p0p100,1997,0.43149999
LTU,spllinf992,p0p100,1998,0.43900001
LTU,spllinf992,p0p100,1999,0.45019999
LTU,spllinf992,p0p100,2000,0.461
LTU,spllinf992,p0p100,2001,0.46020001
LTU,spllinf992,p0p100,2002,0.44549999
LTU,spllinf992,p0p100,2003,0.44999999
LTU,spllinf992,p0p100,2004,0.44190001
LTU,spllinf992,p0p100,2005,0.44
LTU,spllinf992,p0p100,2006,0.43110001
LTU,spllinf992,p0p100,2007,0.4228
LTU,spllinf992,p0p100,2008,0.4276
LTU,spllinf992,p0p100,2009,0.49489999
LTU,spllinf992,p0p100,2010,0.49959999
LTU,spllinf992,p0p100,2011,0.48050001
LTU,spllinf992,p0p100,2012,0.45339999
LTU,spllinf992,p0p100,2013,0.43700001
LTU,spllinf992,p0p100,2014,0.43709999
LTU,spllinf992,p0p100,2015,0.44440001
LTU,spllinf992,p0p100,2016,0.44859999
LTU,spllinf992,p0p100,2017,0.4393
LTU,spllinf992,p0p100,2018,0.42820001
LTU,spllinf992,p0p100,2019,0.44279999
LTU,spllinf992,p0p100,2020,0.45100001
LTU,spllinf992,p0p100,2021,0.44800001
LTU,spllinf992,p0p100,2022,0.4551
LTU,spllinf992,p0p100,2023,0.45050001
LTU,spllinf992,p0p100,2024,0.44760001
LTU,sptincj992,p0p100,1980,1
LTU,sptincj992,p0p100,1981,1
LTU,sptincj992,p0p100,1982,1
LTU,sptincj992,p0p100,1983,1
LTU,sptincj992,p0p100,1984,1
LTU,sptincj992,p0p100,1985,1
LTU,sptincj992,p0p100,1986,1
LTU,sptincj992,p0p100,1987,1
LTU,sptincj992,p0p100,1988,1
LTU,sptincj992,p0p100,1989,1
LTU,sptincj992,p0p100,1990,1
LTU,sptincj992,p0p100,1991,1
LTU,sptincj992,p0p100,1992,1
LTU,sptincj992,p0p100,1993,1
LTU,sptincj992,p0p100,1994,1
LTU,sptincj992,p0p100,1995,1
LTU,sptincj992,p0p100,1996,1
LTU,sptincj992,p0p100,1997,1
LTU,sptincj992,p0p100,1998,1
LTU,sptincj992,p0p100,1999,1
LTU,sptincj992,p0p100,2000,1
LTU,sptincj992,p0p100,2001,1
LTU,sptincj992,p0p100,2002,1
LTU,sptincj992,p0p100,2003,1
LTU,sptincj992,p0p100,2004,1
LTU,sptincj992,p0p100,2005,1
LTU,sptincj992,p0p100,2006,1
LTU,sptincj992,p0p100,2007,1
LTU,sptincj992,p0p100,2008,1
LTU,sptincj992,p0p100,2009,1
LTU,sptincj992,p0p100,2010,1
LTU,sptincj992,p0p100,2011,1
LTU,sptincj992,p0p100,2012,1
LTU,sptincj992,p0p100,2013,1
LTU,sptincj992,p0p100,2014,1
LTU,sptincj992,p0p100,2015,1
LTU,sptincj992,p0p100,2016,1
LTU,sptincj992,p0p100,2017,1
LTU,sptincj992,p0p100,2018,1
LTU,sptincj992,p0p100,2019,1
LTU,sptincj992,p0p100,2020,1
LTU,sptincj992,p0p100,2021,1
LTU,sptincj992,p0p100,2022,1
LTU,sptincj992,p0p100,2023,1
LTU,sptincj992,p0p100,2024,1
LTU,sptincj992,p0p50,1980,0.2478
LTU,sptincj992,p0p50,1981,0.2478
LTU,sptincj992,p0p50,1982,0.2478
LTU,sptincj992,p0p50,1983,0.2478
LTU,sptincj992,p0p50,1984,0.2478
LTU,sptincj992,p0p50,1985,0.2478
LTU,sptincj992,p0p50,1986,0.2478
LTU,sptincj992,p0p50,1987,0.2478
LTU,sptincj992,p0p50,1988,0.2478
LTU,sptincj992,p0p50,1989,0.237
LTU,sptincj992,p0p50,1990,0.2261
LTU,sptincj992,p0p50,1991,0.2145
LTU,sptincj992,p0p50,1992,0.202
LTU,sptincj992,p0p50,1993,0.1922
LTU,sptincj992,p0p50,1994,0.1757
LTU,sptincj992,p0p50,1995,0.1848
LTU,sptincj992,p0p50,1996,0.1927
LTU,sptincj992,p0p50,1997,0.2034
LTU,sptincj992,p0p50,1998,0.2014
LTU,sptincj992,p0p50,1999,0.2063
LTU,sptincj992,p0p50,2000,0.1938
LTU,sptincj992,p0p50,2001,0.1915
LTU,sptincj992,p0p50,2002,0.196
LTU,sptincj992,p0p50,2003,0.2003
LTU,sptincj992,p0p50,2004,0.1795
LTU,sptincj992,p0p50,2005,0.1769
LTU,sptincj992,p0p50,2006,0.1861
LTU,sptincj992,p0p50,2007,0.1807
LTU,sptincj992,p0p50,2008,0.1804
LTU,sptincj992,p0p50,2009,0.1833
LTU,sptincj992,p0p50,2010,0.196
LTU,sptincj992,p0p50,2011,0.1956
LTU,sptincj992,p0p50,2012,0.1851
LTU,sptincj992,p0p50,2013,0.1798
LTU,sptincj992,p0p50,2014,0.1622
LTU,sptincj992,p0p50,2015,0.1726
LTU,sptincj992,p0p50,2016,0.1737
LTU,sptincj992,p0p50,2017,0.1696
LTU,sptincj992,p0p50,2018,0.1774
LTU,sptincj992,p0p50,2019,0.1733
LTU,sptincj992,p0p50,2020,0.1706
LTU,sptincj992,p0p50,2021,0.1678
LTU,sptincj992,p0p50,2022,0.1681
LTU,sptincj992,p0p50,2023,0.1671
LTU,sptincj992,p0p50,2024,0.1671
LTU,sptincj992,p0p90,1980,0.7508
LTU,sptincj992,p0p90,1981,0.7508
LTU,sptincj992,p0p90,1982,0.7508
LTU,sptincj992,p0p90,1983,0.7508
LTU,sptincj992,p0p90,1984,0.7508
LTU,sptincj992,p0p90,1985,0.7508
LTU,sptincj992,p0p90,1986,0.7508
LTU,sptincj992,p0p90,1987,0.7508
LTU,sptincj992,p0p90,1988,0.7508
LTU,sptincj992,p0p90,1989,0.7292000000000001
LTU,sptincj992,p0p90,1990,0.7099000000000001
LTU,sptincj992,p0p90,1991,0.6895
LTU,sptincj992,p0p90,1992,0.6664
LTU,sptincj992,p0p90,1993,0.6464000000000001
LTU,sptincj992,p0p90,1994,0.6405000000000001
LTU,sptincj992,p0p90,1995,0.6499
LTU,sptincj992,p0p90,1996,0.6578
LTU,sptincj992,p0p90,1997,0.6646000000000001
LTU,sptincj992,p0p90,1998,0.6756
LTU,sptincj992,p0p90,1999,0.6821
LTU,sptincj992,p0p90,2000,0.6662
LTU,sptincj992,p0p90,2001,0.6644
LTU,sptincj992,p0p90,2002,0.6712
LTU,sptincj992,p0p90,2003,0.6587000000000001
LTU,sptincj992,p0p90,2004,0.6451
LTU,sptincj992,p0p90,2005,0.6393
LTU,sptincj992,p0p90,2006,0.6603
LTU,sptincj992,p0p90,2007,0.626
LTU,sptincj992,p0p90,2008,0.6223000000000001
LTU,sptincj992,p0p90,2009,0.6223000000000001
LTU,sptincj992,p0p90,2010,0.6503
LTU,sptincj992,p0p90,2011,0.6494
LTU,sptincj992,p0p90,2012,0.6227
LTU,sptincj992,p0p90,2013,0.6163000000000001
LTU,sptincj992,p0p90,2014,0.5829
LTU,sptincj992,p0p90,2015,0.6234000000000001
LTU,sptincj992,p0p90,2016,0.625
LTU,sptincj992,p0p90,2017,0.612
LTU,sptincj992,p0p90,2018,0.6249
LTU,sptincj992,p0p90,2019,0.6265000000000001
LTU,sptincj992,p0p90,2020,0.6333000000000001
LTU,sptincj992,p0p90,2021,0.6409
LTU,sptincj992,p0p90,2022,0.6389
LTU,sptincj992,p0p90,2023,0.6437
LTU,sptincj992,p0p90,2024,0.6437
LTU,sptincj992,p0p99,1980,0.9551000000000001
LTU,sptincj992,p0p99,1981,0.9551000000000001
LTU,sptincj992,p0p99,1982,0.9551000000000001
LTU,sptincj992,p0p99,1983,0.9551000000000001
LTU,sptincj992,p0p99,1984,0.9551000000000001
LTU,sptincj992,p0p99,1985,0.9551000000000001
LTU,sptincj992,p0p99,1986,0.9551000000000001
LTU,sptincj992,p0p99,1987,0.9551000000000001
LTU,sptincj992,p0p99,1988,0.9551000000000001
LTU,sptincj992,p0p99,1989,0.9454
LTU,sptincj992,p0p99,1990,0.9373
LTU,sptincj992,p0p99,1991,0.9284
LTU,sptincj992,p0p99,1992,0.9177000000000001
LTU,sptincj992,p0p99,1993,0.9075000000000001
LTU,sptincj992,p0p99,1994,0.9067000000000001
LTU,sptincj992,p0p99,1995,0.9099
LTU,sptincj992,p0p99,1996,0.9122
LTU,sptincj992,p0p99,1997,0.9127000000000001
LTU,sptincj992,p0p99,1998,0.9227000000000001
LTU,sptincj992,p0p99,1999,0.9259000000000001
LTU,sptincj992,p0p99,2000,0.918
LTU,sptincj992,p0p99,2001,0.9169
LTU,sptincj992,p0p99,2002,0.921
LTU,sptincj992,p0p99,2003,0.9092
LTU,sptincj992,p0p99,2004,0.9116000000000001
LTU,sptincj992,p0p99,2005,0.9015000000000001
LTU,sptincj992,p0p99,2006,0.9116000000000001
LTU,sptincj992,p0p99,2007,0.8806
LTU,sptincj992,p0p99,2008,0.8771
LTU,sptincj992,p0p99,2009,0.8856
LTU,sptincj992,p0p99,2010,0.9053
LTU,sptincj992,p0p99,2011,0.901
LTU,sptincj992,p0p99,2012,0.8826
LTU,sptincj992,p0p99,2013,0.8778
LTU,sptincj992,p0p99,2014,0.8497
LTU,sptincj992,p0p99,2015,0.8875000000000001
LTU,sptincj992,p0p99,2016,0.8883000000000001
LTU,sptincj992,p0p99,2017,0.8755000000000001
LTU,sptincj992,p0p99,2018,0.8834000000000001
LTU,sptincj992,p0p99,2019,0.8891
LTU,sptincj992,p0p99,2020,0.8945000000000001
LTU,sptincj992,p0p99,2021,0.8997
LTU,sptincj992,p0p99,2022,0.9047000000000001
LTU,sptincj992,p0p99,2023,0.9095000000000001
LTU,sptincj992,p0p99,2024,0.9095000000000001
LTU,sptincj992,p50p90,1980,0.503
LTU,sptincj992,p50p90,1981,0.503
LTU,sptincj992,p50p90,1982,0.503
LTU,sptincj992,p50p90,1983,0.503
LTU,sptincj992,p50p90,1984,0.503
LTU,sptincj992,p50p90,1985,0.503
LTU,sptincj992,p50p90,1986,0.503
LTU,sptincj992,p50p90,1987,0.503
LTU,sptincj992,p50p90,1988,0.503
LTU,sptincj992,p50p90,1989,0.4923
LTU,sptincj992,p50p90,1990,0.4838
LTU,sptincj992,p50p90,1991,0.475
LTU,sptincj992,p50p90,1992,0.4644
LTU,sptincj992,p50p90,1993,0.4542
LTU,sptincj992,p50p90,1994,0.4648
LTU,sptincj992,p50p90,1995,0.4651
LTU,sptincj992,p50p90,1996,0.4652
LTU,sptincj992,p50p90,1997,0.4611
LTU,sptincj992,p50p90,1998,0.4742
LTU,sptincj992,p50p90,1999,0.4758
LTU,sptincj992,p50p90,2000,0.4723
LTU,sptincj992,p50p90,2001,0.4729
LTU,sptincj992,p50p90,2002,0.4752
LTU,sptincj992,p50p90,2003,0.4584
LTU,sptincj992,p50p90,2004,0.4655
LTU,sptincj992,p50p90,2005,0.4624
LTU,sptincj992,p50p90,2006,0.4743
LTU,sptincj992,p50p90,2007,0.4453
LTU,sptincj992,p50p90,2008,0.4419
LTU,sptincj992,p50p90,2009,0.439
LTU,sptincj992,p50p90,2010,0.4543
LTU,sptincj992,p50p90,2011,0.4538
LTU,sptincj992,p50p90,2012,0.4377
LTU,sptincj992,p50p90,2013,0.4364
LTU,sptincj992,p50p90,2014,0.4207
LTU,sptincj992,p50p90,2015,0.4508
LTU,sptincj992,p50p90,2016,0.4513
LTU,sptincj992,p50p90,2017,0.4425
LTU,sptincj992,p50p90,2018,0.4475
LTU,sptincj992,p50p90,2019,0.4533
LTU,sptincj992,p50p90,2020,0.4628
LTU,sptincj992,p50p90,2021,0.4732
LTU,sptincj992,p50p90,2022,0.4708
LTU,sptincj992,p50p90,2023,0.4766
LTU,sptincj992,p50p90,2024,0.4766
LTU,sptincj992,p90p100,1980,0.2492
LTU,sptincj992,p90p100,1981,0.2492
LTU,sptincj992,p90p100,1982,0.2492
LTU,sptincj992,p90p100,1983,0.2492
LTU,sptincj992,p90p100,1984,0.2492
LTU,sptincj992,p90p100,1985,0.2492
LTU,sptincj992,p90p100,1986,0.2492
LTU,sptincj992,p90p100,1987,0.2492
LTU,sptincj992,p90p100,1988,0.2492
LTU,sptincj992,p90p100,1989,0.2708
LTU,sptincj992,p90p100,1990,0.2901
LTU,sptincj992,p90p100,1991,0.3105
LTU,sptincj992,p90p100,1992,0.3336
LTU,sptincj992,p90p100,1993,0.3536
LTU,sptincj992,p90p100,1994,0.3595
LTU,sptincj992,p90p100,1995,0.3501
LTU,sptincj992,p90p100,1996,0.3422
LTU,sptincj992,p90p100,1997,0.3354
LTU,sptincj992,p90p100,1998,0.3244
LTU,sptincj992,p90p100,1999,0.3179
LTU,sptincj992,p90p100,2000,0.3338
LTU,sptincj992,p90p100,2001,0.3356
LTU,sptincj992,p90p100,2002,0.3288
LTU,sptincj992,p90p100,2003,0.3413
LTU,sptincj992,p90p100,2004,0.3549
LTU,sptincj992,p90p100,2005,0.3607
LTU,sptincj992,p90p100,2006,0.3397
LTU,sptincj992,p90p100,2007,0.374
LTU,sptincj992,p90p100,2008,0.3777
LTU,sptincj992,p90p100,2009,0.3777
LTU,sptincj992,p90p100,2010,0.3497
LTU,sptincj992,p90p100,2011,0.3506
LTU,sptincj992,p90p100,2012,0.3773
LTU,sptincj992,p90p100,2013,0.3837
LTU,sptincj992,p90p100,2014,0.4171
LTU,sptincj992,p90p100,2015,0.3766
LTU,sptincj992,p90p100,2016,0.375
LTU,sptincj992,p90p100,2017,0.388
LTU,sptincj992,p90p100,2018,0.3751
LTU,sptincj992,p90p100,2019,0.3735
LTU,sptincj992,p90p100,2020,0.3667
LTU,sptincj992,p90p100,2021,0.3591
LTU,sptincj992,p90p100,2022,0.3611
LTU,sptincj992,p90p100,2023,0.3563
LTU,sptincj992,p90p100,2024,0.3563
LTU,sptincj992,p99p100,1980,0.0449
LTU,sptincj992,p99p100,1981,0.0449
LTU,sptincj992,p99p100,1982,0.0449
LTU,sptincj992,p99p100,1983,0.0449
LTU,sptincj992,p99p100,1984,0.0449
LTU,sptincj992,p99p100,1985,0.0449
LTU,sptincj992,p99p100,1986,0.0449
LTU,sptincj992,p99p100,1987,0.0449
LTU,sptincj992,p99p100,1988,0.0449
LTU,sptincj992,p99p100,1989,0.0546
LTU,sptincj992,p99p100,1990,0.0627
LTU,sptincj992,p99p100,1991,0.0716
LTU,sptincj992,p99p100,1992,0.0823
LTU,sptincj992,p99p100,1993,0.0925
LTU,sptincj992,p99p100,1994,0.0933
LTU,sptincj992,p99p100,1995,0.0901
LTU,sptincj992,p99p100,1996,0.0878
LTU,sptincj992,p99p100,1997,0.0873
LTU,sptincj992,p99p100,1998,0.0773
LTU,sptincj992,p99p100,1999,0.0741
LTU,sptincj992,p99p100,2000,0.082
LTU,sptincj992,p99p100,2001,0.0831
LTU,sptincj992,p99p100,2002,0.079
LTU,sptincj992,p99p100,2003,0.0908
LTU,sptincj992,p99p100,2004,0.0884
LTU,sptincj992,p99p100,2005,0.0985
LTU,sptincj992,p99p100,2006,0.0884
LTU,sptincj992,p99p100,2007,0.1194
LTU,sptincj992,p99p100,2008,0.1229
LTU,sptincj992,p99p100,2009,0.1144
LTU,sptincj992,p99p100,2010,0.0947
LTU,sptincj992,p99p100,2011,0.099
LTU,sptincj992,p99p100,2012,0.1174
LTU,sptincj992,p99p100,2013,0.1222
LTU,sptincj992,p99p100,2014,0.1503
LTU,sptincj992,p99p100,2015,0.1125
LTU,sptincj992,p99p100,2016,0.1117
LTU,sptincj992,p99p100,2017,0.1245
LTU,sptincj992,p99p100,2018,0.1166
LTU,sptincj992,p99p100,2019,0.1109
LTU,sptincj992,p99p100,2020,0.1055
LTU,sptincj992,p99p100,2021,0.1003
LTU,sptincj992,p99p100,2022,0.0953
LTU,sptincj992,p99p100,2023,0.0905
LTU,sptincj992,p99p100,2024,0.0905
LUX,spllinf992,p0p100,1990,0.27059999
LUX,spllinf992,p0p100,1991,0.27039999
LUX,spllinf992,p0p100,1992,0.27959999
LUX,spllinf992,p0p100,1993,0.28259999
LUX,spllinf992,p0p100,1994,0.2402
LUX,spllinf992,p0p100,1995,0.248
LUX,spllinf992,p0p100,1996,0.2529
LUX,spllinf992,p0p100,1997,0.25740001
LUX,spllinf992,p0p100,1998,0.2633
LUX,spllinf992,p0p100,1999,0.26789999
LUX,spllinf992,p0p100,2000,0.2676
LUX,spllinf992,p0p100,2001,0.27250001
LUX,spllinf992,p0p100,2002,0.29570001
LUX,spllinf992,p0p100,2003,0.2947
LUX,spllinf992,p0p100,2004,0.29359999
LUX,spllinf992,p0p100,2005,0.30849999
LUX,spllinf992,p0p100,2006,0.31279999
LUX,spllinf992,p0p100,2007,0.3075
LUX,spllinf992,p0p100,2008,0.3224
LUX,spllinf992,p0p100,2009,0.3427
LUX,spllinf992,p0p100,2010,0.34599999
LUX,spllinf992,p0p100,2011,0.3529
LUX,spllinf992,p0p100,2012,0.35699999
LUX,spllinf992,p0p100,2013,0.37850001
LUX,spllinf992,p0p100,2014,0.39829999
LUX,spllinf992,p0p100,2015,0.37740001
LUX,spllinf992,p0p100,2016,0.37329999
LUX,spllinf992,p0p100,2017,0.37329999
LUX,spllinf992,p0p100,2018,0.3935
LUX,spllinf992,p0p100,2019,0.4025
LUX,spllinf992,p0p100,2020,0.38420001
LUX,spllinf992,p0p100,2021,0.39219999
LUX,spllinf992,p0p100,2022,0.40130001
LUX,spllinf992,p0p100,2023,0.4007
LUX,spllinf992,p0p100,2024,0.40509999
LUX,sptincj992,p0p100,1980,1
LUX,sptincj992,p0p100,1981,1
LUX,sptincj992,p0p100,1982,1
LUX,sptincj992,p0p100,1983,1
LUX,sptincj992,p0p100,1984,1
LUX,sptincj992,p0p100,1985,1
LUX,sptincj992,p0p100,1986,1
LUX,sptincj992,p0p100,1987,1
LUX,sptincj992,p0p100,1988,1
LUX,sptincj992,p0p100,1989,1
LUX,sptincj992,p0p100,1990,1
LUX,sptincj992,p0p100,1991,1
LUX,sptincj992,p0p100,1992,1
LUX,sptincj992,p0p100,1993,1
LUX,sptincj992,p0p100,1994,1
LUX,sptincj992,p0p100,1995,1
LUX,sptincj992,p0p100,1996,1
LUX,sptincj992,p0p100,1997,1
LUX,sptincj992,p0p100,1998,1
LUX,sptincj992,p0p100,1999,1
LUX,sptincj992,p0p100,2000,1
LUX,sptincj992,p0p100,2001,1
LUX,sptincj992,p0p100,2002,1
LUX,sptincj992,p0p100,2003,1
LUX,sptincj992,p0p100,2004,1
LUX,sptincj992,p0p100,2005,1
LUX,sptincj992,p0p100,2006,1
LUX,sptincj992,p0p100,2007,1
LUX,sptincj992,p0p100,2008,1
LUX,sptincj992,p0p100,2009,1
LUX,sptincj992,p0p100,2010,1
LUX,sptincj992,p0p100,2011,1
LUX,sptincj992,p0p100,2012,1
LUX,sptincj992,p0p100,2013,1
LUX,sptincj992,p0p100,2014,1
LUX,sptincj992,p0p100,2015,1
LUX,sptincj992,p0p100,2016,1
LUX,sptincj992,p0p100,2017,1
LUX,sptincj992,p0p100,2018,1
LUX,sptincj992,p0p100,2019,1
LUX,sptincj992,p0p100,2020,1
LUX,sptincj992,p0p100,2021,1
LUX,sptincj992,p0p100,2022,1
LUX,sptincj992,p0p100,2023,1
LUX,sptincj992,p0p100,2024,1
LUX,sptincj992,p0p50,1980,0.215
LUX,sptincj992,p0p50,1981,0.215
LUX,sptincj992,p0p50,1982,0.215
LUX,sptincj992,p0p50,1983,0.215
LUX,sptincj992,p0p50,1984,0.215
LUX,sptincj992,p0p50,1985,0.2154
LUX,sptincj992,p0p50,1986,0.2143
LUX,sptincj992,p0p50,1987,0.2149
LUX,sptincj992,p0p50,1988,0.2141
LUX,sptincj992,p0p50,1989,0.2126
LUX,sptincj992,p0p50,1990,0.2143
LUX,sptincj992,p0p50,1991,0.2138
LUX,sptincj992,p0p50,1992,0.2151
LUX,sptincj992,p0p50,1993,0.2139
LUX,sptincj992,p0p50,1994,0.2131
LUX,sptincj992,p0p50,1995,0.2106
LUX,sptincj992,p0p50,1996,0.2073
LUX,sptincj992,p0p50,1997,0.1996
LUX,sptincj992,p0p50,1998,0.1887
LUX,sptincj992,p0p50,1999,0.1922
LUX,sptincj992,p0p50,2000,0.1882
LUX,sptincj992,p0p50,2001,0.1917
LUX,sptincj992,p0p50,2002,0.2007
LUX,sptincj992,p0p50,2003,0.2018
LUX,sptincj992,p0p50,2004,0.1843
LUX,sptincj992,p0p50,2005,0.183
LUX,sptincj992,p0p50,2006,0.1941
LUX,sptincj992,p0p50,2007,0.1832
LUX,sptincj992,p0p50,2008,0.1848
LUX,sptincj992,p0p50,2009,0.2
LUX,sptincj992,p0p50,2010,0.2026
LUX,sptincj992,p0p50,2011,0.1995
LUX,sptincj992,p0p50,2012,0.1865
LUX,sptincj992,p0p50,2013,0.1958
LUX,sptincj992,p0p50,2014,0.1981
LUX,sptincj992,p0p50,2015,0.2069
LUX,sptincj992,p0p50,2016,0.1961
LUX,sptincj992,p0p50,2017,0.187
LUX,sptincj992,p0p50,2018,0.1908
LUX,sptincj992,p0p50,2019,0.1969
LUX,sptincj992,p0p50,2020,0.1969
LUX,sptincj992,p0p50,2021,0.2025
LUX,sptincj992,p0p50,2022,0.1997
LUX,sptincj992,p0p50,2023,0.2048
LUX,sptincj992,p0p50,2024,0.2048
LUX,sptincj992,p0p90,1980,0.6475000000000001
LUX,sptincj992,p0p90,1981,0.6475000000000001
LUX,sptincj992,p0p90,1982,0.6475000000000001
LUX,sptincj992,p0p90,1983,0.6475000000000001
LUX,sptincj992,p0p90,1984,0.6472
LUX,sptincj992,p0p90,1985,0.6478
LUX,sptincj992,p0p90,1986,0.647
LUX,sptincj992,p0p90,1987,0.6472
LUX,sptincj992,p0p90,1988,0.6468
LUX,sptincj992,p0p90,1989,0.6456000000000001
LUX,sptincj992,p0p90,1990,0.6459
LUX,sptincj992,p0p90,1991,0.6467
LUX,sptincj992,p0p90,1992,0.647
LUX,sptincj992,p0p90,1993,0.646
LUX,sptincj992,p0p90,1994,0.6442
LUX,sptincj992,p0p90,1995,0.6406000000000001
LUX,sptincj992,p0p90,1996,0.6372
LUX,sptincj992,p0p90,1997,0.6224000000000001
LUX,sptincj992,p0p90,1998,0.5987
LUX,sptincj992,p0p90,1999,0.6062000000000001
LUX,sptincj992,p0p90,2000,0.5969
LUX,sptincj992,p0p90,2001,0.6036
LUX,sptincj992,p0p90,2002,0.6245
LUX,sptincj992,p0p90,2003,0.6225
LUX,sptincj992,p0p90,2004,0.5808
LUX,sptincj992,p0p90,2005,0.5742
LUX,sptincj992,p0p90,2006,0.6088
LUX,sptincj992,p0p90,2007,0.5775
LUX,sptincj992,p0p90,2008,0.5929
LUX,sptincj992,p0p90,2009,0.6303000000000001
LUX,sptincj992,p0p90,2010,0.6379
LUX,sptincj992,p0p90,2011,0.6447
LUX,sptincj992,p0p90,2012,0.6126
LUX,sptincj992,p0p90,2013,0.6385000000000001
LUX,sptincj992,p0p90,2014,0.6361
LUX,sptincj992,p0p90,2015,0.6658000000000001
LUX,sptincj992,p0p90,2016,0.6524
LUX,sptincj992,p0p90,2017,0.6288
LUX,sptincj992,p0p90,2018,0.6408
LUX,sptincj992,p0p90,2019,0.6655
LUX,sptincj992,p0p90,2020,0.6655
LUX,sptincj992,p0p90,2021,0.6685
LUX,sptincj992,p0p90,2022,0.6605000000000001
LUX,sptincj992,p0p90,2023,0.6739
LUX,sptincj992,p0p90,2024,0.6739
LUX,sptincj992,p0p99,1980,0.8702000000000001
LUX,sptincj992,p0p99,1981,0.8702000000000001
LUX,sptincj992,p0p99,1982,0.8702000000000001
LUX,sptincj992,p0p99,1983,0.8702000000000001
LUX,sptincj992,p0p99,1984,0.8699
LUX,sptincj992,p0p99,1985,0.8697
LUX,sptincj992,p0p99,1986,0.8687
LUX,sptincj992,p0p99,1987,0.8681000000000001
LUX,sptincj992,p0p99,1988,0.867
LUX,sptincj992,p0p99,1989,0.8657
LUX,sptincj992,p0p99,1990,0.8654000000000001
LUX,sptincj992,p0p99,1991,0.8655
LUX,sptincj992,p0p99,1992,0.8659
LUX,sptincj992,p0p99,1993,0.8657
LUX,sptincj992,p0p99,1994,0.8653000000000001
LUX,sptincj992,p0p99,1995,0.8635
LUX,sptincj992,p0p99,1996,0.8614
LUX,sptincj992,p0p99,1997,0.8491000000000001
LUX,sptincj992,p0p99,1998,0.8290000000000001
LUX,sptincj992,p0p99,1999,0.8363
LUX,sptincj992,p0p99,2000,0.8279000000000001
LUX,sptincj992,p0p99,2001,0.8362
LUX,sptincj992,p0p99,2002,0.8566
LUX,sptincj992,p0p99,2003,0.8560000000000001
LUX,sptincj992,p0p99,2004,0.8190000000000001
LUX,sptincj992,p0p99,2005,0.8147000000000001
LUX,sptincj992,p0p99,2006,0.8448
LUX,sptincj992,p0p99,2007,0.8148000000000001
LUX,sptincj992,p0p99,2008,0.8263
LUX,sptincj992,p0p99,2009,0.8595
LUX,sptincj992,p0p99,2010,0.8647
LUX,sptincj992,p0p99,2011,0.871
LUX,sptincj992,p0p99,2012,0.8413
LUX,sptincj992,p0p99,2013,0.8645
LUX,sptincj992,p0p99,2014,0.8638
LUX,sptincj992,p0p99,2015,0.8938
LUX,sptincj992,p0p99,2016,0.879
LUX,sptincj992,p0p99,2017,0.8625
LUX,sptincj992,p0p99,2018,0.8748
LUX,sptincj992,p0p99,2019,0.899
LUX,sptincj992,p0p99,2020,0.899
LUX,sptincj992,p0p99,2021,0.8961
LUX,sptincj992,p0p99,2022,0.8898
LUX,sptincj992,p0p99,2023,0.8977
LUX,sptincj992,p0p99,2024,0.8977
LUX,sptincj992,p50p90,1980,0.4325
LUX,sptincj992,p50p90,1981,0.4325
LUX,sptincj992,p50p90,1982,0.4325
LUX,sptincj992,p50p90,1983,0.4325
LUX,sptincj992,p50p90,1984,0.4322
LUX,sptincj992,p50p90,1985,0.4324
LUX,sptincj992,p50p90,1986,0.4327
LUX,sptincj992,p50p90,1987,0.4322
LUX,sptincj992,p50p90,1988,0.4327
LUX,sptincj992,p50p90,1989,0.433
LUX,sptincj992,p50p90,1990,0.4316
LUX,sptincj992,p50p90,1991,0.4328
LUX,sptincj992,p50p90,1992,0.432
LUX,sptincj992,p50p90,1993,0.4321
LUX,sptincj992,p50p90,1994,0.431
LUX,sptincj992,p50p90,1995,0.4301
LUX,sptincj992,p50p90,1996,0.4299
LUX,sptincj992,p50p90,1997,0.4228
LUX,sptincj992,p50p90,1998,0.41
LUX,sptincj992,p50p90,1999,0.414
LUX,sptincj992,p50p90,2000,0.4087
LUX,sptincj992,p50p90,2001,0.4118
LUX,sptincj992,p50p90,2002,0.4238
LUX,sptincj992,p50p90,2003,0.4206
LUX,sptincj992,p50p90,2004,0.3965
LUX,sptincj992,p50p90,2005,0.3912
LUX,sptincj992,p50p90,2006,0.4146
LUX,sptincj992,p50p90,2007,0.3943
LUX,sptincj992,p50p90,2008,0.4081
LUX,sptincj992,p50p90,2009,0.4303
LUX,sptincj992,p50p90,2010,0.4353
LUX,sptincj992,p50p90,2011,0.4453
LUX,sptincj992,p50p90,2012,0.4261
LUX,sptincj992,p50p90,2013,0.4427
LUX,sptincj992,p50p90,2014,0.438
LUX,sptincj992,p50p90,2015,0.4588
LUX,sptincj992,p50p90,2016,0.4563
LUX,sptincj992,p50p90,2017,0.4418
LUX,sptincj992,p50p90,2018,0.45
LUX,sptincj992,p50p90,2019,0.4686
LUX,sptincj992,p50p90,2020,0.4686
LUX,sptincj992,p50p90,2021,0.466
LUX,sptincj992,p50p90,2022,0.4608
LUX,sptincj992,p50p90,2023,0.4692
LUX,sptincj992,p50p90,2024,0.4692
LUX,sptincj992,p90p100,1980,0.3525
LUX,sptincj992,p90p100,1981,0.3525
LUX,sptincj992,p90p100,1982,0.3525
LUX,sptincj992,p90p100,1983,0.3525
LUX,sptincj992,p90p100,1984,0.3528
LUX,sptincj992,p90p100,1985,0.3522
LUX,sptincj992,p90p100,1986,0.353
LUX,sptincj992,p90p100,1987,0.3528
LUX,sptincj992,p90p100,1988,0.3532
LUX,sptincj992,p90p100,1989,0.3544
LUX,sptincj992,p90p100,1990,0.3541
LUX,sptincj992,p90p100,1991,0.3533
LUX,sptincj992,p90p100,1992,0.353
LUX,sptincj992,p90p100,1993,0.354
LUX,sptincj992,p90p100,1994,0.3558
LUX,sptincj992,p90p100,1995,0.3594
LUX,sptincj992,p90p100,1996,0.3628
LUX,sptincj992,p90p100,1997,0.3776
LUX,sptincj992,p90p100,1998,0.4013
LUX,sptincj992,p90p100,1999,0.3938
LUX,sptincj992,p90p100,2000,0.4031
LUX,sptincj992,p90p100,2001,0.3964
LUX,sptincj992,p90p100,2002,0.3755
LUX,sptincj992,p90p100,2003,0.3775
LUX,sptincj992,p90p100,2004,0.4192
LUX,sptincj992,p90p100,2005,0.4258
LUX,sptincj992,p90p100,2006,0.3912
LUX,sptincj992,p90p100,2007,0.4225
LUX,sptincj992,p90p100,2008,0.4071
LUX,sptincj992,p90p100,2009,0.3697
LUX,sptincj992,p90p100,2010,0.3621
LUX,sptincj992,p90p100,2011,0.3553
LUX,sptincj992,p90p100,2012,0.3874
LUX,sptincj992,p90p100,2013,0.3615
LUX,sptincj992,p90p100,2014,0.3639
LUX,sptincj992,p90p100,2015,0.3342
LUX,sptincj992,p90p100,2016,0.3476
LUX,sptincj992,p90p100,2017,0.3712
LUX,sptincj992,p90p100,2018,0.3592
LUX,sptincj992,p90p100,2019,0.3345
LUX,sptincj992,p90p100,2020,0.3345
LUX,sptincj992,p90p100,2021,0.3315
LUX,sptincj992,p90p100,2022,0.3395
LUX,sptincj992,p90p100,2023,0.3261
LUX,sptincj992,p90p100,2024,0.3261
LUX,sptincj992,p99p100,1980,0.1298
LUX,sptincj992,p99p100,1981,0.1298
LUX,sptincj992,p99p100,1982,0.1298
LUX,sptincj992,p99p100,1983,0.1298
LUX,sptincj992,p99p100,1984,0.1301
LUX,sptincj992,p99p100,1985,0.1303
LUX,sptincj992,p99p100,1986,0.1313
LUX,sptincj992,p99p100,1987,0.1319
LUX,sptincj992,p99p100,1988,0.133
LUX,sptincj992,p99p100,1989,0.1343
LUX,sptincj992,p99p100,1990,0.1346
LUX,sptincj992,p99p100,1991,0.1345
LUX,sptincj992,p99p100,1992,0.1341
LUX,sptincj992,p99p100,1993,0.1343
LUX,sptincj992,p99p100,1994,0.1347
LUX,sptincj992,p99p100,1995,0.1365
LUX,sptincj992,p99p100,1996,0.1386
LUX,sptincj992,p99p100,1997,0.1509
LUX,sptincj992,p99p100,1998,0.171
LUX,sptincj992,p99p100,1999,0.1637
LUX,sptincj992,p99p100,2000,0.1721
LUX,sptincj992,p99p100,2001,0.1638
LUX,sptincj992,p99p100,2002,0.1434
LUX,sptincj992,p99p100,2003,0.144
LUX,sptincj992,p99p100,2004,0.181
LUX,sptincj992,p99p100,2005,0.1853
LUX,sptincj992,p99p100,2006,0.1552
LUX,sptincj992,p99p100,2007,0.1852
LUX,sptincj992,p99p100,2008,0.1737
LUX,sptincj992,p99p100,2009,0.1405
LUX,sptincj992,p99p100,2010,0.1353
LUX,sptincj992,p99p100,2011,0.129
LUX,sptincj992,p99p100,2012,0.1587
LUX,sptincj992,p99p100,2013,0.1355
LUX,sptincj992,p99p100,2014,0.1362
LUX,sptincj992,p99p100,2015,0.1062
LUX,sptincj992,p99p100,2016,0.121
LUX,sptincj992,p99p100,2017,0.1375
LUX,sptincj992,p99p100,2018,0.1252
LUX,sptincj992,p99p100,2019,0.101
LUX,sptincj992,p99p100,2020,0.101
LUX,sptincj992,p99p100,2021,0.1039
LUX,sptincj992,p99p100,2022,0.1102
LUX,sptincj992,p99p100,2023,0.1023
LUX,sptincj992,p99p100,2024,0.1023
LVA,spllinf992,p0p100,1990,0.4165
LVA,spllinf992,p0p100,1991,0.4165
LVA,spllinf992,p0p100,1992,0.41729999
LVA,spllinf992,p0p100,1993,0.42120001
LVA,spllinf992,p0p100,1994,0.4235
LVA,spllinf992,p0p100,1995,0.42469999
LVA,spllinf992,p0p100,1996,0.42539999
LVA,spllinf992,p0p100,1997,0.4323
LVA,spllinf992,p0p100,1998,0.43520001
LVA,spllinf992,p0p100,1999,0.4267
LVA,spllinf992,p0p100,2000,0.4321
LVA,spllinf992,p0p100,2001,0.44010001
LVA,spllinf992,p0p100,2002,0.43630001
LVA,spllinf992,p0p100,2003,0.4332
LVA,spllinf992,p0p100,2004,0.42910001
LVA,spllinf992,p0p100,2005,0.42539999
LVA,spllinf992,p0p100,2006,0.42500001
LVA,spllinf992,p0p100,2007,0.4307
LVA,spllinf992,p0p100,2008,0.4571
LVA,spllinf992,p0p100,2009,0.48469999
LVA,spllinf992,p0p100,2010,0.4707
LVA,spllinf992,p0p100,2011,0.46950001
LVA,spllinf992,p0p100,2012,0.4562
LVA,spllinf992,p0p100,2013,0.45860001
LVA,spllinf992,p0p100,2014,0.45120001
LVA,spllinf992,p0p100,2015,0.44940001
LVA,spllinf992,p0p100,2016,0.4508
LVA,spllinf992,p0p100,2017,0.4411
LVA,spllinf992,p0p100,2018,0.4386
LVA,spllinf992,p0p100,2019,0.4465
LVA,spllinf992,p0p100,2020,0.44310001
LVA,spllinf992,p0p100,2021,0.43650001
LVA,spllinf992,p0p100,2022,0.44240001
LVA,spllinf992,p0p100,2023,0.44220001
LVA,spllinf992,p0p100,2024,0.4456
LVA,sptincj992,p0p100,1980,1
LVA,sptincj992,p0p100,1981,1
LVA,sptincj992,p0p100,1982,1
LVA,sptincj992,p0p100,1983,1
LVA,sptincj992,p0p100,1984,1
LVA,sptincj992,p0p100,1985,1
LVA,sptincj992,p0p100,1986,1
LVA,sptincj992,p0p100,1987,1
LVA,sptincj992,p0p100,1988,1
LVA,sptincj992,p0p100,1989,1
LVA,sptincj992,p0p100,1990,1
LVA,sptincj992,p0p100,1991,1
LVA,sptincj992,p0p100,1992,1
LVA,sptincj992,p0p100,1993,1
LVA,sptincj992,p0p100,1994,1
LVA,sptincj992,p0p100,1995,1
LVA,sptincj992,p0p100,1996,1
LVA,sptincj992,p0p100,1997,1
LVA,sptincj992,p0p100,1998,1
LVA,sptincj992,p0p100,1999,1
LVA,sptincj992,p0p100,2000,1
LVA,sptincj992,p0p100,2001,1
LVA,sptincj992,p0p100,2002,1
LVA,sptincj992,p0p100,2003,1
LVA,sptincj992,p0p100,2004,1
LVA,sptincj992,p0p100,2005,1
LVA,sptincj992,p0p100,2006,1
LVA,sptincj992,p0p100,2007,1
LVA,sptincj992,p0p100,2008,1
LVA,sptincj992,p0p100,2009,1
LVA,sptincj992,p0p100,2010,1
LVA,sptincj992,p0p100,2011,1
LVA,sptincj992,p0p100,2012,1
LVA,sptincj992,p0p100,2013,1
LVA,sptincj992,p0p100,2014,1
LVA,sptincj992,p0p100,2015,1
LVA,sptincj992,p0p100,2016,1
LVA,sptincj992,p0p100,2017,1
LVA,sptincj992,p0p100,2018,1
LVA,sptincj992,p0p100,2019,1
LVA,sptincj992,p0p100,2020,1
LVA,sptincj992,p0p100,2021,1
LVA,sptincj992,p0p100,2022,1
LVA,sptincj992,p0p100,2023,1
LVA,sptincj992,p0p100,2024,1
LVA,sptincj992,p0p50,1980,0.2636
LVA,sptincj992,p0p50,1981,0.2635
LVA,sptincj992,p0p50,1982,0.2636
LVA,sptincj992,p0p50,1983,0.2635
LVA,sptincj992,p0p50,1984,0.2636
LVA,sptincj992,p0p50,1985,0.2636
LVA,sptincj992,p0p50,1986,0.2636
LVA,sptincj992,p0p50,1987,0.2636
LVA,sptincj992,p0p50,1988,0.2635
LVA,sptincj992,p0p50,1989,0.2566
LVA,sptincj992,p0p50,1990,0.25
LVA,sptincj992,p0p50,1991,0.2419
LVA,sptincj992,p0p50,1992,0.2291
LVA,sptincj992,p0p50,1993,0.2075
LVA,sptincj992,p0p50,1994,0.1978
LVA,sptincj992,p0p50,1995,0.1961
LVA,sptincj992,p0p50,1996,0.1835
LVA,sptincj992,p0p50,1997,0.1802
LVA,sptincj992,p0p50,1998,0.1758
LVA,sptincj992,p0p50,1999,0.1745
LVA,sptincj992,p0p50,2000,0.176
LVA,sptincj992,p0p50,2001,0.1754
LVA,sptincj992,p0p50,2002,0.1703
LVA,sptincj992,p0p50,2003,0.1672
LVA,sptincj992,p0p50,2004,0.17
LVA,sptincj992,p0p50,2005,0.1589
LVA,sptincj992,p0p50,2006,0.1679
LVA,sptincj992,p0p50,2007,0.1488
LVA,sptincj992,p0p50,2008,0.158
LVA,sptincj992,p0p50,2009,0.1803
LVA,sptincj992,p0p50,2010,0.1906
LVA,sptincj992,p0p50,2011,0.1846
LVA,sptincj992,p0p50,2012,0.179
LVA,sptincj992,p0p50,2013,0.1773
LVA,sptincj992,p0p50,2014,0.1783
LVA,sptincj992,p0p50,2015,0.1803
LVA,sptincj992,p0p50,2016,0.1828
LVA,sptincj992,p0p50,2017,0.1724
LVA,sptincj992,p0p50,2018,0.1726
LVA,sptincj992,p0p50,2019,0.1742
LVA,sptincj992,p0p50,2020,0.1742
LVA,sptincj992,p0p50,2021,0.1737
LVA,sptincj992,p0p50,2022,0.1737
LVA,sptincj992,p0p50,2023,0.1752
LVA,sptincj992,p0p50,2024,0.1752
LVA,sptincj992,p0p90,1980,0.7763
LVA,sptincj992,p0p90,1981,0.7763
LVA,sptincj992,p0p90,1982,0.7763
LVA,sptincj992,p0p90,1983,0.7763
LVA,sptincj992,p0p90,1984,0.7763
LVA,sptincj992,p0p90,1985,0.7763
LVA,sptincj992,p0p90,1986,0.7763
LVA,sptincj992,p0p90,1987,0.7763
LVA,sptincj992,p0p90,1988,0.7763
LVA,sptincj992,p0p90,1989,0.769
LVA,sptincj992,p0p90,1990,0.7612
LVA,sptincj992,p0p90,1991,0.7469
LVA,sptincj992,p0p90,1992,0.7295
LVA,sptincj992,p0p90,1993,0.6925
LVA,sptincj992,p0p90,1994,0.6718000000000001
LVA,sptincj992,p0p90,1995,0.6641
LVA,sptincj992,p0p90,1996,0.6431
LVA,sptincj992,p0p90,1997,0.641
LVA,sptincj992,p0p90,1998,0.6344000000000001
LVA,sptincj992,p0p90,1999,0.6344000000000001
LVA,sptincj992,p0p90,2000,0.6339
LVA,sptincj992,p0p90,2001,0.6388
LVA,sptincj992,p0p90,2002,0.625
LVA,sptincj992,p0p90,2003,0.6205
LVA,sptincj992,p0p90,2004,0.6134000000000001
LVA,sptincj992,p0p90,2005,0.5985
LVA,sptincj992,p0p90,2006,0.6405000000000001
LVA,sptincj992,p0p90,2007,0.6136
LVA,sptincj992,p0p90,2008,0.6205
LVA,sptincj992,p0p90,2009,0.6182000000000001
LVA,sptincj992,p0p90,2010,0.6362
LVA,sptincj992,p0p90,2011,0.6261
LVA,sptincj992,p0p90,2012,0.6209
LVA,sptincj992,p0p90,2013,0.62
LVA,sptincj992,p0p90,2014,0.6314000000000001
LVA,sptincj992,p0p90,2015,0.6412
LVA,sptincj992,p0p90,2016,0.6583
LVA,sptincj992,p0p90,2017,0.6373
LVA,sptincj992,p0p90,2018,0.643
LVA,sptincj992,p0p90,2019,0.6449
LVA,sptincj992,p0p90,2020,0.6449
LVA,sptincj992,p0p90,2021,0.6432
LVA,sptincj992,p0p90,2022,0.6434000000000001
LVA,sptincj992,p0p90,2023,0.646
LVA,sptincj992,p0p90,2024,0.646
LVA,sptincj992,p0p99,1980,0.9630000000000001
LVA,sptincj992,p0p99,1981,0.9630000000000001
LVA,sptincj992,p0p99,1982,0.9630000000000001
LVA,sptincj992,p0p99,1983,0.9630000000000001
LVA,sptincj992,p0p99,1984,0.9630000000000001
LVA,sptincj992,p0p99,1985,0.9630000000000001
LVA,sptincj992,p0p99,1986,0.9630000000000001
LVA,sptincj992,p0p99,1987,0.9630000000000001
LVA,sptincj992,p0p99,1988,0.9630000000000001
LVA,sptincj992,p0p99,1989,0.9606
LVA,sptincj992,p0p99,1990,0.9580000000000001
LVA,sptincj992,p0p99,1991,0.9502
LVA,sptincj992,p0p99,1992,0.9402
LVA,sptincj992,p0p99,1993,0.9307000000000001
LVA,sptincj992,p0p99,1994,0.9177000000000001
LVA,sptincj992,p0p99,1995,0.9014000000000001
LVA,sptincj992,p0p99,1996,0.9004000000000001
LVA,sptincj992,p0p99,1997,0.8988
LVA,sptincj992,p0p99,1998,0.8903000000000001
LVA,sptincj992,p0p99,1999,0.8975000000000001
LVA,sptincj992,p0p99,2000,0.8963000000000001
LVA,sptincj992,p0p99,2001,0.9022
LVA,sptincj992,p0p99,2002,0.8913000000000001
LVA,sptincj992,p0p99,2003,0.8889
LVA,sptincj992,p0p99,2004,0.8869
LVA,sptincj992,p0p99,2005,0.8805000000000001
LVA,sptincj992,p0p99,2006,0.9019
LVA,sptincj992,p0p99,2007,0.8913000000000001
LVA,sptincj992,p0p99,2008,0.8909
LVA,sptincj992,p0p99,2009,0.8841
LVA,sptincj992,p0p99,2010,0.9024000000000001
LVA,sptincj992,p0p99,2011,0.8937
LVA,sptincj992,p0p99,2012,0.8856
LVA,sptincj992,p0p99,2013,0.8827
LVA,sptincj992,p0p99,2014,0.8939
LVA,sptincj992,p0p99,2015,0.899
LVA,sptincj992,p0p99,2016,0.9141
LVA,sptincj992,p0p99,2017,0.9006000000000001
LVA,sptincj992,p0p99,2018,0.9008
LVA,sptincj992,p0p99,2019,0.9059
LVA,sptincj992,p0p99,2020,0.9059
LVA,sptincj992,p0p99,2021,0.9037000000000001
LVA,sptincj992,p0p99,2022,0.9039
LVA,sptincj992,p0p99,2023,0.9067000000000001
LVA,sptincj992,p0p99,2024,0.9067000000000001
LVA,sptincj992,p50p90,1980,0.5128
LVA,sptincj992,p50p90,1981,0.5128
LVA,sptincj992,p50p90,1982,0.5128
LVA,sptincj992,p50p90,1983,0.5128
LVA,sptincj992,p50p90,1984,0.5128
LVA,sptincj992,p50p90,1985,0.5128
LVA,sptincj992,p50p90,1986,0.5128
LVA,sptincj992,p50p90,1987,0.5128
LVA,sptincj992,p50p90,1988,0.5128
LVA,sptincj992,p50p90,1989,0.5123
LVA,sptincj992,p50p90,1990,0.5113
LVA,sptincj992,p50p90,1991,0.505
LVA,sptincj992,p50p90,1992,0.5005000000000001
LVA,sptincj992,p50p90,1993,0.485
LVA,sptincj992,p50p90,1994,0.474
LVA,sptincj992,p50p90,1995,0.4679
LVA,sptincj992,p50p90,1996,0.4596
LVA,sptincj992,p50p90,1997,0.4608
LVA,sptincj992,p50p90,1998,0.4586
LVA,sptincj992,p50p90,1999,0.4599
LVA,sptincj992,p50p90,2000,0.4579
LVA,sptincj992,p50p90,2001,0.4634
LVA,sptincj992,p50p90,2002,0.4546
LVA,sptincj992,p50p90,2003,0.4533
LVA,sptincj992,p50p90,2004,0.4434
LVA,sptincj992,p50p90,2005,0.4397
LVA,sptincj992,p50p90,2006,0.4727
LVA,sptincj992,p50p90,2007,0.4648
LVA,sptincj992,p50p90,2008,0.4625
LVA,sptincj992,p50p90,2009,0.4379
LVA,sptincj992,p50p90,2010,0.4455
LVA,sptincj992,p50p90,2011,0.4415
LVA,sptincj992,p50p90,2012,0.4419
LVA,sptincj992,p50p90,2013,0.4427
LVA,sptincj992,p50p90,2014,0.4531
LVA,sptincj992,p50p90,2015,0.4609
LVA,sptincj992,p50p90,2016,0.4755
LVA,sptincj992,p50p90,2017,0.4648
LVA,sptincj992,p50p90,2018,0.4704
LVA,sptincj992,p50p90,2019,0.4707
LVA,sptincj992,p50p90,2020,0.4707
LVA,sptincj992,p50p90,2021,0.4695
LVA,sptincj992,p50p90,2022,0.4696
LVA,sptincj992,p50p90,2023,0.4708
LVA,sptincj992,p50p90,2024,0.4708
LVA,sptincj992,p90p100,1980,0.2237
LVA,sptincj992,p90p100,1981,0.2237
LVA,sptincj992,p90p100,1982,0.2237
LVA,sptincj992,p90p100,1983,0.2237
LVA,sptincj992,p90p100,1984,0.2237
LVA,sptincj992,p90p100,1985,0.2237
LVA,sptincj992,p90p100,1986,0.2237
LVA,sptincj992,p90p100,1987,0.2237
LVA,sptincj992,p90p100,1988,0.2237
LVA,sptincj992,p90p100,1989,0.231
LVA,sptincj992,p90p100,1990,0.2388
LVA,sptincj992,p90p100,1991,0.2531
LVA,sptincj992,p90p100,1992,0.2705
LVA,sptincj992,p90p100,1993,0.3075
LVA,sptincj992,p90p100,1994,0.3282
LVA,sptincj992,p90p100,1995,0.3359
LVA,sptincj992,p90p100,1996,0.3569
LVA,sptincj992,p90p100,1997,0.359
LVA,sptincj992,p90p100,1998,0.3656
LVA,sptincj992,p90p100,1999,0.3656
LVA,sptincj992,p90p100,2000,0.3661
LVA,sptincj992,p90p100,2001,0.3612
LVA,sptincj992,p90p100,2002,0.375
LVA,sptincj992,p90p100,2003,0.3795
LVA,sptincj992,p90p100,2004,0.3866
LVA,sptincj992,p90p100,2005,0.4015
LVA,sptincj992,p90p100,2006,0.3595
LVA,sptincj992,p90p100,2007,0.3864
LVA,sptincj992,p90p100,2008,0.3795
LVA,sptincj992,p90p100,2009,0.3818
LVA,sptincj992,p90p100,2010,0.3638
LVA,sptincj992,p90p100,2011,0.3739
LVA,sptincj992,p90p100,2012,0.3791
LVA,sptincj992,p90p100,2013,0.38
LVA,sptincj992,p90p100,2014,0.3686
LVA,sptincj992,p90p100,2015,0.3588
LVA,sptincj992,p90p100,2016,0.3417
LVA,sptincj992,p90p100,2017,0.3627
LVA,sptincj992,p90p100,2018,0.357
LVA,sptincj992,p90p100,2019,0.3551
LVA,sptincj992,p90p100,2020,0.3551
LVA,sptincj992,p90p100,2021,0.3568
LVA,sptincj992,p90p100,2022,0.3566
LVA,sptincj992,p90p100,2023,0.354
LVA,sptincj992,p90p100,2024,0.354
LVA,sptincj992,p99p100,1980,0.037
LVA,sptincj992,p99p100,1981,0.037
LVA,sptincj992,p99p100,1982,0.037
LVA,sptincj992,p99p100,1983,0.037
LVA,sptincj992,p99p100,1984,0.037
LVA,sptincj992,p99p100,1985,0.037
LVA,sptincj992,p99p100,1986,0.037
LVA,sptincj992,p99p100,1987,0.037
LVA,sptincj992,p99p100,1988,0.037
LVA,sptincj992,p99p100,1989,0.0394
LVA,sptincj992,p99p100,1990,0.042
LVA,sptincj992,p99p100,1991,0.0498
LVA,sptincj992,p99p100,1992,0.0598
LVA,sptincj992,p99p100,1993,0.0693
LVA,sptincj992,p99p100,1994,0.0823
LVA,sptincj992,p99p100,1995,0.0986
LVA,sptincj992,p99p100,1996,0.0996
LVA,sptincj992,p99p100,1997,0.1012
LVA,sptincj992,p99p100,1998,0.1097
LVA,sptincj992,p99p100,1999,0.1025
LVA,sptincj992,p99p100,2000,0.1037
LVA,sptincj992,p99p100,2001,0.0978
LVA,sptincj992,p99p100,2002,0.1087
LVA,sptincj992,p99p100,2003,0.1111
LVA,sptincj992,p99p100,2004,0.1131
LVA,sptincj992,p99p100,2005,0.1195
LVA,sptincj992,p99p100,2006,0.0981
LVA,sptincj992,p99p100,2007,0.1087
LVA,sptincj992,p99p100,2008,0.1091
LVA,sptincj992,p99p100,2009,0.1159
LVA,sptincj992,p99p100,2010,0.0976
LVA,sptincj992,p99p100,2011,0.1063
LVA,sptincj992,p99p100,2012,0.1144
LVA,sptincj992,p99p100,2013,0.1173
LVA,sptincj992,p99p100,2014,0.1061
LVA,sptincj992,p99p100,2015,0.101
LVA,sptincj992,p99p100,2016,0.0859
LVA,sptincj992,p99p100,2017,0.0994
LVA,sptincj992,p99p100,2018,0.0992
LVA,sptincj992,p99p100,2019,0.0941
LVA,sptincj992,p99p100,2020,0.0941
LVA,sptincj992,p99p100,2021,0.0963
LVA,sptincj992,p99p100,2022,0.0961
LVA,sptincj992,p99p100,2023,0.0933
LVA,sptincj992,p99p100,2024,0.0933
MEX,spllinf992,p0p100,1990,0.21879999
MEX,spllinf992,p0p100,1991,0.21879999
MEX,spllinf992,p0p100,1992,0.2234
MEX,spllinf992,p0p100,1993,0.2281
MEX,spllinf992,p0p100,1994,0.23
MEX,spllinf992,p0p100,1995,0.23459999
MEX,spllinf992,p0p100,1996,0.236
MEX,spllinf992,p0p100,1997,0.2419
MEX,spllinf992,p0p100,1998,0.2441
MEX,spllinf992,p0p100,1999,0.2462
MEX,spllinf992,p0p100,2000,0.2484
MEX,spllinf992,p0p100,2001,0.264
MEX,spllinf992,p0p100,2002,0.27950001
MEX,spllinf992,p0p100,2003,0.28310001
MEX,spllinf992,p0p100,2004,0.28659999
MEX,spllinf992,p0p100,2005,0.27990001
MEX,spllinf992,p0p100,2006,0.29620001
MEX,spllinf992,p0p100,2007,0.29640001
MEX,spllinf992,p0p100,2008,0.29660001
MEX,spllinf992,p0p100,2009,0.30199999
MEX,spllinf992,p0p100,2010,0.3075
MEX,spllinf992,p0p100,2011,0.31189999
MEX,spllinf992,p0p100,2012,0.3163
MEX,spllinf992,p0p100,2013,0.3136
MEX,spllinf992,p0p100,2014,0.3109
MEX,spllinf992,p0p100,2015,0.31299999
MEX,spllinf992,p0p100,2016,0.315
MEX,spllinf992,p0p100,2017,0.32089999
MEX,spllinf992,p0p100,2018,0.32690001
MEX,spllinf992,p0p100,2019,0.3292
MEX,spllinf992,p0p100,2020,0.33149999
MEX,spllinf992,p0p100,2021,0.33489999
MEX,spllinf992,p0p100,2022,0.3382
MEX,spllinf992,p0p100,2023,0.352
MEX,spllinf992,p0p100,2024,0.35409999
MEX,sptincj992,p0p100,1820,1
MEX,sptincj992,p0p100,1850,1
MEX,sptincj992,p0p100,1880,1
MEX,sptincj992,p0p100,1900,1
MEX,sptincj992,p0p100,1910,1
MEX,sptincj992,p0p100,1920,1
MEX,sptincj992,p0p100,1930,1
MEX,sptincj992,p0p100,1940,1
MEX,sptincj992,p0p100,1950,1
MEX,sptincj992,p0p100,1960,1
MEX,sptincj992,p0p100,1970,1
MEX,sptincj992,p0p100,1980,1
MEX,sptincj992,p0p100,1981,1
MEX,sptincj992,p0p100,1982,1
MEX,sptincj992,p0p100,1983,1
MEX,sptincj992,p0p100,1984,1
MEX,sptincj992,p0p100,1985,1
MEX,sptincj992,p0p100,1986,1
MEX,sptincj992,p0p100,1987,1
MEX,sptincj992,p0p100,1988,1
MEX,sptincj992,p0p100,1989,1
MEX,sptincj992,p0p100,1990,1
MEX,sptincj992,p0p100,1991,1
MEX,sptincj992,p0p100,1992,1
MEX,sptincj992,p0p100,1993,1
MEX,sptincj992,p0p100,1994,1
MEX,sptincj992,p0p100,1995,1
MEX,sptincj992,p0p100,1996,1
MEX,sptincj992,p0p100,1997,1
MEX,sptincj992,p0p100,1998,1
MEX,sptincj992,p0p100,1999,1
MEX,sptincj992,p0p100,2000,1
MEX,sptincj992,p0p100,2001,1
MEX,sptincj992,p0p100,2002,1
MEX,sptincj992,p0p100,2003,1
MEX,sptincj992,p0p100,2004,1
MEX,sptincj992,p0p100,2005,1
MEX,sptincj992,p0p100,2006,1
MEX,sptincj992,p0p100,2007,1
MEX,sptincj992,p0p100,2008,1
MEX,sptincj992,p0p100,2009,1
MEX,sptincj992,p0p100,2010,1
MEX,sptincj992,p0p100,2011,1
MEX,sptincj992,p0p100,2012,1
MEX,sptincj992,p0p100,2013,1
MEX,sptincj992,p0p100,2014,1
MEX,sptincj992,p0p100,2015,1
MEX,sptincj992,p0p100,2016,1
MEX,sptincj992,p0p100,2017,1
MEX,sptincj992,p0p100,2018,1
MEX,sptincj992,p0p100,2019,1
MEX,sptincj992,p0p100,2020,1
MEX,sptincj992,p0p100,2021,1
MEX,sptincj992,p0p100,2022,1
MEX,sptincj992,p0p100,2023,1
MEX,sptincj992,p0p100,2024,1
MEX,sptincj992,p0p50,1820,0.1218
MEX,sptincj992,p0p50,1850,0.1204
MEX,sptincj992,p0p50,1880,0.1189
MEX,sptincj992,p0p50,1900,0.1175
MEX,sptincj992,p0p50,1910,0.1146
MEX,sptincj992,p0p50,1920,0.1146
MEX,sptincj992,p0p50,1930,0.1125
MEX,sptincj992,p0p50,1940,0.1101
MEX,sptincj992,p0p50,1950,0.1143
MEX,sptincj992,p0p50,1960,0.1223
MEX,sptincj992,p0p50,1970,0.1207
MEX,sptincj992,p0p50,1980,0.0629
MEX,sptincj992,p0p50,1981,0.0629
MEX,sptincj992,p0p50,1982,0.0629
MEX,sptincj992,p0p50,1983,0.0629
MEX,sptincj992,p0p50,1984,0.0629
MEX,sptincj992,p0p50,1985,0.0629
MEX,sptincj992,p0p50,1986,0.0629
MEX,sptincj992,p0p50,1987,0.0629
MEX,sptincj992,p0p50,1988,0.0629
MEX,sptincj992,p0p50,1989,0.0629
MEX,sptincj992,p0p50,1990,0.0629
MEX,sptincj992,p0p50,1991,0.0629
MEX,sptincj992,p0p50,1992,0.0629
MEX,sptincj992,p0p50,1993,0.0629
MEX,sptincj992,p0p50,1994,0.0629
MEX,sptincj992,p0p50,1995,0.0629
MEX,sptincj992,p0p50,1996,0.0629
MEX,sptincj992,p0p50,1997,0.0629
MEX,sptincj992,p0p50,1998,0.0629
MEX,sptincj992,p0p50,1999,0.0629
MEX,sptincj992,p0p50,2000,0.0629
MEX,sptincj992,p0p50,2001,0.0629
MEX,sptincj992,p0p50,2002,0.0629
MEX,sptincj992,p0p50,2003,0.0608
MEX,sptincj992,p0p50,2004,0.0587
MEX,sptincj992,p0p50,2005,0.0599
MEX,sptincj992,p0p50,2006,0.0612
MEX,sptincj992,p0p50,2007,0.057
MEX,sptincj992,p0p50,2008,0.0528
MEX,sptincj992,p0p50,2009,0.0552
MEX,sptincj992,p0p50,2010,0.0577
MEX,sptincj992,p0p50,2011,0.0561
MEX,sptincj992,p0p50,2012,0.0545
MEX,sptincj992,p0p50,2013,0.0556
MEX,sptincj992,p0p50,2014,0.0567
MEX,sptincj992,p0p50,2015,0.0596
MEX,sptincj992,p0p50,2016,0.0624
MEX,sptincj992,p0p50,2017,0.0621
MEX,sptincj992,p0p50,2018,0.0618
MEX,sptincj992,p0p50,2019,0.0637
MEX,sptincj992,p0p50,2020,0.0657
MEX,sptincj992,p0p50,2021,0.0713
MEX,sptincj992,p0p50,2022,0.0769
MEX,sptincj992,p0p50,2023,0.0769
MEX,sptincj992,p0p50,2024,0.0769
MEX,sptincj992,p0p90,1820,0.4708
MEX,sptincj992,p0p90,1850,0.4652
MEX,sptincj992,p0p90,1880,0.4597
MEX,sptincj992,p0p90,1900,0.4541
MEX,sptincj992,p0p90,1910,0.443
MEX,sptincj992,p0p90,1920,0.443
MEX,sptincj992,p0p90,1930,0.435
MEX,sptincj992,p0p90,1940,0.4253
MEX,sptincj992,p0p90,1950,0.4417
MEX,sptincj992,p0p90,1960,0.4727
MEX,sptincj992,p0p90,1970,0.466
MEX,sptincj992,p0p90,1980,0.4555
MEX,sptincj992,p0p90,1981,0.4555
MEX,sptincj992,p0p90,1982,0.4555
MEX,sptincj992,p0p90,1983,0.4555
MEX,sptincj992,p0p90,1984,0.4555
MEX,sptincj992,p0p90,1985,0.4555
MEX,sptincj992,p0p90,1986,0.4555
MEX,sptincj992,p0p90,1987,0.4555
MEX,sptincj992,p0p90,1988,0.4555
MEX,sptincj992,p0p90,1989,0.4555
MEX,sptincj992,p0p90,1990,0.4555
MEX,sptincj992,p0p90,1991,0.4555
MEX,sptincj992,p0p90,1992,0.4555
MEX,sptincj992,p0p90,1993,0.4555
MEX,sptincj992,p0p90,1994,0.4555
MEX,sptincj992,p0p90,1995,0.4555
MEX,sptincj992,p0p90,1996,0.4555
MEX,sptincj992,p0p90,1997,0.4555
MEX,sptincj992,p0p90,1998,0.4555
MEX,sptincj992,p0p90,1999,0.4555
MEX,sptincj992,p0p90,2000,0.4555
MEX,sptincj992,p0p90,2001,0.4555
MEX,sptincj992,p0p90,2002,0.4555
MEX,sptincj992,p0p90,2003,0.4298
MEX,sptincj992,p0p90,2004,0.4041
MEX,sptincj992,p0p90,2005,0.4086
MEX,sptincj992,p0p90,2006,0.4131
MEX,sptincj992,p0p90,2007,0.3816
MEX,sptincj992,p0p90,2008,0.3501
MEX,sptincj992,p0p90,2009,0.3646
MEX,sptincj992,p0p90,2010,0.3792
MEX,sptincj992,p0p90,2011,0.3707
MEX,sptincj992,p0p90,2012,0.3621
MEX,sptincj992,p0p90,2013,0.3651
MEX,sptincj992,p0p90,2014,0.3681
MEX,sptincj992,p0p90,2015,0.3702
MEX,sptincj992,p0p90,2016,0.3723
MEX,sptincj992,p0p90,2017,0.3586
MEX,sptincj992,p0p90,2018,0.3449
MEX,sptincj992,p0p90,2019,0.3643
MEX,sptincj992,p0p90,2020,0.3837
MEX,sptincj992,p0p90,2021,0.3965
MEX,sptincj992,p0p90,2022,0.4093
MEX,sptincj992,p0p90,2023,0.4093
MEX,sptincj992,p0p90,2024,0.4093
MEX,sptincj992,p0p99,1820,0.773
MEX,sptincj992,p0p99,1850,0.7706000000000001
MEX,sptincj992,p0p99,1880,0.7682
MEX,sptincj992,p0p99,1900,0.7658
MEX,sptincj992,p0p99,1910,0.761
MEX,sptincj992,p0p99,1920,0.761
MEX,sptincj992,p0p99,1930,0.746
MEX,sptincj992,p0p99,1940,0.7275
MEX,sptincj992,p0p99,1950,0.7567
MEX,sptincj992,p0p99,1960,0.8098000000000001
MEX,sptincj992,p0p99,1970,0.7969
MEX,sptincj992,p0p99,1980,0.8755000000000001
MEX,sptincj992,p0p99,1981,0.8755000000000001
MEX,sptincj992,p0p99,1982,0.8755000000000001
MEX,sptincj992,p0p99,1983,0.8755000000000001
MEX,sptincj992,p0p99,1984,0.8755000000000001
MEX,sptincj992,p0p99,1985,0.8755000000000001
MEX,sptincj992,p0p99,1986,0.8755000000000001
MEX,sptincj992,p0p99,1987,0.8755000000000001
MEX,sptincj992,p0p99,1988,0.8755000000000001
MEX,sptincj992,p0p99,1989,0.8755000000000001
MEX,sptincj992,p0p99,1990,0.8755000000000001
MEX,sptincj992,p0p99,1991,0.8755000000000001
MEX,sptincj992,p0p99,1992,0.8755000000000001
MEX,sptincj992,p0p99,1993,0.8755000000000001
MEX,sptincj992,p0p99,1994,0.8755000000000001
MEX,sptincj992,p0p99,1995,0.8755000000000001
MEX,sptincj992,p0p99,1996,0.8755000000000001
MEX,sptincj992,p0p99,1997,0.8755000000000001
MEX,sptincj992,p0p99,1998,0.8755000000000001
MEX,sptincj992,p0p99,1999,0.8755000000000001
MEX,sptincj992,p0p99,2000,0.8755000000000001
MEX,sptincj992,p0p99,2001,0.8755000000000001
MEX,sptincj992,p0p99,2002,0.8755000000000001
MEX,sptincj992,p0p99,2003,0.8366
MEX,sptincj992,p0p99,2004,0.7977000000000001
MEX,sptincj992,p0p99,2005,0.8197
MEX,sptincj992,p0p99,2006,0.8416
MEX,sptincj992,p0p99,2007,0.7949
MEX,sptincj992,p0p99,2008,0.7481
MEX,sptincj992,p0p99,2009,0.7150000000000001
MEX,sptincj992,p0p99,2010,0.6818000000000001
MEX,sptincj992,p0p99,2011,0.6736000000000001
MEX,sptincj992,p0p99,2012,0.6653
MEX,sptincj992,p0p99,2013,0.6501
MEX,sptincj992,p0p99,2014,0.6348
MEX,sptincj992,p0p99,2015,0.669
MEX,sptincj992,p0p99,2016,0.7033
MEX,sptincj992,p0p99,2017,0.6824
MEX,sptincj992,p0p99,2018,0.6615
MEX,sptincj992,p0p99,2019,0.6866
MEX,sptincj992,p0p99,2020,0.7117
MEX,sptincj992,p0p99,2021,0.728
MEX,sptincj992,p0p99,2022,0.7443000000000001
MEX,sptincj992,p0p99,2023,0.7443000000000001
MEX,sptincj992,p0p99,2024,0.7443000000000001
MEX,sptincj992,p50p90,1820,0.349
MEX,sptincj992,p50p90,1850,0.3449
MEX,sptincj992,p50p90,1880,0.3407
MEX,sptincj992,p50p90,1900,0.3366
MEX,sptincj992,p50p90,1910,0.3284
MEX,sptincj992,p50p90,1920,0.3284
MEX,sptincj992,p50p90,1930,0.3224
MEX,sptincj992,p50p90,1940,0.3152
MEX,sptincj992,p50p90,1950,0.3274
MEX,sptincj992,p50p90,1960,0.3503
MEX,sptincj992,p50p90,1970,0.3453
MEX,sptincj992,p50p90,1980,0.3926
MEX,sptincj992,p50p90,1981,0.3926
MEX,sptincj992,p50p90,1982,0.3926
MEX,sptincj992,p50p90,1983,0.3926
MEX,sptincj992,p50p90,1984,0.3926
MEX,sptincj992,p50p90,1985,0.3926
MEX,sptincj992,p50p90,1986,0.3926
MEX,sptincj992,p50p90,1987,0.3926
MEX,sptincj992,p50p90,1988,0.3926
MEX,sptincj992,p50p90,1989,0.3926
MEX,sptincj992,p50p90,1990,0.3926
MEX,sptincj992,p50p90,1991,0.3926
MEX,sptincj992,p50p90,1992,0.3926
MEX,sptincj992,p50p90,1993,0.3926
MEX,sptincj992,p50p90,1994,0.3926
MEX,sptincj992,p50p90,1995,0.3926
MEX,sptincj992,p50p90,1996,0.3926
MEX,sptincj992,p50p90,1997,0.3926
MEX,sptincj992,p50p90,1998,0.3926
MEX,sptincj992,p50p90,1999,0.3926
MEX,sptincj992,p50p90,2000,0.3926
MEX,sptincj992,p50p90,2001,0.3926
MEX,sptincj992,p50p90,2002,0.3926
MEX,sptincj992,p50p90,2003,0.369
MEX,sptincj992,p50p90,2004,0.3454
MEX,sptincj992,p50p90,2005,0.3487
MEX,sptincj992,p50p90,2006,0.3519
MEX,sptincj992,p50p90,2007,0.3246
MEX,sptincj992,p50p90,2008,0.2973
MEX,sptincj992,p50p90,2009,0.3094
MEX,sptincj992,p50p90,2010,0.3215
MEX,sptincj992,p50p90,2011,0.3146
MEX,sptincj992,p50p90,2012,0.3076
MEX,sptincj992,p50p90,2013,0.3095
MEX,sptincj992,p50p90,2014,0.3113
MEX,sptincj992,p50p90,2015,0.3107
MEX,sptincj992,p50p90,2016,0.31
MEX,sptincj992,p50p90,2017,0.2965
MEX,sptincj992,p50p90,2018,0.2831
MEX,sptincj992,p50p90,2019,0.3006
MEX,sptincj992,p50p90,2020,0.318
MEX,sptincj992,p50p90,2021,0.3252
MEX,sptincj992,p50p90,2022,0.3324
MEX,sptincj992,p50p90,2023,0.3324
MEX,sptincj992,p50p90,2024,0.3324
MEX,sptincj992,p90p100,1820,0.5292
MEX,sptincj992,p90p100,1850,0.5348
MEX,sptincj992,p90p100,1880,0.5403
MEX,sptincj992,p90p100,1900,0.5459
MEX,sptincj992,p90p100,1910,0.557
MEX,sptincj992,p90p100,1920,0.557
MEX,sptincj992,p90p100,1930,0.5650000000000001
MEX,sptincj992,p90p100,1940,0.5747
MEX,sptincj992,p90p100,1950,0.5583
MEX,sptincj992,p90p100,1960,0.5273
MEX,sptincj992,p90p100,1970,0.534
MEX,sptincj992,p90p100,1980,0.5445
MEX,sptincj992,p90p100,1981,0.5445
MEX,sptincj992,p90p100,1982,0.5445
MEX,sptincj992,p90p100,1983,0.5445
MEX,sptincj992,p90p100,1984,0.5445
MEX,sptincj992,p90p100,1985,0.5445
MEX,sptincj992,p90p100,1986,0.5445
MEX,sptincj992,p90p100,1987,0.5445
MEX,sptincj992,p90p100,1988,0.5445
MEX,sptincj992,p90p100,1989,0.5445
MEX,sptincj992,p90p100,1990,0.5445
MEX,sptincj992,p90p100,1991,0.5445
MEX,sptincj992,p90p100,1992,0.5445
MEX,sptincj992,p90p100,1993,0.5445
MEX,sptincj992,p90p100,1994,0.5445
MEX,sptincj992,p90p100,1995,0.5445
MEX,sptincj992,p90p100,1996,0.5445
MEX,sptincj992,p90p100,1997,0.5445
MEX,sptincj992,p90p100,1998,0.5445
MEX,sptincj992,p90p100,1999,0.5445
MEX,sptincj992,p90p100,2000,0.5445
MEX,sptincj992,p90p100,2001,0.5445
MEX,sptincj992,p90p100,2002,0.5445
MEX,sptincj992,p90p100,2003,0.5702
MEX,sptincj992,p90p100,2004,0.5959
MEX,sptincj992,p90p100,2005,0.5914
MEX,sptincj992,p90p100,2006,0.5869
MEX,sptincj992,p90p100,2007,0.6184000000000001
MEX,sptincj992,p90p100,2008,0.6499
MEX,sptincj992,p90p100,2009,0.6354000000000001
MEX,sptincj992,p90p100,2010,0.6208
MEX,sptincj992,p90p100,2011,0.6293000000000001
MEX,sptincj992,p90p100,2012,0.6379
MEX,sptincj992,p90p100,2013,0.6349
MEX,sptincj992,p90p100,2014,0.6319
MEX,sptincj992,p90p100,2015,0.6298
MEX,sptincj992,p90p100,2016,0.6277
MEX,sptincj992,p90p100,2017,0.6414000000000001
MEX,sptincj992,p90p100,2018,0.6551
MEX,sptincj992,p90p100,2019,0.6357
MEX,sptincj992,p90p100,2020,0.6163000000000001
MEX,sptincj992,p90p100,2021,0.6035
MEX,sptincj992,p90p100,2022,0.5907
MEX,sptincj992,p90p100,2023,0.5907
MEX,sptincj992,p90p100,2024,0.5907
MEX,sptincj992,p99p100,1820,0.227
MEX,sptincj992,p99p100,1850,0.2294
MEX,sptincj992,p99p100,1880,0.2318
MEX,sptincj992,p99p100,1900,0.2342
MEX,sptincj992,p99p100,1910,0.239
MEX,sptincj992,p99p100,1920,0.239
MEX,sptincj992,p99p100,1930,0.254
MEX,sptincj992,p99p100,1940,0.2725
MEX,sptincj992,p99p100,1950,0.2433
MEX,sptincj992,p99p100,1960,0.1902
MEX,sptincj992,p99p100,1970,0.2031
MEX,sptincj992,p99p100,1980,0.1245
MEX,sptincj992,p99p100,1981,0.1245
MEX,sptincj992,p99p100,1982,0.1245
MEX,sptincj992,p99p100,1983,0.1245
MEX,sptincj992,p99p100,1984,0.1245
MEX,sptincj992,p99p100,1985,0.1245
MEX,sptincj992,p99p100,1986,0.1245
MEX,sptincj992,p99p100,1987,0.1245
MEX,sptincj992,p99p100,1988,0.1245
MEX,sptincj992,p99p100,1989,0.1245
MEX,sptincj992,p99p100,1990,0.1245
MEX,sptincj992,p99p100,1991,0.1245
MEX,sptincj992,p99p100,1992,0.1245
MEX,sptincj992,p99p100,1993,0.1245
MEX,sptincj992,p99p100,1994,0.1245
MEX,sptincj992,p99p100,1995,0.1245
MEX,sptincj992,p99p100,1996,0.1245
MEX,sptincj992,p99p100,1997,0.1245
MEX,sptincj992,p99p100,1998,0.1245
MEX,sptincj992,p99p100,1999,0.1245
MEX,sptincj992,p99p100,2000,0.1245
MEX,sptincj992,p99p100,2001,0.1245
MEX,sptincj992,p99p100,2002,0.1245
MEX,sptincj992,p99p100,2003,0.1634
MEX,sptincj992,p99p100,2004,0.2023
MEX,sptincj992,p99p100,2005,0.1803
MEX,sptincj992,p99p100,2006,0.1584
MEX,sptincj992,p99p100,2007,0.2051
MEX,sptincj992,p99p100,2008,0.2519
MEX,sptincj992,p99p100,2009,0.285
MEX,sptincj992,p99p100,2010,0.3182
MEX,sptincj992,p99p100,2011,0.3264
MEX,sptincj992,p99p100,2012,0.3347
MEX,sptincj992,p99p100,2013,0.3499
MEX,sptincj992,p99p100,2014,0.3652
MEX,sptincj992,p99p100,2015,0.331
MEX,sptincj992,p99p100,2016,0.2967
MEX,sptincj992,p99p100,2017,0.3176
MEX,sptincj992,p99p100,2018,0.3385
MEX,sptincj992,p99p100,2019,0.3134
MEX,sptincj992,p99p100,2020,0.2883
MEX,sptincj992,p99p100,2021,0.272
MEX,sptincj992,p99p100,2022,0.2557
MEX,sptincj992,p99p100,2023,0.2557
MEX,sptincj992,p99p100,2024,0.2557
NLD,spllinf992,p0p100,1990,0.2994
NLD,spllinf992,p0p100,1991,0.2994
NLD,spllinf992,p0p100,1992,0.29629999
NLD,spllinf992,p0p100,1993,0.30149999
NLD,spllinf992,p0p100,1994,0.30160001
NLD,spllinf992,p0p100,1995,0.2987
NLD,spllinf992,p0p100,1996,0.29820001
NLD,spllinf992,p0p100,1997,0.3008
NLD,spllinf992,p0p100,1998,0.303
NLD,spllinf992,p0p100,1999,0.30610001
NLD,spllinf992,p0p100,2000,0.3055
NLD,spllinf992,p0p100,2001,0.3044
NLD,spllinf992,p0p100,2002,0.30329999
NLD,spllinf992,p0p100,2003,0.3021
NLD,spllinf992,p0p100,2004,0.29949999
NLD,spllinf992,p0p100,2005,0.30129999
NLD,spllinf992,p0p100,2006,0.30239999
NLD,spllinf992,p0p100,2007,0.3141
NLD,spllinf992,p0p100,2008,0.32139999
NLD,spllinf992,p0p100,2009,0.33500001
NLD,spllinf992,p0p100,2010,0.3425
NLD,spllinf992,p0p100,2011,0.34240001
NLD,spllinf992,p0p100,2012,0.34619999
NLD,spllinf992,p0p100,2013,0.347
NLD,spllinf992,p0p100,2014,0.34689999
NLD,spllinf992,p0p100,2015,0.34760001
NLD,spllinf992,p0p100,2016,0.35249999
NLD,spllinf992,p0p100,2017,0.35890001
NLD,spllinf992,p0p100,2018,0.36090001
NLD,spllinf992,p0p100,2019,0.35780001
NLD,spllinf992,p0p100,2020,0.3705
NLD,spllinf992,p0p100,2021,0.3732
NLD,spllinf992,p0p100,2022,0.38119999
NLD,spllinf992,p0p100,2023,0.38280001
NLD,spllinf992,p0p100,2024,0.38339999
NLD,sptincj992,p0p100,1820,1
NLD,sptincj992,p0p100,1850,1
NLD,sptincj992,p0p100,1880,1
NLD,sptincj992,p0p100,1900,1
NLD,sptincj992,p0p100,1910,1
NLD,sptincj992,p0p100,1914,1
NLD,sptincj992,p0p100,1915,1
NLD,sptincj992,p0p100,1916,1
NLD,sptincj992,p0p100,1917,1
NLD,sptincj992,p0p100,1918,1
NLD,sptincj992,p0p100,1919,1
NLD,sptincj992,p0p100,1920,1
NLD,sptincj992,p0p100,1921,1
NLD,sptincj992,p0p100,1922,1
NLD,sptincj992,p0p100,1923,1
NLD,sptincj992,p0p100,1924,1
NLD,sptincj992,p0p100,1925,1
NLD,sptincj992,p0p100,1926,1
NLD,sptincj992,p0p100,1927,1
NLD,sptincj992,p0p100,1928,1
NLD,sptincj992,p0p100,1929,1
NLD,sptincj992,p0p100,1930,1
NLD,sptincj992,p0p100,1931,1
NLD,sptincj992,p0p100,1932,1
NLD,sptincj992,p0p100,1933,1
NLD,sptincj992,p0p100,1934,1
NLD,sptincj992,p0p100,1935,1
NLD,sptincj992,p0p100,1936,1
NLD,sptincj992,p0p100,1937,1
NLD,sptincj992,p0p100,1938,1
NLD,sptincj992,p0p100,1939,1
NLD,sptincj992,p0p100,1940,1
NLD,sptincj992,p0p100,1941,1
NLD,sptincj992,p0p100,1946,1
NLD,sptincj992,p0p100,1950,1
NLD,sptincj992,p0p100,1952,1
NLD,sptincj992,p0p100,1953,1
NLD,sptincj992,p0p100,1957,1
NLD,sptincj992,p0p100,1958,1
NLD,sptincj992,p0p100,1959,1
NLD,sptincj992,p0p100,1960,1
NLD,sptincj992,p0p100,1962,1
NLD,sptincj992,p0p100,1964,1
NLD,sptincj992,p0p100,1966,1
NLD,sptincj992,p0p100,1967,1
NLD,sptincj992,p0p100,1970,1
NLD,sptincj992,p0p100,1973,1
NLD,sptincj992,p0p100,1975,1
NLD,sptincj992,p0p100,1977,1
NLD,sptincj992,p0p100,1980,1
NLD,sptincj992,p0p100,1981,1
NLD,sptincj992,p0p100,1982,1
NLD,sptincj992,p0p100,1983,1
NLD,sptincj992,p0p100,1984,1
NLD,sptincj992,p0p100,1985,1
NLD,sptincj992,p0p100,1986,1
NLD,sptincj992,p0p100,1987,1
NLD,sptincj992,p0p100,1988,1
NLD,sptincj992,p0p100,1989,1
NLD,sptincj992,p0p100,1990,1
NLD,sptincj992,p0p100,1991,1
NLD,sptincj992,p0p100,1992,1
NLD,sptincj992,p0p100,1993,1
NLD,sptincj992,p0p100,1994,1
NLD,sptincj992,p0p100,1995,1
NLD,sptincj992,p0p100,1996,1
NLD,sptincj992,p0p100,1997,1
NLD,sptincj992,p0p100,1998,1
NLD,sptincj992,p0p100,1999,1
NLD,sptincj992,p0p100,2000,1
NLD,sptincj992,p0p100,2001,1
NLD,sptincj992,p0p100,2002,1
NLD,sptincj992,p0p100,2003,1
NLD,sptincj992,p0p100,2004,1
NLD,sptincj992,p0p100,2005,1
NLD,sptincj992,p0p100,2006,1
NLD,sptincj992,p0p100,2007,1
NLD,sptincj992,p0p100,2008,1
NLD,sptincj992,p0p100,2009,1
NLD,sptincj992,p0p100,2010,1
NLD,sptincj992,p0p100,2011,1
NLD,sptincj992,p0p100,2012,1
NLD,sptincj992,p0p100,2013,1
NLD,sptincj992,p0p100,2014,1
NLD,sptincj992,p0p100,2015,1
NLD,sptincj992,p0p100,2016,1
NLD,sptincj992,p0p100,2017,1
NLD,sptincj992,p0p100,2018,1
NLD,sptincj992,p0p100,2019,1
NLD,sptincj992,p0p100,2020,1
NLD,sptincj992,p0p100,2021,1
NLD,sptincj992,p0p100,2022,1
NLD,sptincj992,p0p100,2023,1
NLD,sptincj992,p0p100,2024,1
NLD,sptincj992,p0p50,1820,0.1748
NLD,sptincj992,p0p50,1850,0.1725
NLD,sptincj992,p0p50,1880,0.1713
NLD,sptincj992,p0p50,1900,0.1621
NLD,sptincj992,p0p50,1910,0.167
NLD,sptincj992,p0p50,1914,0.1742
NLD,sptincj992,p0p50,1915,0.1757
NLD,sptincj992,p0p50,1916,0.1753
NLD,sptincj992,p0p50,1917,0.178
NLD,sptincj992,p0p50,1918,0.181
NLD,sptincj992,p0p50,1919,0.1812
NLD,sptincj992,p0p50,1920,0.1854
NLD,sptincj992,p0p50,1921,0.1888
NLD,sptincj992,p0p50,1922,0.1901
NLD,sptincj992,p0p50,1923,0.1946
NLD,sptincj992,p0p50,1924,0.196
NLD,sptincj992,p0p50,1925,0.1975
NLD,sptincj992,p0p50,1926,0.2003
NLD,sptincj992,p0p50,1927,0.2014
NLD,sptincj992,p0p50,1928,0.2034
NLD,sptincj992,p0p50,1929,0.2054
NLD,sptincj992,p0p50,1930,0.2086
NLD,sptincj992,p0p50,1931,0.2093
NLD,sptincj992,p0p50,1932,0.2079
NLD,sptincj992,p0p50,1933,0.2096
NLD,sptincj992,p0p50,1934,0.2085
NLD,sptincj992,p0p50,1935,0.2071
NLD,sptincj992,p0p50,1936,0.2082
NLD,sptincj992,p0p50,1937,0.2067
NLD,sptincj992,p0p50,1938,0.2061
NLD,sptincj992,p0p50,1939,0.2062
NLD,sptincj992,p0p50,1940,0.2045
NLD,sptincj992,p0p50,1941,0.2059
NLD,sptincj992,p0p50,1946,0.2201
NLD,sptincj992,p0p50,1950,0.2281
NLD,sptincj992,p0p50,1952,0.2279
NLD,sptincj992,p0p50,1953,0.2272
NLD,sptincj992,p0p50,1957,0.2285
NLD,sptincj992,p0p50,1958,0.227
NLD,sptincj992,p0p50,1959,0.2279
NLD,sptincj992,p0p50,1960,0.2274
NLD,sptincj992,p0p50,1962,0.2321
NLD,sptincj992,p0p50,1964,0.2362
NLD,sptincj992,p0p50,1966,0.2411
NLD,sptincj992,p0p50,1967,0.2435
NLD,sptincj992,p0p50,1970,0.2356
NLD,sptincj992,p0p50,1973,0.2597
NLD,sptincj992,p0p50,1975,0.2639
NLD,sptincj992,p0p50,1977,0.2693
NLD,sptincj992,p0p50,1980,0.2595
NLD,sptincj992,p0p50,1981,0.257
NLD,sptincj992,p0p50,1982,0.2549
NLD,sptincj992,p0p50,1983,0.2458
NLD,sptincj992,p0p50,1984,0.2441
NLD,sptincj992,p0p50,1985,0.2437
NLD,sptincj992,p0p50,1986,0.2449
NLD,sptincj992,p0p50,1987,0.2448
NLD,sptincj992,p0p50,1988,0.246
NLD,sptincj992,p0p50,1989,0.2478
NLD,sptincj992,p0p50,1990,0.2476
NLD,sptincj992,p0p50,1991,0.2476
NLD,sptincj992,p0p50,1992,0.248
NLD,sptincj992,p0p50,1993,0.2447
NLD,sptincj992,p0p50,1994,0.2412
NLD,sptincj992,p0p50,1995,0.2427
NLD,sptincj992,p0p50,1996,0.2456
NLD,sptincj992,p0p50,1997,0.2443
NLD,sptincj992,p0p50,1998,0.246
NLD,sptincj992,p0p50,1999,0.2459
NLD,sptincj992,p0p50,2000,0.2461
NLD,sptincj992,p0p50,2001,0.2405
NLD,sptincj992,p0p50,2002,0.2396
NLD,sptincj992,p0p50,2003,0.2369
NLD,sptincj992,p0p50,2004,0.2366
NLD,sptincj992,p0p50,2005,0.2318
NLD,sptincj992,p0p50,2006,0.2279
NLD,sptincj992,p0p50,2007,0.2223
NLD,sptincj992,p0p50,2008,0.2358
NLD,sptincj992,p0p50,2009,0.2353
NLD,sptincj992,p0p50,2010,0.2305
NLD,sptincj992,p0p50,2011,0.2306
NLD,sptincj992,p0p50,2012,0.229
NLD,sptincj992,p0p50,2013,0.2287
NLD,sptincj992,p0p50,2014,0.2246
NLD,sptincj992,p0p50,2015,0.2262
NLD,sptincj992,p0p50,2016,0.2256
NLD,sptincj992,p0p50,2017,0.2212
NLD,sptincj992,p0p50,2018,0.2243
NLD,sptincj992,p0p50,2019,0.2254
NLD,sptincj992,p0p50,2020,0.2254
NLD,sptincj992,p0p50,2021,0.224
NLD,sptincj992,p0p50,2022,0.2162
NLD,sptincj992,p0p50,2023,0.2084
NLD,sptincj992,p0p50,2024,0.2084
NLD,sptincj992,p0p90,1820,0.5158
NLD,sptincj992,p0p90,1850,0.5092
NLD,sptincj992,p0p90,1880,0.506
NLD,sptincj992,p0p90,1900,0.4772
NLD,sptincj992,p0p90,1910,0.4897
NLD,sptincj992,p0p90,1914,0.5105000000000001
NLD,sptincj992,p0p90,1915,0.5152
NLD,sptincj992,p0p90,1916,0.5138
NLD,sptincj992,p0p90,1917,0.5219
NLD,sptincj992,p0p90,1918,0.5307000000000001
NLD,sptincj992,p0p90,1919,0.531
NLD,sptincj992,p0p90,1920,0.5434
NLD,sptincj992,p0p90,1921,0.5538000000000001
NLD,sptincj992,p0p90,1922,0.5581
NLD,sptincj992,p0p90,1923,0.5715
NLD,sptincj992,p0p90,1924,0.5761000000000001
NLD,sptincj992,p0p90,1925,0.5809000000000001
NLD,sptincj992,p0p90,1926,0.5894
NLD,sptincj992,p0p90,1927,0.5933
NLD,sptincj992,p0p90,1928,0.5993
NLD,sptincj992,p0p90,1929,0.6057
NLD,sptincj992,p0p90,1930,0.6156
NLD,sptincj992,p0p90,1931,0.6174000000000001
NLD,sptincj992,p0p90,1932,0.6133000000000001
NLD,sptincj992,p0p90,1933,0.6183000000000001
NLD,sptincj992,p0p90,1934,0.6151
NLD,sptincj992,p0p90,1935,0.6109
NLD,sptincj992,p0p90,1936,0.6139
NLD,sptincj992,p0p90,1937,0.6096
NLD,sptincj992,p0p90,1938,0.6076
NLD,sptincj992,p0p90,1939,0.608
NLD,sptincj992,p0p90,1940,0.603
NLD,sptincj992,p0p90,1941,0.6073000000000001
NLD,sptincj992,p0p90,1946,0.6502
NLD,sptincj992,p0p90,1950,0.6748000000000001
NLD,sptincj992,p0p90,1952,0.6738000000000001
NLD,sptincj992,p0p90,1953,0.6716000000000001
NLD,sptincj992,p0p90,1957,0.6748000000000001
NLD,sptincj992,p0p90,1958,0.6703
NLD,sptincj992,p0p90,1959,0.6729
NLD,sptincj992,p0p90,1960,0.6713
NLD,sptincj992,p0p90,1962,0.6772
NLD,sptincj992,p0p90,1964,0.6813
NLD,sptincj992,p0p90,1966,0.6876
NLD,sptincj992,p0p90,1967,0.6908000000000001
NLD,sptincj992,p0p90,1970,0.6963
NLD,sptincj992,p0p90,1973,0.7145
NLD,sptincj992,p0p90,1975,0.7190000000000001
NLD,sptincj992,p0p90,1977,0.7266
NLD,sptincj992,p0p90,1980,0.7269
NLD,sptincj992,p0p90,1981,0.7263000000000001
NLD,sptincj992,p0p90,1982,0.7249
NLD,sptincj992,p0p90,1983,0.7236
NLD,sptincj992,p0p90,1984,0.7224
NLD,sptincj992,p0p90,1985,0.7217
NLD,sptincj992,p0p90,1986,0.7220000000000001
NLD,sptincj992,p0p90,1987,0.7234
NLD,sptincj992,p0p90,1988,0.7236
NLD,sptincj992,p0p90,1989,0.7255
NLD,sptincj992,p0p90,1990,0.728
NLD,sptincj992,p0p90,1991,0.7285
NLD,sptincj992,p0p90,1992,0.7284
NLD,sptincj992,p0p90,1993,0.7291000000000001
NLD,sptincj992,p0p90,1994,0.7263000000000001
NLD,sptincj992,p0p90,1995,0.7238
NLD,sptincj992,p0p90,1996,0.7247
NLD,sptincj992,p0p90,1997,0.7232000000000001
NLD,sptincj992,p0p90,1998,0.7243
NLD,sptincj992,p0p90,1999,0.7236
NLD,sptincj992,p0p90,2000,0.7216
NLD,sptincj992,p0p90,2001,0.7125
NLD,sptincj992,p0p90,2002,0.7129000000000001
NLD,sptincj992,p0p90,2003,0.7110000000000001
NLD,sptincj992,p0p90,2004,0.7060000000000001
NLD,sptincj992,p0p90,2005,0.7028
NLD,sptincj992,p0p90,2006,0.7037
NLD,sptincj992,p0p90,2007,0.6898000000000001
NLD,sptincj992,p0p90,2008,0.7145
NLD,sptincj992,p0p90,2009,0.7135
NLD,sptincj992,p0p90,2010,0.7083
NLD,sptincj992,p0p90,2011,0.7106
NLD,sptincj992,p0p90,2012,0.7075
NLD,sptincj992,p0p90,2013,0.7157
NLD,sptincj992,p0p90,2014,0.7073
NLD,sptincj992,p0p90,2015,0.7075
NLD,sptincj992,p0p90,2016,0.7078
NLD,sptincj992,p0p90,2017,0.7012
NLD,sptincj992,p0p90,2018,0.7043
NLD,sptincj992,p0p90,2019,0.7063
NLD,sptincj992,p0p90,2020,0.7063
NLD,sptincj992,p0p90,2021,0.7035
NLD,sptincj992,p0p90,2022,0.7002
NLD,sptincj992,p0p90,2023,0.6960000000000001
NLD,sptincj992,p0p90,2024,0.6960000000000001
NLD,sptincj992,p0p99,1820,0.7984
NLD,sptincj992,p0p99,1850,0.7935
NLD,sptincj992,p0p99,1880,0.7958000000000001
NLD,sptincj992,p0p99,1900,0.7471
NLD,sptincj992,p0p99,1910,0.7506
NLD,sptincj992,p0p99,1914,0.7641
NLD,sptincj992,p0p99,1915,0.7667
NLD,sptincj992,p0p99,1916,0.7604000000000001
NLD,sptincj992,p0p99,1917,0.768
NLD,sptincj992,p0p99,1918,0.7767000000000001
NLD,sptincj992,p0p99,1919,0.7731
NLD,sptincj992,p0p99,1920,0.7869
NLD,sptincj992,p0p99,1921,0.7964
NLD,sptincj992,p0p99,1922,0.7973
NLD,sptincj992,p0p99,1923,0.8111
NLD,sptincj992,p0p99,1924,0.8123
NLD,sptincj992,p0p99,1925,0.8138000000000001
NLD,sptincj992,p0p99,1926,0.8207
NLD,sptincj992,p0p99,1927,0.8210000000000001
NLD,sptincj992,p0p99,1928,0.8244
NLD,sptincj992,p0p99,1929,0.8282
NLD,sptincj992,p0p99,1930,0.8369000000000001
NLD,sptincj992,p0p99,1931,0.8426
NLD,sptincj992,p0p99,1932,0.8403
NLD,sptincj992,p0p99,1933,0.8504
NLD,sptincj992,p0p99,1934,0.8493
NLD,sptincj992,p0p99,1935,0.8467
NLD,sptincj992,p0p99,1936,0.8543000000000001
NLD,sptincj992,p0p99,1937,0.8515
NLD,sptincj992,p0p99,1938,0.8521000000000001
NLD,sptincj992,p0p99,1939,0.8560000000000001
NLD,sptincj992,p0p99,1940,0.8521000000000001
NLD,sptincj992,p0p99,1941,0.8522000000000001
NLD,sptincj992,p0p99,1946,0.8822000000000001
NLD,sptincj992,p0p99,1950,0.8929
NLD,sptincj992,p0p99,1952,0.8936000000000001
NLD,sptincj992,p0p99,1953,0.8917
NLD,sptincj992,p0p99,1957,0.9003
NLD,sptincj992,p0p99,1958,0.8953000000000001
NLD,sptincj992,p0p99,1959,0.8998
NLD,sptincj992,p0p99,1960,0.8988
NLD,sptincj992,p0p99,1962,0.9024000000000001
NLD,sptincj992,p0p99,1964,0.9037000000000001
NLD,sptincj992,p0p99,1966,0.908
NLD,sptincj992,p0p99,1967,0.9101
NLD,sptincj992,p0p99,1970,0.9123
NLD,sptincj992,p0p99,1973,0.9291
NLD,sptincj992,p0p99,1975,0.9309000000000001
NLD,sptincj992,p0p99,1977,0.9368000000000001
NLD,sptincj992,p0p99,1980,0.9375
NLD,sptincj992,p0p99,1981,0.9378000000000001
NLD,sptincj992,p0p99,1982,0.9376000000000001
NLD,sptincj992,p0p99,1983,0.9376000000000001
NLD,sptincj992,p0p99,1984,0.9374
NLD,sptincj992,p0p99,1985,0.9375
NLD,sptincj992,p0p99,1986,0.9377000000000001
NLD,sptincj992,p0p99,1987,0.9383
NLD,sptincj992,p0p99,1988,0.9385
NLD,sptincj992,p0p99,1989,0.9393
NLD,sptincj992,p0p99,1990,0.9405
NLD,sptincj992,p0p99,1991,0.9405
NLD,sptincj992,p0p99,1992,0.9405
NLD,sptincj992,p0p99,1993,0.9425
NLD,sptincj992,p0p99,1994,0.9419000000000001
NLD,sptincj992,p0p99,1995,0.9409000000000001
NLD,sptincj992,p0p99,1996,0.9406
NLD,sptincj992,p0p99,1997,0.9392
NLD,sptincj992,p0p99,1998,0.9406
NLD,sptincj992,p0p99,1999,0.9397000000000001
NLD,sptincj992,p0p99,2000,0.9372
NLD,sptincj992,p0p99,2001,0.9305
NLD,sptincj992,p0p99,2002,0.9317000000000001
NLD,sptincj992,p0p99,2003,0.9324
NLD,sptincj992,p0p99,2004,0.9298000000000001
NLD,sptincj992,p0p99,2005,0.9282
NLD,sptincj992,p0p99,2006,0.9291
NLD,sptincj992,p0p99,2007,0.9213
NLD,sptincj992,p0p99,2008,0.9323
NLD,sptincj992,p0p99,2009,0.9343
NLD,sptincj992,p0p99,2010,0.9327000000000001
NLD,sptincj992,p0p99,2011,0.9341
NLD,sptincj992,p0p99,2012,0.9342
NLD,sptincj992,p0p99,2013,0.9365
NLD,sptincj992,p0p99,2014,0.9313
NLD,sptincj992,p0p99,2015,0.9312
NLD,sptincj992,p0p99,2016,0.9309000000000001
NLD,sptincj992,p0p99,2017,0.9295
NLD,sptincj992,p0p99,2018,0.9303
NLD,sptincj992,p0p99,2019,0.9308000000000001
NLD,sptincj992,p0p99,2020,0.9308000000000001
NLD,sptincj992,p0p99,2021,0.9294
NLD,sptincj992,p0p99,2022,0.9296000000000001
NLD,sptincj992,p0p99,2023,0.9287000000000001
NLD,sptincj992,p0p99,2024,0.9287000000000001
NLD,sptincj992,p50p90,1820,0.341
NLD,sptincj992,p50p90,1850,0.3367
NLD,sptincj992,p50p90,1880,0.3346
NLD,sptincj992,p50p90,1900,0.3152
NLD,sptincj992,p50p90,1910,0.3227
NLD,sptincj992,p50p90,1914,0.3364
NLD,sptincj992,p50p90,1915,0.3394
NLD,sptincj992,p50p90,1916,0.3385
NLD,sptincj992,p50p90,1917,0.3438
NLD,sptincj992,p50p90,1918,0.3496
NLD,sptincj992,p50p90,1919,0.3499
NLD,sptincj992,p50p90,1920,0.358
NLD,sptincj992,p50p90,1921,0.365
NLD,sptincj992,p50p90,1922,0.368
NLD,sptincj992,p50p90,1923,0.377
NLD,sptincj992,p50p90,1924,0.3801
NLD,sptincj992,p50p90,1925,0.3834
NLD,sptincj992,p50p90,1926,0.3892
NLD,sptincj992,p50p90,1927,0.3918
NLD,sptincj992,p50p90,1928,0.3959
NLD,sptincj992,p50p90,1929,0.4003
NLD,sptincj992,p50p90,1930,0.4069
NLD,sptincj992,p50p90,1931,0.4081
NLD,sptincj992,p50p90,1932,0.4054
NLD,sptincj992,p50p90,1933,0.4087
NLD,sptincj992,p50p90,1934,0.4066
NLD,sptincj992,p50p90,1935,0.4037
NLD,sptincj992,p50p90,1936,0.4058
NLD,sptincj992,p50p90,1937,0.4028
NLD,sptincj992,p50p90,1938,0.4015
NLD,sptincj992,p50p90,1939,0.4018
NLD,sptincj992,p50p90,1940,0.3984
NLD,sptincj992,p50p90,1941,0.4014
NLD,sptincj992,p50p90,1946,0.4301
NLD,sptincj992,p50p90,1950,0.4467
NLD,sptincj992,p50p90,1952,0.4459
NLD,sptincj992,p50p90,1953,0.4444
NLD,sptincj992,p50p90,1957,0.4463
NLD,sptincj992,p50p90,1958,0.4433
NLD,sptincj992,p50p90,1959,0.4449
NLD,sptincj992,p50p90,1960,0.4439
NLD,sptincj992,p50p90,1962,0.4451
NLD,sptincj992,p50p90,1964,0.4451
NLD,sptincj992,p50p90,1966,0.4466
NLD,sptincj992,p50p90,1967,0.4473
NLD,sptincj992,p50p90,1970,0.4607
NLD,sptincj992,p50p90,1973,0.4548
NLD,sptincj992,p50p90,1975,0.4551
NLD,sptincj992,p50p90,1977,0.4574
NLD,sptincj992,p50p90,1980,0.4674
NLD,sptincj992,p50p90,1981,0.4693
NLD,sptincj992,p50p90,1982,0.4701
NLD,sptincj992,p50p90,1983,0.4778
NLD,sptincj992,p50p90,1984,0.4783
NLD,sptincj992,p50p90,1985,0.478
NLD,sptincj992,p50p90,1986,0.4771
NLD,sptincj992,p50p90,1987,0.4786
NLD,sptincj992,p50p90,1988,0.4776
NLD,sptincj992,p50p90,1989,0.4777
NLD,sptincj992,p50p90,1990,0.4803
NLD,sptincj992,p50p90,1991,0.4809
NLD,sptincj992,p50p90,1992,0.4805
NLD,sptincj992,p50p90,1993,0.4844
NLD,sptincj992,p50p90,1994,0.4851
NLD,sptincj992,p50p90,1995,0.4811
NLD,sptincj992,p50p90,1996,0.4791
NLD,sptincj992,p50p90,1997,0.4789
NLD,sptincj992,p50p90,1998,0.4783
NLD,sptincj992,p50p90,1999,0.4777
NLD,sptincj992,p50p90,2000,0.4754
NLD,sptincj992,p50p90,2001,0.472
NLD,sptincj992,p50p90,2002,0.4733
NLD,sptincj992,p50p90,2003,0.4741
NLD,sptincj992,p50p90,2004,0.4694
NLD,sptincj992,p50p90,2005,0.471
NLD,sptincj992,p50p90,2006,0.4758
NLD,sptincj992,p50p90,2007,0.4675
NLD,sptincj992,p50p90,2008,0.4787
NLD,sptincj992,p50p90,2009,0.4781
NLD,sptincj992,p50p90,2010,0.4778
NLD,sptincj992,p50p90,2011,0.4801
NLD,sptincj992,p50p90,2012,0.4784
NLD,sptincj992,p50p90,2013,0.487
NLD,sptincj992,p50p90,2014,0.4827
NLD,sptincj992,p50p90,2015,0.4813
NLD,sptincj992,p50p90,2016,0.4822
NLD,sptincj992,p50p90,2017,0.48
NLD,sptincj992,p50p90,2018,0.4801
NLD,sptincj992,p50p90,2019,0.4809
NLD,sptincj992,p50p90,2020,0.4809
NLD,sptincj992,p50p90,2021,0.4795
NLD,sptincj992,p50p90,2022,0.4839
NLD,sptincj992,p50p90,2023,0.4877
NLD,sptincj992,p50p90,2024,0.4877
NLD,sptincj992,p90p100,1820,0.4842
NLD,sptincj992,p90p100,1850,0.4908
NLD,sptincj992,p90p100,1880,0.4940000000000001
NLD,sptincj992,p90p100,1900,0.5228
NLD,sptincj992,p90p100,1910,0.5103
NLD,sptincj992,p90p100,1914,0.4895
NLD,sptincj992,p90p100,1915,0.4848
NLD,sptincj992,p90p100,1916,0.4862
NLD,sptincj992,p90p100,1917,0.4781
NLD,sptincj992,p90p100,1918,0.4693
NLD,sptincj992,p90p100,1919,0.469
NLD,sptincj992,p90p100,1920,0.4566
NLD,sptincj992,p90p100,1921,0.4462
NLD,sptincj992,p90p100,1922,0.4419
NLD,sptincj992,p90p100,1923,0.4285
NLD,sptincj992,p90p100,1924,0.4239
NLD,sptincj992,p90p100,1925,0.4191
NLD,sptincj992,p90p100,1926,0.4106
NLD,sptincj992,p90p100,1927,0.4067
NLD,sptincj992,p90p100,1928,0.4007
NLD,sptincj992,p90p100,1929,0.3943
NLD,sptincj992,p90p100,1930,0.3844
NLD,sptincj992,p90p100,1931,0.3826
NLD,sptincj992,p90p100,1932,0.3867
NLD,sptincj992,p90p100,1933,0.3817
NLD,sptincj992,p90p100,1934,0.3849
NLD,sptincj992,p90p100,1935,0.3891
NLD,sptincj992,p90p100,1936,0.3861
NLD,sptincj992,p90p100,1937,0.3904
NLD,sptincj992,p90p100,1938,0.3924
NLD,sptincj992,p90p100,1939,0.392
NLD,sptincj992,p90p100,1940,0.397
NLD,sptincj992,p90p100,1941,0.3927
NLD,sptincj992,p90p100,1946,0.3498
NLD,sptincj992,p90p100,1950,0.3252
NLD,sptincj992,p90p100,1952,0.3262
NLD,sptincj992,p90p100,1953,0.3284
NLD,sptincj992,p90p100,1957,0.3252
NLD,sptincj992,p90p100,1958,0.3297
NLD,sptincj992,p90p100,1959,0.3271
NLD,sptincj992,p90p100,1960,0.3287
NLD,sptincj992,p90p100,1962,0.3228
NLD,sptincj992,p90p100,1964,0.3187
NLD,sptincj992,p90p100,1966,0.3124
NLD,sptincj992,p90p100,1967,0.3092
NLD,sptincj992,p90p100,1970,0.3037
NLD,sptincj992,p90p100,1973,0.2855
NLD,sptincj992,p90p100,1975,0.281
NLD,sptincj992,p90p100,1977,0.2734
NLD,sptincj992,p90p100,1980,0.2731
NLD,sptincj992,p90p100,1981,0.2737
NLD,sptincj992,p90p100,1982,0.2751
NLD,sptincj992,p90p100,1983,0.2764
NLD,sptincj992,p90p100,1984,0.2776
NLD,sptincj992,p90p100,1985,0.2783
NLD,sptincj992,p90p100,1986,0.278
NLD,sptincj992,p90p100,1987,0.2766
NLD,sptincj992,p90p100,1988,0.2764
NLD,sptincj992,p90p100,1989,0.2745
NLD,sptincj992,p90p100,1990,0.272
NLD,sptincj992,p90p100,1991,0.2715
NLD,sptincj992,p90p100,1992,0.2716
NLD,sptincj992,p90p100,1993,0.2709
NLD,sptincj992,p90p100,1994,0.2737
NLD,sptincj992,p90p100,1995,0.2762
NLD,sptincj992,p90p100,1996,0.2753
NLD,sptincj992,p90p100,1997,0.2768
NLD,sptincj992,p90p100,1998,0.2757
NLD,sptincj992,p90p100,1999,0.2764
NLD,sptincj992,p90p100,2000,0.2784
NLD,sptincj992,p90p100,2001,0.2875
NLD,sptincj992,p90p100,2002,0.2871
NLD,sptincj992,p90p100,2003,0.289
NLD,sptincj992,p90p100,2004,0.294
NLD,sptincj992,p90p100,2005,0.2972
NLD,sptincj992,p90p100,2006,0.2963
NLD,sptincj992,p90p100,2007,0.3102
NLD,sptincj992,p90p100,2008,0.2855
NLD,sptincj992,p90p100,2009,0.2865
NLD,sptincj992,p90p100,2010,0.2917
NLD,sptincj992,p90p100,2011,0.2894
NLD,sptincj992,p90p100,2012,0.2925
NLD,sptincj992,p90p100,2013,0.2843
NLD,sptincj992,p90p100,2014,0.2927
NLD,sptincj992,p90p100,2015,0.2925
NLD,sptincj992,p90p100,2016,0.2922
NLD,sptincj992,p90p100,2017,0.2988
NLD,sptincj992,p90p100,2018,0.2957
NLD,sptincj992,p90p100,2019,0.2937
NLD,sptincj992,p90p100,2020,0.2937
NLD,sptincj992,p90p100,2021,0.2965
NLD,sptincj992,p90p100,2022,0.2998
NLD,sptincj992,p90p100,2023,0.304
NLD,sptincj992,p90p100,2024,0.304
NLD,sptincj992,p99p100,1820,0.2016
NLD,sptincj992,p99p100,1850,0.2065
NLD,sptincj992,p99p100,1880,0.2042
NLD,sptincj992,p99p100,1900,0.2529
NLD,sptincj992,p99p100,1910,0.2494
NLD,sptincj992,p99p100,1914,0.2359
NLD,sptincj992,p99p100,1915,0.2333
NLD,sptincj992,p99p100,1916,0.2396
NLD,sptincj992,p99p100,1917,0.232
NLD,sptincj992,p99p100,1918,0.2233
NLD,sptincj992,p99p100,1919,0.2269
NLD,sptincj992,p99p100,1920,0.2131
NLD,sptincj992,p99p100,1921,0.2036
NLD,sptincj992,p99p100,1922,0.2027
NLD,sptincj992,p99p100,1923,0.1889
NLD,sptincj992,p99p100,1924,0.1877
NLD,sptincj992,p99p100,1925,0.1862
NLD,sptincj992,p99p100,1926,0.1793
NLD,sptincj992,p99p100,1927,0.179
NLD,sptincj992,p99p100,1928,0.1756
NLD,sptincj992,p99p100,1929,0.1718
NLD,sptincj992,p99p100,1930,0.1631
NLD,sptincj992,p99p100,1931,0.1574
NLD,sptincj992,p99p100,1932,0.1597
NLD,sptincj992,p99p100,1933,0.1496
NLD,sptincj992,p99p100,1934,0.1507
NLD,sptincj992,p99p100,1935,0.1533
NLD,sptincj992,p99p100,1936,0.1457
NLD,sptincj992,p99p100,1937,0.1485
NLD,sptincj992,p99p100,1938,0.1479
NLD,sptincj992,p99p100,1939,0.144
NLD,sptincj992,p99p100,1940,0.1479
NLD,sptincj992,p99p100,1941,0.1478
NLD,sptincj992,p99p100,1946,0.1178
NLD,sptincj992,p99p100,1950,0.1071
NLD,sptincj992,p99p100,1952,0.1064
NLD,sptincj992,p99p100,1953,0.1083
NLD,sptincj992,p99p100,1957,0.0997
NLD,sptincj992,p99p100,1958,0.1047
NLD,sptincj992,p99p100,1959,0.1002
NLD,sptincj992,p99p100,1960,0.1012
NLD,sptincj992,p99p100,1962,0.0976
NLD,sptincj992,p99p100,1964,0.0963
NLD,sptincj992,p99p100,1966,0.092
NLD,sptincj992,p99p100,1967,0.0899
NLD,sptincj992,p99p100,1970,0.0877
NLD,sptincj992,p99p100,1973,0.0709
NLD,sptincj992,p99p100,1975,0.0691
NLD,sptincj992,p99p100,1977,0.0632
NLD,sptincj992,p99p100,1980,0.0625
NLD,sptincj992,p99p100,1981,0.0622
NLD,sptincj992,p99p100,1982,0.0624
NLD,sptincj992,p99p100,1983,0.0624
NLD,sptincj992,p99p100,1984,0.0626
NLD,sptincj992,p99p100,1985,0.0625
NLD,sptincj992,p99p100,1986,0.0623
NLD,sptincj992,p99p100,1987,0.0617
NLD,sptincj992,p99p100,1988,0.0615
NLD,sptincj992,p99p100,1989,0.0607
NLD,sptincj992,p99p100,1990,0.0595
NLD,sptincj992,p99p100,1991,0.0595
NLD,sptincj992,p99p100,1992,0.0595
NLD,sptincj992,p99p100,1993,0.0575
NLD,sptincj992,p99p100,1994,0.0581
NLD,sptincj992,p99p100,1995,0.0591
NLD,sptincj992,p99p100,1996,0.0594
NLD,sptincj992,p99p100,1997,0.0608
NLD,sptincj992,p99p100,1998,0.0594
NLD,sptincj992,p99p100,1999,0.0603
NLD,sptincj992,p99p100,2000,0.0628
NLD,sptincj992,p99p100,2001,0.0695
NLD,sptincj992,p99p100,2002,0.0683
NLD,sptincj992,p99p100,2003,0.0676
NLD,sptincj992,p99p100,2004,0.0702
NLD,sptincj992,p99p100,2005,0.0718
NLD,sptincj992,p99p100,2006,0.0709
NLD,sptincj992,p99p100,2007,0.0787
NLD,sptincj992,p99p100,2008,0.0677
NLD,sptincj992,p99p100,2009,0.0657
NLD,sptincj992,p99p100,2010,0.0673
NLD,sptincj992,p99p100,2011,0.0659
NLD,sptincj992,p99p100,2012,0.0658
NLD,sptincj992,p99p100,2013,0.0635
NLD,sptincj992,p99p100,2014,0.0687
NLD,sptincj992,p99p100,2015,0.0688
NLD,sptincj992,p99p100,2016,0.0691
NLD,sptincj992,p99p100,2017,0.0705
NLD,sptincj992,p99p100,2018,0.0697
NLD,sptincj992,p99p100,2019,0.0692
NLD,sptincj992,p99p100,2020,0.0692
NLD,sptincj992,p99p100,2021,0.0706
NLD,sptincj992,p99p100,2022,0.0704
NLD,sptincj992,p99p100,2023,0.0713
NLD,sptincj992,p99p100,2024,0.0713
NOR,spllinf992,p0p100,1990,0.3493
NOR,spllinf992,p0p100,1991,0.3493
NOR,spllinf992,p0p100,1992,0.35229999
NOR,spllinf992,p0p100,1993,0.35409999
NOR,spllinf992,p0p100,1994,0.35339999
NOR,spllinf992,p0p100,1995,0.35530001
NOR,spllinf992,p0p100,1996,0.35710001
NOR,spllinf992,p0p100,1997,0.35659999
NOR,spllinf992,p0p100,1998,0.3637
NOR,spllinf992,p0p100,1999,0.36300001
NOR,spllinf992,p0p100,2000,0.3655
NOR,spllinf992,p0p100,2001,0.36579999
NOR,spllinf992,p0p100,2002,0.36610001
NOR,spllinf992,p0p100,2003,0.36629999
NOR,spllinf992,p0p100,2004,0.36660001
NOR,spllinf992,p0p100,2005,0.366
NOR,spllinf992,p0p100,2006,0.3653
NOR,spllinf992,p0p100,2007,0.3646
NOR,spllinf992,p0p100,2008,0.36849999
NOR,spllinf992,p0p100,2009,0.3723
NOR,spllinf992,p0p100,2010,0.3761
NOR,spllinf992,p0p100,2011,0.37689999
NOR,spllinf992,p0p100,2012,0.3777
NOR,spllinf992,p0p100,2013,0.37850001
NOR,spllinf992,p0p100,2014,0.38080001
NOR,spllinf992,p0p100,2015,0.3831
NOR,spllinf992,p0p100,2016,0.3854
NOR,spllinf992,p0p100,2017,0.38690001
NOR,spllinf992,p0p100,2018,0.38839999
NOR,spllinf992,p0p100,2019,0.3899
NOR,spllinf992,p0p100,2020,0.39320001
NOR,spllinf992,p0p100,2021,0.39179999
NOR,spllinf992,p0p100,2022,0.39320001
NOR,spllinf992,p0p100,2023,0.3937
NOR,spllinf992,p0p100,2024,0.3937
NOR,sptincj992,p0p100,1820,1
NOR,sptincj992,p0p100,1850,1
NOR,sptincj992,p0p100,1875,1
NOR,sptincj992,p0p100,1880,1
NOR,sptincj992,p0p100,1888,1
NOR,sptincj992,p0p100,1892,1
NOR,sptincj992,p0p100,1893,1
NOR,sptincj992,p0p100,1894,1
NOR,sptincj992,p0p100,1895,1
NOR,sptincj992,p0p100,1896,1
NOR,sptincj992,p0p100,1897,1
NOR,sptincj992,p0p100,1898,1
NOR,sptincj992,p0p100,1899,1
NOR,sptincj992,p0p100,1900,1
NOR,sptincj992,p0p100,1901,1
NOR,sptincj992,p0p100,1902,1
NOR,sptincj992,p0p100,1903,1
NOR,sptincj992,p0p100,1906,1
NOR,sptincj992,p0p100,1910,1
NOR,sptincj992,p0p100,1913,1
NOR,sptincj992,p0p100,1920,1
NOR,sptincj992,p0p100,1929,1
NOR,sptincj992,p0p100,1930,1
NOR,sptincj992,p0p100,1938,1
NOR,sptincj992,p0p100,1940,1
NOR,sptincj992,p0p100,1948,1
NOR,sptincj992,p0p100,1949,1
NOR,sptincj992,p0p100,1950,1
NOR,sptincj992,p0p100,1951,1
NOR,sptincj992,p0p100,1952,1
NOR,sptincj992,p0p100,1953,1
NOR,sptincj992,p0p100,1954,1
NOR,sptincj992,p0p100,1955,1
NOR,sptincj992,p0p100,1957,1
NOR,sptincj992,p0p100,1958,1
NOR,sptincj992,p0p100,1959,1
NOR,sptincj992,p0p100,1960,1
NOR,sptincj992,p0p100,1961,1
NOR,sptincj992,p0p100,1962,1
NOR,sptincj992,p0p100,1963,1
NOR,sptincj992,p0p100,1964,1
NOR,sptincj992,p0p100,1965,1
NOR,sptincj992,p0p100,1966,1
NOR,sptincj992,p0p100,1967,1
NOR,sptincj992,p0p100,1968,1
NOR,sptincj992,p0p100,1969,1
NOR,sptincj992,p0p100,1970,1
NOR,sptincj992,p0p100,1971,1
NOR,sptincj992,p0p100,1972,1
NOR,sptincj992,p0p100,1973,1
NOR,sptincj992,p0p100,1974,1
NOR,sptincj992,p0p100,1975,1
NOR,sptincj992,p0p100,1976,1
NOR,sptincj992,p0p100,1977,1
NOR,sptincj992,p0p100,1978,1
NOR,sptincj992,p0p100,1979,1
NOR,sptincj992,p0p100,1980,1
NOR,sptincj992,p0p100,1981,1
NOR,sptincj992,p0p100,1982,1
NOR,sptincj992,p0p100,1983,1
NOR,sptincj992,p0p100,1984,1
NOR,sptincj992,p0p100,1985,1
NOR,sptincj992,p0p100,1986,1
NOR,sptincj992,p0p100,1987,1
NOR,sptincj992,p0p100,1988,1
NOR,sptincj992,p0p100,1989,1
NOR,sptincj992,p0p100,1990,1
NOR,sptincj992,p0p100,1991,1
NOR,sptincj992,p0p100,1992,1
NOR,sptincj992,p0p100,1993,1
NOR,sptincj992,p0p100,1994,1
NOR,sptincj992,p0p100,1995,1
NOR,sptincj992,p0p100,1996,1
NOR,sptincj992,p0p100,1997,1
NOR,sptincj992,p0p100,1998,1
NOR,sptincj992,p0p100,1999,1
NOR,sptincj992,p0p100,2000,1
NOR,sptincj992,p0p100,2001,1
NOR,sptincj992,p0p100,2002,1
NOR,sptincj992,p0p100,2003,1
NOR,sptincj992,p0p100,2004,1
NOR,sptincj992,p0p100,2005,1
NOR,sptincj992,p0p100,2006,1
NOR,sptincj992,p0p100,2007,1
NOR,sptincj992,p0p100,2008,1
NOR,sptincj992,p0p100,2009,1
NOR,sptincj992,p0p100,2010,1
NOR,sptincj992,p0p100,2011,1
NOR,sptincj992,p0p100,2012,1
NOR,sptincj992,p0p100,2013,1
NOR,sptincj992,p0p100,2014,1
NOR,sptincj992,p0p100,2015,1
NOR,sptincj992,p0p100,2016,1
NOR,sptincj992,p0p100,2017,1
NOR,sptincj992,p0p100,2018,1
NOR,sptincj992,p0p100,2019,1
NOR,sptincj992,p0p100,2020,1
NOR,sptincj992,p0p100,2021,1
NOR,sptincj992,p0p100,2022,1
NOR,sptincj992,p0p100,2023,1
NOR,sptincj992,p0p100,2024,1
NOR,sptincj992,p0p50,1820,0.1748
NOR,sptincj992,p0p50,1850,0.1725
NOR,sptincj992,p0p50,1875,0.1719
NOR,sptincj992,p0p50,1880,0.1713
NOR,sptincj992,p0p50,1888,0.1671
NOR,sptincj992,p0p50,1892,0.1657
NOR,sptincj992,p0p50,1893,0.1649
NOR,sptincj992,p0p50,1894,0.1642
NOR,sptincj992,p0p50,1895,0.1641
NOR,sptincj992,p0p50,1896,0.1642
NOR,sptincj992,p0p50,1897,0.163
NOR,sptincj992,p0p50,1898,0.1625
NOR,sptincj992,p0p50,1899,0.1621
NOR,sptincj992,p0p50,1900,0.1621
NOR,sptincj992,p0p50,1901,0.1617
NOR,sptincj992,p0p50,1902,0.163
NOR,sptincj992,p0p50,1903,0.1616
NOR,sptincj992,p0p50,1906,0.1626
NOR,sptincj992,p0p50,1910,0.167
NOR,sptincj992,p0p50,1913,0.1712
NOR,sptincj992,p0p50,1920,0.1854
NOR,sptincj992,p0p50,1929,0.2062
NOR,sptincj992,p0p50,1930,0.2086
NOR,sptincj992,p0p50,1938,0.2048
NOR,sptincj992,p0p50,1940,0.2045
NOR,sptincj992,p0p50,1948,0.2239
NOR,sptincj992,p0p50,1949,0.2263
NOR,sptincj992,p0p50,1950,0.2281
NOR,sptincj992,p0p50,1951,0.2287
NOR,sptincj992,p0p50,1952,0.2281
NOR,sptincj992,p0p50,1953,0.2295
NOR,sptincj992,p0p50,1954,0.2291
NOR,sptincj992,p0p50,1955,0.2282
NOR,sptincj992,p0p50,1957,0.2267
NOR,sptincj992,p0p50,1958,0.2269
NOR,sptincj992,p0p50,1959,0.2267
NOR,sptincj992,p0p50,1960,0.2274
NOR,sptincj992,p0p50,1961,0.2298
NOR,sptincj992,p0p50,1962,0.2319
NOR,sptincj992,p0p50,1963,0.2344
NOR,sptincj992,p0p50,1964,0.2366
NOR,sptincj992,p0p50,1965,0.2388
NOR,sptincj992,p0p50,1966,0.2412
NOR,sptincj992,p0p50,1967,0.2437
NOR,sptincj992,p0p50,1968,0.2453
NOR,sptincj992,p0p50,1969,0.2468
NOR,sptincj992,p0p50,1970,0.2356
NOR,sptincj992,p0p50,1971,0.2508
NOR,sptincj992,p0p50,1972,0.2536
NOR,sptincj992,p0p50,1973,0.255
NOR,sptincj992,p0p50,1974,0.2574
NOR,sptincj992,p0p50,1975,0.2598
NOR,sptincj992,p0p50,1976,0.2615
NOR,sptincj992,p0p50,1977,0.2636
NOR,sptincj992,p0p50,1978,0.2665
NOR,sptincj992,p0p50,1979,0.2682
NOR,sptincj992,p0p50,1980,0.2513
NOR,sptincj992,p0p50,1981,0.257
NOR,sptincj992,p0p50,1982,0.2586
NOR,sptincj992,p0p50,1983,0.2632
NOR,sptincj992,p0p50,1984,0.2627
NOR,sptincj992,p0p50,1985,0.2617
NOR,sptincj992,p0p50,1986,0.277
NOR,sptincj992,p0p50,1987,0.2778
NOR,sptincj992,p0p50,1988,0.2823
NOR,sptincj992,p0p50,1989,0.2887
NOR,sptincj992,p0p50,1990,0.2839
NOR,sptincj992,p0p50,1991,0.2856
NOR,sptincj992,p0p50,1992,0.2863
NOR,sptincj992,p0p50,1993,0.2738
NOR,sptincj992,p0p50,1994,0.2632
NOR,sptincj992,p0p50,1995,0.2635
NOR,sptincj992,p0p50,1996,0.2546
NOR,sptincj992,p0p50,1997,0.2466
NOR,sptincj992,p0p50,1998,0.2594
NOR,sptincj992,p0p50,1999,0.2545
NOR,sptincj992,p0p50,2000,0.2406
NOR,sptincj992,p0p50,2001,0.2527
NOR,sptincj992,p0p50,2002,0.2519
NOR,sptincj992,p0p50,2003,0.2499
NOR,sptincj992,p0p50,2004,0.239
NOR,sptincj992,p0p50,2005,0.2195
NOR,sptincj992,p0p50,2006,0.2359
NOR,sptincj992,p0p50,2007,0.236
NOR,sptincj992,p0p50,2008,0.2371
NOR,sptincj992,p0p50,2009,0.2494
NOR,sptincj992,p0p50,2010,0.2411
NOR,sptincj992,p0p50,2011,0.2384
NOR,sptincj992,p0p50,2012,0.2363
NOR,sptincj992,p0p50,2013,0.2385
NOR,sptincj992,p0p50,2014,0.2381
NOR,sptincj992,p0p50,2015,0.2454
NOR,sptincj992,p0p50,2016,0.2446
NOR,sptincj992,p0p50,2017,0.2425
NOR,sptincj992,p0p50,2018,0.238
NOR,sptincj992,p0p50,2019,0.2459
NOR,sptincj992,p0p50,2020,0.2459
NOR,sptincj992,p0p50,2021,0.2439
NOR,sptincj992,p0p50,2022,0.2401
NOR,sptincj992,p0p50,2023,0.2401
NOR,sptincj992,p0p50,2024,0.2401
NOR,sptincj992,p0p90,1820,0.5158
NOR,sptincj992,p0p90,1850,0.5092
NOR,sptincj992,p0p90,1875,0.5075000000000001
NOR,sptincj992,p0p90,1880,0.506
NOR,sptincj992,p0p90,1888,0.4929
NOR,sptincj992,p0p90,1892,0.4885
NOR,sptincj992,p0p90,1893,0.486
NOR,sptincj992,p0p90,1894,0.4839
NOR,sptincj992,p0p90,1895,0.4835
NOR,sptincj992,p0p90,1896,0.4838
NOR,sptincj992,p0p90,1897,0.4802
NOR,sptincj992,p0p90,1898,0.4787
NOR,sptincj992,p0p90,1899,0.4774
NOR,sptincj992,p0p90,1900,0.4772
NOR,sptincj992,p0p90,1901,0.4761
NOR,sptincj992,p0p90,1902,0.4795
NOR,sptincj992,p0p90,1903,0.4752
NOR,sptincj992,p0p90,1906,0.4777
NOR,sptincj992,p0p90,1910,0.4897
NOR,sptincj992,p0p90,1913,0.5018
NOR,sptincj992,p0p90,1920,0.5434
NOR,sptincj992,p0p90,1929,0.6079
NOR,sptincj992,p0p90,1930,0.6156
NOR,sptincj992,p0p90,1938,0.6038
NOR,sptincj992,p0p90,1940,0.603
NOR,sptincj992,p0p90,1948,0.6618
NOR,sptincj992,p0p90,1949,0.6691
NOR,sptincj992,p0p90,1950,0.6748000000000001
NOR,sptincj992,p0p90,1951,0.6764
NOR,sptincj992,p0p90,1952,0.6744
NOR,sptincj992,p0p90,1953,0.6786
NOR,sptincj992,p0p90,1954,0.6772
NOR,sptincj992,p0p90,1955,0.6744
NOR,sptincj992,p0p90,1957,0.6697000000000001
NOR,sptincj992,p0p90,1958,0.6701
NOR,sptincj992,p0p90,1959,0.6694
NOR,sptincj992,p0p90,1960,0.6713
NOR,sptincj992,p0p90,1961,0.675
NOR,sptincj992,p0p90,1962,0.6779000000000001
NOR,sptincj992,p0p90,1963,0.682
NOR,sptincj992,p0p90,1964,0.6852
NOR,sptincj992,p0p90,1965,0.6882
NOR,sptincj992,p0p90,1966,0.6920000000000001
NOR,sptincj992,p0p90,1967,0.6961
NOR,sptincj992,p0p90,1968,0.6976
NOR,sptincj992,p0p90,1969,0.6987
NOR,sptincj992,p0p90,1970,0.6963
NOR,sptincj992,p0p90,1971,0.7040000000000001
NOR,sptincj992,p0p90,1972,0.7088
NOR,sptincj992,p0p90,1973,0.7099000000000001
NOR,sptincj992,p0p90,1974,0.7136
NOR,sptincj992,p0p90,1975,0.7174
NOR,sptincj992,p0p90,1976,0.7192000000000001
NOR,sptincj992,p0p90,1977,0.7219
NOR,sptincj992,p0p90,1978,0.727
NOR,sptincj992,p0p90,1979,0.7291000000000001
NOR,sptincj992,p0p90,1980,0.727
NOR,sptincj992,p0p90,1981,0.7322000000000001
NOR,sptincj992,p0p90,1982,0.7362000000000001
NOR,sptincj992,p0p90,1983,0.7403000000000001
NOR,sptincj992,p0p90,1984,0.7343000000000001
NOR,sptincj992,p0p90,1985,0.7313000000000001
NOR,sptincj992,p0p90,1986,0.7601
NOR,sptincj992,p0p90,1987,0.7613000000000001
NOR,sptincj992,p0p90,1988,0.7717
NOR,sptincj992,p0p90,1989,0.769
NOR,sptincj992,p0p90,1990,0.7654000000000001
NOR,sptincj992,p0p90,1991,0.7636000000000001
NOR,sptincj992,p0p90,1992,0.7546
NOR,sptincj992,p0p90,1993,0.7369
NOR,sptincj992,p0p90,1994,0.7250000000000001
NOR,sptincj992,p0p90,1995,0.7249
NOR,sptincj992,p0p90,1996,0.7071000000000001
NOR,sptincj992,p0p90,1997,0.6941
NOR,sptincj992,p0p90,1998,0.7163
NOR,sptincj992,p0p90,1999,0.7057
NOR,sptincj992,p0p90,2000,0.6735
NOR,sptincj992,p0p90,2001,0.6976
NOR,sptincj992,p0p90,2002,0.6932
NOR,sptincj992,p0p90,2003,0.6875
NOR,sptincj992,p0p90,2004,0.6703
NOR,sptincj992,p0p90,2005,0.6228
NOR,sptincj992,p0p90,2006,0.6647000000000001
NOR,sptincj992,p0p90,2007,0.6622
NOR,sptincj992,p0p90,2008,0.6571
NOR,sptincj992,p0p90,2009,0.6894
NOR,sptincj992,p0p90,2010,0.6733
NOR,sptincj992,p0p90,2011,0.6708000000000001
NOR,sptincj992,p0p90,2012,0.6687000000000001
NOR,sptincj992,p0p90,2013,0.6745
NOR,sptincj992,p0p90,2014,0.6766
NOR,sptincj992,p0p90,2015,0.6924
NOR,sptincj992,p0p90,2016,0.6936
NOR,sptincj992,p0p90,2017,0.6904
NOR,sptincj992,p0p90,2018,0.6798000000000001
NOR,sptincj992,p0p90,2019,0.6977
NOR,sptincj992,p0p90,2020,0.6977
NOR,sptincj992,p0p90,2021,0.6971
NOR,sptincj992,p0p90,2022,0.6935
NOR,sptincj992,p0p90,2023,0.6936
NOR,sptincj992,p0p90,2024,0.6936
NOR,sptincj992,p0p99,1820,0.7984
NOR,sptincj992,p0p99,1850,0.7935
NOR,sptincj992,p0p99,1875,0.7969
NOR,sptincj992,p0p99,1880,0.7958000000000001
NOR,sptincj992,p0p99,1888,0.7739
NOR,sptincj992,p0p99,1892,0.7663000000000001
NOR,sptincj992,p0p99,1893,0.7622
NOR,sptincj992,p0p99,1894,0.7587
NOR,sptincj992,p0p99,1895,0.7579
NOR,sptincj992,p0p99,1896,0.7582
NOR,sptincj992,p0p99,1897,0.7524000000000001
NOR,sptincj992,p0p99,1898,0.7498
NOR,sptincj992,p0p99,1899,0.7476
NOR,sptincj992,p0p99,1900,0.7471
NOR,sptincj992,p0p99,1901,0.7438
NOR,sptincj992,p0p99,1902,0.7475
NOR,sptincj992,p0p99,1903,0.7392000000000001
NOR,sptincj992,p0p99,1906,0.7383000000000001
NOR,sptincj992,p0p99,1910,0.7506
NOR,sptincj992,p0p99,1913,0.7554000000000001
NOR,sptincj992,p0p99,1920,0.7869
NOR,sptincj992,p0p99,1929,0.8313
NOR,sptincj992,p0p99,1930,0.8369000000000001
NOR,sptincj992,p0p99,1938,0.8467
NOR,sptincj992,p0p99,1940,0.8521000000000001
NOR,sptincj992,p0p99,1948,0.8866
NOR,sptincj992,p0p99,1949,0.8907
NOR,sptincj992,p0p99,1950,0.8929
NOR,sptincj992,p0p99,1951,0.896
NOR,sptincj992,p0p99,1952,0.8944000000000001
NOR,sptincj992,p0p99,1953,0.901
NOR,sptincj992,p0p99,1954,0.9002
NOR,sptincj992,p0p99,1955,0.8975000000000001
NOR,sptincj992,p0p99,1957,0.8934000000000001
NOR,sptincj992,p0p99,1958,0.8951
NOR,sptincj992,p0p99,1959,0.8951
NOR,sptincj992,p0p99,1960,0.8988
NOR,sptincj992,p0p99,1961,0.9008
NOR,sptincj992,p0p99,1962,0.9018
NOR,sptincj992,p0p99,1963,0.9045000000000001
NOR,sptincj992,p0p99,1964,0.906
NOR,sptincj992,p0p99,1965,0.9071
NOR,sptincj992,p0p99,1966,0.9093
NOR,sptincj992,p0p99,1967,0.9119
NOR,sptincj992,p0p99,1968,0.9111
NOR,sptincj992,p0p99,1969,0.9099
NOR,sptincj992,p0p99,1970,0.9123
NOR,sptincj992,p0p99,1971,0.9112
NOR,sptincj992,p0p99,1972,0.9148000000000001
NOR,sptincj992,p0p99,1973,0.9135000000000001
NOR,sptincj992,p0p99,1974,0.9156000000000001
NOR,sptincj992,p0p99,1975,0.9178000000000001
NOR,sptincj992,p0p99,1976,0.9174
NOR,sptincj992,p0p99,1977,0.9183
NOR,sptincj992,p0p99,1978,0.9221
NOR,sptincj992,p0p99,1979,0.9221
NOR,sptincj992,p0p99,1980,0.924
NOR,sptincj992,p0p99,1981,0.9255
NOR,sptincj992,p0p99,1982,0.9277000000000001
NOR,sptincj992,p0p99,1983,0.9291
NOR,sptincj992,p0p99,1984,0.9212
NOR,sptincj992,p0p99,1985,0.919
NOR,sptincj992,p0p99,1986,0.9419000000000001
NOR,sptincj992,p0p99,1987,0.9434
NOR,sptincj992,p0p99,1988,0.9496
NOR,sptincj992,p0p99,1989,0.9424
NOR,sptincj992,p0p99,1990,0.9406
NOR,sptincj992,p0p99,1991,0.9392
NOR,sptincj992,p0p99,1992,0.9305
NOR,sptincj992,p0p99,1993,0.9188000000000001
NOR,sptincj992,p0p99,1994,0.9142
NOR,sptincj992,p0p99,1995,0.9144
NOR,sptincj992,p0p99,1996,0.901
NOR,sptincj992,p0p99,1997,0.8933000000000001
NOR,sptincj992,p0p99,1998,0.9102
NOR,sptincj992,p0p99,1999,0.9002
NOR,sptincj992,p0p99,2000,0.8723000000000001
NOR,sptincj992,p0p99,2001,0.8917
NOR,sptincj992,p0p99,2002,0.8841
NOR,sptincj992,p0p99,2003,0.8788
NOR,sptincj992,p0p99,2004,0.8648
NOR,sptincj992,p0p99,2005,0.8217
NOR,sptincj992,p0p99,2006,0.8665
NOR,sptincj992,p0p99,2007,0.8669
NOR,sptincj992,p0p99,2008,0.8595
NOR,sptincj992,p0p99,2009,0.8883000000000001
NOR,sptincj992,p0p99,2010,0.8754000000000001
NOR,sptincj992,p0p99,2011,0.8753000000000001
NOR,sptincj992,p0p99,2012,0.8736
NOR,sptincj992,p0p99,2013,0.879
NOR,sptincj992,p0p99,2014,0.8825000000000001
NOR,sptincj992,p0p99,2015,0.9003
NOR,sptincj992,p0p99,2016,0.9025000000000001
NOR,sptincj992,p0p99,2017,0.8982
NOR,sptincj992,p0p99,2018,0.8893000000000001
NOR,sptincj992,p0p99,2019,0.9054000000000001
NOR,sptincj992,p0p99,2020,0.9054000000000001
NOR,sptincj992,p0p99,2021,0.9055000000000001
NOR,sptincj992,p0p99,2022,0.9048
NOR,sptincj992,p0p99,2023,0.9048
NOR,sptincj992,p0p99,2024,0.9048
NOR,sptincj992,p50p90,1820,0.341
NOR,sptincj992,p50p90,1850,0.3367
NOR,sptincj992,p50p90,1875,0.3356
NOR,sptincj992,p50p90,1880,0.3346
NOR,sptincj992,p50p90,1888,0.3258
NOR,sptincj992,p50p90,1892,0.3228
NOR,sptincj992,p50p90,1893,0.3211
NOR,sptincj992,p50p90,1894,0.3197
NOR,sptincj992,p50p90,1895,0.3195
NOR,sptincj992,p50p90,1896,0.3196
NOR,sptincj992,p50p90,1897,0.3172
NOR,sptincj992,p50p90,1898,0.3162
NOR,sptincj992,p50p90,1899,0.3153
NOR,sptincj992,p50p90,1900,0.3152
NOR,sptincj992,p50p90,1901,0.3144
NOR,sptincj992,p50p90,1902,0.3165
NOR,sptincj992,p50p90,1903,0.3136
NOR,sptincj992,p50p90,1906,0.315
NOR,sptincj992,p50p90,1910,0.3227
NOR,sptincj992,p50p90,1913,0.3306
NOR,sptincj992,p50p90,1920,0.358
NOR,sptincj992,p50p90,1929,0.4017
NOR,sptincj992,p50p90,1930,0.4069
NOR,sptincj992,p50p90,1938,0.399
NOR,sptincj992,p50p90,1940,0.3984
NOR,sptincj992,p50p90,1948,0.438
NOR,sptincj992,p50p90,1949,0.4428
NOR,sptincj992,p50p90,1950,0.4467
NOR,sptincj992,p50p90,1951,0.4477
NOR,sptincj992,p50p90,1952,0.4463
NOR,sptincj992,p50p90,1953,0.449
NOR,sptincj992,p50p90,1954,0.448
NOR,sptincj992,p50p90,1955,0.4461
NOR,sptincj992,p50p90,1957,0.443
NOR,sptincj992,p50p90,1958,0.4432
NOR,sptincj992,p50p90,1959,0.4426
NOR,sptincj992,p50p90,1960,0.4439
NOR,sptincj992,p50p90,1961,0.4452
NOR,sptincj992,p50p90,1962,0.446
NOR,sptincj992,p50p90,1963,0.4476
NOR,sptincj992,p50p90,1964,0.4486
NOR,sptincj992,p50p90,1965,0.4495
NOR,sptincj992,p50p90,1966,0.4508
NOR,sptincj992,p50p90,1967,0.4524
NOR,sptincj992,p50p90,1968,0.4523
NOR,sptincj992,p50p90,1969,0.4519
NOR,sptincj992,p50p90,1970,0.4607
NOR,sptincj992,p50p90,1971,0.4532
NOR,sptincj992,p50p90,1972,0.4552
NOR,sptincj992,p50p90,1973,0.4549
NOR,sptincj992,p50p90,1974,0.4562
NOR,sptincj992,p50p90,1975,0.4576
NOR,sptincj992,p50p90,1976,0.4577
NOR,sptincj992,p50p90,1977,0.4584
NOR,sptincj992,p50p90,1978,0.4606
NOR,sptincj992,p50p90,1979,0.4609
NOR,sptincj992,p50p90,1980,0.4758
NOR,sptincj992,p50p90,1981,0.4752
NOR,sptincj992,p50p90,1982,0.4776
NOR,sptincj992,p50p90,1983,0.4771
NOR,sptincj992,p50p90,1984,0.4716
NOR,sptincj992,p50p90,1985,0.4697
NOR,sptincj992,p50p90,1986,0.4831
NOR,sptincj992,p50p90,1987,0.4835
NOR,sptincj992,p50p90,1988,0.4894
NOR,sptincj992,p50p90,1989,0.4802
NOR,sptincj992,p50p90,1990,0.4815
NOR,sptincj992,p50p90,1991,0.4779
NOR,sptincj992,p50p90,1992,0.4682
NOR,sptincj992,p50p90,1993,0.463
NOR,sptincj992,p50p90,1994,0.4618
NOR,sptincj992,p50p90,1995,0.4614
NOR,sptincj992,p50p90,1996,0.4525
NOR,sptincj992,p50p90,1997,0.4475
NOR,sptincj992,p50p90,1998,0.4569
NOR,sptincj992,p50p90,1999,0.4512
NOR,sptincj992,p50p90,2000,0.4329
NOR,sptincj992,p50p90,2001,0.4449
NOR,sptincj992,p50p90,2002,0.4413
NOR,sptincj992,p50p90,2003,0.4376
NOR,sptincj992,p50p90,2004,0.4313
NOR,sptincj992,p50p90,2005,0.4033
NOR,sptincj992,p50p90,2006,0.4288
NOR,sptincj992,p50p90,2007,0.4263
NOR,sptincj992,p50p90,2008,0.42
NOR,sptincj992,p50p90,2009,0.4399
NOR,sptincj992,p50p90,2010,0.4322
NOR,sptincj992,p50p90,2011,0.4324
NOR,sptincj992,p50p90,2012,0.4324
NOR,sptincj992,p50p90,2013,0.436
NOR,sptincj992,p50p90,2014,0.4385
NOR,sptincj992,p50p90,2015,0.4469
NOR,sptincj992,p50p90,2016,0.449
NOR,sptincj992,p50p90,2017,0.4479
NOR,sptincj992,p50p90,2018,0.4418
NOR,sptincj992,p50p90,2019,0.4518
NOR,sptincj992,p50p90,2020,0.4518
NOR,sptincj992,p50p90,2021,0.4531
NOR,sptincj992,p50p90,2022,0.4534
NOR,sptincj992,p50p90,2023,0.4535
NOR,sptincj992,p50p90,2024,0.4535
NOR,sptincj992,p90p100,1820,0.4842
NOR,sptincj992,p90p100,1850,0.4908
NOR,sptincj992,p90p100,1875,0.4925
NOR,sptincj992,p90p100,1880,0.4940000000000001
NOR,sptincj992,p90p100,1888,0.5071
NOR,sptincj992,p90p100,1892,0.5115000000000001
NOR,sptincj992,p90p100,1893,0.514
NOR,sptincj992,p90p100,1894,0.5161
NOR,sptincj992,p90p100,1895,0.5165000000000001
NOR,sptincj992,p90p100,1896,0.5162
NOR,sptincj992,p90p100,1897,0.5198
NOR,sptincj992,p90p100,1898,0.5213
NOR,sptincj992,p90p100,1899,0.5226000000000001
NOR,sptincj992,p90p100,1900,0.5228
NOR,sptincj992,p90p100,1901,0.5239
NOR,sptincj992,p90p100,1902,0.5205000000000001
NOR,sptincj992,p90p100,1903,0.5248
NOR,sptincj992,p90p100,1906,0.5223
NOR,sptincj992,p90p100,1910,0.5103
NOR,sptincj992,p90p100,1913,0.4982
NOR,sptincj992,p90p100,1920,0.4566
NOR,sptincj992,p90p100,1929,0.3921
NOR,sptincj992,p90p100,1930,0.3844
NOR,sptincj992,p90p100,1938,0.3962
NOR,sptincj992,p90p100,1940,0.397
NOR,sptincj992,p90p100,1948,0.3382
NOR,sptincj992,p90p100,1949,0.3309
NOR,sptincj992,p90p100,1950,0.3252
NOR,sptincj992,p90p100,1951,0.3236
NOR,sptincj992,p90p100,1952,0.3256
NOR,sptincj992,p90p100,1953,0.3214
NOR,sptincj992,p90p100,1954,0.3228
NOR,sptincj992,p90p100,1955,0.3256
NOR,sptincj992,p90p100,1957,0.3303
NOR,sptincj992,p90p100,1958,0.3299
NOR,sptincj992,p90p100,1959,0.3306
NOR,sptincj992,p90p100,1960,0.3287
NOR,sptincj992,p90p100,1961,0.325
NOR,sptincj992,p90p100,1962,0.3221
NOR,sptincj992,p90p100,1963,0.318
NOR,sptincj992,p90p100,1964,0.3148
NOR,sptincj992,p90p100,1965,0.3118
NOR,sptincj992,p90p100,1966,0.308
NOR,sptincj992,p90p100,1967,0.3039
NOR,sptincj992,p90p100,1968,0.3024
NOR,sptincj992,p90p100,1969,0.3013
NOR,sptincj992,p90p100,1970,0.3037
NOR,sptincj992,p90p100,1971,0.296
NOR,sptincj992,p90p100,1972,0.2912
NOR,sptincj992,p90p100,1973,0.2901
NOR,sptincj992,p90p100,1974,0.2864
NOR,sptincj992,p90p100,1975,0.2826
NOR,sptincj992,p90p100,1976,0.2808
NOR,sptincj992,p90p100,1977,0.2781
NOR,sptincj992,p90p100,1978,0.273
NOR,sptincj992,p90p100,1979,0.2709
NOR,sptincj992,p90p100,1980,0.273
NOR,sptincj992,p90p100,1981,0.2678
NOR,sptincj992,p90p100,1982,0.2638
NOR,sptincj992,p90p100,1983,0.2597
NOR,sptincj992,p90p100,1984,0.2657
NOR,sptincj992,p90p100,1985,0.2687
NOR,sptincj992,p90p100,1986,0.2399
NOR,sptincj992,p90p100,1987,0.2387
NOR,sptincj992,p90p100,1988,0.2283
NOR,sptincj992,p90p100,1989,0.231
NOR,sptincj992,p90p100,1990,0.2346
NOR,sptincj992,p90p100,1991,0.2364
NOR,sptincj992,p90p100,1992,0.2454
NOR,sptincj992,p90p100,1993,0.2631
NOR,sptincj992,p90p100,1994,0.275
NOR,sptincj992,p90p100,1995,0.2751
NOR,sptincj992,p90p100,1996,0.2929
NOR,sptincj992,p90p100,1997,0.3059
NOR,sptincj992,p90p100,1998,0.2837
NOR,sptincj992,p90p100,1999,0.2943
NOR,sptincj992,p90p100,2000,0.3265
NOR,sptincj992,p90p100,2001,0.3024
NOR,sptincj992,p90p100,2002,0.3068
NOR,sptincj992,p90p100,2003,0.3125
NOR,sptincj992,p90p100,2004,0.3297
NOR,sptincj992,p90p100,2005,0.3772
NOR,sptincj992,p90p100,2006,0.3353
NOR,sptincj992,p90p100,2007,0.3378
NOR,sptincj992,p90p100,2008,0.3429
NOR,sptincj992,p90p100,2009,0.3106
NOR,sptincj992,p90p100,2010,0.3267
NOR,sptincj992,p90p100,2011,0.3292
NOR,sptincj992,p90p100,2012,0.3313
NOR,sptincj992,p90p100,2013,0.3255
NOR,sptincj992,p90p100,2014,0.3234
NOR,sptincj992,p90p100,2015,0.3076
NOR,sptincj992,p90p100,2016,0.3064
NOR,sptincj992,p90p100,2017,0.3096
NOR,sptincj992,p90p100,2018,0.3202
NOR,sptincj992,p90p100,2019,0.3023
NOR,sptincj992,p90p100,2020,0.3023
NOR,sptincj992,p90p100,2021,0.3029
NOR,sptincj992,p90p100,2022,0.3065
NOR,sptincj992,p90p100,2023,0.3064
NOR,sptincj992,p90p100,2024,0.3064
NOR,sptincj992,p99p100,1820,0.2016
NOR,sptincj992,p99p100,1850,0.2065
NOR,sptincj992,p99p100,1875,0.2031
NOR,sptincj992,p99p100,1880,0.2042
NOR,sptincj992,p99p100,1888,0.2261
NOR,sptincj992,p99p100,1892,0.2337
NOR,sptincj992,p99p100,1893,0.2378
NOR,sptincj992,p99p100,1894,0.2413
NOR,sptincj992,p99p100,1895,0.2421
NOR,sptincj992,p99p100,1896,0.2418
NOR,sptincj992,p99p100,1897,0.2476
NOR,sptincj992,p99p100,1898,0.2502
NOR,sptincj992,p99p100,1899,0.2524
NOR,sptincj992,p99p100,1900,0.2529
NOR,sptincj992,p99p100,1901,0.2562
NOR,sptincj992,p99p100,1902,0.2525
NOR,sptincj992,p99p100,1903,0.2608
NOR,sptincj992,p99p100,1906,0.2617
NOR,sptincj992,p99p100,1910,0.2494
NOR,sptincj992,p99p100,1913,0.2446
NOR,sptincj992,p99p100,1920,0.2131
NOR,sptincj992,p99p100,1929,0.1687
NOR,sptincj992,p99p100,1930,0.1631
NOR,sptincj992,p99p100,1938,0.1533
NOR,sptincj992,p99p100,1940,0.1479
NOR,sptincj992,p99p100,1948,0.1134
NOR,sptincj992,p99p100,1949,0.1093
NOR,sptincj992,p99p100,1950,0.1071
NOR,sptincj992,p99p100,1951,0.104
NOR,sptincj992,p99p100,1952,0.1056
NOR,sptincj992,p99p100,1953,0.099
NOR,sptincj992,p99p100,1954,0.0998
NOR,sptincj992,p99p100,1955,0.1025
NOR,sptincj992,p99p100,1957,0.1066
NOR,sptincj992,p99p100,1958,0.1049
NOR,sptincj992,p99p100,1959,0.1049
NOR,sptincj992,p99p100,1960,0.1012
NOR,sptincj992,p99p100,1961,0.0992
NOR,sptincj992,p99p100,1962,0.0982
NOR,sptincj992,p99p100,1963,0.0955
NOR,sptincj992,p99p100,1964,0.094
NOR,sptincj992,p99p100,1965,0.0929
NOR,sptincj992,p99p100,1966,0.0907
NOR,sptincj992,p99p100,1967,0.0881
NOR,sptincj992,p99p100,1968,0.0889
NOR,sptincj992,p99p100,1969,0.0901
NOR,sptincj992,p99p100,1970,0.0877
NOR,sptincj992,p99p100,1971,0.0888
NOR,sptincj992,p99p100,1972,0.0852
NOR,sptincj992,p99p100,1973,0.0865
NOR,sptincj992,p99p100,1974,0.0844
NOR,sptincj992,p99p100,1975,0.0822
NOR,sptincj992,p99p100,1976,0.0826
NOR,sptincj992,p99p100,1977,0.0817
NOR,sptincj992,p99p100,1978,0.0779
NOR,sptincj992,p99p100,1979,0.0779
NOR,sptincj992,p99p100,1980,0.076
NOR,sptincj992,p99p100,1981,0.0745
NOR,sptincj992,p99p100,1982,0.0723
NOR,sptincj992,p99p100,1983,0.0709
NOR,sptincj992,p99p100,1984,0.0788
NOR,sptincj992,p99p100,1985,0.081
NOR,sptincj992,p99p100,1986,0.0581
NOR,sptincj992,p99p100,1987,0.0566
NOR,sptincj992,p99p100,1988,0.0504
NOR,sptincj992,p99p100,1989,0.0576
NOR,sptincj992,p99p100,1990,0.0594
NOR,sptincj992,p99p100,1991,0.0608
NOR,sptincj992,p99p100,1992,0.0695
NOR,sptincj992,p99p100,1993,0.0812
NOR,sptincj992,p99p100,1994,0.0858
NOR,sptincj992,p99p100,1995,0.0856
NOR,sptincj992,p99p100,1996,0.099
NOR,sptincj992,p99p100,1997,0.1067
NOR,sptincj992,p99p100,1998,0.0898
NOR,sptincj992,p99p100,1999,0.0998
NOR,sptincj992,p99p100,2000,0.1277
NOR,sptincj992,p99p100,2001,0.1083
NOR,sptincj992,p99p100,2002,0.1159
NOR,sptincj992,p99p100,2003,0.1212
NOR,sptincj992,p99p100,2004,0.1352
NOR,sptincj992,p99p100,2005,0.1783
NOR,sptincj992,p99p100,2006,0.1335
NOR,sptincj992,p99p100,2007,0.1331
NOR,sptincj992,p99p100,2008,0.1405
NOR,sptincj992,p99p100,2009,0.1117
NOR,sptincj992,p99p100,2010,0.1246
NOR,sptincj992,p99p100,2011,0.1247
NOR,sptincj992,p99p100,2012,0.1264
NOR,sptincj992,p99p100,2013,0.121
NOR,sptincj992,p99p100,2014,0.1175
NOR,sptincj992,p99p100,2015,0.0997
NOR,sptincj992,p99p100,2016,0.0975
NOR,sptincj992,p99p100,2017,0.1018
NOR,sptincj992,p99p100,2018,0.1107
NOR,sptincj992,p99p100,2019,0.0946
NOR,sptincj992,p99p100,2020,0.0946
NOR,sptincj992,p99p100,2021,0.0945
NOR,sptincj992,p99p100,2022,0.0952
NOR,sptincj992,p99p100,2023,0.0952
NOR,sptincj992,p99p100,2024,0.0952
NZL,spllinf992,p0p100,1990,0.36590001
NZL,spllinf992,p0p100,1991,0.36590001
NZL,spllinf992,p0p100,1992,0.36770001
NZL,spllinf992,p0p100,1993,0.3671
NZL,spllinf992,p0p100,1994,0.36880001
NZL,spllinf992,p0p100,1995,0.36770001
NZL,spllinf992,p0p100,1996,0.37189999
NZL,spllinf992,p0p100,1997,0.37189999
NZL,spllinf992,p0p100,1998,0.37470001
NZL,spllinf992,p0p100,1999,0.3779
NZL,spllinf992,p0p100,2000,0.37740001
NZL,spllinf992,p0p100,2001,0.37959999
NZL,spllinf992,p0p100,2002,0.37869999
NZL,spllinf992,p0p100,2003,0.38100001
NZL,spllinf992,p0p100,2004,0.37979999
NZL,spllinf992,p0p100,2005,0.38249999
NZL,spllinf992,p0p100,2006,0.38280001
NZL,spllinf992,p0p100,2007,0.3845
NZL,spllinf992,p0p100,2008,0.38769999
NZL,spllinf992,p0p100,2009,0.3899
NZL,spllinf992,p0p100,2010,0.38890001
NZL,spllinf992,p0p100,2011,0.39050001
NZL,spllinf992,p0p100,2012,0.3924
NZL,spllinf992,p0p100,2013,0.39210001
NZL,spllinf992,p0p100,2014,0.39070001
NZL,spllinf992,p0p100,2015,0.38929999
NZL,spllinf992,p0p100,2016,0.3892
NZL,spllinf992,p0p100,2017,0.3874
NZL,spllinf992,p0p100,2018,0.38949999
NZL,spllinf992,p0p100,2019,0.39070001
NZL,spllinf992,p0p100,2020,0.3883
NZL,spllinf992,p0p100,2021,0.39289999
NZL,spllinf992,p0p100,2022,0.39430001
NZL,spllinf992,p0p100,2023,0.39390001
NZL,spllinf992,p0p100,2024,0.3946
NZL,sptincj992,p0p100,1820,1
NZL,sptincj992,p0p100,1850,1
NZL,sptincj992,p0p100,1880,1
NZL,sptincj992,p0p100,1900,1
NZL,sptincj992,p0p100,1910,1
NZL,sptincj992,p0p100,1920,1
NZL,sptincj992,p0p100,1921,1
NZL,sptincj992,p0p100,1922,1
NZL,sptincj992,p0p100,1923,1
NZL,sptincj992,p0p100,1924,1
NZL,sptincj992,p0p100,1925,1
NZL,sptincj992,p0p100,1926,1
NZL,sptincj992,p0p100,1927,1
NZL,sptincj992,p0p100,1928,1
NZL,sptincj992,p0p100,1929,1
NZL,sptincj992,p0p100,1930,1
NZL,sptincj992,p0p100,1931,1
NZL,sptincj992,p0p100,1932,1
NZL,sptincj992,p0p100,1933,1
NZL,sptincj992,p0p100,1934,1
NZL,sptincj992,p0p100,1935,1
NZL,sptincj992,p0p100,1936,1
NZL,sptincj992,p0p100,1937,1
NZL,sptincj992,p0p100,1938,1
NZL,sptincj992,p0p100,1939,1
NZL,sptincj992,p0p100,1940,1
NZL,sptincj992,p0p100,1941,1
NZL,sptincj992,p0p100,1942,1
NZL,sptincj992,p0p100,1943,1
NZL,sptincj992,p0p100,1944,1
NZL,sptincj992,p0p100,1945,1
NZL,sptincj992,p0p100,1946,1
NZL,sptincj992,p0p100,1947,1
NZL,sptincj992,p0p100,1948,1
NZL,sptincj992,p0p100,1949,1
NZL,sptincj992,p0p100,1950,1
NZL,sptincj992,p0p100,1951,1
NZL,sptincj992,p0p100,1952,1
NZL,sptincj992,p0p100,1953,1
NZL,sptincj992,p0p100,1954,1
NZL,sptincj992,p0p100,1955,1
NZL,sptincj992,p0p100,1956,1
NZL,sptincj992,p0p100,1957,1
NZL,sptincj992,p0p100,1958,1
NZL,sptincj992,p0p100,1959,1
NZL,sptincj992,p0p100,1960,1
NZL,sptincj992,p0p100,1961,1
NZL,sptincj992,p0p100,1962,1
NZL,sptincj992,p0p100,1963,1
NZL,sptincj992,p0p100,1964,1
NZL,sptincj992,p0p100,1965,1
NZL,sptincj992,p0p100,1966,1
NZL,sptincj992,p0p100,1967,1
NZL,sptincj992,p0p100,1968,1
NZL,sptincj992,p0p100,1969,1
NZL,sptincj992,p0p100,1970,1
NZL,sptincj992,p0p100,1971,1
NZL,sptincj992,p0p100,1972,1
NZL,sptincj992,p0p100,1973,1
NZL,sptincj992,p0p100,1974,1
NZL,sptincj992,p0p100,1975,1
NZL,sptincj992,p0p100,1976,1
NZL,sptincj992,p0p100,1977,1
NZL,sptincj992,p0p100,1978,1
NZL,sptincj992,p0p100,1979,1
NZL,sptincj992,p0p100,1980,1
NZL,sptincj992,p0p100,1981,1
NZL,sptincj992,p0p100,1982,1
NZL,sptincj992,p0p100,1983,1
NZL,sptincj992,p0p100,1984,1
NZL,sptincj992,p0p100,1985,1
NZL,sptincj992,p0p100,1986,1
NZL,sptincj992,p0p100,1987,1
NZL,sptincj992,p0p100,1988,1
NZL,sptincj992,p0p100,1989,1
NZL,sptincj992,p0p100,1990,1
NZL,sptincj992,p0p100,1991,1
NZL,sptincj992,p0p100,1992,1
NZL,sptincj992,p0p100,1993,1
NZL,sptincj992,p0p100,1994,1
NZL,sptincj992,p0p100,1995,1
NZL,sptincj992,p0p100,1996,1
NZL,sptincj992,p0p100,1997,1
NZL,sptincj992,p0p100,1998,1
NZL,sptincj992,p0p100,1999,1
NZL,sptincj992,p0p100,2000,1
NZL,sptincj992,p0p100,2001,1
NZL,sptincj992,p0p100,2002,1
NZL,sptincj992,p0p100,2003,1
NZL,sptincj992,p0p100,2004,1
NZL,sptincj992,p0p100,2005,1
NZL,sptincj992,p0p100,2006,1
NZL,sptincj992,p0p100,2007,1
NZL,sptincj992,p0p100,2008,1
NZL,sptincj992,p0p100,2009,1
NZL,sptincj992,p0p100,2010,1
NZL,sptincj992,p0p100,2011,1
NZL,sptincj992,p0p100,2012,1
NZL,sptincj992,p0p100,2013,1
NZL,sptincj992,p0p100,2014,1
NZL,sptincj992,p0p100,2015,1
NZL,sptincj992,p0p100,2016,1
NZL,sptincj992,p0p100,2017,1
NZL,sptincj992,p0p100,2018,1
NZL,sptincj992,p0p100,2019,1
NZL,sptincj992,p0p100,2020,1
NZL,sptincj992,p0p100,2021,1
NZL,sptincj992,p0p100,2022,1
NZL,sptincj992,p0p100,2023,1
NZL,sptincj992,p0p100,2024,1
NZL,sptincj992,p0p50,1820,0.1185
NZL,sptincj992,p0p50,1850,0.1165
NZL,sptincj992,p0p50,1880,0.1175
NZL,sptincj992,p0p50,1900,0.1073
NZL,sptincj992,p0p50,1910,0.1073
NZL,sptincj992,p0p50,1920,0.0979
NZL,sptincj992,p0p50,1921,0.0989
NZL,sptincj992,p0p50,1922,0.1114
NZL,sptincj992,p0p50,1923,0.1046
NZL,sptincj992,p0p50,1924,0.1053
NZL,sptincj992,p0p50,1925,0.0993
NZL,sptincj992,p0p50,1926,0.0952
NZL,sptincj992,p0p50,1927,0.095
NZL,sptincj992,p0p50,1928,0.0952
NZL,sptincj992,p0p50,1929,0.0913
NZL,sptincj992,p0p50,1930,0.082
NZL,sptincj992,p0p50,1931,0.0823
NZL,sptincj992,p0p50,1932,0.0826
NZL,sptincj992,p0p50,1933,0.0831
NZL,sptincj992,p0p50,1934,0.0833
NZL,sptincj992,p0p50,1935,0.093
NZL,sptincj992,p0p50,1936,0.1012
NZL,sptincj992,p0p50,1937,0.1189
NZL,sptincj992,p0p50,1938,0.1329
NZL,sptincj992,p0p50,1939,0.1212
NZL,sptincj992,p0p50,1940,0.1266
NZL,sptincj992,p0p50,1941,0.1309
NZL,sptincj992,p0p50,1942,0.1352
NZL,sptincj992,p0p50,1943,0.1394
NZL,sptincj992,p0p50,1944,0.1437
NZL,sptincj992,p0p50,1945,0.1481
NZL,sptincj992,p0p50,1946,0.1375
NZL,sptincj992,p0p50,1947,0.1295
NZL,sptincj992,p0p50,1948,0.1266
NZL,sptincj992,p0p50,1949,0.1226
NZL,sptincj992,p0p50,1950,0.117
NZL,sptincj992,p0p50,1951,0.1247
NZL,sptincj992,p0p50,1952,0.1199
NZL,sptincj992,p0p50,1953,0.1199
NZL,sptincj992,p0p50,1954,0.1217
NZL,sptincj992,p0p50,1955,0.1258
NZL,sptincj992,p0p50,1956,0.1214
NZL,sptincj992,p0p50,1957,0.126
NZL,sptincj992,p0p50,1958,0.1334
NZL,sptincj992,p0p50,1959,0.1304
NZL,sptincj992,p0p50,1960,0.1323
NZL,sptincj992,p0p50,1961,0.1323
NZL,sptincj992,p0p50,1962,0.1325
NZL,sptincj992,p0p50,1963,0.1323
NZL,sptincj992,p0p50,1964,0.1301
NZL,sptincj992,p0p50,1965,0.1355
NZL,sptincj992,p0p50,1966,0.1368
NZL,sptincj992,p0p50,1967,0.1356
NZL,sptincj992,p0p50,1968,0.135
NZL,sptincj992,p0p50,1969,0.1355
NZL,sptincj992,p0p50,1970,0.1364
NZL,sptincj992,p0p50,1971,0.1363
NZL,sptincj992,p0p50,1972,0.1348
NZL,sptincj992,p0p50,1973,0.1328
NZL,sptincj992,p0p50,1974,0.1358
NZL,sptincj992,p0p50,1975,0.1472
NZL,sptincj992,p0p50,1976,0.1421
NZL,sptincj992,p0p50,1977,0.1511
NZL,sptincj992,p0p50,1978,0.151
NZL,sptincj992,p0p50,1979,0.1544
NZL,sptincj992,p0p50,1980,0.1512
NZL,sptincj992,p0p50,1981,0.1514
NZL,sptincj992,p0p50,1982,0.1493
NZL,sptincj992,p0p50,1983,0.1449
NZL,sptincj992,p0p50,1984,0.1491
NZL,sptincj992,p0p50,1985,0.1544
NZL,sptincj992,p0p50,1986,0.1588
NZL,sptincj992,p0p50,1987,0.1617
NZL,sptincj992,p0p50,1988,0.1611
NZL,sptincj992,p0p50,1989,0.1524
NZL,sptincj992,p0p50,1990,0.1418
NZL,sptincj992,p0p50,1991,0.1442
NZL,sptincj992,p0p50,1992,0.139
NZL,sptincj992,p0p50,1993,0.1369
NZL,sptincj992,p0p50,1994,0.1378
NZL,sptincj992,p0p50,1995,0.1388
NZL,sptincj992,p0p50,1996,0.1432
NZL,sptincj992,p0p50,1997,0.1395
NZL,sptincj992,p0p50,1998,0.1323
NZL,sptincj992,p0p50,1999,0.1625
NZL,sptincj992,p0p50,2000,0.1808
NZL,sptincj992,p0p50,2001,0.1761
NZL,sptincj992,p0p50,2002,0.1943
NZL,sptincj992,p0p50,2003,0.1981
NZL,sptincj992,p0p50,2004,0.2039
NZL,sptincj992,p0p50,2005,0.2155
NZL,sptincj992,p0p50,2006,0.2412
NZL,sptincj992,p0p50,2007,0.2346
NZL,sptincj992,p0p50,2008,0.2319
NZL,sptincj992,p0p50,2009,0.2198
NZL,sptincj992,p0p50,2010,0.1967
NZL,sptincj992,p0p50,2011,0.2201
NZL,sptincj992,p0p50,2012,0.2292
NZL,sptincj992,p0p50,2013,0.2327
NZL,sptincj992,p0p50,2014,0.2325
NZL,sptincj992,p0p50,2015,0.2322
NZL,sptincj992,p0p50,2016,0.2319
NZL,sptincj992,p0p50,2017,0.2386
NZL,sptincj992,p0p50,2018,0.2443
NZL,sptincj992,p0p50,2019,0.2193
NZL,sptincj992,p0p50,2020,0.1937
NZL,sptincj992,p0p50,2021,0.1854
NZL,sptincj992,p0p50,2022,0.2044
NZL,sptincj992,p0p50,2023,0.2044
NZL,sptincj992,p0p50,2024,0.2044
NZL,sptincj992,p0p90,1820,0.5671
NZL,sptincj992,p0p90,1850,0.5574
NZL,sptincj992,p0p90,1880,0.5623
NZL,sptincj992,p0p90,1900,0.5136000000000001
NZL,sptincj992,p0p90,1910,0.5136000000000001
NZL,sptincj992,p0p90,1920,0.4687
NZL,sptincj992,p0p90,1921,0.4954
NZL,sptincj992,p0p90,1922,0.5294
NZL,sptincj992,p0p90,1923,0.5106
NZL,sptincj992,p0p90,1924,0.513
NZL,sptincj992,p0p90,1925,0.4982
NZL,sptincj992,p0p90,1926,0.491
NZL,sptincj992,p0p90,1927,0.4921
NZL,sptincj992,p0p90,1928,0.4868
NZL,sptincj992,p0p90,1929,0.4813
NZL,sptincj992,p0p90,1930,0.463
NZL,sptincj992,p0p90,1931,0.4633
NZL,sptincj992,p0p90,1932,0.4636
NZL,sptincj992,p0p90,1933,0.4644
NZL,sptincj992,p0p90,1934,0.4674
NZL,sptincj992,p0p90,1935,0.4893
NZL,sptincj992,p0p90,1936,0.5055000000000001
NZL,sptincj992,p0p90,1937,0.5619000000000001
NZL,sptincj992,p0p90,1938,0.5977
NZL,sptincj992,p0p90,1939,0.5710000000000001
NZL,sptincj992,p0p90,1940,0.5852
NZL,sptincj992,p0p90,1941,0.5938
NZL,sptincj992,p0p90,1942,0.6024
NZL,sptincj992,p0p90,1943,0.6111
NZL,sptincj992,p0p90,1944,0.6198
NZL,sptincj992,p0p90,1945,0.6285000000000001
NZL,sptincj992,p0p90,1946,0.6033000000000001
NZL,sptincj992,p0p90,1947,0.5868
NZL,sptincj992,p0p90,1948,0.5821000000000001
NZL,sptincj992,p0p90,1949,0.5720000000000001
NZL,sptincj992,p0p90,1950,0.5459
NZL,sptincj992,p0p90,1951,0.5757
NZL,sptincj992,p0p90,1952,0.5657
NZL,sptincj992,p0p90,1953,0.5657
NZL,sptincj992,p0p90,1954,0.5719000000000001
NZL,sptincj992,p0p90,1955,0.5870000000000001
NZL,sptincj992,p0p90,1956,0.5773
NZL,sptincj992,p0p90,1957,0.5891000000000001
NZL,sptincj992,p0p90,1958,0.6137
NZL,sptincj992,p0p90,1959,0.6052000000000001
NZL,sptincj992,p0p90,1960,0.6107
NZL,sptincj992,p0p90,1961,0.6117
NZL,sptincj992,p0p90,1962,0.6132000000000001
NZL,sptincj992,p0p90,1963,0.6129
NZL,sptincj992,p0p90,1964,0.609
NZL,sptincj992,p0p90,1965,0.6241
NZL,sptincj992,p0p90,1966,0.6279
NZL,sptincj992,p0p90,1967,0.6258
NZL,sptincj992,p0p90,1968,0.6231
NZL,sptincj992,p0p90,1969,0.6244000000000001
NZL,sptincj992,p0p90,1970,0.6272
NZL,sptincj992,p0p90,1971,0.627
NZL,sptincj992,p0p90,1972,0.6169
NZL,sptincj992,p0p90,1973,0.6106
NZL,sptincj992,p0p90,1974,0.625
NZL,sptincj992,p0p90,1975,0.6573
NZL,sptincj992,p0p90,1976,0.6336
NZL,sptincj992,p0p90,1977,0.6645
NZL,sptincj992,p0p90,1978,0.6663
NZL,sptincj992,p0p90,1979,0.6749
NZL,sptincj992,p0p90,1980,0.6732
NZL,sptincj992,p0p90,1981,0.6745
NZL,sptincj992,p0p90,1982,0.6696000000000001
NZL,sptincj992,p0p90,1983,0.6542
NZL,sptincj992,p0p90,1984,0.6616000000000001
NZL,sptincj992,p0p90,1985,0.674
NZL,sptincj992,p0p90,1986,0.6871
NZL,sptincj992,p0p90,1987,0.6890000000000001
NZL,sptincj992,p0p90,1988,0.6831
NZL,sptincj992,p0p90,1989,0.6589
NZL,sptincj992,p0p90,1990,0.6309
NZL,sptincj992,p0p90,1991,0.6443
NZL,sptincj992,p0p90,1992,0.6306
NZL,sptincj992,p0p90,1993,0.6222
NZL,sptincj992,p0p90,1994,0.6214000000000001
NZL,sptincj992,p0p90,1995,0.6218
NZL,sptincj992,p0p90,1996,0.6347
NZL,sptincj992,p0p90,1997,0.623
NZL,sptincj992,p0p90,1998,0.6052000000000001
NZL,sptincj992,p0p90,1999,0.5972000000000001
NZL,sptincj992,p0p90,2000,0.6283000000000001
NZL,sptincj992,p0p90,2001,0.6176
NZL,sptincj992,p0p90,2002,0.629
NZL,sptincj992,p0p90,2003,0.6289
NZL,sptincj992,p0p90,2004,0.5909
NZL,sptincj992,p0p90,2005,0.6327
NZL,sptincj992,p0p90,2006,0.6823
NZL,sptincj992,p0p90,2007,0.6727000000000001
NZL,sptincj992,p0p90,2008,0.6518
NZL,sptincj992,p0p90,2009,0.6227
NZL,sptincj992,p0p90,2010,0.5874
NZL,sptincj992,p0p90,2011,0.6131
NZL,sptincj992,p0p90,2012,0.655
NZL,sptincj992,p0p90,2013,0.6621
NZL,sptincj992,p0p90,2014,0.6653
NZL,sptincj992,p0p90,2015,0.6684
NZL,sptincj992,p0p90,2016,0.6716000000000001
NZL,sptincj992,p0p90,2017,0.6684
NZL,sptincj992,p0p90,2018,0.6813
NZL,sptincj992,p0p90,2019,0.6603
NZL,sptincj992,p0p90,2020,0.6381
NZL,sptincj992,p0p90,2021,0.6185
NZL,sptincj992,p0p90,2022,0.65
NZL,sptincj992,p0p90,2023,0.65
NZL,sptincj992,p0p90,2024,0.65
NZL,sptincj992,p0p99,1820,0.8557
NZL,sptincj992,p0p99,1850,0.8525
NZL,sptincj992,p0p99,1880,0.8541000000000001
NZL,sptincj992,p0p99,1900,0.8379000000000001
NZL,sptincj992,p0p99,1910,0.8379000000000001
NZL,sptincj992,p0p99,1920,0.8116
NZL,sptincj992,p0p99,1921,0.7932
NZL,sptincj992,p0p99,1922,0.807
NZL,sptincj992,p0p99,1923,0.7992
NZL,sptincj992,p0p99,1924,0.8001
NZL,sptincj992,p0p99,1925,0.7974
NZL,sptincj992,p0p99,1926,0.8025
NZL,sptincj992,p0p99,1927,0.8058000000000001
NZL,sptincj992,p0p99,1928,0.7906000000000001
NZL,sptincj992,p0p99,1929,0.8001
NZL,sptincj992,p0p99,1930,0.8088000000000001
NZL,sptincj992,p0p99,1931,0.8069000000000001
NZL,sptincj992,p0p99,1932,0.8048000000000001
NZL,sptincj992,p0p99,1933,0.8031
NZL,sptincj992,p0p99,1934,0.8109000000000001
NZL,sptincj992,p0p99,1935,0.8111
NZL,sptincj992,p0p99,1936,0.8045
NZL,sptincj992,p0p99,1937,0.8445
NZL,sptincj992,p0p99,1938,0.8614
NZL,sptincj992,p0p99,1939,0.8525
NZL,sptincj992,p0p99,1940,0.8602000000000001
NZL,sptincj992,p0p99,1941,0.8619
NZL,sptincj992,p0p99,1942,0.8636
NZL,sptincj992,p0p99,1943,0.8653000000000001
NZL,sptincj992,p0p99,1944,0.867
NZL,sptincj992,p0p99,1945,0.8687
NZL,sptincj992,p0p99,1946,0.8581000000000001
NZL,sptincj992,p0p99,1947,0.8548
NZL,sptincj992,p0p99,1948,0.8543000000000001
NZL,sptincj992,p0p99,1949,0.8493
NZL,sptincj992,p0p99,1950,0.8256
NZL,sptincj992,p0p99,1951,0.8522000000000001
NZL,sptincj992,p0p99,1952,0.8515
NZL,sptincj992,p0p99,1953,0.8515
NZL,sptincj992,p0p99,1954,0.8563000000000001
NZL,sptincj992,p0p99,1955,0.8676
NZL,sptincj992,p0p99,1956,0.8655
NZL,sptincj992,p0p99,1957,0.8686
NZL,sptincj992,p0p99,1958,0.8892
NZL,sptincj992,p0p99,1959,0.8842000000000001
NZL,sptincj992,p0p99,1960,0.8863000000000001
NZL,sptincj992,p0p99,1961,0.8875000000000001
NZL,sptincj992,p0p99,1962,0.8889
NZL,sptincj992,p0p99,1963,0.8884000000000001
NZL,sptincj992,p0p99,1964,0.8863000000000001
NZL,sptincj992,p0p99,1965,0.8964000000000001
NZL,sptincj992,p0p99,1966,0.8988
NZL,sptincj992,p0p99,1967,0.8984000000000001
NZL,sptincj992,p0p99,1968,0.8966000000000001
NZL,sptincj992,p0p99,1969,0.8966000000000001
NZL,sptincj992,p0p99,1970,0.8975000000000001
NZL,sptincj992,p0p99,1971,0.8998
NZL,sptincj992,p0p99,1972,0.8894000000000001
NZL,sptincj992,p0p99,1973,0.8838
NZL,sptincj992,p0p99,1974,0.8918
NZL,sptincj992,p0p99,1975,0.9098
NZL,sptincj992,p0p99,1976,0.8923000000000001
NZL,sptincj992,p0p99,1977,0.9129
NZL,sptincj992,p0p99,1978,0.9152
NZL,sptincj992,p0p99,1979,0.9192
NZL,sptincj992,p0p99,1980,0.9228000000000001
NZL,sptincj992,p0p99,1981,0.9236000000000001
NZL,sptincj992,p0p99,1982,0.9227000000000001
NZL,sptincj992,p0p99,1983,0.9137000000000001
NZL,sptincj992,p0p99,1984,0.9147000000000001
NZL,sptincj992,p0p99,1985,0.9188000000000001
NZL,sptincj992,p0p99,1986,0.9278000000000001
NZL,sptincj992,p0p99,1987,0.9212
NZL,sptincj992,p0p99,1988,0.9183
NZL,sptincj992,p0p99,1989,0.9008
NZL,sptincj992,p0p99,1990,0.8805000000000001
NZL,sptincj992,p0p99,1991,0.8943000000000001
NZL,sptincj992,p0p99,1992,0.8872
NZL,sptincj992,p0p99,1993,0.881
NZL,sptincj992,p0p99,1994,0.8768
NZL,sptincj992,p0p99,1995,0.8757
NZL,sptincj992,p0p99,1996,0.8817
NZL,sptincj992,p0p99,1997,0.8738
NZL,sptincj992,p0p99,1998,0.8619
NZL,sptincj992,p0p99,1999,0.8471000000000001
NZL,sptincj992,p0p99,2000,0.8839
NZL,sptincj992,p0p99,2001,0.8763000000000001
NZL,sptincj992,p0p99,2002,0.8752000000000001
NZL,sptincj992,p0p99,2003,0.8714000000000001
NZL,sptincj992,p0p99,2004,0.7889
NZL,sptincj992,p0p99,2005,0.8390000000000001
NZL,sptincj992,p0p99,2006,0.8995000000000001
NZL,sptincj992,p0p99,2007,0.8952
NZL,sptincj992,p0p99,2008,0.8371000000000001
NZL,sptincj992,p0p99,2009,0.8126
NZL,sptincj992,p0p99,2010,0.7761
NZL,sptincj992,p0p99,2011,0.8028000000000001
NZL,sptincj992,p0p99,2012,0.8636
NZL,sptincj992,p0p99,2013,0.8785000000000001
NZL,sptincj992,p0p99,2014,0.8819
NZL,sptincj992,p0p99,2015,0.8853000000000001
NZL,sptincj992,p0p99,2016,0.8887
NZL,sptincj992,p0p99,2017,0.8846
NZL,sptincj992,p0p99,2018,0.8931
NZL,sptincj992,p0p99,2019,0.8809
NZL,sptincj992,p0p99,2020,0.87
NZL,sptincj992,p0p99,2021,0.8323
NZL,sptincj992,p0p99,2022,0.8792000000000001
NZL,sptincj992,p0p99,2023,0.8792000000000001
NZL,sptincj992,p0p99,2024,0.8792000000000001
NZL,sptincj992,p50p90,1820,0.4486
NZL,sptincj992,p50p90,1850,0.4409
NZL,sptincj992,p50p90,1880,0.4448
NZL,sptincj992,p50p90,1900,0.4063
NZL,sptincj992,p50p90,1910,0.4063
NZL,sptincj992,p50p90,1920,0.3708
NZL,sptincj992,p50p90,1921,0.3964
NZL,sptincj992,p50p90,1922,0.418
NZL,sptincj992,p50p90,1923,0.406
NZL,sptincj992,p50p90,1924,0.4077
NZL,sptincj992,p50p90,1925,0.3989
NZL,sptincj992,p50p90,1926,0.3958
NZL,sptincj992,p50p90,1927,0.3971
NZL,sptincj992,p50p90,1928,0.3916
NZL,sptincj992,p50p90,1929,0.3899
NZL,sptincj992,p50p90,1930,0.381
NZL,sptincj992,p50p90,1931,0.381
NZL,sptincj992,p50p90,1932,0.381
NZL,sptincj992,p50p90,1933,0.3812
NZL,sptincj992,p50p90,1934,0.3841
NZL,sptincj992,p50p90,1935,0.3963
NZL,sptincj992,p50p90,1936,0.4043
NZL,sptincj992,p50p90,1937,0.443
NZL,sptincj992,p50p90,1938,0.4649
NZL,sptincj992,p50p90,1939,0.4497
NZL,sptincj992,p50p90,1940,0.4586
NZL,sptincj992,p50p90,1941,0.4629
NZL,sptincj992,p50p90,1942,0.4673
NZL,sptincj992,p50p90,1943,0.4716
NZL,sptincj992,p50p90,1944,0.476
NZL,sptincj992,p50p90,1945,0.4804
NZL,sptincj992,p50p90,1946,0.4658
NZL,sptincj992,p50p90,1947,0.4573
NZL,sptincj992,p50p90,1948,0.4555
NZL,sptincj992,p50p90,1949,0.4493
NZL,sptincj992,p50p90,1950,0.4289
NZL,sptincj992,p50p90,1951,0.4509
NZL,sptincj992,p50p90,1952,0.4458
NZL,sptincj992,p50p90,1953,0.4458
NZL,sptincj992,p50p90,1954,0.4502
NZL,sptincj992,p50p90,1955,0.4613
NZL,sptincj992,p50p90,1956,0.4559
NZL,sptincj992,p50p90,1957,0.4631
NZL,sptincj992,p50p90,1958,0.4803
NZL,sptincj992,p50p90,1959,0.4747
NZL,sptincj992,p50p90,1960,0.4784
NZL,sptincj992,p50p90,1961,0.4794
NZL,sptincj992,p50p90,1962,0.4807
NZL,sptincj992,p50p90,1963,0.4806
NZL,sptincj992,p50p90,1964,0.4789
NZL,sptincj992,p50p90,1965,0.4886
NZL,sptincj992,p50p90,1966,0.4911
NZL,sptincj992,p50p90,1967,0.4901
NZL,sptincj992,p50p90,1968,0.4881
NZL,sptincj992,p50p90,1969,0.4889
NZL,sptincj992,p50p90,1970,0.4908
NZL,sptincj992,p50p90,1971,0.4907
NZL,sptincj992,p50p90,1972,0.4821
NZL,sptincj992,p50p90,1973,0.4778
NZL,sptincj992,p50p90,1974,0.4892
NZL,sptincj992,p50p90,1975,0.5101
NZL,sptincj992,p50p90,1976,0.4915
NZL,sptincj992,p50p90,1977,0.5134000000000001
NZL,sptincj992,p50p90,1978,0.5153
NZL,sptincj992,p50p90,1979,0.5206000000000001
NZL,sptincj992,p50p90,1980,0.522
NZL,sptincj992,p50p90,1981,0.5231
NZL,sptincj992,p50p90,1982,0.5202
NZL,sptincj992,p50p90,1983,0.5093
NZL,sptincj992,p50p90,1984,0.5125000000000001
NZL,sptincj992,p50p90,1985,0.5196000000000001
NZL,sptincj992,p50p90,1986,0.5283
NZL,sptincj992,p50p90,1987,0.5273
NZL,sptincj992,p50p90,1988,0.522
NZL,sptincj992,p50p90,1989,0.5065000000000001
NZL,sptincj992,p50p90,1990,0.4891
NZL,sptincj992,p50p90,1991,0.5
NZL,sptincj992,p50p90,1992,0.4916
NZL,sptincj992,p50p90,1993,0.4854
NZL,sptincj992,p50p90,1994,0.4836
NZL,sptincj992,p50p90,1995,0.483
NZL,sptincj992,p50p90,1996,0.4915
NZL,sptincj992,p50p90,1997,0.4835
NZL,sptincj992,p50p90,1998,0.4729
NZL,sptincj992,p50p90,1999,0.4347
NZL,sptincj992,p50p90,2000,0.4475
NZL,sptincj992,p50p90,2001,0.4415
NZL,sptincj992,p50p90,2002,0.4347
NZL,sptincj992,p50p90,2003,0.4307
NZL,sptincj992,p50p90,2004,0.3871
NZL,sptincj992,p50p90,2005,0.4172
NZL,sptincj992,p50p90,2006,0.4411
NZL,sptincj992,p50p90,2007,0.4381
NZL,sptincj992,p50p90,2008,0.4198
NZL,sptincj992,p50p90,2009,0.4029
NZL,sptincj992,p50p90,2010,0.3906
NZL,sptincj992,p50p90,2011,0.393
NZL,sptincj992,p50p90,2012,0.4258
NZL,sptincj992,p50p90,2013,0.4294
NZL,sptincj992,p50p90,2014,0.4328
NZL,sptincj992,p50p90,2015,0.4363
NZL,sptincj992,p50p90,2016,0.4397
NZL,sptincj992,p50p90,2017,0.4298
NZL,sptincj992,p50p90,2018,0.437
NZL,sptincj992,p50p90,2019,0.441
NZL,sptincj992,p50p90,2020,0.4445
NZL,sptincj992,p50p90,2021,0.4331
NZL,sptincj992,p50p90,2022,0.4456
NZL,sptincj992,p50p90,2023,0.4456
NZL,sptincj992,p50p90,2024,0.4456
NZL,sptincj992,p90p100,1820,0.4329
NZL,sptincj992,p90p100,1850,0.4426
NZL,sptincj992,p90p100,1880,0.4377
NZL,sptincj992,p90p100,1900,0.4864
NZL,sptincj992,p90p100,1910,0.4864
NZL,sptincj992,p90p100,1920,0.5313
NZL,sptincj992,p90p100,1921,0.5046
NZL,sptincj992,p90p100,1922,0.4706
NZL,sptincj992,p90p100,1923,0.4894
NZL,sptincj992,p90p100,1924,0.487
NZL,sptincj992,p90p100,1925,0.5018
NZL,sptincj992,p90p100,1926,0.509
NZL,sptincj992,p90p100,1927,0.5079
NZL,sptincj992,p90p100,1928,0.5132
NZL,sptincj992,p90p100,1929,0.5187
NZL,sptincj992,p90p100,1930,0.537
NZL,sptincj992,p90p100,1931,0.5367000000000001
NZL,sptincj992,p90p100,1932,0.5364
NZL,sptincj992,p90p100,1933,0.5356000000000001
NZL,sptincj992,p90p100,1934,0.5326000000000001
NZL,sptincj992,p90p100,1935,0.5107
NZL,sptincj992,p90p100,1936,0.4945000000000001
NZL,sptincj992,p90p100,1937,0.4381
NZL,sptincj992,p90p100,1938,0.4023
NZL,sptincj992,p90p100,1939,0.429
NZL,sptincj992,p90p100,1940,0.4148
NZL,sptincj992,p90p100,1941,0.4062
NZL,sptincj992,p90p100,1942,0.3976
NZL,sptincj992,p90p100,1943,0.3889
NZL,sptincj992,p90p100,1944,0.3802
NZL,sptincj992,p90p100,1945,0.3715
NZL,sptincj992,p90p100,1946,0.3967
NZL,sptincj992,p90p100,1947,0.4132
NZL,sptincj992,p90p100,1948,0.4179
NZL,sptincj992,p90p100,1949,0.428
NZL,sptincj992,p90p100,1950,0.4541
NZL,sptincj992,p90p100,1951,0.4243
NZL,sptincj992,p90p100,1952,0.4343
NZL,sptincj992,p90p100,1953,0.4343
NZL,sptincj992,p90p100,1954,0.4281
NZL,sptincj992,p90p100,1955,0.413
NZL,sptincj992,p90p100,1956,0.4227
NZL,sptincj992,p90p100,1957,0.4109
NZL,sptincj992,p90p100,1958,0.3863
NZL,sptincj992,p90p100,1959,0.3948
NZL,sptincj992,p90p100,1960,0.3893
NZL,sptincj992,p90p100,1961,0.3883
NZL,sptincj992,p90p100,1962,0.3868
NZL,sptincj992,p90p100,1963,0.3871
NZL,sptincj992,p90p100,1964,0.391
NZL,sptincj992,p90p100,1965,0.3759
NZL,sptincj992,p90p100,1966,0.3721
NZL,sptincj992,p90p100,1967,0.3742
NZL,sptincj992,p90p100,1968,0.3769
NZL,sptincj992,p90p100,1969,0.3756
NZL,sptincj992,p90p100,1970,0.3728
NZL,sptincj992,p90p100,1971,0.373
NZL,sptincj992,p90p100,1972,0.3831
NZL,sptincj992,p90p100,1973,0.3894
NZL,sptincj992,p90p100,1974,0.375
NZL,sptincj992,p90p100,1975,0.3427
NZL,sptincj992,p90p100,1976,0.3664
NZL,sptincj992,p90p100,1977,0.3355
NZL,sptincj992,p90p100,1978,0.3337
NZL,sptincj992,p90p100,1979,0.3251
NZL,sptincj992,p90p100,1980,0.3268
NZL,sptincj992,p90p100,1981,0.3255
NZL,sptincj992,p90p100,1982,0.3304
NZL,sptincj992,p90p100,1983,0.3458
NZL,sptincj992,p90p100,1984,0.3384
NZL,sptincj992,p90p100,1985,0.326
NZL,sptincj992,p90p100,1986,0.3129
NZL,sptincj992,p90p100,1987,0.311
NZL,sptincj992,p90p100,1988,0.3169
NZL,sptincj992,p90p100,1989,0.3411
NZL,sptincj992,p90p100,1990,0.3691
NZL,sptincj992,p90p100,1991,0.3557
NZL,sptincj992,p90p100,1992,0.3694
NZL,sptincj992,p90p100,1993,0.3778
NZL,sptincj992,p90p100,1994,0.3786
NZL,sptincj992,p90p100,1995,0.3782
NZL,sptincj992,p90p100,1996,0.3653
NZL,sptincj992,p90p100,1997,0.377
NZL,sptincj992,p90p100,1998,0.3948
NZL,sptincj992,p90p100,1999,0.4028
NZL,sptincj992,p90p100,2000,0.3717
NZL,sptincj992,p90p100,2001,0.3824
NZL,sptincj992,p90p100,2002,0.371
NZL,sptincj992,p90p100,2003,0.3711
NZL,sptincj992,p90p100,2004,0.4091
NZL,sptincj992,p90p100,2005,0.3673
NZL,sptincj992,p90p100,2006,0.3177
NZL,sptincj992,p90p100,2007,0.3273
NZL,sptincj992,p90p100,2008,0.3482
NZL,sptincj992,p90p100,2009,0.3773
NZL,sptincj992,p90p100,2010,0.4126
NZL,sptincj992,p90p100,2011,0.3869
NZL,sptincj992,p90p100,2012,0.345
NZL,sptincj992,p90p100,2013,0.3379
NZL,sptincj992,p90p100,2014,0.3347
NZL,sptincj992,p90p100,2015,0.3316
NZL,sptincj992,p90p100,2016,0.3284
NZL,sptincj992,p90p100,2017,0.3316
NZL,sptincj992,p90p100,2018,0.3187
NZL,sptincj992,p90p100,2019,0.3397
NZL,sptincj992,p90p100,2020,0.3619
NZL,sptincj992,p90p100,2021,0.3815
NZL,sptincj992,p90p100,2022,0.35
NZL,sptincj992,p90p100,2023,0.35
NZL,sptincj992,p90p100,2024,0.35
NZL,sptincj992,p99p100,1820,0.1443
NZL,sptincj992,p99p100,1850,0.1475
NZL,sptincj992,p99p100,1880,0.1459
NZL,sptincj992,p99p100,1900,0.1621
NZL,sptincj992,p99p100,1910,0.1621
NZL,sptincj992,p99p100,1920,0.1884
NZL,sptincj992,p99p100,1921,0.2068
NZL,sptincj992,p99p100,1922,0.193
NZL,sptincj992,p99p100,1923,0.2008
NZL,sptincj992,p99p100,1924,0.1999
NZL,sptincj992,p99p100,1925,0.2026
NZL,sptincj992,p99p100,1926,0.1975
NZL,sptincj992,p99p100,1927,0.1942
NZL,sptincj992,p99p100,1928,0.2094
NZL,sptincj992,p99p100,1929,0.1999
NZL,sptincj992,p99p100,1930,0.1912
NZL,sptincj992,p99p100,1931,0.1931
NZL,sptincj992,p99p100,1932,0.1952
NZL,sptincj992,p99p100,1933,0.1969
NZL,sptincj992,p99p100,1934,0.1891
NZL,sptincj992,p99p100,1935,0.1889
NZL,sptincj992,p99p100,1936,0.1955
NZL,sptincj992,p99p100,1937,0.1555
NZL,sptincj992,p99p100,1938,0.1386
NZL,sptincj992,p99p100,1939,0.1475
NZL,sptincj992,p99p100,1940,0.1398
NZL,sptincj992,p99p100,1941,0.1381
NZL,sptincj992,p99p100,1942,0.1364
NZL,sptincj992,p99p100,1943,0.1347
NZL,sptincj992,p99p100,1944,0.133
NZL,sptincj992,p99p100,1945,0.1313
NZL,sptincj992,p99p100,1946,0.1419
NZL,sptincj992,p99p100,1947,0.1452
NZL,sptincj992,p99p100,1948,0.1457
NZL,sptincj992,p99p100,1949,0.1507
NZL,sptincj992,p99p100,1950,0.1744
NZL,sptincj992,p99p100,1951,0.1478
NZL,sptincj992,p99p100,1952,0.1485
NZL,sptincj992,p99p100,1953,0.1485
NZL,sptincj992,p99p100,1954,0.1437
NZL,sptincj992,p99p100,1955,0.1324
NZL,sptincj992,p99p100,1956,0.1345
NZL,sptincj992,p99p100,1957,0.1314
NZL,sptincj992,p99p100,1958,0.1108
NZL,sptincj992,p99p100,1959,0.1158
NZL,sptincj992,p99p100,1960,0.1137
NZL,sptincj992,p99p100,1961,0.1125
NZL,sptincj992,p99p100,1962,0.1111
NZL,sptincj992,p99p100,1963,0.1116
NZL,sptincj992,p99p100,1964,0.1137
NZL,sptincj992,p99p100,1965,0.1036
NZL,sptincj992,p99p100,1966,0.1012
NZL,sptincj992,p99p100,1967,0.1016
NZL,sptincj992,p99p100,1968,0.1034
NZL,sptincj992,p99p100,1969,0.1034
NZL,sptincj992,p99p100,1970,0.1025
NZL,sptincj992,p99p100,1971,0.1002
NZL,sptincj992,p99p100,1972,0.1106
NZL,sptincj992,p99p100,1973,0.1162
NZL,sptincj992,p99p100,1974,0.1082
NZL,sptincj992,p99p100,1975,0.0902
NZL,sptincj992,p99p100,1976,0.1077
NZL,sptincj992,p99p100,1977,0.0871
NZL,sptincj992,p99p100,1978,0.0848
NZL,sptincj992,p99p100,1979,0.0808
NZL,sptincj992,p99p100,1980,0.0772
NZL,sptincj992,p99p100,1981,0.0764
NZL,sptincj992,p99p100,1982,0.0773
NZL,sptincj992,p99p100,1983,0.0863
NZL,sptincj992,p99p100,1984,0.0853
NZL,sptincj992,p99p100,1985,0.0812
NZL,sptincj992,p99p100,1986,0.0722
NZL,sptincj992,p99p100,1987,0.0788
NZL,sptincj992,p99p100,1988,0.0817
NZL,sptincj992,p99p100,1989,0.0992
NZL,sptincj992,p99p100,1990,0.1195
NZL,sptincj992,p99p100,1991,0.1057
NZL,sptincj992,p99p100,1992,0.1128
NZL,sptincj992,p99p100,1993,0.119
NZL,sptincj992,p99p100,1994,0.1232
NZL,sptincj992,p99p100,1995,0.1243
NZL,sptincj992,p99p100,1996,0.1183
NZL,sptincj992,p99p100,1997,0.1262
NZL,sptincj992,p99p100,1998,0.1381
NZL,sptincj992,p99p100,1999,0.1529
NZL,sptincj992,p99p100,2000,0.1161
NZL,sptincj992,p99p100,2001,0.1237
NZL,sptincj992,p99p100,2002,0.1248
NZL,sptincj992,p99p100,2003,0.1286
NZL,sptincj992,p99p100,2004,0.2111
NZL,sptincj992,p99p100,2005,0.161
NZL,sptincj992,p99p100,2006,0.1005
NZL,sptincj992,p99p100,2007,0.1048
NZL,sptincj992,p99p100,2008,0.1629
NZL,sptincj992,p99p100,2009,0.1874
NZL,sptincj992,p99p100,2010,0.2239
NZL,sptincj992,p99p100,2011,0.1972
NZL,sptincj992,p99p100,2012,0.1364
NZL,sptincj992,p99p100,2013,0.1215
NZL,sptincj992,p99p100,2014,0.1181
NZL,sptincj992,p99p100,2015,0.1147
NZL,sptincj992,p99p100,2016,0.1113
NZL,sptincj992,p99p100,2017,0.1154
NZL,sptincj992,p99p100,2018,0.1069
NZL,sptincj992,p99p100,2019,0.1191
NZL,sptincj992,p99p100,2020,0.13
NZL,sptincj992,p99p100,2021,0.1677
NZL,sptincj992,p99p100,2022,0.1208
NZL,sptincj992,p99p100,2023,0.1208
NZL,sptincj992,p99p100,2024,0.1208
POL,spllinf992,p0p100,1990,0.40779999
POL,spllinf992,p0p100,1991,0.40779999
POL,spllinf992,p0p100,1992,0.40920001
POL,spllinf992,p0p100,1993,0.40869999
POL,spllinf992,p0p100,1994,0.4113
POL,spllinf992,p0p100,1995,0.41100001
POL,spllinf992,p0p100,1996,0.40939999
POL,spllinf992,p0p100,1997,0.40549999
POL,spllinf992,p0p100,1998,0.4073
POL,spllinf992,p0p100,1999,0.41339999
POL,spllinf992,p0p100,2000,0.4095
POL,spllinf992,p0p100,2001,0.4118
POL,spllinf992,p0p100,2002,0.41420001
POL,spllinf992,p0p100,2003,0.414
POL,spllinf992,p0p100,2004,0.41139999
POL,spllinf992,p0p100,2005,0.4082
POL,spllinf992,p0p100,2006,0.3926
POL,spllinf992,p0p100,2007,0.38749999
POL,spllinf992,p0p100,2008,0.40560001
POL,spllinf992,p0p100,2009,0.41420001
POL,spllinf992,p0p100,2010,0.40180001
POL,spllinf992,p0p100,2011,0.3928
POL,spllinf992,p0p100,2012,0.39899999
POL,spllinf992,p0p100,2013,0.3978
POL,spllinf992,p0p100,2014,0.39160001
POL,spllinf992,p0p100,2015,0.3971
POL,spllinf992,p0p100,2016,0.39879999
POL,spllinf992,p0p100,2017,0.4012
POL,spllinf992,p0p100,2018,0.39860001
POL,spllinf992,p0p100,2019,0.40169999
POL,spllinf992,p0p100,2020,0.4091
POL,spllinf992,p0p100,2021,0.41420001
POL,spllinf992,p0p100,2022,0.40830001
POL,spllinf992,p0p100,2023,0.4192
POL,spllinf992,p0p100,2024,0.41749999
POL,sptincj992,p0p100,1924,1
POL,sptincj992,p0p100,1925,1
POL,sptincj992,p0p100,1926,1
POL,sptincj992,p0p100,1927,1
POL,sptincj992,p0p100,1928,1
POL,sptincj992,p0p100,1929,1
POL,sptincj992,p0p100,1930,1
POL,sptincj992,p0p100,1931,1
POL,sptincj992,p0p100,1935,1
POL,sptincj992,p0p100,1936,1
POL,sptincj992,p0p100,1947,1
POL,sptincj992,p0p100,1955,1
POL,sptincj992,p0p100,1956,1
POL,sptincj992,p0p100,1957,1
POL,sptincj992,p0p100,1958,1
POL,sptincj992,p0p100,1959,1
POL,sptincj992,p0p100,1960,1
POL,sptincj992,p0p100,1961,1
POL,sptincj992,p0p100,1962,1
POL,sptincj992,p0p100,1963,1
POL,sptincj992,p0p100,1964,1
POL,sptincj992,p0p100,1965,1
POL,sptincj992,p0p100,1967,1
POL,sptincj992,p0p100,1970,1
POL,sptincj992,p0p100,1972,1
POL,sptincj992,p0p100,1976,1
POL,sptincj992,p0p100,1978,1
POL,sptincj992,p0p100,1980,1
POL,sptincj992,p0p100,1981,1
POL,sptincj992,p0p100,1982,1
POL,sptincj992,p0p100,1983,1
POL,sptincj992,p0p100,1984,1
POL,sptincj992,p0p100,1985,1
POL,sptincj992,p0p100,1986,1
POL,sptincj992,p0p100,1987,1
POL,sptincj992,p0p100,1988,1
POL,sptincj992,p0p100,1989,1
POL,sptincj992,p0p100,1990,1
POL,sptincj992,p0p100,1991,1
POL,sptincj992,p0p100,1992,1
POL,sptincj992,p0p100,1993,1
POL,sptincj992,p0p100,1994,1
POL,sptincj992,p0p100,1995,1
POL,sptincj992,p0p100,1996,1
POL,sptincj992,p0p100,1997,1
POL,sptincj992,p0p100,1998,1
POL,sptincj992,p0p100,1999,1
POL,sptincj992,p0p100,2000,1
POL,sptincj992,p0p100,2001,1
POL,sptincj992,p0p100,2002,1
POL,sptincj992,p0p100,2003,1
POL,sptincj992,p0p100,2004,1
POL,sptincj992,p0p100,2005,1
POL,sptincj992,p0p100,2006,1
POL,sptincj992,p0p100,2007,1
POL,sptincj992,p0p100,2008,1
POL,sptincj992,p0p100,2009,1
POL,sptincj992,p0p100,2010,1
POL,sptincj992,p0p100,2011,1
POL,sptincj992,p0p100,2012,1
POL,sptincj992,p0p100,2013,1
POL,sptincj992,p0p100,2014,1
POL,sptincj992,p0p100,2015,1
POL,sptincj992,p0p100,2016,1
POL,sptincj992,p0p100,2017,1
POL,sptincj992,p0p100,2018,1
POL,sptincj992,p0p100,2019,1
POL,sptincj992,p0p100,2020,1
POL,sptincj992,p0p100,2021,1
POL,sptincj992,p0p100,2022,1
POL,sptincj992,p0p100,2023,1
POL,sptincj992,p0p100,2024,1
POL,sptincj992,p0p50,1924,0.2448
POL,sptincj992,p0p50,1925,0.2455
POL,sptincj992,p0p50,1926,0.2476
POL,sptincj992,p0p50,1927,0.2484
POL,sptincj992,p0p50,1928,0.2492
POL,sptincj992,p0p50,1929,0.2507
POL,sptincj992,p0p50,1930,0.2511
POL,sptincj992,p0p50,1931,0.2493
POL,sptincj992,p0p50,1935,0.2442
POL,sptincj992,p0p50,1936,0.242
POL,sptincj992,p0p50,1947,0.2388
POL,sptincj992,p0p50,1955,0.2405
POL,sptincj992,p0p50,1956,0.2412
POL,sptincj992,p0p50,1957,0.2409
POL,sptincj992,p0p50,1958,0.2406
POL,sptincj992,p0p50,1959,0.2401
POL,sptincj992,p0p50,1960,0.2406
POL,sptincj992,p0p50,1961,0.2439
POL,sptincj992,p0p50,1962,0.2467
POL,sptincj992,p0p50,1963,0.2501
POL,sptincj992,p0p50,1964,0.2533
POL,sptincj992,p0p50,1965,0.2562
POL,sptincj992,p0p50,1967,0.2628
POL,sptincj992,p0p50,1970,0.2723
POL,sptincj992,p0p50,1972,0.2778
POL,sptincj992,p0p50,1976,0.2906
POL,sptincj992,p0p50,1978,0.2961
POL,sptincj992,p0p50,1980,0.2802
POL,sptincj992,p0p50,1981,0.2802
POL,sptincj992,p0p50,1982,0.2802
POL,sptincj992,p0p50,1983,0.2802
POL,sptincj992,p0p50,1984,0.2775
POL,sptincj992,p0p50,1985,0.2774
POL,sptincj992,p0p50,1986,0.2738
POL,sptincj992,p0p50,1987,0.2787
POL,sptincj992,p0p50,1988,0.2802
POL,sptincj992,p0p50,1989,0.2731
POL,sptincj992,p0p50,1990,0.2608
POL,sptincj992,p0p50,1991,0.2593
POL,sptincj992,p0p50,1992,0.2528
POL,sptincj992,p0p50,1993,0.2515
POL,sptincj992,p0p50,1994,0.2407
POL,sptincj992,p0p50,1995,0.2314
POL,sptincj992,p0p50,1996,0.2285
POL,sptincj992,p0p50,1997,0.2314
POL,sptincj992,p0p50,1998,0.227
POL,sptincj992,p0p50,1999,0.2288
POL,sptincj992,p0p50,2000,0.2177
POL,sptincj992,p0p50,2001,0.2162
POL,sptincj992,p0p50,2002,0.2103
POL,sptincj992,p0p50,2003,0.2037
POL,sptincj992,p0p50,2004,0.2006
POL,sptincj992,p0p50,2005,0.1951
POL,sptincj992,p0p50,2006,0.1977
POL,sptincj992,p0p50,2007,0.199
POL,sptincj992,p0p50,2008,0.1955
POL,sptincj992,p0p50,2009,0.1989
POL,sptincj992,p0p50,2010,0.2002
POL,sptincj992,p0p50,2011,0.1989
POL,sptincj992,p0p50,2012,0.2018
POL,sptincj992,p0p50,2013,0.2019
POL,sptincj992,p0p50,2014,0.2004
POL,sptincj992,p0p50,2015,0.1984
POL,sptincj992,p0p50,2016,0.1978
POL,sptincj992,p0p50,2017,0.2003
POL,sptincj992,p0p50,2018,0.196
POL,sptincj992,p0p50,2019,0.1949
POL,sptincj992,p0p50,2020,0.1949
POL,sptincj992,p0p50,2021,0.1945
POL,sptincj992,p0p50,2022,0.1939
POL,sptincj992,p0p50,2023,0.1939
POL,sptincj992,p0p50,2024,0.1939
POL,sptincj992,p0p90,1924,0.6705
POL,sptincj992,p0p90,1925,0.6729
POL,sptincj992,p0p90,1926,0.679
POL,sptincj992,p0p90,1927,0.6817000000000001
POL,sptincj992,p0p90,1928,0.6841
POL,sptincj992,p0p90,1929,0.6888000000000001
POL,sptincj992,p0p90,1930,0.6903
POL,sptincj992,p0p90,1931,0.6871
POL,sptincj992,p0p90,1935,0.681
POL,sptincj992,p0p90,1936,0.6767000000000001
POL,sptincj992,p0p90,1947,0.6934
POL,sptincj992,p0p90,1955,0.7039000000000001
POL,sptincj992,p0p90,1956,0.7056
POL,sptincj992,p0p90,1957,0.7044
POL,sptincj992,p0p90,1958,0.7030000000000001
POL,sptincj992,p0p90,1959,0.7013
POL,sptincj992,p0p90,1960,0.7022
POL,sptincj992,p0p90,1961,0.7068
POL,sptincj992,p0p90,1962,0.7101000000000001
POL,sptincj992,p0p90,1963,0.7149
POL,sptincj992,p0p90,1964,0.7192000000000001
POL,sptincj992,p0p90,1965,0.7227
POL,sptincj992,p0p90,1967,0.7318
POL,sptincj992,p0p90,1970,0.7444000000000001
POL,sptincj992,p0p90,1972,0.7505000000000001
POL,sptincj992,p0p90,1976,0.7678
POL,sptincj992,p0p90,1978,0.7739
POL,sptincj992,p0p90,1980,0.7755000000000001
POL,sptincj992,p0p90,1981,0.7755000000000001
POL,sptincj992,p0p90,1982,0.7755000000000001
POL,sptincj992,p0p90,1983,0.7755000000000001
POL,sptincj992,p0p90,1984,0.7684000000000001
POL,sptincj992,p0p90,1985,0.7727
POL,sptincj992,p0p90,1986,0.7737
POL,sptincj992,p0p90,1987,0.7788
POL,sptincj992,p0p90,1988,0.782
POL,sptincj992,p0p90,1989,0.7703
POL,sptincj992,p0p90,1990,0.7568
POL,sptincj992,p0p90,1991,0.7407
POL,sptincj992,p0p90,1992,0.7436
POL,sptincj992,p0p90,1993,0.7346
POL,sptincj992,p0p90,1994,0.7112
POL,sptincj992,p0p90,1995,0.6902
POL,sptincj992,p0p90,1996,0.6917
POL,sptincj992,p0p90,1997,0.6922
POL,sptincj992,p0p90,1998,0.6789000000000001
POL,sptincj992,p0p90,1999,0.682
POL,sptincj992,p0p90,2000,0.6674
POL,sptincj992,p0p90,2001,0.6673
POL,sptincj992,p0p90,2002,0.657
POL,sptincj992,p0p90,2003,0.6488
POL,sptincj992,p0p90,2004,0.6361
POL,sptincj992,p0p90,2005,0.6378
POL,sptincj992,p0p90,2006,0.6295000000000001
POL,sptincj992,p0p90,2007,0.6281
POL,sptincj992,p0p90,2008,0.6218
POL,sptincj992,p0p90,2009,0.6356
POL,sptincj992,p0p90,2010,0.6338
POL,sptincj992,p0p90,2011,0.6302
POL,sptincj992,p0p90,2012,0.6326
POL,sptincj992,p0p90,2013,0.6341
POL,sptincj992,p0p90,2014,0.6274000000000001
POL,sptincj992,p0p90,2015,0.6222
POL,sptincj992,p0p90,2016,0.6257
POL,sptincj992,p0p90,2017,0.629
POL,sptincj992,p0p90,2018,0.6255000000000001
POL,sptincj992,p0p90,2019,0.623
POL,sptincj992,p0p90,2020,0.623
POL,sptincj992,p0p90,2021,0.6226
POL,sptincj992,p0p90,2022,0.623
POL,sptincj992,p0p90,2023,0.6231
POL,sptincj992,p0p90,2024,0.6231
POL,sptincj992,p0p99,1924,0.8854000000000001
POL,sptincj992,p0p99,1925,0.8862
POL,sptincj992,p0p99,1926,0.892
POL,sptincj992,p0p99,1927,0.8933000000000001
POL,sptincj992,p0p99,1928,0.8943000000000001
POL,sptincj992,p0p99,1929,0.8982
POL,sptincj992,p0p99,1930,0.8979
POL,sptincj992,p0p99,1931,0.8967
POL,sptincj992,p0p99,1935,0.9007000000000001
POL,sptincj992,p0p99,1936,0.8979
POL,sptincj992,p0p99,1947,0.911
POL,sptincj992,p0p99,1955,0.9212
POL,sptincj992,p0p99,1956,0.9245000000000001
POL,sptincj992,p0p99,1957,0.924
POL,sptincj992,p0p99,1958,0.9233
POL,sptincj992,p0p99,1959,0.9221
POL,sptincj992,p0p99,1960,0.9244
POL,sptincj992,p0p99,1961,0.9269000000000001
POL,sptincj992,p0p99,1962,0.9276000000000001
POL,sptincj992,p0p99,1963,0.9303
POL,sptincj992,p0p99,1964,0.9323
POL,sptincj992,p0p99,1965,0.9334
POL,sptincj992,p0p99,1967,0.9381
POL,sptincj992,p0p99,1970,0.9438000000000001
POL,sptincj992,p0p99,1972,0.9447000000000001
POL,sptincj992,p0p99,1976,0.9530000000000001
POL,sptincj992,p0p99,1978,0.9539000000000001
POL,sptincj992,p0p99,1980,0.9566
POL,sptincj992,p0p99,1981,0.9566
POL,sptincj992,p0p99,1982,0.9566
POL,sptincj992,p0p99,1983,0.9566
POL,sptincj992,p0p99,1984,0.9512
POL,sptincj992,p0p99,1985,0.9571000000000001
POL,sptincj992,p0p99,1986,0.9574
POL,sptincj992,p0p99,1987,0.9563
POL,sptincj992,p0p99,1988,0.9577
POL,sptincj992,p0p99,1989,0.9550000000000001
POL,sptincj992,p0p99,1990,0.9447000000000001
POL,sptincj992,p0p99,1991,0.9344
POL,sptincj992,p0p99,1992,0.9246000000000001
POL,sptincj992,p0p99,1993,0.9179
POL,sptincj992,p0p99,1994,0.9028
POL,sptincj992,p0p99,1995,0.8902
POL,sptincj992,p0p99,1996,0.9097000000000001
POL,sptincj992,p0p99,1997,0.9023
POL,sptincj992,p0p99,1998,0.8912
POL,sptincj992,p0p99,1999,0.8935000000000001
POL,sptincj992,p0p99,2000,0.8957
POL,sptincj992,p0p99,2001,0.9
POL,sptincj992,p0p99,2002,0.8954000000000001
POL,sptincj992,p0p99,2003,0.8977
POL,sptincj992,p0p99,2004,0.8704000000000001
POL,sptincj992,p0p99,2005,0.8648
POL,sptincj992,p0p99,2006,0.8575
POL,sptincj992,p0p99,2007,0.8423
POL,sptincj992,p0p99,2008,0.8507
POL,sptincj992,p0p99,2009,0.8636
POL,sptincj992,p0p99,2010,0.8657
POL,sptincj992,p0p99,2011,0.8605
POL,sptincj992,p0p99,2012,0.8613000000000001
POL,sptincj992,p0p99,2013,0.8637
POL,sptincj992,p0p99,2014,0.8574
POL,sptincj992,p0p99,2015,0.8507
POL,sptincj992,p0p99,2016,0.8530000000000001
POL,sptincj992,p0p99,2017,0.8549
POL,sptincj992,p0p99,2018,0.8534
POL,sptincj992,p0p99,2019,0.8516
POL,sptincj992,p0p99,2020,0.8516
POL,sptincj992,p0p99,2021,0.8500000000000001
POL,sptincj992,p0p99,2022,0.8486
POL,sptincj992,p0p99,2023,0.8487
POL,sptincj992,p0p99,2024,0.8487
POL,sptincj992,p50p90,1924,0.4256
POL,sptincj992,p50p90,1925,0.4273
POL,sptincj992,p50p90,1926,0.4314
POL,sptincj992,p50p90,1927,0.4332
POL,sptincj992,p50p90,1928,0.4349
POL,sptincj992,p50p90,1929,0.438
POL,sptincj992,p50p90,1930,0.4392
POL,sptincj992,p50p90,1931,0.4378
POL,sptincj992,p50p90,1935,0.4368
POL,sptincj992,p50p90,1936,0.4347
POL,sptincj992,p50p90,1947,0.4546
POL,sptincj992,p50p90,1955,0.4634
POL,sptincj992,p50p90,1956,0.4644
POL,sptincj992,p50p90,1957,0.4635
POL,sptincj992,p50p90,1958,0.4624
POL,sptincj992,p50p90,1959,0.4612
POL,sptincj992,p50p90,1960,0.4616
POL,sptincj992,p50p90,1961,0.463
POL,sptincj992,p50p90,1962,0.4634
POL,sptincj992,p50p90,1963,0.4648
POL,sptincj992,p50p90,1964,0.4659
POL,sptincj992,p50p90,1965,0.4665
POL,sptincj992,p50p90,1967,0.469
POL,sptincj992,p50p90,1970,0.4721
POL,sptincj992,p50p90,1972,0.4727
POL,sptincj992,p50p90,1976,0.4772
POL,sptincj992,p50p90,1978,0.4778
POL,sptincj992,p50p90,1980,0.4954
POL,sptincj992,p50p90,1981,0.4954
POL,sptincj992,p50p90,1982,0.4954
POL,sptincj992,p50p90,1983,0.4954
POL,sptincj992,p50p90,1984,0.4909
POL,sptincj992,p50p90,1985,0.4953
POL,sptincj992,p50p90,1986,0.4999
POL,sptincj992,p50p90,1987,0.5
POL,sptincj992,p50p90,1988,0.5018
POL,sptincj992,p50p90,1989,0.4972
POL,sptincj992,p50p90,1990,0.496
POL,sptincj992,p50p90,1991,0.4814000000000001
POL,sptincj992,p50p90,1992,0.4908
POL,sptincj992,p50p90,1993,0.4832
POL,sptincj992,p50p90,1994,0.4706
POL,sptincj992,p50p90,1995,0.4587
POL,sptincj992,p50p90,1996,0.4631
POL,sptincj992,p50p90,1997,0.4608
POL,sptincj992,p50p90,1998,0.4519
POL,sptincj992,p50p90,1999,0.4532
POL,sptincj992,p50p90,2000,0.4497
POL,sptincj992,p50p90,2001,0.4511
POL,sptincj992,p50p90,2002,0.4467
POL,sptincj992,p50p90,2003,0.445
POL,sptincj992,p50p90,2004,0.4355
POL,sptincj992,p50p90,2005,0.4427
POL,sptincj992,p50p90,2006,0.4318
POL,sptincj992,p50p90,2007,0.4291
POL,sptincj992,p50p90,2008,0.4262
POL,sptincj992,p50p90,2009,0.4367
POL,sptincj992,p50p90,2010,0.4336
POL,sptincj992,p50p90,2011,0.4313
POL,sptincj992,p50p90,2012,0.4308
POL,sptincj992,p50p90,2013,0.4323
POL,sptincj992,p50p90,2014,0.4269
POL,sptincj992,p50p90,2015,0.4238
POL,sptincj992,p50p90,2016,0.4279
POL,sptincj992,p50p90,2017,0.4287
POL,sptincj992,p50p90,2018,0.4295
POL,sptincj992,p50p90,2019,0.4281
POL,sptincj992,p50p90,2020,0.4281
POL,sptincj992,p50p90,2021,0.4281
POL,sptincj992,p50p90,2022,0.4292
POL,sptincj992,p50p90,2023,0.4292
POL,sptincj992,p50p90,2024,0.4292
POL,sptincj992,p90p100,1924,0.3295
POL,sptincj992,p90p100,1925,0.3271
POL,sptincj992,p90p100,1926,0.321
POL,sptincj992,p90p100,1927,0.3183
POL,sptincj992,p90p100,1928,0.3159
POL,sptincj992,p90p100,1929,0.3112
POL,sptincj992,p90p100,1930,0.3097
POL,sptincj992,p90p100,1931,0.3129
POL,sptincj992,p90p100,1935,0.319
POL,sptincj992,p90p100,1936,0.3233
POL,sptincj992,p90p100,1947,0.3066
POL,sptincj992,p90p100,1955,0.2961
POL,sptincj992,p90p100,1956,0.2944
POL,sptincj992,p90p100,1957,0.2956
POL,sptincj992,p90p100,1958,0.297
POL,sptincj992,p90p100,1959,0.2987
POL,sptincj992,p90p100,1960,0.2978
POL,sptincj992,p90p100,1961,0.2932
POL,sptincj992,p90p100,1962,0.2899
POL,sptincj992,p90p100,1963,0.2851
POL,sptincj992,p90p100,1964,0.2808
POL,sptincj992,p90p100,1965,0.2773
POL,sptincj992,p90p100,1967,0.2682
POL,sptincj992,p90p100,1970,0.2556
POL,sptincj992,p90p100,1972,0.2495
POL,sptincj992,p90p100,1976,0.2322
POL,sptincj992,p90p100,1978,0.2261
POL,sptincj992,p90p100,1980,0.2245
POL,sptincj992,p90p100,1981,0.2245
POL,sptincj992,p90p100,1982,0.2245
POL,sptincj992,p90p100,1983,0.2245
POL,sptincj992,p90p100,1984,0.2316
POL,sptincj992,p90p100,1985,0.2273
POL,sptincj992,p90p100,1986,0.2263
POL,sptincj992,p90p100,1987,0.2212
POL,sptincj992,p90p100,1988,0.218
POL,sptincj992,p90p100,1989,0.2297
POL,sptincj992,p90p100,1990,0.2432
POL,sptincj992,p90p100,1991,0.2593
POL,sptincj992,p90p100,1992,0.2564
POL,sptincj992,p90p100,1993,0.2654
POL,sptincj992,p90p100,1994,0.2888
POL,sptincj992,p90p100,1995,0.3098
POL,sptincj992,p90p100,1996,0.3083
POL,sptincj992,p90p100,1997,0.3078
POL,sptincj992,p90p100,1998,0.3211
POL,sptincj992,p90p100,1999,0.318
POL,sptincj992,p90p100,2000,0.3326
POL,sptincj992,p90p100,2001,0.3327
POL,sptincj992,p90p100,2002,0.343
POL,sptincj992,p90p100,2003,0.3512
POL,sptincj992,p90p100,2004,0.3639
POL,sptincj992,p90p100,2005,0.3622
POL,sptincj992,p90p100,2006,0.3705
POL,sptincj992,p90p100,2007,0.3719
POL,sptincj992,p90p100,2008,0.3782
POL,sptincj992,p90p100,2009,0.3644
POL,sptincj992,p90p100,2010,0.3662
POL,sptincj992,p90p100,2011,0.3698
POL,sptincj992,p90p100,2012,0.3674
POL,sptincj992,p90p100,2013,0.3659
POL,sptincj992,p90p100,2014,0.3726
POL,sptincj992,p90p100,2015,0.3778
POL,sptincj992,p90p100,2016,0.3743
POL,sptincj992,p90p100,2017,0.371
POL,sptincj992,p90p100,2018,0.3745
POL,sptincj992,p90p100,2019,0.377
POL,sptincj992,p90p100,2020,0.377
POL,sptincj992,p90p100,2021,0.3774
POL,sptincj992,p90p100,2022,0.377
POL,sptincj992,p90p100,2023,0.3769
POL,sptincj992,p90p100,2024,0.3769
POL,sptincj992,p99p100,1924,0.1146
POL,sptincj992,p99p100,1925,0.1138
POL,sptincj992,p99p100,1926,0.108
POL,sptincj992,p99p100,1927,0.1067
POL,sptincj992,p99p100,1928,0.1057
POL,sptincj992,p99p100,1929,0.1018
POL,sptincj992,p99p100,1930,0.1021
POL,sptincj992,p99p100,1931,0.1033
POL,sptincj992,p99p100,1935,0.0993
POL,sptincj992,p99p100,1936,0.1021
POL,sptincj992,p99p100,1947,0.089
POL,sptincj992,p99p100,1955,0.0788
POL,sptincj992,p99p100,1956,0.0755
POL,sptincj992,p99p100,1957,0.076
POL,sptincj992,p99p100,1958,0.0767
POL,sptincj992,p99p100,1959,0.0779
POL,sptincj992,p99p100,1960,0.0756
POL,sptincj992,p99p100,1961,0.0731
POL,sptincj992,p99p100,1962,0.0724
POL,sptincj992,p99p100,1963,0.0697
POL,sptincj992,p99p100,1964,0.0677
POL,sptincj992,p99p100,1965,0.0666
POL,sptincj992,p99p100,1967,0.0619
POL,sptincj992,p99p100,1970,0.0562
POL,sptincj992,p99p100,1972,0.0553
POL,sptincj992,p99p100,1976,0.047
POL,sptincj992,p99p100,1978,0.0461
POL,sptincj992,p99p100,1980,0.0434
POL,sptincj992,p99p100,1981,0.0434
POL,sptincj992,p99p100,1982,0.0434
POL,sptincj992,p99p100,1983,0.0434
POL,sptincj992,p99p100,1984,0.0488
POL,sptincj992,p99p100,1985,0.0429
POL,sptincj992,p99p100,1986,0.0426
POL,sptincj992,p99p100,1987,0.0437
POL,sptincj992,p99p100,1988,0.0423
POL,sptincj992,p99p100,1989,0.045
POL,sptincj992,p99p100,1990,0.0553
POL,sptincj992,p99p100,1991,0.0656
POL,sptincj992,p99p100,1992,0.0754
POL,sptincj992,p99p100,1993,0.0821
POL,sptincj992,p99p100,1994,0.0972
POL,sptincj992,p99p100,1995,0.1098
POL,sptincj992,p99p100,1996,0.0903
POL,sptincj992,p99p100,1997,0.0977
POL,sptincj992,p99p100,1998,0.1088
POL,sptincj992,p99p100,1999,0.1065
POL,sptincj992,p99p100,2000,0.1043
POL,sptincj992,p99p100,2001,0.1
POL,sptincj992,p99p100,2002,0.1046
POL,sptincj992,p99p100,2003,0.1023
POL,sptincj992,p99p100,2004,0.1296
POL,sptincj992,p99p100,2005,0.1352
POL,sptincj992,p99p100,2006,0.1425
POL,sptincj992,p99p100,2007,0.1577
POL,sptincj992,p99p100,2008,0.1493
POL,sptincj992,p99p100,2009,0.1364
POL,sptincj992,p99p100,2010,0.1343
POL,sptincj992,p99p100,2011,0.1395
POL,sptincj992,p99p100,2012,0.1387
POL,sptincj992,p99p100,2013,0.1363
POL,sptincj992,p99p100,2014,0.1426
POL,sptincj992,p99p100,2015,0.1493
POL,sptincj992,p99p100,2016,0.147
POL,sptincj992,p99p100,2017,0.1451
POL,sptincj992,p99p100,2018,0.1466
POL,sptincj992,p99p100,2019,0.1484
POL,sptincj992,p99p100,2020,0.1484
POL,sptincj992,p99p100,2021,0.15
POL,sptincj992,p99p100,2022,0.1514
POL,sptincj992,p99p100,2023,0.1513
POL,sptincj992,p99p100,2024,0.1513
PRT,spllinf992,p0p100,1990,0.3664
PRT,spllinf992,p0p100,1991,0.3664
PRT,spllinf992,p0p100,1992,0.36840001
PRT,spllinf992,p0p100,1993,0.37220001
PRT,spllinf992,p0p100,1994,0.3768
PRT,spllinf992,p0p100,1995,0.37959999
PRT,spllinf992,p0p100,1996,0.38049999
PRT,spllinf992,p0p100,1997,0.38460001
PRT,spllinf992,p0p100,1998,0.38699999
PRT,spllinf992,p0p100,1999,0.38960001
PRT,spllinf992,p0p100,2000,0.38960001
PRT,spllinf992,p0p100,2001,0.3908
PRT,spllinf992,p0p100,2002,0.39230001
PRT,spllinf992,p0p100,2003,0.3962
PRT,spllinf992,p0p100,2004,0.3955
PRT,spllinf992,p0p100,2005,0.39969999
PRT,spllinf992,p0p100,2006,0.39820001
PRT,spllinf992,p0p100,2007,0.3906
PRT,spllinf992,p0p100,2008,0.4041
PRT,spllinf992,p0p100,2009,0.4122
PRT,spllinf992,p0p100,2010,0.4165
PRT,spllinf992,p0p100,2011,0.43130001
PRT,spllinf992,p0p100,2012,0.4368
PRT,spllinf992,p0p100,2013,0.4287
PRT,spllinf992,p0p100,2014,0.42550001
PRT,spllinf992,p0p100,2015,0.43349999
PRT,spllinf992,p0p100,2016,0.43169999
PRT,spllinf992,p0p100,2017,0.44580001
PRT,spllinf992,p0p100,2018,0.44
PRT,spllinf992,p0p100,2019,0.44299999
PRT,spllinf992,p0p100,2020,0.45899999
PRT,spllinf992,p0p100,2021,0.4709
PRT,spllinf992,p0p100,2022,0.4666
PRT,spllinf992,p0p100,2023,0.44029999
PRT,spllinf992,p0p100,2024,0.4418
PRT,sptincj992,p0p100,1936,1
PRT,sptincj992,p0p100,1937,1
PRT,sptincj992,p0p100,1938,1
PRT,sptincj992,p0p100,1939,1
PRT,sptincj992,p0p100,1940,1
PRT,sptincj992,p0p100,1941,1
PRT,sptincj992,p0p100,1942,1
PRT,sptincj992,p0p100,1943,1
PRT,sptincj992,p0p100,1944,1
PRT,sptincj992,p0p100,1945,1
PRT,sptincj992,p0p100,1946,1
PRT,sptincj992,p0p100,1947,1
PRT,sptincj992,p0p100,1948,1
PRT,sptincj992,p0p100,1949,1
PRT,sptincj992,p0p100,1950,1
PRT,sptincj992,p0p100,1951,1
PRT,sptincj992,p0p100,1952,1
PRT,sptincj992,p0p100,1953,1
PRT,sptincj992,p0p100,1954,1
PRT,sptincj992,p0p100,1955,1
PRT,sptincj992,p0p100,1956,1
PRT,sptincj992,p0p100,1957,1
PRT,sptincj992,p0p100,1958,1
PRT,sptincj992,p0p100,1959,1
PRT,sptincj992,p0p100,1960,1
PRT,sptincj992,p0p100,1961,1
PRT,sptincj992,p0p100,1962,1
PRT,sptincj992,p0p100,1963,1
PRT,sptincj992,p0p100,1964,1
PRT,sptincj992,p0p100,1965,1
PRT,sptincj992,p0p100,1966,1
PRT,sptincj992,p0p100,1967,1
PRT,sptincj992,p0p100,1968,1
PRT,sptincj992,p0p100,1969,1
PRT,sptincj992,p0p100,1970,1
PRT,sptincj992,p0p100,1971,1
PRT,sptincj992,p0p100,1972,1
PRT,sptincj992,p0p100,1973,1
PRT,sptincj992,p0p100,1974,1
PRT,sptincj992,p0p100,1975,1
PRT,sptincj992,p0p100,1976,1
PRT,sptincj992,p0p100,1977,1
PRT,sptincj992,p0p100,1978,1
PRT,sptincj992,p0p100,1979,1
PRT,sptincj992,p0p100,1980,1
PRT,sptincj992,p0p100,1981,1
PRT,sptincj992,p0p100,1982,1
PRT,sptincj992,p0p100,1983,1
PRT,sptincj992,p0p100,1984,1
PRT,sptincj992,p0p100,1985,1
PRT,sptincj992,p0p100,1986,1
PRT,sptincj992,p0p100,1987,1
PRT,sptincj992,p0p100,1988,1
PRT,sptincj992,p0p100,1989,1
PRT,sptincj992,p0p100,1990,1
PRT,sptincj992,p0p100,1991,1
PRT,sptincj992,p0p100,1992,1
PRT,sptincj992,p0p100,1993,1
PRT,sptincj992,p0p100,1994,1
PRT,sptincj992,p0p100,1995,1
PRT,sptincj992,p0p100,1996,1
PRT,sptincj992,p0p100,1997,1
PRT,sptincj992,p0p100,1998,1
PRT,sptincj992,p0p100,1999,1
PRT,sptincj992,p0p100,2000,1
PRT,sptincj992,p0p100,2001,1
PRT,sptincj992,p0p100,2002,1
PRT,sptincj992,p0p100,2003,1
PRT,sptincj992,p0p100,2004,1
PRT,sptincj992,p0p100,2005,1
PRT,sptincj992,p0p100,2006,1
PRT,sptincj992,p0p100,2007,1
PRT,sptincj992,p0p100,2008,1
PRT,sptincj992,p0p100,2009,1
PRT,sptincj992,p0p100,2010,1
PRT,sptincj992,p0p100,2011,1
PRT,sptincj992,p0p100,2012,1
PRT,sptincj992,p0p100,2013,1
PRT,sptincj992,p0p100,2014,1
PRT,sptincj992,p0p100,2015,1
PRT,sptincj992,p0p100,2016,1
PRT,sptincj992,p0p100,2017,1
PRT,sptincj992,p0p100,2018,1
PRT,sptincj992,p0p100,2019,1
PRT,sptincj992,p0p100,2020,1
PRT,sptincj992,p0p100,2021,1
PRT,sptincj992,p0p100,2022,1
PRT,sptincj992,p0p100,2023,1
PRT,sptincj992,p0p100,2024,1
PRT,sptincj992,p0p50,1936,0.2043
PRT,sptincj992,p0p50,1937,0.2074
PRT,sptincj992,p0p50,1938,0.2066
PRT,sptincj992,p0p50,1939,0.2076
PRT,sptincj992,p0p50,1940,0.2045
PRT,sptincj992,p0p50,1941,0.2056
PRT,sptincj992,p0p50,1942,0.2097
PRT,sptincj992,p0p50,1943,0.2151
PRT,sptincj992,p0p50,1944,0.2165
PRT,sptincj992,p0p50,1945,0.2183
PRT,sptincj992,p0p50,1946,0.224
PRT,sptincj992,p0p50,1947,0.2245
PRT,sptincj992,p0p50,1948,0.2252
PRT,sptincj992,p0p50,1949,0.2273
PRT,sptincj992,p0p50,1950,0.2281
PRT,sptincj992,p0p50,1951,0.2282
PRT,sptincj992,p0p50,1952,0.2276
PRT,sptincj992,p0p50,1953,0.2269
PRT,sptincj992,p0p50,1954,0.2264
PRT,sptincj992,p0p50,1955,0.2269
PRT,sptincj992,p0p50,1956,0.2277
PRT,sptincj992,p0p50,1957,0.2272
PRT,sptincj992,p0p50,1958,0.2262
PRT,sptincj992,p0p50,1959,0.2251
PRT,sptincj992,p0p50,1960,0.2274
PRT,sptincj992,p0p50,1961,0.2231
PRT,sptincj992,p0p50,1962,0.2282
PRT,sptincj992,p0p50,1963,0.2183
PRT,sptincj992,p0p50,1964,0.2215
PRT,sptincj992,p0p50,1965,0.2276
PRT,sptincj992,p0p50,1966,0.2164
PRT,sptincj992,p0p50,1967,0.221
PRT,sptincj992,p0p50,1968,0.2271
PRT,sptincj992,p0p50,1969,0.2167
PRT,sptincj992,p0p50,1970,0.2214
PRT,sptincj992,p0p50,1971,0.2272
PRT,sptincj992,p0p50,1972,0.2344
PRT,sptincj992,p0p50,1973,0.223
PRT,sptincj992,p0p50,1974,0.2286
PRT,sptincj992,p0p50,1975,0.2342
PRT,sptincj992,p0p50,1976,0.2326
PRT,sptincj992,p0p50,1977,0.2354
PRT,sptincj992,p0p50,1978,0.2368
PRT,sptincj992,p0p50,1979,0.2397
PRT,sptincj992,p0p50,1980,0.2254
PRT,sptincj992,p0p50,1981,0.2291
PRT,sptincj992,p0p50,1982,0.2144
PRT,sptincj992,p0p50,1983,0.217
PRT,sptincj992,p0p50,1984,0.2085
PRT,sptincj992,p0p50,1985,0.2061
PRT,sptincj992,p0p50,1986,0.2072
PRT,sptincj992,p0p50,1987,0.2075
PRT,sptincj992,p0p50,1988,0.2049
PRT,sptincj992,p0p50,1989,0.2048
PRT,sptincj992,p0p50,1990,0.2094
PRT,sptincj992,p0p50,1991,0.2036
PRT,sptincj992,p0p50,1992,0.1979
PRT,sptincj992,p0p50,1993,0.1861
PRT,sptincj992,p0p50,1994,0.177
PRT,sptincj992,p0p50,1995,0.1794
PRT,sptincj992,p0p50,1996,0.1851
PRT,sptincj992,p0p50,1997,0.1836
PRT,sptincj992,p0p50,1998,0.1875
PRT,sptincj992,p0p50,1999,0.1865
PRT,sptincj992,p0p50,2000,0.186
PRT,sptincj992,p0p50,2001,0.1739
PRT,sptincj992,p0p50,2002,0.1781
PRT,sptincj992,p0p50,2003,0.18
PRT,sptincj992,p0p50,2004,0.1728
PRT,sptincj992,p0p50,2005,0.1779
PRT,sptincj992,p0p50,2006,0.1725
PRT,sptincj992,p0p50,2007,0.1751
PRT,sptincj992,p0p50,2008,0.1845
PRT,sptincj992,p0p50,2009,0.1881
PRT,sptincj992,p0p50,2010,0.1864
PRT,sptincj992,p0p50,2011,0.1846
PRT,sptincj992,p0p50,2012,0.1909
PRT,sptincj992,p0p50,2013,0.1833
PRT,sptincj992,p0p50,2014,0.1849
PRT,sptincj992,p0p50,2015,0.1862
PRT,sptincj992,p0p50,2016,0.1878
PRT,sptincj992,p0p50,2017,0.1894
PRT,sptincj992,p0p50,2018,0.1946
PRT,sptincj992,p0p50,2019,0.1964
PRT,sptincj992,p0p50,2020,0.1964
PRT,sptincj992,p0p50,2021,0.204
PRT,sptincj992,p0p50,2022,0.204
PRT,sptincj992,p0p50,2023,0.204
PRT,sptincj992,p0p50,2024,0.204
PRT,sptincj992,p0p90,1936,0.6025
PRT,sptincj992,p0p90,1937,0.6115
PRT,sptincj992,p0p90,1938,0.6091
PRT,sptincj992,p0p90,1939,0.6122000000000001
PRT,sptincj992,p0p90,1940,0.603
PRT,sptincj992,p0p90,1941,0.6064
PRT,sptincj992,p0p90,1942,0.6185
PRT,sptincj992,p0p90,1943,0.6348
PRT,sptincj992,p0p90,1944,0.639
PRT,sptincj992,p0p90,1945,0.6448
PRT,sptincj992,p0p90,1946,0.6618
PRT,sptincj992,p0p90,1947,0.6636000000000001
PRT,sptincj992,p0p90,1948,0.6656000000000001
PRT,sptincj992,p0p90,1949,0.672
PRT,sptincj992,p0p90,1950,0.6748000000000001
PRT,sptincj992,p0p90,1951,0.675
PRT,sptincj992,p0p90,1952,0.673
PRT,sptincj992,p0p90,1953,0.6707000000000001
PRT,sptincj992,p0p90,1954,0.6691
PRT,sptincj992,p0p90,1955,0.6703
PRT,sptincj992,p0p90,1956,0.6727000000000001
PRT,sptincj992,p0p90,1957,0.6711
PRT,sptincj992,p0p90,1958,0.668
PRT,sptincj992,p0p90,1959,0.6646000000000001
PRT,sptincj992,p0p90,1960,0.6713
PRT,sptincj992,p0p90,1961,0.6591
PRT,sptincj992,p0p90,1962,0.6749
PRT,sptincj992,p0p90,1963,0.6463
PRT,sptincj992,p0p90,1964,0.6568
PRT,sptincj992,p0p90,1965,0.6753
PRT,sptincj992,p0p90,1966,0.643
PRT,sptincj992,p0p90,1967,0.6572
PRT,sptincj992,p0p90,1968,0.6761
PRT,sptincj992,p0p90,1969,0.6456000000000001
PRT,sptincj992,p0p90,1970,0.6604
PRT,sptincj992,p0p90,1971,0.6784
PRT,sptincj992,p0p90,1972,0.7005
PRT,sptincj992,p0p90,1973,0.6673
PRT,sptincj992,p0p90,1974,0.6846
PRT,sptincj992,p0p90,1975,0.7021000000000001
PRT,sptincj992,p0p90,1976,0.6979000000000001
PRT,sptincj992,p0p90,1977,0.7070000000000001
PRT,sptincj992,p0p90,1978,0.7120000000000001
PRT,sptincj992,p0p90,1979,0.7213
PRT,sptincj992,p0p90,1980,0.7174
PRT,sptincj992,p0p90,1981,0.7207
PRT,sptincj992,p0p90,1982,0.6916
PRT,sptincj992,p0p90,1983,0.6927
PRT,sptincj992,p0p90,1984,0.6824
PRT,sptincj992,p0p90,1985,0.6754
PRT,sptincj992,p0p90,1986,0.6751
PRT,sptincj992,p0p90,1987,0.6761
PRT,sptincj992,p0p90,1988,0.6719
PRT,sptincj992,p0p90,1989,0.6709
PRT,sptincj992,p0p90,1990,0.6683
PRT,sptincj992,p0p90,1991,0.6582
PRT,sptincj992,p0p90,1992,0.6523
PRT,sptincj992,p0p90,1993,0.6394000000000001
PRT,sptincj992,p0p90,1994,0.6367
PRT,sptincj992,p0p90,1995,0.6333000000000001
PRT,sptincj992,p0p90,1996,0.638
PRT,sptincj992,p0p90,1997,0.6298
PRT,sptincj992,p0p90,1998,0.6312
PRT,sptincj992,p0p90,1999,0.6237
PRT,sptincj992,p0p90,2000,0.6255000000000001
PRT,sptincj992,p0p90,2001,0.6062000000000001
PRT,sptincj992,p0p90,2002,0.6193000000000001
PRT,sptincj992,p0p90,2003,0.6248
PRT,sptincj992,p0p90,2004,0.6063000000000001
PRT,sptincj992,p0p90,2005,0.6121
PRT,sptincj992,p0p90,2006,0.6038
PRT,sptincj992,p0p90,2007,0.6046
PRT,sptincj992,p0p90,2008,0.6194000000000001
PRT,sptincj992,p0p90,2009,0.6253000000000001
PRT,sptincj992,p0p90,2010,0.6206
PRT,sptincj992,p0p90,2011,0.6173000000000001
PRT,sptincj992,p0p90,2012,0.6333000000000001
PRT,sptincj992,p0p90,2013,0.6275000000000001
PRT,sptincj992,p0p90,2014,0.6268
PRT,sptincj992,p0p90,2015,0.6283000000000001
PRT,sptincj992,p0p90,2016,0.627
PRT,sptincj992,p0p90,2017,0.6236
PRT,sptincj992,p0p90,2018,0.6326
PRT,sptincj992,p0p90,2019,0.6416000000000001
PRT,sptincj992,p0p90,2020,0.6416000000000001
PRT,sptincj992,p0p90,2021,0.6456000000000001
PRT,sptincj992,p0p90,2022,0.6456000000000001
PRT,sptincj992,p0p90,2023,0.6455000000000001
PRT,sptincj992,p0p90,2024,0.6455000000000001
PRT,sptincj992,p0p99,1936,0.8384
PRT,sptincj992,p0p99,1937,0.8543000000000001
PRT,sptincj992,p0p99,1938,0.8541000000000001
PRT,sptincj992,p0p99,1939,0.8618
PRT,sptincj992,p0p99,1940,0.8521000000000001
PRT,sptincj992,p0p99,1941,0.8510000000000001
PRT,sptincj992,p0p99,1942,0.862
PRT,sptincj992,p0p99,1943,0.8786
PRT,sptincj992,p0p99,1944,0.8785000000000001
PRT,sptincj992,p0p99,1945,0.8806
PRT,sptincj992,p0p99,1946,0.8979
PRT,sptincj992,p0p99,1947,0.8945000000000001
PRT,sptincj992,p0p99,1948,0.8916000000000001
PRT,sptincj992,p0p99,1949,0.8946000000000001
PRT,sptincj992,p0p99,1950,0.8929
PRT,sptincj992,p0p99,1951,0.8941
PRT,sptincj992,p0p99,1952,0.8926000000000001
PRT,sptincj992,p0p99,1953,0.8905000000000001
PRT,sptincj992,p0p99,1954,0.8895000000000001
PRT,sptincj992,p0p99,1955,0.8922
PRT,sptincj992,p0p99,1956,0.8964000000000001
PRT,sptincj992,p0p99,1957,0.8953000000000001
PRT,sptincj992,p0p99,1958,0.8923000000000001
PRT,sptincj992,p0p99,1959,0.8887
PRT,sptincj992,p0p99,1960,0.8988
PRT,sptincj992,p0p99,1961,0.8807
PRT,sptincj992,p0p99,1962,0.9001
PRT,sptincj992,p0p99,1963,0.8603000000000001
PRT,sptincj992,p0p99,1964,0.8725
PRT,sptincj992,p0p99,1965,0.8954000000000001
PRT,sptincj992,p0p99,1966,0.8509
PRT,sptincj992,p0p99,1967,0.8682000000000001
PRT,sptincj992,p0p99,1968,0.8915000000000001
PRT,sptincj992,p0p99,1969,0.8497
PRT,sptincj992,p0p99,1970,0.8676
PRT,sptincj992,p0p99,1971,0.8895000000000001
PRT,sptincj992,p0p99,1972,0.9168000000000001
PRT,sptincj992,p0p99,1973,0.8717
PRT,sptincj992,p0p99,1974,0.8928
PRT,sptincj992,p0p99,1975,0.914
PRT,sptincj992,p0p99,1976,0.9068
PRT,sptincj992,p0p99,1977,0.9171
PRT,sptincj992,p0p99,1978,0.9219
PRT,sptincj992,p0p99,1979,0.9323
PRT,sptincj992,p0p99,1980,0.9311
PRT,sptincj992,p0p99,1981,0.9357000000000001
PRT,sptincj992,p0p99,1982,0.9353
PRT,sptincj992,p0p99,1983,0.9262
PRT,sptincj992,p0p99,1984,0.9271
PRT,sptincj992,p0p99,1985,0.9232
PRT,sptincj992,p0p99,1986,0.9193
PRT,sptincj992,p0p99,1987,0.9183
PRT,sptincj992,p0p99,1988,0.9164
PRT,sptincj992,p0p99,1989,0.913
PRT,sptincj992,p0p99,1990,0.9106000000000001
PRT,sptincj992,p0p99,1991,0.909
PRT,sptincj992,p0p99,1992,0.908
PRT,sptincj992,p0p99,1993,0.9041
PRT,sptincj992,p0p99,1994,0.9033
PRT,sptincj992,p0p99,1995,0.9015000000000001
PRT,sptincj992,p0p99,1996,0.9033
PRT,sptincj992,p0p99,1997,0.8987
PRT,sptincj992,p0p99,1998,0.8972
PRT,sptincj992,p0p99,1999,0.8923000000000001
PRT,sptincj992,p0p99,2000,0.8955000000000001
PRT,sptincj992,p0p99,2001,0.8882
PRT,sptincj992,p0p99,2002,0.8969
PRT,sptincj992,p0p99,2003,0.8969
PRT,sptincj992,p0p99,2004,0.8915000000000001
PRT,sptincj992,p0p99,2005,0.8959
PRT,sptincj992,p0p99,2006,0.8948
PRT,sptincj992,p0p99,2007,0.889
PRT,sptincj992,p0p99,2008,0.9027000000000001
PRT,sptincj992,p0p99,2009,0.9033
PRT,sptincj992,p0p99,2010,0.8996000000000001
PRT,sptincj992,p0p99,2011,0.8884000000000001
PRT,sptincj992,p0p99,2012,0.8986000000000001
PRT,sptincj992,p0p99,2013,0.8946000000000001
PRT,sptincj992,p0p99,2014,0.8928
PRT,sptincj992,p0p99,2015,0.8914000000000001
PRT,sptincj992,p0p99,2016,0.8907
PRT,sptincj992,p0p99,2017,0.8835000000000001
PRT,sptincj992,p0p99,2018,0.8886000000000001
PRT,sptincj992,p0p99,2019,0.8954000000000001
PRT,sptincj992,p0p99,2020,0.8954000000000001
PRT,sptincj992,p0p99,2021,0.8964000000000001
PRT,sptincj992,p0p99,2022,0.8963000000000001
PRT,sptincj992,p0p99,2023,0.8963000000000001
PRT,sptincj992,p0p99,2024,0.8963000000000001
PRT,sptincj992,p50p90,1936,0.3982
PRT,sptincj992,p50p90,1937,0.4042
PRT,sptincj992,p50p90,1938,0.4025
PRT,sptincj992,p50p90,1939,0.4046
PRT,sptincj992,p50p90,1940,0.3984
PRT,sptincj992,p50p90,1941,0.4008
PRT,sptincj992,p50p90,1942,0.4089
PRT,sptincj992,p50p90,1943,0.4197
PRT,sptincj992,p50p90,1944,0.4226
PRT,sptincj992,p50p90,1945,0.4265
PRT,sptincj992,p50p90,1946,0.4378
PRT,sptincj992,p50p90,1947,0.439
PRT,sptincj992,p50p90,1948,0.4405
PRT,sptincj992,p50p90,1949,0.4448
PRT,sptincj992,p50p90,1950,0.4467
PRT,sptincj992,p50p90,1951,0.4467
PRT,sptincj992,p50p90,1952,0.4454
PRT,sptincj992,p50p90,1953,0.4438
PRT,sptincj992,p50p90,1954,0.4427
PRT,sptincj992,p50p90,1955,0.4435
PRT,sptincj992,p50p90,1956,0.445
PRT,sptincj992,p50p90,1957,0.4439
PRT,sptincj992,p50p90,1958,0.4418
PRT,sptincj992,p50p90,1959,0.4395
PRT,sptincj992,p50p90,1960,0.4439
PRT,sptincj992,p50p90,1961,0.436
PRT,sptincj992,p50p90,1962,0.4468
PRT,sptincj992,p50p90,1963,0.4281
PRT,sptincj992,p50p90,1964,0.4352
PRT,sptincj992,p50p90,1965,0.4477
PRT,sptincj992,p50p90,1966,0.4265
PRT,sptincj992,p50p90,1967,0.4362
PRT,sptincj992,p50p90,1968,0.449
PRT,sptincj992,p50p90,1969,0.429
PRT,sptincj992,p50p90,1970,0.439
PRT,sptincj992,p50p90,1971,0.4512
PRT,sptincj992,p50p90,1972,0.4661
PRT,sptincj992,p50p90,1973,0.4443
PRT,sptincj992,p50p90,1974,0.456
PRT,sptincj992,p50p90,1975,0.4679
PRT,sptincj992,p50p90,1976,0.4653
PRT,sptincj992,p50p90,1977,0.4717
PRT,sptincj992,p50p90,1978,0.4752
PRT,sptincj992,p50p90,1979,0.4817
PRT,sptincj992,p50p90,1980,0.492
PRT,sptincj992,p50p90,1981,0.4917
PRT,sptincj992,p50p90,1982,0.4772
PRT,sptincj992,p50p90,1983,0.4758
PRT,sptincj992,p50p90,1984,0.4739
PRT,sptincj992,p50p90,1985,0.4693
PRT,sptincj992,p50p90,1986,0.4679
PRT,sptincj992,p50p90,1987,0.4686
PRT,sptincj992,p50p90,1988,0.467
PRT,sptincj992,p50p90,1989,0.4661
PRT,sptincj992,p50p90,1990,0.4589
PRT,sptincj992,p50p90,1991,0.4546
PRT,sptincj992,p50p90,1992,0.4544
PRT,sptincj992,p50p90,1993,0.4533
PRT,sptincj992,p50p90,1994,0.4597
PRT,sptincj992,p50p90,1995,0.4539
PRT,sptincj992,p50p90,1996,0.4528
PRT,sptincj992,p50p90,1997,0.4462
PRT,sptincj992,p50p90,1998,0.4436
PRT,sptincj992,p50p90,1999,0.4371
PRT,sptincj992,p50p90,2000,0.4395
PRT,sptincj992,p50p90,2001,0.4323
PRT,sptincj992,p50p90,2002,0.4413
PRT,sptincj992,p50p90,2003,0.4448
PRT,sptincj992,p50p90,2004,0.4335
PRT,sptincj992,p50p90,2005,0.4343
PRT,sptincj992,p50p90,2006,0.4313
PRT,sptincj992,p50p90,2007,0.4295
PRT,sptincj992,p50p90,2008,0.4349
PRT,sptincj992,p50p90,2009,0.4372
PRT,sptincj992,p50p90,2010,0.4342
PRT,sptincj992,p50p90,2011,0.4327
PRT,sptincj992,p50p90,2012,0.4424
PRT,sptincj992,p50p90,2013,0.4442
PRT,sptincj992,p50p90,2014,0.4419
PRT,sptincj992,p50p90,2015,0.4421
PRT,sptincj992,p50p90,2016,0.4392
PRT,sptincj992,p50p90,2017,0.4341
PRT,sptincj992,p50p90,2018,0.438
PRT,sptincj992,p50p90,2019,0.4451
PRT,sptincj992,p50p90,2020,0.4451
PRT,sptincj992,p50p90,2021,0.4416
PRT,sptincj992,p50p90,2022,0.4416
PRT,sptincj992,p50p90,2023,0.4415
PRT,sptincj992,p50p90,2024,0.4415
PRT,sptincj992,p90p100,1936,0.3975
PRT,sptincj992,p90p100,1937,0.3885
PRT,sptincj992,p90p100,1938,0.3909
PRT,sptincj992,p90p100,1939,0.3878
PRT,sptincj992,p90p100,1940,0.397
PRT,sptincj992,p90p100,1941,0.3936
PRT,sptincj992,p90p100,1942,0.3815
PRT,sptincj992,p90p100,1943,0.3652
PRT,sptincj992,p90p100,1944,0.361
PRT,sptincj992,p90p100,1945,0.3552
PRT,sptincj992,p90p100,1946,0.3382
PRT,sptincj992,p90p100,1947,0.3364
PRT,sptincj992,p90p100,1948,0.3344
PRT,sptincj992,p90p100,1949,0.328
PRT,sptincj992,p90p100,1950,0.3252
PRT,sptincj992,p90p100,1951,0.325
PRT,sptincj992,p90p100,1952,0.327
PRT,sptincj992,p90p100,1953,0.3293
PRT,sptincj992,p90p100,1954,0.3309
PRT,sptincj992,p90p100,1955,0.3297
PRT,sptincj992,p90p100,1956,0.3273
PRT,sptincj992,p90p100,1957,0.3289
PRT,sptincj992,p90p100,1958,0.332
PRT,sptincj992,p90p100,1959,0.3354
PRT,sptincj992,p90p100,1960,0.3287
PRT,sptincj992,p90p100,1961,0.3409
PRT,sptincj992,p90p100,1962,0.3251
PRT,sptincj992,p90p100,1963,0.3537
PRT,sptincj992,p90p100,1964,0.3432
PRT,sptincj992,p90p100,1965,0.3247
PRT,sptincj992,p90p100,1966,0.357
PRT,sptincj992,p90p100,1967,0.3428
PRT,sptincj992,p90p100,1968,0.3239
PRT,sptincj992,p90p100,1969,0.3544
PRT,sptincj992,p90p100,1970,0.3396
PRT,sptincj992,p90p100,1971,0.3216
PRT,sptincj992,p90p100,1972,0.2995
PRT,sptincj992,p90p100,1973,0.3327
PRT,sptincj992,p90p100,1974,0.3154
PRT,sptincj992,p90p100,1975,0.2979
PRT,sptincj992,p90p100,1976,0.3021
PRT,sptincj992,p90p100,1977,0.293
PRT,sptincj992,p90p100,1978,0.288
PRT,sptincj992,p90p100,1979,0.2787
PRT,sptincj992,p90p100,1980,0.2826
PRT,sptincj992,p90p100,1981,0.2793
PRT,sptincj992,p90p100,1982,0.3084
PRT,sptincj992,p90p100,1983,0.3073
PRT,sptincj992,p90p100,1984,0.3176
PRT,sptincj992,p90p100,1985,0.3246
PRT,sptincj992,p90p100,1986,0.3249
PRT,sptincj992,p90p100,1987,0.3239
PRT,sptincj992,p90p100,1988,0.3281
PRT,sptincj992,p90p100,1989,0.3291
PRT,sptincj992,p90p100,1990,0.3317
PRT,sptincj992,p90p100,1991,0.3418
PRT,sptincj992,p90p100,1992,0.3477
PRT,sptincj992,p90p100,1993,0.3606
PRT,sptincj992,p90p100,1994,0.3633
PRT,sptincj992,p90p100,1995,0.3667
PRT,sptincj992,p90p100,1996,0.362
PRT,sptincj992,p90p100,1997,0.3702
PRT,sptincj992,p90p100,1998,0.3688
PRT,sptincj992,p90p100,1999,0.3763
PRT,sptincj992,p90p100,2000,0.3745
PRT,sptincj992,p90p100,2001,0.3938
PRT,sptincj992,p90p100,2002,0.3807
PRT,sptincj992,p90p100,2003,0.3752
PRT,sptincj992,p90p100,2004,0.3937
PRT,sptincj992,p90p100,2005,0.3879
PRT,sptincj992,p90p100,2006,0.3962
PRT,sptincj992,p90p100,2007,0.3954
PRT,sptincj992,p90p100,2008,0.3806
PRT,sptincj992,p90p100,2009,0.3747
PRT,sptincj992,p90p100,2010,0.3794
PRT,sptincj992,p90p100,2011,0.3827
PRT,sptincj992,p90p100,2012,0.3667
PRT,sptincj992,p90p100,2013,0.3725
PRT,sptincj992,p90p100,2014,0.3732
PRT,sptincj992,p90p100,2015,0.3717
PRT,sptincj992,p90p100,2016,0.373
PRT,sptincj992,p90p100,2017,0.3764
PRT,sptincj992,p90p100,2018,0.3674
PRT,sptincj992,p90p100,2019,0.3584
PRT,sptincj992,p90p100,2020,0.3584
PRT,sptincj992,p90p100,2021,0.3544
PRT,sptincj992,p90p100,2022,0.3544
PRT,sptincj992,p90p100,2023,0.3545
PRT,sptincj992,p90p100,2024,0.3545
PRT,sptincj992,p99p100,1936,0.1616
PRT,sptincj992,p99p100,1937,0.1457
PRT,sptincj992,p99p100,1938,0.1459
PRT,sptincj992,p99p100,1939,0.1382
PRT,sptincj992,p99p100,1940,0.1479
PRT,sptincj992,p99p100,1941,0.149
PRT,sptincj992,p99p100,1942,0.138
PRT,sptincj992,p99p100,1943,0.1214
PRT,sptincj992,p99p100,1944,0.1215
PRT,sptincj992,p99p100,1945,0.1194
PRT,sptincj992,p99p100,1946,0.1021
PRT,sptincj992,p99p100,1947,0.1055
PRT,sptincj992,p99p100,1948,0.1084
PRT,sptincj992,p99p100,1949,0.1054
PRT,sptincj992,p99p100,1950,0.1071
PRT,sptincj992,p99p100,1951,0.1059
PRT,sptincj992,p99p100,1952,0.1074
PRT,sptincj992,p99p100,1953,0.1095
PRT,sptincj992,p99p100,1954,0.1105
PRT,sptincj992,p99p100,1955,0.1078
PRT,sptincj992,p99p100,1956,0.1036
PRT,sptincj992,p99p100,1957,0.1047
PRT,sptincj992,p99p100,1958,0.1077
PRT,sptincj992,p99p100,1959,0.1113
PRT,sptincj992,p99p100,1960,0.1012
PRT,sptincj992,p99p100,1961,0.1193
PRT,sptincj992,p99p100,1962,0.0999
PRT,sptincj992,p99p100,1963,0.1397
PRT,sptincj992,p99p100,1964,0.1275
PRT,sptincj992,p99p100,1965,0.1046
PRT,sptincj992,p99p100,1966,0.1491
PRT,sptincj992,p99p100,1967,0.1318
PRT,sptincj992,p99p100,1968,0.1085
PRT,sptincj992,p99p100,1969,0.1503
PRT,sptincj992,p99p100,1970,0.1324
PRT,sptincj992,p99p100,1971,0.1105
PRT,sptincj992,p99p100,1972,0.0832
PRT,sptincj992,p99p100,1973,0.1283
PRT,sptincj992,p99p100,1974,0.1072
PRT,sptincj992,p99p100,1975,0.086
PRT,sptincj992,p99p100,1976,0.0932
PRT,sptincj992,p99p100,1977,0.0829
PRT,sptincj992,p99p100,1978,0.0781
PRT,sptincj992,p99p100,1979,0.0677
PRT,sptincj992,p99p100,1980,0.0689
PRT,sptincj992,p99p100,1981,0.0643
PRT,sptincj992,p99p100,1982,0.0647
PRT,sptincj992,p99p100,1983,0.0738
PRT,sptincj992,p99p100,1984,0.0729
PRT,sptincj992,p99p100,1985,0.0768
PRT,sptincj992,p99p100,1986,0.0807
PRT,sptincj992,p99p100,1987,0.0817
PRT,sptincj992,p99p100,1988,0.0836
PRT,sptincj992,p99p100,1989,0.087
PRT,sptincj992,p99p100,1990,0.0894
PRT,sptincj992,p99p100,1991,0.091
PRT,sptincj992,p99p100,1992,0.092
PRT,sptincj992,p99p100,1993,0.0959
PRT,sptincj992,p99p100,1994,0.0967
PRT,sptincj992,p99p100,1995,0.0985
PRT,sptincj992,p99p100,1996,0.0967
PRT,sptincj992,p99p100,1997,0.1013
PRT,sptincj992,p99p100,1998,0.1028
PRT,sptincj992,p99p100,1999,0.1077
PRT,sptincj992,p99p100,2000,0.1045
PRT,sptincj992,p99p100,2001,0.1118
PRT,sptincj992,p99p100,2002,0.1031
PRT,sptincj992,p99p100,2003,0.1031
PRT,sptincj992,p99p100,2004,0.1085
PRT,sptincj992,p99p100,2005,0.1041
PRT,sptincj992,p99p100,2006,0.1052
PRT,sptincj992,p99p100,2007,0.111
PRT,sptincj992,p99p100,2008,0.0973
PRT,sptincj992,p99p100,2009,0.0967
PRT,sptincj992,p99p100,2010,0.1004
PRT,sptincj992,p99p100,2011,0.1116
PRT,sptincj992,p99p100,2012,0.1014
PRT,sptincj992,p99p100,2013,0.1054
PRT,sptincj992,p99p100,2014,0.1072
PRT,sptincj992,p99p100,2015,0.1086
PRT,sptincj992,p99p100,2016,0.1093
PRT,sptincj992,p99p100,2017,0.1165
PRT,sptincj992,p99p100,2018,0.1114
PRT,sptincj992,p99p100,2019,0.1046
PRT,sptincj992,p99p100,2020,0.1046
PRT,sptincj992,p99p100,2021,0.1036
PRT,sptincj992,p99p100,2022,0.1037
PRT,sptincj992,p99p100,2023,0.1037
PRT,sptincj992,p99p100,2024,0.1037
RUS,spllinf992,p0p100,1990,0.35499999
RUS,spllinf992,p0p100,1991,0.35499999
RUS,spllinf992,p0p100,1992,0.3527
RUS,spllinf992,p0p100,1993,0.3484
RUS,spllinf992,p0p100,1994,0.35080001
RUS,spllinf992,p0p100,1995,0.359
RUS,spllinf992,p0p100,1996,0.36300001
RUS,spllinf992,p0p100,1997,0.37360001
RUS,spllinf992,p0p100,1998,0.373
RUS,spllinf992,p0p100,1999,0.3777
RUS,spllinf992,p0p100,2000,0.3793
RUS,spllinf992,p0p100,2001,0.3813
RUS,spllinf992,p0p100,2002,0.3847
RUS,spllinf992,p0p100,2003,0.38640001
RUS,spllinf992,p0p100,2004,0.38699999
RUS,spllinf992,p0p100,2005,0.39879999
RUS,spllinf992,p0p100,2006,0.41069999
RUS,spllinf992,p0p100,2007,0.42250001
RUS,spllinf992,p0p100,2008,0.41780001
RUS,spllinf992,p0p100,2009,0.41319999
RUS,spllinf992,p0p100,2010,0.40849999
RUS,spllinf992,p0p100,2011,0.4174
RUS,spllinf992,p0p100,2012,0.41409999
RUS,spllinf992,p0p100,2013,0.4109
RUS,spllinf992,p0p100,2014,0.39910001
RUS,spllinf992,p0p100,2015,0.40310001
RUS,spllinf992,p0p100,2016,0.39989999
RUS,spllinf992,p0p100,2017,0.40700001
RUS,spllinf992,p0p100,2018,0.3971
RUS,spllinf992,p0p100,2019,0.40270001
RUS,spllinf992,p0p100,2020,0.4104
RUS,spllinf992,p0p100,2021,0.4215
RUS,spllinf992,p0p100,2022,0.41690001
RUS,spllinf992,p0p100,2023,0.419
RUS,spllinf992,p0p100,2024,0.42019999
RUS,sptincj992,p0p100,1820,1
RUS,sptincj992,p0p100,1850,1
RUS,sptincj992,p0p100,1880,1
RUS,sptincj992,p0p100,1900,1
RUS,sptincj992,p0p100,1905,1
RUS,sptincj992,p0p100,1910,1
RUS,sptincj992,p0p100,1920,1
RUS,sptincj992,p0p100,1928,1
RUS,sptincj992,p0p100,1930,1
RUS,sptincj992,p0p100,1934,1
RUS,sptincj992,p0p100,1940,1
RUS,sptincj992,p0p100,1950,1
RUS,sptincj992,p0p100,1956,1
RUS,sptincj992,p0p100,1959,1
RUS,sptincj992,p0p100,1960,1
RUS,sptincj992,p0p100,1961,1
RUS,sptincj992,p0p100,1964,1
RUS,sptincj992,p0p100,1966,1
RUS,sptincj992,p0p100,1968,1
RUS,sptincj992,p0p100,1970,1
RUS,sptincj992,p0p100,1972,1
RUS,sptincj992,p0p100,1976,1
RUS,sptincj992,p0p100,1980,1
RUS,sptincj992,p0p100,1981,1
RUS,sptincj992,p0p100,1982,1
RUS,sptincj992,p0p100,1983,1
RUS,sptincj992,p0p100,1984,1
RUS,sptincj992,p0p100,1985,1
RUS,sptincj992,p0p100,1986,1
RUS,sptincj992,p0p100,1987,1
RUS,sptincj992,p0p100,1988,1
RUS,sptincj992,p0p100,1989,1
RUS,sptincj992,p0p100,1990,1
RUS,sptincj992,p0p100,1991,1
RUS,sptincj992,p0p100,1992,1
RUS,sptincj992,p0p100,1993,1
RUS,sptincj992,p0p100,1994,1
RUS,sptincj992,p0p100,1995,1
RUS,sptincj992,p0p100,1996,1
RUS,sptincj992,p0p100,1997,1
RUS,sptincj992,p0p100,1998,1
RUS,sptincj992,p0p100,1999,1
RUS,sptincj992,p0p100,2000,1
RUS,sptincj992,p0p100,2001,1
RUS,sptincj992,p0p100,2002,1
RUS,sptincj992,p0p100,2003,1
RUS,sptincj992,p0p100,2004,1
RUS,sptincj992,p0p100,2005,1
RUS,sptincj992,p0p100,2006,1
RUS,sptincj992,p0p100,2007,1
RUS,sptincj992,p0p100,2008,1
RUS,sptincj992,p0p100,2009,1
RUS,sptincj992,p0p100,2010,1
RUS,sptincj992,p0p100,2011,1
RUS,sptincj992,p0p100,2012,1
RUS,sptincj992,p0p100,2013,1
RUS,sptincj992,p0p100,2014,1
RUS,sptincj992,p0p100,2015,1
RUS,sptincj992,p0p100,2016,1
RUS,sptincj992,p0p100,2017,1
RUS,sptincj992,p0p100,2018,1
RUS,sptincj992,p0p100,2019,1
RUS,sptincj992,p0p100,2020,1
RUS,sptincj992,p0p100,2021,1
RUS,sptincj992,p0p100,2022,1
RUS,sptincj992,p0p100,2023,1
RUS,sptincj992,p0p100,2024,1
RUS,sptincj992,p0p50,1820,0.1763
RUS,sptincj992,p0p50,1850,0.1748
RUS,sptincj992,p0p50,1880,0.1719
RUS,sptincj992,p0p50,1900,0.1674
RUS,sptincj992,p0p50,1905,0.1674
RUS,sptincj992,p0p50,1910,0.1674
RUS,sptincj992,p0p50,1920,0.2936
RUS,sptincj992,p0p50,1928,0.2976
RUS,sptincj992,p0p50,1930,0.2936
RUS,sptincj992,p0p50,1934,0.2842
RUS,sptincj992,p0p50,1940,0.271
RUS,sptincj992,p0p50,1950,0.2519
RUS,sptincj992,p0p50,1956,0.2454
RUS,sptincj992,p0p50,1959,0.2528
RUS,sptincj992,p0p50,1960,0.2537
RUS,sptincj992,p0p50,1961,0.2599
RUS,sptincj992,p0p50,1964,0.2731
RUS,sptincj992,p0p50,1966,0.2915
RUS,sptincj992,p0p50,1968,0.3126
RUS,sptincj992,p0p50,1970,0.2964
RUS,sptincj992,p0p50,1972,0.3025
RUS,sptincj992,p0p50,1976,0.3032
RUS,sptincj992,p0p50,1980,0.2771
RUS,sptincj992,p0p50,1981,0.2769
RUS,sptincj992,p0p50,1982,0.2767
RUS,sptincj992,p0p50,1983,0.2766
RUS,sptincj992,p0p50,1984,0.2764
RUS,sptincj992,p0p50,1985,0.2762
RUS,sptincj992,p0p50,1986,0.2761
RUS,sptincj992,p0p50,1987,0.2759
RUS,sptincj992,p0p50,1988,0.2758
RUS,sptincj992,p0p50,1989,0.2738
RUS,sptincj992,p0p50,1990,0.2837
RUS,sptincj992,p0p50,1991,0.2791
RUS,sptincj992,p0p50,1992,0.2167
RUS,sptincj992,p0p50,1993,0.203
RUS,sptincj992,p0p50,1994,0.1553
RUS,sptincj992,p0p50,1995,0.1417
RUS,sptincj992,p0p50,1996,0.099
RUS,sptincj992,p0p50,1997,0.1262
RUS,sptincj992,p0p50,1998,0.1456
RUS,sptincj992,p0p50,1999,0.1412
RUS,sptincj992,p0p50,2000,0.1343
RUS,sptincj992,p0p50,2001,0.1327
RUS,sptincj992,p0p50,2002,0.1375
RUS,sptincj992,p0p50,2003,0.1341
RUS,sptincj992,p0p50,2004,0.1389
RUS,sptincj992,p0p50,2005,0.1435
RUS,sptincj992,p0p50,2006,0.1376
RUS,sptincj992,p0p50,2007,0.1354
RUS,sptincj992,p0p50,2008,0.1311
RUS,sptincj992,p0p50,2009,0.1453
RUS,sptincj992,p0p50,2010,0.1646
RUS,sptincj992,p0p50,2011,0.1599
RUS,sptincj992,p0p50,2012,0.1663
RUS,sptincj992,p0p50,2013,0.16
RUS,sptincj992,p0p50,2014,0.1685
RUS,sptincj992,p0p50,2015,0.1708
RUS,sptincj992,p0p50,2016,0.1702
RUS,sptincj992,p0p50,2017,0.1734
RUS,sptincj992,p0p50,2018,0.1703
RUS,sptincj992,p0p50,2019,0.1699
RUS,sptincj992,p0p50,2020,0.1568
RUS,sptincj992,p0p50,2021,0.1568
RUS,sptincj992,p0p50,2022,0.1568
RUS,sptincj992,p0p50,2023,0.1568
RUS,sptincj992,p0p50,2024,0.1568
RUS,sptincj992,p0p90,1820,0.5593
RUS,sptincj992,p0p90,1850,0.5546
RUS,sptincj992,p0p90,1880,0.5452
RUS,sptincj992,p0p90,1900,0.5312
RUS,sptincj992,p0p90,1905,0.5312
RUS,sptincj992,p0p90,1910,0.5312
RUS,sptincj992,p0p90,1920,0.765
RUS,sptincj992,p0p90,1928,0.7754000000000001
RUS,sptincj992,p0p90,1930,0.765
RUS,sptincj992,p0p90,1934,0.7527
RUS,sptincj992,p0p90,1940,0.743
RUS,sptincj992,p0p90,1950,0.734
RUS,sptincj992,p0p90,1956,0.7436
RUS,sptincj992,p0p90,1959,0.738
RUS,sptincj992,p0p90,1960,0.733
RUS,sptincj992,p0p90,1961,0.7435
RUS,sptincj992,p0p90,1964,0.7536
RUS,sptincj992,p0p90,1966,0.7678
RUS,sptincj992,p0p90,1968,0.7839
RUS,sptincj992,p0p90,1970,0.754
RUS,sptincj992,p0p90,1972,0.7808
RUS,sptincj992,p0p90,1976,0.7834
RUS,sptincj992,p0p90,1980,0.7527
RUS,sptincj992,p0p90,1981,0.7528
RUS,sptincj992,p0p90,1982,0.7528
RUS,sptincj992,p0p90,1983,0.7528
RUS,sptincj992,p0p90,1984,0.7529
RUS,sptincj992,p0p90,1985,0.7529
RUS,sptincj992,p0p90,1986,0.7531
RUS,sptincj992,p0p90,1987,0.7534000000000001
RUS,sptincj992,p0p90,1988,0.7536
RUS,sptincj992,p0p90,1989,0.7543000000000001
RUS,sptincj992,p0p90,1990,0.7605000000000001
RUS,sptincj992,p0p90,1991,0.7499
RUS,sptincj992,p0p90,1992,0.6755
RUS,sptincj992,p0p90,1993,0.6579
RUS,sptincj992,p0p90,1994,0.5971000000000001
RUS,sptincj992,p0p90,1995,0.5770000000000001
RUS,sptincj992,p0p90,1996,0.5168
RUS,sptincj992,p0p90,1997,0.5467000000000001
RUS,sptincj992,p0p90,1998,0.5656
RUS,sptincj992,p0p90,1999,0.5348
RUS,sptincj992,p0p90,2000,0.5083
RUS,sptincj992,p0p90,2001,0.5014000000000001
RUS,sptincj992,p0p90,2002,0.5195000000000001
RUS,sptincj992,p0p90,2003,0.5193
RUS,sptincj992,p0p90,2004,0.522
RUS,sptincj992,p0p90,2005,0.5284
RUS,sptincj992,p0p90,2006,0.5096
RUS,sptincj992,p0p90,2007,0.5133
RUS,sptincj992,p0p90,2008,0.484
RUS,sptincj992,p0p90,2009,0.5077
RUS,sptincj992,p0p90,2010,0.5479
RUS,sptincj992,p0p90,2011,0.5226000000000001
RUS,sptincj992,p0p90,2012,0.5482
RUS,sptincj992,p0p90,2013,0.53
RUS,sptincj992,p0p90,2014,0.5498000000000001
RUS,sptincj992,p0p90,2015,0.5514
RUS,sptincj992,p0p90,2016,0.547
RUS,sptincj992,p0p90,2017,0.5491
RUS,sptincj992,p0p90,2018,0.5402
RUS,sptincj992,p0p90,2019,0.5384
RUS,sptincj992,p0p90,2020,0.4923
RUS,sptincj992,p0p90,2021,0.4923
RUS,sptincj992,p0p90,2022,0.4923
RUS,sptincj992,p0p90,2023,0.4923
RUS,sptincj992,p0p90,2024,0.4923
RUS,sptincj992,p0p99,1820,0.8399000000000001
RUS,sptincj992,p0p99,1850,0.8363
RUS,sptincj992,p0p99,1880,0.8381000000000001
RUS,sptincj992,p0p99,1900,0.8201
RUS,sptincj992,p0p99,1905,0.8201
RUS,sptincj992,p0p99,1910,0.8201
RUS,sptincj992,p0p99,1920,0.9590000000000001
RUS,sptincj992,p0p99,1928,0.9637
RUS,sptincj992,p0p99,1930,0.9590000000000001
RUS,sptincj992,p0p99,1934,0.9575
RUS,sptincj992,p0p99,1940,0.9580000000000001
RUS,sptincj992,p0p99,1950,0.9400000000000001
RUS,sptincj992,p0p99,1956,0.9452
RUS,sptincj992,p0p99,1959,0.9542
RUS,sptincj992,p0p99,1960,0.9500000000000001
RUS,sptincj992,p0p99,1961,0.9552
RUS,sptincj992,p0p99,1964,0.9570000000000001
RUS,sptincj992,p0p99,1966,0.9594
RUS,sptincj992,p0p99,1968,0.9623
RUS,sptincj992,p0p99,1970,0.9520000000000001
RUS,sptincj992,p0p99,1972,0.9606
RUS,sptincj992,p0p99,1976,0.9620000000000001
RUS,sptincj992,p0p99,1980,0.9594
RUS,sptincj992,p0p99,1981,0.9578000000000001
RUS,sptincj992,p0p99,1982,0.9562
RUS,sptincj992,p0p99,1983,0.9546
RUS,sptincj992,p0p99,1984,0.9531000000000001
RUS,sptincj992,p0p99,1985,0.9516
RUS,sptincj992,p0p99,1986,0.9500000000000001
RUS,sptincj992,p0p99,1987,0.9485
RUS,sptincj992,p0p99,1988,0.9470000000000001
RUS,sptincj992,p0p99,1989,0.9441
RUS,sptincj992,p0p99,1990,0.9255
RUS,sptincj992,p0p99,1991,0.9148000000000001
RUS,sptincj992,p0p99,1992,0.8987
RUS,sptincj992,p0p99,1993,0.8889
RUS,sptincj992,p0p99,1994,0.8792000000000001
RUS,sptincj992,p0p99,1995,0.8622000000000001
RUS,sptincj992,p0p99,1996,0.8384
RUS,sptincj992,p0p99,1997,0.8477
RUS,sptincj992,p0p99,1998,0.8511000000000001
RUS,sptincj992,p0p99,1999,0.8155
RUS,sptincj992,p0p99,2000,0.7841
RUS,sptincj992,p0p99,2001,0.7547
RUS,sptincj992,p0p99,2002,0.7609
RUS,sptincj992,p0p99,2003,0.7675000000000001
RUS,sptincj992,p0p99,2004,0.7812
RUS,sptincj992,p0p99,2005,0.7611
RUS,sptincj992,p0p99,2006,0.753
RUS,sptincj992,p0p99,2007,0.741
RUS,sptincj992,p0p99,2008,0.7625000000000001
RUS,sptincj992,p0p99,2009,0.7942
RUS,sptincj992,p0p99,2010,0.8097000000000001
RUS,sptincj992,p0p99,2011,0.797
RUS,sptincj992,p0p99,2012,0.8119000000000001
RUS,sptincj992,p0p99,2013,0.8009000000000001
RUS,sptincj992,p0p99,2014,0.809
RUS,sptincj992,p0p99,2015,0.8140000000000001
RUS,sptincj992,p0p99,2016,0.8056000000000001
RUS,sptincj992,p0p99,2017,0.8
RUS,sptincj992,p0p99,2018,0.795
RUS,sptincj992,p0p99,2019,0.7979
RUS,sptincj992,p0p99,2020,0.7624000000000001
RUS,sptincj992,p0p99,2021,0.7624000000000001
RUS,sptincj992,p0p99,2022,0.7624000000000001
RUS,sptincj992,p0p99,2023,0.7624000000000001
RUS,sptincj992,p0p99,2024,0.7624000000000001
RUS,sptincj992,p50p90,1820,0.383
RUS,sptincj992,p50p90,1850,0.3798
RUS,sptincj992,p50p90,1880,0.3734
RUS,sptincj992,p50p90,1900,0.3638
RUS,sptincj992,p50p90,1905,0.3637
RUS,sptincj992,p50p90,1910,0.3638
RUS,sptincj992,p50p90,1920,0.4714
RUS,sptincj992,p50p90,1928,0.4778
RUS,sptincj992,p50p90,1930,0.4714
RUS,sptincj992,p50p90,1934,0.4685
RUS,sptincj992,p50p90,1940,0.472
RUS,sptincj992,p50p90,1950,0.4821
RUS,sptincj992,p50p90,1956,0.4982
RUS,sptincj992,p50p90,1959,0.4852
RUS,sptincj992,p50p90,1960,0.4793
RUS,sptincj992,p50p90,1961,0.4836
RUS,sptincj992,p50p90,1964,0.4806
RUS,sptincj992,p50p90,1966,0.4763
RUS,sptincj992,p50p90,1968,0.4714
RUS,sptincj992,p50p90,1970,0.4576
RUS,sptincj992,p50p90,1972,0.4784
RUS,sptincj992,p50p90,1976,0.4801
RUS,sptincj992,p50p90,1980,0.4756
RUS,sptincj992,p50p90,1981,0.4758
RUS,sptincj992,p50p90,1982,0.4761
RUS,sptincj992,p50p90,1983,0.4763
RUS,sptincj992,p50p90,1984,0.4765
RUS,sptincj992,p50p90,1985,0.4767
RUS,sptincj992,p50p90,1986,0.4771
RUS,sptincj992,p50p90,1987,0.4775
RUS,sptincj992,p50p90,1988,0.4778
RUS,sptincj992,p50p90,1989,0.4805
RUS,sptincj992,p50p90,1990,0.4768
RUS,sptincj992,p50p90,1991,0.4709
RUS,sptincj992,p50p90,1992,0.4588
RUS,sptincj992,p50p90,1993,0.4549
RUS,sptincj992,p50p90,1994,0.4418
RUS,sptincj992,p50p90,1995,0.4353
RUS,sptincj992,p50p90,1996,0.4178
RUS,sptincj992,p50p90,1997,0.4205
RUS,sptincj992,p50p90,1998,0.42
RUS,sptincj992,p50p90,1999,0.3936
RUS,sptincj992,p50p90,2000,0.3739
RUS,sptincj992,p50p90,2001,0.3687
RUS,sptincj992,p50p90,2002,0.3821
RUS,sptincj992,p50p90,2003,0.3852
RUS,sptincj992,p50p90,2004,0.3832
RUS,sptincj992,p50p90,2005,0.385
RUS,sptincj992,p50p90,2006,0.372
RUS,sptincj992,p50p90,2007,0.3779
RUS,sptincj992,p50p90,2008,0.3529
RUS,sptincj992,p50p90,2009,0.3624
RUS,sptincj992,p50p90,2010,0.3833
RUS,sptincj992,p50p90,2011,0.3627
RUS,sptincj992,p50p90,2012,0.3819
RUS,sptincj992,p50p90,2013,0.37
RUS,sptincj992,p50p90,2014,0.3814
RUS,sptincj992,p50p90,2015,0.3806
RUS,sptincj992,p50p90,2016,0.3767
RUS,sptincj992,p50p90,2017,0.3758
RUS,sptincj992,p50p90,2018,0.3699
RUS,sptincj992,p50p90,2019,0.3685
RUS,sptincj992,p50p90,2020,0.3355
RUS,sptincj992,p50p90,2021,0.3355
RUS,sptincj992,p50p90,2022,0.3355
RUS,sptincj992,p50p90,2023,0.3355
RUS,sptincj992,p50p90,2024,0.3355
RUS,sptincj992,p90p100,1820,0.4407
RUS,sptincj992,p90p100,1850,0.4454
RUS,sptincj992,p90p100,1880,0.4548
RUS,sptincj992,p90p100,1900,0.4688000000000001
RUS,sptincj992,p90p100,1905,0.4688000000000001
RUS,sptincj992,p90p100,1910,0.4688000000000001
RUS,sptincj992,p90p100,1920,0.235
RUS,sptincj992,p90p100,1928,0.2246
RUS,sptincj992,p90p100,1930,0.235
RUS,sptincj992,p90p100,1934,0.2473
RUS,sptincj992,p90p100,1940,0.257
RUS,sptincj992,p90p100,1950,0.266
RUS,sptincj992,p90p100,1956,0.2564
RUS,sptincj992,p90p100,1959,0.262
RUS,sptincj992,p90p100,1960,0.267
RUS,sptincj992,p90p100,1961,0.2565
RUS,sptincj992,p90p100,1964,0.2464
RUS,sptincj992,p90p100,1966,0.2322
RUS,sptincj992,p90p100,1968,0.2161
RUS,sptincj992,p90p100,1970,0.246
RUS,sptincj992,p90p100,1972,0.2192
RUS,sptincj992,p90p100,1976,0.2166
RUS,sptincj992,p90p100,1980,0.2473
RUS,sptincj992,p90p100,1981,0.2472
RUS,sptincj992,p90p100,1982,0.2472
RUS,sptincj992,p90p100,1983,0.2472
RUS,sptincj992,p90p100,1984,0.2471
RUS,sptincj992,p90p100,1985,0.2471
RUS,sptincj992,p90p100,1986,0.2469
RUS,sptincj992,p90p100,1987,0.2466
RUS,sptincj992,p90p100,1988,0.2464
RUS,sptincj992,p90p100,1989,0.2457
RUS,sptincj992,p90p100,1990,0.2395
RUS,sptincj992,p90p100,1991,0.2501
RUS,sptincj992,p90p100,1992,0.3245
RUS,sptincj992,p90p100,1993,0.3421
RUS,sptincj992,p90p100,1994,0.4029
RUS,sptincj992,p90p100,1995,0.423
RUS,sptincj992,p90p100,1996,0.4832
RUS,sptincj992,p90p100,1997,0.4533
RUS,sptincj992,p90p100,1998,0.4344
RUS,sptincj992,p90p100,1999,0.4652
RUS,sptincj992,p90p100,2000,0.4917
RUS,sptincj992,p90p100,2001,0.4986
RUS,sptincj992,p90p100,2002,0.4805
RUS,sptincj992,p90p100,2003,0.4807
RUS,sptincj992,p90p100,2004,0.478
RUS,sptincj992,p90p100,2005,0.4716
RUS,sptincj992,p90p100,2006,0.4904
RUS,sptincj992,p90p100,2007,0.4867
RUS,sptincj992,p90p100,2008,0.516
RUS,sptincj992,p90p100,2009,0.4923
RUS,sptincj992,p90p100,2010,0.4521
RUS,sptincj992,p90p100,2011,0.4774
RUS,sptincj992,p90p100,2012,0.4518
RUS,sptincj992,p90p100,2013,0.47
RUS,sptincj992,p90p100,2014,0.4502
RUS,sptincj992,p90p100,2015,0.4486
RUS,sptincj992,p90p100,2016,0.453
RUS,sptincj992,p90p100,2017,0.4509
RUS,sptincj992,p90p100,2018,0.4598
RUS,sptincj992,p90p100,2019,0.4616
RUS,sptincj992,p90p100,2020,0.5077
RUS,sptincj992,p90p100,2021,0.5077
RUS,sptincj992,p90p100,2022,0.5077
RUS,sptincj992,p90p100,2023,0.5077
RUS,sptincj992,p90p100,2024,0.5077
RUS,sptincj992,p99p100,1820,0.1601
RUS,sptincj992,p99p100,1850,0.1637
RUS,sptincj992,p99p100,1880,0.1619
RUS,sptincj992,p99p100,1900,0.1799
RUS,sptincj992,p99p100,1905,0.1799
RUS,sptincj992,p99p100,1910,0.1799
RUS,sptincj992,p99p100,1920,0.041
RUS,sptincj992,p99p100,1928,0.0363
RUS,sptincj992,p99p100,1930,0.041
RUS,sptincj992,p99p100,1934,0.0425
RUS,sptincj992,p99p100,1940,0.042
RUS,sptincj992,p99p100,1950,0.06
RUS,sptincj992,p99p100,1956,0.0548
RUS,sptincj992,p99p100,1959,0.0458
RUS,sptincj992,p99p100,1960,0.05
RUS,sptincj992,p99p100,1961,0.0448
RUS,sptincj992,p99p100,1964,0.043
RUS,sptincj992,p99p100,1966,0.0406
RUS,sptincj992,p99p100,1968,0.0377
RUS,sptincj992,p99p100,1970,0.048
RUS,sptincj992,p99p100,1972,0.0394
RUS,sptincj992,p99p100,1976,0.038
RUS,sptincj992,p99p100,1980,0.0406
RUS,sptincj992,p99p100,1981,0.0422
RUS,sptincj992,p99p100,1982,0.0438
RUS,sptincj992,p99p100,1983,0.0454
RUS,sptincj992,p99p100,1984,0.0469
RUS,sptincj992,p99p100,1985,0.0484
RUS,sptincj992,p99p100,1986,0.05
RUS,sptincj992,p99p100,1987,0.0515
RUS,sptincj992,p99p100,1988,0.053
RUS,sptincj992,p99p100,1989,0.0559
RUS,sptincj992,p99p100,1990,0.0745
RUS,sptincj992,p99p100,1991,0.0852
RUS,sptincj992,p99p100,1992,0.1013
RUS,sptincj992,p99p100,1993,0.1111
RUS,sptincj992,p99p100,1994,0.1208
RUS,sptincj992,p99p100,1995,0.1378
RUS,sptincj992,p99p100,1996,0.1616
RUS,sptincj992,p99p100,1997,0.1523
RUS,sptincj992,p99p100,1998,0.1489
RUS,sptincj992,p99p100,1999,0.1845
RUS,sptincj992,p99p100,2000,0.2159
RUS,sptincj992,p99p100,2001,0.2453
RUS,sptincj992,p99p100,2002,0.2391
RUS,sptincj992,p99p100,2003,0.2325
RUS,sptincj992,p99p100,2004,0.2188
RUS,sptincj992,p99p100,2005,0.2389
RUS,sptincj992,p99p100,2006,0.247
RUS,sptincj992,p99p100,2007,0.259
RUS,sptincj992,p99p100,2008,0.2375
RUS,sptincj992,p99p100,2009,0.2058
RUS,sptincj992,p99p100,2010,0.1903
RUS,sptincj992,p99p100,2011,0.203
RUS,sptincj992,p99p100,2012,0.1881
RUS,sptincj992,p99p100,2013,0.1991
RUS,sptincj992,p99p100,2014,0.191
RUS,sptincj992,p99p100,2015,0.186
RUS,sptincj992,p99p100,2016,0.1944
RUS,sptincj992,p99p100,2017,0.2
RUS,sptincj992,p99p100,2018,0.205
RUS,sptincj992,p99p100,2019,0.2021
RUS,sptincj992,p99p100,2020,0.2376
RUS,sptincj992,p99p100,2021,0.2376
RUS,sptincj992,p99p100,2022,0.2376
RUS,sptincj992,p99p100,2023,0.2376
RUS,sptincj992,p99p100,2024,0.2376
SWE,spllinf992,p0p100,1990,0.384
SWE,spllinf992,p0p100,1991,0.384
SWE,spllinf992,p0p100,1992,0.38749999
SWE,spllinf992,p0p100,1993,0.391
SWE,spllinf992,p0p100,1994,0.38980001
SWE,spllinf992,p0p100,1995,0.38940001
SWE,spllinf992,p0p100,1996,0.39109999
SWE,spllinf992,p0p100,1997,0.3876
SWE,spllinf992,p0p100,1998,0.38440001
SWE,spllinf992,p0p100,1999,0.3874
SWE,spllinf992,p0p100,2000,0.3872
SWE,spllinf992,p0p100,2001,0.39179999
SWE,spllinf992,p0p100,2002,0.39269999
SWE,spllinf992,p0p100,2003,0.40970001
SWE,spllinf992,p0p100,2004,0.4057
SWE,spllinf992,p0p100,2005,0.41240001
SWE,spllinf992,p0p100,2006,0.40990001
SWE,spllinf992,p0p100,2007,0.40169999
SWE,spllinf992,p0p100,2008,0.39489999
SWE,spllinf992,p0p100,2009,0.40560001
SWE,spllinf992,p0p100,2010,0.41389999
SWE,spllinf992,p0p100,2011,0.4174
SWE,spllinf992,p0p100,2012,0.41940001
SWE,spllinf992,p0p100,2013,0.421
SWE,spllinf992,p0p100,2014,0.41850001
SWE,spllinf992,p0p100,2015,0.41670001
SWE,spllinf992,p0p100,2016,0.42160001
SWE,spllinf992,p0p100,2017,0.4242
SWE,spllinf992,p0p100,2018,0.42550001
SWE,spllinf992,p0p100,2019,0.4219
SWE,spllinf992,p0p100,2020,0.41639999
SWE,spllinf992,p0p100,2021,0.41929999
SWE,spllinf992,p0p100,2022,0.4208
SWE,spllinf992,p0p100,2023,0.4316
SWE,spllinf992,p0p100,2024,0.433
SWE,sptincj992,p0p100,1820,1
SWE,sptincj992,p0p100,1850,1
SWE,sptincj992,p0p100,1880,1
SWE,sptincj992,p0p100,1900,1
SWE,sptincj992,p0p100,1903,1
SWE,sptincj992,p0p100,1907,1
SWE,sptincj992,p0p100,1910,1
SWE,sptincj992,p0p100,1911,1
SWE,sptincj992,p0p100,1912,1
SWE,sptincj992,p0p100,1916,1
SWE,sptincj992,p0p100,1919,1
SWE,sptincj992,p0p100,1920,1
SWE,sptincj992,p0p100,1930,1
SWE,sptincj992,p0p100,1934,1
SWE,sptincj992,p0p100,1935,1
SWE,sptincj992,p0p100,1940,1
SWE,sptincj992,p0p100,1941,1
SWE,sptincj992,p0p100,1943,1
SWE,sptincj992,p0p100,1944,1
SWE,sptincj992,p0p100,1945,1
SWE,sptincj992,p0p100,1946,1
SWE,sptincj992,p0p100,1947,1
SWE,sptincj992,p0p100,1948,1
SWE,sptincj992,p0p100,1949,1
SWE,sptincj992,p0p100,1950,1
SWE,sptincj992,p0p100,1951,1
SWE,sptincj992,p0p100,1952,1
SWE,sptincj992,p0p100,1953,1
SWE,sptincj992,p0p100,1954,1
SWE,sptincj992,p0p100,1955,1
SWE,sptincj992,p0p100,1956,1
SWE,sptincj992,p0p100,1957,1
SWE,sptincj992,p0p100,1958,1
SWE,sptincj992,p0p100,1959,1
SWE,sptincj992,p0p100,1960,1
SWE,sptincj992,p0p100,1961,1
SWE,sptincj992,p0p100,1962,1
SWE,sptincj992,p0p100,1963,1
SWE,sptincj992,p0p100,1964,1
SWE,sptincj992,p0p100,1965,1
SWE,sptincj992,p0p100,1966,1
SWE,sptincj992,p0p100,1967,1
SWE,sptincj992,p0p100,1968,1
SWE,sptincj992,p0p100,1969,1
SWE,sptincj992,p0p100,1970,1
SWE,sptincj992,p0p100,1971,1
SWE,sptincj992,p0p100,1972,1
SWE,sptincj992,p0p100,1973,1
SWE,sptincj992,p0p100,1974,1
SWE,sptincj992,p0p100,1975,1
SWE,sptincj992,p0p100,1976,1
SWE,sptincj992,p0p100,1977,1
SWE,sptincj992,p0p100,1978,1
SWE,sptincj992,p0p100,1979,1
SWE,sptincj992,p0p100,1980,1
SWE,sptincj992,p0p100,1981,1
SWE,sptincj992,p0p100,1982,1
SWE,sptincj992,p0p100,1983,1
SWE,sptincj992,p0p100,1984,1
SWE,sptincj992,p0p100,1985,1
SWE,sptincj992,p0p100,1986,1
SWE,sptincj992,p0p100,1987,1
SWE,sptincj992,p0p100,1988,1
SWE,sptincj992,p0p100,1989,1
SWE,sptincj992,p0p100,1990,1
SWE,sptincj992,p0p100,1991,1
SWE,sptincj992,p0p100,1992,1
SWE,sptincj992,p0p100,1993,1
SWE,sptincj992,p0p100,1994,1
SWE,sptincj992,p0p100,1995,1
SWE,sptincj992,p0p100,1996,1
SWE,sptincj992,p0p100,1997,1
SWE,sptincj992,p0p100,1998,1
SWE,sptincj992,p0p100,1999,1
SWE,sptincj992,p0p100,2000,1
SWE,sptincj992,p0p100,2001,1
SWE,sptincj992,p0p100,2002,1
SWE,sptincj992,p0p100,2003,1
SWE,sptincj992,p0p100,2004,1
SWE,sptincj992,p0p100,2005,1
SWE,sptincj992,p0p100,2006,1
SWE,sptincj992,p0p100,2007,1
SWE,sptincj992,p0p100,2008,1
SWE,sptincj992,p0p100,2009,1
SWE,sptincj992,p0p100,2010,1
SWE,sptincj992,p0p100,2011,1
SWE,sptincj992,p0p100,2012,1
SWE,sptincj992,p0p100,2013,1
SWE,sptincj992,p0p100,2014,1
SWE,sptincj992,p0p100,2015,1
SWE,sptincj992,p0p100,2016,1
SWE,sptincj992,p0p100,2017,1
SWE,sptincj992,p0p100,2018,1
SWE,sptincj992,p0p100,2019,1
SWE,sptincj992,p0p100,2020,1
SWE,sptincj992,p0p100,2021,1
SWE,sptincj992,p0p100,2022,1
SWE,sptincj992,p0p100,2023,1
SWE,sptincj992,p0p100,2024,1
SWE,sptincj992,p0p50,1820,0.17
SWE,sptincj992,p0p50,1850,0.165
SWE,sptincj992,p0p50,1880,0.16
SWE,sptincj992,p0p50,1900,0.165
SWE,sptincj992,p0p50,1903,0.1688
SWE,sptincj992,p0p50,1907,0.1704
SWE,sptincj992,p0p50,1910,0.175
SWE,sptincj992,p0p50,1911,0.1766
SWE,sptincj992,p0p50,1912,0.1787
SWE,sptincj992,p0p50,1916,0.1827
SWE,sptincj992,p0p50,1919,0.1895
SWE,sptincj992,p0p50,1920,0.194
SWE,sptincj992,p0p50,1930,0.2095
SWE,sptincj992,p0p50,1934,0.2158
SWE,sptincj992,p0p50,1935,0.216
SWE,sptincj992,p0p50,1940,0.2229
SWE,sptincj992,p0p50,1941,0.2257
SWE,sptincj992,p0p50,1943,0.2296
SWE,sptincj992,p0p50,1944,0.2326
SWE,sptincj992,p0p50,1945,0.2359
SWE,sptincj992,p0p50,1946,0.2369
SWE,sptincj992,p0p50,1947,0.2414
SWE,sptincj992,p0p50,1948,0.2451
SWE,sptincj992,p0p50,1949,0.2479
SWE,sptincj992,p0p50,1950,0.2499
SWE,sptincj992,p0p50,1951,0.2517
SWE,sptincj992,p0p50,1952,0.2526
SWE,sptincj992,p0p50,1953,0.2549
SWE,sptincj992,p0p50,1954,0.2559
SWE,sptincj992,p0p50,1955,0.2569
SWE,sptincj992,p0p50,1956,0.2589
SWE,sptincj992,p0p50,1957,0.2596
SWE,sptincj992,p0p50,1958,0.2606
SWE,sptincj992,p0p50,1959,0.2612
SWE,sptincj992,p0p50,1960,0.2627
SWE,sptincj992,p0p50,1961,0.2632
SWE,sptincj992,p0p50,1962,0.2643
SWE,sptincj992,p0p50,1963,0.2643
SWE,sptincj992,p0p50,1964,0.2652
SWE,sptincj992,p0p50,1965,0.2664
SWE,sptincj992,p0p50,1966,0.2663
SWE,sptincj992,p0p50,1967,0.2669
SWE,sptincj992,p0p50,1968,0.2683
SWE,sptincj992,p0p50,1969,0.2677
SWE,sptincj992,p0p50,1970,0.2665
SWE,sptincj992,p0p50,1971,0.2707
SWE,sptincj992,p0p50,1972,0.2727
SWE,sptincj992,p0p50,1973,0.2716
SWE,sptincj992,p0p50,1974,0.2728
SWE,sptincj992,p0p50,1975,0.2747
SWE,sptincj992,p0p50,1976,0.2746
SWE,sptincj992,p0p50,1977,0.276
SWE,sptincj992,p0p50,1978,0.2773
SWE,sptincj992,p0p50,1979,0.2784
SWE,sptincj992,p0p50,1980,0.2659
SWE,sptincj992,p0p50,1981,0.2695
SWE,sptincj992,p0p50,1982,0.2653
SWE,sptincj992,p0p50,1983,0.2636
SWE,sptincj992,p0p50,1984,0.2614
SWE,sptincj992,p0p50,1985,0.2614
SWE,sptincj992,p0p50,1986,0.2608
SWE,sptincj992,p0p50,1987,0.2616
SWE,sptincj992,p0p50,1988,0.2596
SWE,sptincj992,p0p50,1989,0.2618
SWE,sptincj992,p0p50,1990,0.2673
SWE,sptincj992,p0p50,1991,0.2627
SWE,sptincj992,p0p50,1992,0.2645
SWE,sptincj992,p0p50,1993,0.2606
SWE,sptincj992,p0p50,1994,0.2484
SWE,sptincj992,p0p50,1995,0.2479
SWE,sptincj992,p0p50,1996,0.2498
SWE,sptincj992,p0p50,1997,0.244
SWE,sptincj992,p0p50,1998,0.2432
SWE,sptincj992,p0p50,1999,0.2417
SWE,sptincj992,p0p50,2000,0.2529
SWE,sptincj992,p0p50,2001,0.2553
SWE,sptincj992,p0p50,2002,0.255
SWE,sptincj992,p0p50,2003,0.2503
SWE,sptincj992,p0p50,2004,0.2486
SWE,sptincj992,p0p50,2005,0.242
SWE,sptincj992,p0p50,2006,0.2382
SWE,sptincj992,p0p50,2007,0.2355
SWE,sptincj992,p0p50,2008,0.2374
SWE,sptincj992,p0p50,2009,0.2378
SWE,sptincj992,p0p50,2010,0.2278
SWE,sptincj992,p0p50,2011,0.2314
SWE,sptincj992,p0p50,2012,0.2455
SWE,sptincj992,p0p50,2013,0.2443
SWE,sptincj992,p0p50,2014,0.2399
SWE,sptincj992,p0p50,2015,0.2353
SWE,sptincj992,p0p50,2016,0.243
SWE,sptincj992,p0p50,2017,0.2408
SWE,sptincj992,p0p50,2018,0.2424
SWE,sptincj992,p0p50,2019,0.239
SWE,sptincj992,p0p50,2020,0.239
SWE,sptincj992,p0p50,2021,0.2398
SWE,sptincj992,p0p50,2022,0.2417
SWE,sptincj992,p0p50,2023,0.2442
SWE,sptincj992,p0p50,2024,0.2442
SWE,sptincj992,p0p90,1820,0.505
SWE,sptincj992,p0p90,1850,0.4979
SWE,sptincj992,p0p90,1880,0.4853
SWE,sptincj992,p0p90,1900,0.4808
SWE,sptincj992,p0p90,1903,0.4915
SWE,sptincj992,p0p90,1907,0.4955
SWE,sptincj992,p0p90,1910,0.5083
SWE,sptincj992,p0p90,1911,0.5183
SWE,sptincj992,p0p90,1912,0.5301
SWE,sptincj992,p0p90,1916,0.5633
SWE,sptincj992,p0p90,1919,0.5996
SWE,sptincj992,p0p90,1920,0.619
SWE,sptincj992,p0p90,1930,0.6045
SWE,sptincj992,p0p90,1934,0.623
SWE,sptincj992,p0p90,1935,0.6238
SWE,sptincj992,p0p90,1940,0.6444000000000001
SWE,sptincj992,p0p90,1941,0.6491
SWE,sptincj992,p0p90,1943,0.6542
SWE,sptincj992,p0p90,1944,0.6598
SWE,sptincj992,p0p90,1945,0.666
SWE,sptincj992,p0p90,1946,0.666
SWE,sptincj992,p0p90,1947,0.6757000000000001
SWE,sptincj992,p0p90,1948,0.683
SWE,sptincj992,p0p90,1949,0.6880000000000001
SWE,sptincj992,p0p90,1950,0.6909000000000001
SWE,sptincj992,p0p90,1951,0.6925
SWE,sptincj992,p0p90,1952,0.6922
SWE,sptincj992,p0p90,1953,0.6954
SWE,sptincj992,p0p90,1954,0.6951
SWE,sptincj992,p0p90,1955,0.6947
SWE,sptincj992,p0p90,1956,0.6971
SWE,sptincj992,p0p90,1957,0.6959000000000001
SWE,sptincj992,p0p90,1958,0.6957
SWE,sptincj992,p0p90,1959,0.6942
SWE,sptincj992,p0p90,1960,0.6955
SWE,sptincj992,p0p90,1961,0.6972
SWE,sptincj992,p0p90,1962,0.7005
SWE,sptincj992,p0p90,1963,0.7009000000000001
SWE,sptincj992,p0p90,1964,0.7037
SWE,sptincj992,p0p90,1965,0.7072
SWE,sptincj992,p0p90,1966,0.7076
SWE,sptincj992,p0p90,1967,0.7094
SWE,sptincj992,p0p90,1968,0.7136
SWE,sptincj992,p0p90,1969,0.7123
SWE,sptincj992,p0p90,1970,0.7053
SWE,sptincj992,p0p90,1971,0.7212000000000001
SWE,sptincj992,p0p90,1972,0.7271000000000001
SWE,sptincj992,p0p90,1973,0.7244
SWE,sptincj992,p0p90,1974,0.7282000000000001
SWE,sptincj992,p0p90,1975,0.7336
SWE,sptincj992,p0p90,1976,0.7337
SWE,sptincj992,p0p90,1977,0.738
SWE,sptincj992,p0p90,1978,0.7418
SWE,sptincj992,p0p90,1979,0.745
SWE,sptincj992,p0p90,1980,0.744
SWE,sptincj992,p0p90,1981,0.744
SWE,sptincj992,p0p90,1982,0.733
SWE,sptincj992,p0p90,1983,0.7297
SWE,sptincj992,p0p90,1984,0.7160000000000001
SWE,sptincj992,p0p90,1985,0.7180000000000001
SWE,sptincj992,p0p90,1986,0.7195
SWE,sptincj992,p0p90,1987,0.7186
SWE,sptincj992,p0p90,1988,0.7118
SWE,sptincj992,p0p90,1989,0.7195
SWE,sptincj992,p0p90,1990,0.7345
SWE,sptincj992,p0p90,1991,0.7284
SWE,sptincj992,p0p90,1992,0.7321000000000001
SWE,sptincj992,p0p90,1993,0.7230000000000001
SWE,sptincj992,p0p90,1994,0.6942
SWE,sptincj992,p0p90,1995,0.6851
SWE,sptincj992,p0p90,1996,0.6933
SWE,sptincj992,p0p90,1997,0.6828000000000001
SWE,sptincj992,p0p90,1998,0.682
SWE,sptincj992,p0p90,1999,0.68
SWE,sptincj992,p0p90,2000,0.6892
SWE,sptincj992,p0p90,2001,0.7021000000000001
SWE,sptincj992,p0p90,2002,0.6984
SWE,sptincj992,p0p90,2003,0.6876
SWE,sptincj992,p0p90,2004,0.6816
SWE,sptincj992,p0p90,2005,0.6736000000000001
SWE,sptincj992,p0p90,2006,0.6622
SWE,sptincj992,p0p90,2007,0.6698000000000001
SWE,sptincj992,p0p90,2008,0.6807000000000001
SWE,sptincj992,p0p90,2009,0.6951
SWE,sptincj992,p0p90,2010,0.6837000000000001
SWE,sptincj992,p0p90,2011,0.6887
SWE,sptincj992,p0p90,2012,0.7001000000000001
SWE,sptincj992,p0p90,2013,0.6994
SWE,sptincj992,p0p90,2014,0.6974
SWE,sptincj992,p0p90,2015,0.6891
SWE,sptincj992,p0p90,2016,0.7067
SWE,sptincj992,p0p90,2017,0.6973
SWE,sptincj992,p0p90,2018,0.7036
SWE,sptincj992,p0p90,2019,0.6951
SWE,sptincj992,p0p90,2020,0.6951
SWE,sptincj992,p0p90,2021,0.6981
SWE,sptincj992,p0p90,2022,0.7029000000000001
SWE,sptincj992,p0p90,2023,0.7102
SWE,sptincj992,p0p90,2024,0.7102
SWE,sptincj992,p0p99,1820,0.7732
SWE,sptincj992,p0p99,1850,0.77
SWE,sptincj992,p0p99,1880,0.7642
SWE,sptincj992,p0p99,1900,0.7621
SWE,sptincj992,p0p99,1903,0.7591
SWE,sptincj992,p0p99,1907,0.7395
SWE,sptincj992,p0p99,1910,0.7396
SWE,sptincj992,p0p99,1911,0.7464000000000001
SWE,sptincj992,p0p99,1912,0.7556
SWE,sptincj992,p0p99,1916,0.7733
SWE,sptincj992,p0p99,1919,0.8026000000000001
SWE,sptincj992,p0p99,1920,0.8219000000000001
SWE,sptincj992,p0p99,1930,0.8411000000000001
SWE,sptincj992,p0p99,1934,0.8594
SWE,sptincj992,p0p99,1935,0.8586
SWE,sptincj992,p0p99,1940,0.8778
SWE,sptincj992,p0p99,1941,0.8803000000000001
SWE,sptincj992,p0p99,1943,0.8795000000000001
SWE,sptincj992,p0p99,1944,0.8833000000000001
SWE,sptincj992,p0p99,1945,0.8878
SWE,sptincj992,p0p99,1946,0.884
SWE,sptincj992,p0p99,1947,0.8933000000000001
SWE,sptincj992,p0p99,1948,0.8992
SWE,sptincj992,p0p99,1949,0.9021
SWE,sptincj992,p0p99,1950,0.9022
SWE,sptincj992,p0p99,1951,0.9047000000000001
SWE,sptincj992,p0p99,1952,0.9046000000000001
SWE,sptincj992,p0p99,1953,0.9091
SWE,sptincj992,p0p99,1954,0.9091
SWE,sptincj992,p0p99,1955,0.9088
SWE,sptincj992,p0p99,1956,0.9123
SWE,sptincj992,p0p99,1957,0.9112
SWE,sptincj992,p0p99,1958,0.9112
SWE,sptincj992,p0p99,1959,0.9097000000000001
SWE,sptincj992,p0p99,1960,0.9116000000000001
SWE,sptincj992,p0p99,1961,0.9113
SWE,sptincj992,p0p99,1962,0.913
SWE,sptincj992,p0p99,1963,0.911
SWE,sptincj992,p0p99,1964,0.912
SWE,sptincj992,p0p99,1965,0.914
SWE,sptincj992,p0p99,1966,0.9119
SWE,sptincj992,p0p99,1967,0.9117000000000001
SWE,sptincj992,p0p99,1968,0.9146000000000001
SWE,sptincj992,p0p99,1969,0.9104000000000001
SWE,sptincj992,p0p99,1970,0.9168000000000001
SWE,sptincj992,p0p99,1971,0.9168000000000001
SWE,sptincj992,p0p99,1972,0.9218000000000001
SWE,sptincj992,p0p99,1973,0.9159
SWE,sptincj992,p0p99,1974,0.9181
SWE,sptincj992,p0p99,1975,0.9225000000000001
SWE,sptincj992,p0p99,1976,0.9202
SWE,sptincj992,p0p99,1977,0.9231
SWE,sptincj992,p0p99,1978,0.9254
SWE,sptincj992,p0p99,1979,0.9271
SWE,sptincj992,p0p99,1980,0.928
SWE,sptincj992,p0p99,1981,0.9262
SWE,sptincj992,p0p99,1982,0.9162
SWE,sptincj992,p0p99,1983,0.9131
SWE,sptincj992,p0p99,1984,0.9004000000000001
SWE,sptincj992,p0p99,1985,0.9027000000000001
SWE,sptincj992,p0p99,1986,0.9046000000000001
SWE,sptincj992,p0p99,1987,0.9038
SWE,sptincj992,p0p99,1988,0.8969
SWE,sptincj992,p0p99,1989,0.9035000000000001
SWE,sptincj992,p0p99,1990,0.9185000000000001
SWE,sptincj992,p0p99,1991,0.9189
SWE,sptincj992,p0p99,1992,0.9215000000000001
SWE,sptincj992,p0p99,1993,0.9139
SWE,sptincj992,p0p99,1994,0.891
SWE,sptincj992,p0p99,1995,0.8825000000000001
SWE,sptincj992,p0p99,1996,0.893
SWE,sptincj992,p0p99,1997,0.8844000000000001
SWE,sptincj992,p0p99,1998,0.883
SWE,sptincj992,p0p99,1999,0.8814000000000001
SWE,sptincj992,p0p99,2000,0.897
SWE,sptincj992,p0p99,2001,0.9103
SWE,sptincj992,p0p99,2002,0.9063
SWE,sptincj992,p0p99,2003,0.8931
SWE,sptincj992,p0p99,2004,0.886
SWE,sptincj992,p0p99,2005,0.8812000000000001
SWE,sptincj992,p0p99,2006,0.8695
SWE,sptincj992,p0p99,2007,0.8753000000000001
SWE,sptincj992,p0p99,2008,0.8857
SWE,sptincj992,p0p99,2009,0.9006000000000001
SWE,sptincj992,p0p99,2010,0.8881
SWE,sptincj992,p0p99,2011,0.8937
SWE,sptincj992,p0p99,2012,0.9001
SWE,sptincj992,p0p99,2013,0.9001
SWE,sptincj992,p0p99,2014,0.8994000000000001
SWE,sptincj992,p0p99,2015,0.8942
SWE,sptincj992,p0p99,2016,0.908
SWE,sptincj992,p0p99,2017,0.8998
SWE,sptincj992,p0p99,2018,0.9037000000000001
SWE,sptincj992,p0p99,2019,0.8961
SWE,sptincj992,p0p99,2020,0.8961
SWE,sptincj992,p0p99,2021,0.8988
SWE,sptincj992,p0p99,2022,0.9026000000000001
SWE,sptincj992,p0p99,2023,0.9049
SWE,sptincj992,p0p99,2024,0.9049
SWE,sptincj992,p50p90,1820,0.335
SWE,sptincj992,p50p90,1850,0.3329
SWE,sptincj992,p50p90,1880,0.3253
SWE,sptincj992,p50p90,1900,0.3158
SWE,sptincj992,p50p90,1903,0.3226
SWE,sptincj992,p50p90,1907,0.325
SWE,sptincj992,p50p90,1910,0.3333
SWE,sptincj992,p50p90,1911,0.3418
SWE,sptincj992,p50p90,1912,0.3514
SWE,sptincj992,p50p90,1916,0.3806
SWE,sptincj992,p50p90,1919,0.4102
SWE,sptincj992,p50p90,1920,0.425
SWE,sptincj992,p50p90,1930,0.395
SWE,sptincj992,p50p90,1934,0.4073
SWE,sptincj992,p50p90,1935,0.4078
SWE,sptincj992,p50p90,1940,0.4215
SWE,sptincj992,p50p90,1941,0.4235
SWE,sptincj992,p50p90,1943,0.4246
SWE,sptincj992,p50p90,1944,0.4272
SWE,sptincj992,p50p90,1945,0.4302
SWE,sptincj992,p50p90,1946,0.4291
SWE,sptincj992,p50p90,1947,0.4343
SWE,sptincj992,p50p90,1948,0.438
SWE,sptincj992,p50p90,1949,0.4402
SWE,sptincj992,p50p90,1950,0.441
SWE,sptincj992,p50p90,1951,0.4409
SWE,sptincj992,p50p90,1952,0.4395
SWE,sptincj992,p50p90,1953,0.4405
SWE,sptincj992,p50p90,1954,0.4392
SWE,sptincj992,p50p90,1955,0.4378
SWE,sptincj992,p50p90,1956,0.4382
SWE,sptincj992,p50p90,1957,0.4363
SWE,sptincj992,p50p90,1958,0.4351
SWE,sptincj992,p50p90,1959,0.4331
SWE,sptincj992,p50p90,1960,0.4328
SWE,sptincj992,p50p90,1961,0.434
SWE,sptincj992,p50p90,1962,0.4362
SWE,sptincj992,p50p90,1963,0.4366
SWE,sptincj992,p50p90,1964,0.4385
SWE,sptincj992,p50p90,1965,0.4409
SWE,sptincj992,p50p90,1966,0.4412
SWE,sptincj992,p50p90,1967,0.4425
SWE,sptincj992,p50p90,1968,0.4453
SWE,sptincj992,p50p90,1969,0.4447
SWE,sptincj992,p50p90,1970,0.4388
SWE,sptincj992,p50p90,1971,0.4505
SWE,sptincj992,p50p90,1972,0.4544
SWE,sptincj992,p50p90,1973,0.4528
SWE,sptincj992,p50p90,1974,0.4553
SWE,sptincj992,p50p90,1975,0.4589
SWE,sptincj992,p50p90,1976,0.4591
SWE,sptincj992,p50p90,1977,0.4619
SWE,sptincj992,p50p90,1978,0.4645
SWE,sptincj992,p50p90,1979,0.4667
SWE,sptincj992,p50p90,1980,0.4782
SWE,sptincj992,p50p90,1981,0.4745
SWE,sptincj992,p50p90,1982,0.4678
SWE,sptincj992,p50p90,1983,0.4661
SWE,sptincj992,p50p90,1984,0.4545
SWE,sptincj992,p50p90,1985,0.4566
SWE,sptincj992,p50p90,1986,0.4588
SWE,sptincj992,p50p90,1987,0.457
SWE,sptincj992,p50p90,1988,0.4522
SWE,sptincj992,p50p90,1989,0.4577
SWE,sptincj992,p50p90,1990,0.4672
SWE,sptincj992,p50p90,1991,0.4657
SWE,sptincj992,p50p90,1992,0.4677
SWE,sptincj992,p50p90,1993,0.4624
SWE,sptincj992,p50p90,1994,0.4459
SWE,sptincj992,p50p90,1995,0.4373
SWE,sptincj992,p50p90,1996,0.4435
SWE,sptincj992,p50p90,1997,0.4388
SWE,sptincj992,p50p90,1998,0.4388
SWE,sptincj992,p50p90,1999,0.4383
SWE,sptincj992,p50p90,2000,0.4364
SWE,sptincj992,p50p90,2001,0.4468
SWE,sptincj992,p50p90,2002,0.4433
SWE,sptincj992,p50p90,2003,0.4374
SWE,sptincj992,p50p90,2004,0.433
SWE,sptincj992,p50p90,2005,0.4316
SWE,sptincj992,p50p90,2006,0.424
SWE,sptincj992,p50p90,2007,0.4343
SWE,sptincj992,p50p90,2008,0.4433
SWE,sptincj992,p50p90,2009,0.4573
SWE,sptincj992,p50p90,2010,0.4559
SWE,sptincj992,p50p90,2011,0.4574
SWE,sptincj992,p50p90,2012,0.4546
SWE,sptincj992,p50p90,2013,0.4552
SWE,sptincj992,p50p90,2014,0.4574
SWE,sptincj992,p50p90,2015,0.4537
SWE,sptincj992,p50p90,2016,0.4637
SWE,sptincj992,p50p90,2017,0.4565
SWE,sptincj992,p50p90,2018,0.4612
SWE,sptincj992,p50p90,2019,0.4561
SWE,sptincj992,p50p90,2020,0.4561
SWE,sptincj992,p50p90,2021,0.4584
SWE,sptincj992,p50p90,2022,0.4612
SWE,sptincj992,p50p90,2023,0.466
SWE,sptincj992,p50p90,2024,0.466
SWE,sptincj992,p90p100,1820,0.4950000000000001
SWE,sptincj992,p90p100,1850,0.5021
SWE,sptincj992,p90p100,1880,0.5147
SWE,sptincj992,p90p100,1900,0.5192
SWE,sptincj992,p90p100,1903,0.5085000000000001
SWE,sptincj992,p90p100,1907,0.5045000000000001
SWE,sptincj992,p90p100,1910,0.4917
SWE,sptincj992,p90p100,1911,0.4817
SWE,sptincj992,p90p100,1912,0.4699
SWE,sptincj992,p90p100,1916,0.4367
SWE,sptincj992,p90p100,1919,0.4004
SWE,sptincj992,p90p100,1920,0.381
SWE,sptincj992,p90p100,1930,0.3955
SWE,sptincj992,p90p100,1934,0.377
SWE,sptincj992,p90p100,1935,0.3762
SWE,sptincj992,p90p100,1940,0.3556
SWE,sptincj992,p90p100,1941,0.3509
SWE,sptincj992,p90p100,1943,0.3458
SWE,sptincj992,p90p100,1944,0.3402
SWE,sptincj992,p90p100,1945,0.334
SWE,sptincj992,p90p100,1946,0.334
SWE,sptincj992,p90p100,1947,0.3243
SWE,sptincj992,p90p100,1948,0.317
SWE,sptincj992,p90p100,1949,0.312
SWE,sptincj992,p90p100,1950,0.3091
SWE,sptincj992,p90p100,1951,0.3075
SWE,sptincj992,p90p100,1952,0.3078
SWE,sptincj992,p90p100,1953,0.3046
SWE,sptincj992,p90p100,1954,0.3049
SWE,sptincj992,p90p100,1955,0.3053
SWE,sptincj992,p90p100,1956,0.3029
SWE,sptincj992,p90p100,1957,0.3041
SWE,sptincj992,p90p100,1958,0.3043
SWE,sptincj992,p90p100,1959,0.3058
SWE,sptincj992,p90p100,1960,0.3045
SWE,sptincj992,p90p100,1961,0.3028
SWE,sptincj992,p90p100,1962,0.2995
SWE,sptincj992,p90p100,1963,0.2991
SWE,sptincj992,p90p100,1964,0.2963
SWE,sptincj992,p90p100,1965,0.2928
SWE,sptincj992,p90p100,1966,0.2924
SWE,sptincj992,p90p100,1967,0.2906
SWE,sptincj992,p90p100,1968,0.2864
SWE,sptincj992,p90p100,1969,0.2877
SWE,sptincj992,p90p100,1970,0.2947
SWE,sptincj992,p90p100,1971,0.2788
SWE,sptincj992,p90p100,1972,0.2729
SWE,sptincj992,p90p100,1973,0.2756
SWE,sptincj992,p90p100,1974,0.2718
SWE,sptincj992,p90p100,1975,0.2664
SWE,sptincj992,p90p100,1976,0.2663
SWE,sptincj992,p90p100,1977,0.262
SWE,sptincj992,p90p100,1978,0.2582
SWE,sptincj992,p90p100,1979,0.255
SWE,sptincj992,p90p100,1980,0.256
SWE,sptincj992,p90p100,1981,0.256
SWE,sptincj992,p90p100,1982,0.267
SWE,sptincj992,p90p100,1983,0.2703
SWE,sptincj992,p90p100,1984,0.284
SWE,sptincj992,p90p100,1985,0.282
SWE,sptincj992,p90p100,1986,0.2805
SWE,sptincj992,p90p100,1987,0.2814
SWE,sptincj992,p90p100,1988,0.2882
SWE,sptincj992,p90p100,1989,0.2805
SWE,sptincj992,p90p100,1990,0.2655
SWE,sptincj992,p90p100,1991,0.2716
SWE,sptincj992,p90p100,1992,0.2679
SWE,sptincj992,p90p100,1993,0.277
SWE,sptincj992,p90p100,1994,0.3058
SWE,sptincj992,p90p100,1995,0.3149
SWE,sptincj992,p90p100,1996,0.3067
SWE,sptincj992,p90p100,1997,0.3172
SWE,sptincj992,p90p100,1998,0.318
SWE,sptincj992,p90p100,1999,0.32
SWE,sptincj992,p90p100,2000,0.3108
SWE,sptincj992,p90p100,2001,0.2979
SWE,sptincj992,p90p100,2002,0.3016
SWE,sptincj992,p90p100,2003,0.3124
SWE,sptincj992,p90p100,2004,0.3184
SWE,sptincj992,p90p100,2005,0.3264
SWE,sptincj992,p90p100,2006,0.3378
SWE,sptincj992,p90p100,2007,0.3302
SWE,sptincj992,p90p100,2008,0.3193
SWE,sptincj992,p90p100,2009,0.3049
SWE,sptincj992,p90p100,2010,0.3163
SWE,sptincj992,p90p100,2011,0.3113
SWE,sptincj992,p90p100,2012,0.2999
SWE,sptincj992,p90p100,2013,0.3006
SWE,sptincj992,p90p100,2014,0.3026
SWE,sptincj992,p90p100,2015,0.3109
SWE,sptincj992,p90p100,2016,0.2933
SWE,sptincj992,p90p100,2017,0.3027
SWE,sptincj992,p90p100,2018,0.2964
SWE,sptincj992,p90p100,2019,0.3049
SWE,sptincj992,p90p100,2020,0.3049
SWE,sptincj992,p90p100,2021,0.3019
SWE,sptincj992,p90p100,2022,0.2971
SWE,sptincj992,p90p100,2023,0.2898
SWE,sptincj992,p90p100,2024,0.2898
SWE,sptincj992,p99p100,1820,0.2268
SWE,sptincj992,p99p100,1850,0.23
SWE,sptincj992,p99p100,1880,0.2358
SWE,sptincj992,p99p100,1900,0.2379
SWE,sptincj992,p99p100,1903,0.2409
SWE,sptincj992,p99p100,1907,0.2605
SWE,sptincj992,p99p100,1910,0.2604
SWE,sptincj992,p99p100,1911,0.2536
SWE,sptincj992,p99p100,1912,0.2444
SWE,sptincj992,p99p100,1916,0.2267
SWE,sptincj992,p99p100,1919,0.1974
SWE,sptincj992,p99p100,1920,0.1781
SWE,sptincj992,p99p100,1930,0.1589
SWE,sptincj992,p99p100,1934,0.1406
SWE,sptincj992,p99p100,1935,0.1414
SWE,sptincj992,p99p100,1940,0.1222
SWE,sptincj992,p99p100,1941,0.1197
SWE,sptincj992,p99p100,1943,0.1205
SWE,sptincj992,p99p100,1944,0.1167
SWE,sptincj992,p99p100,1945,0.1122
SWE,sptincj992,p99p100,1946,0.116
SWE,sptincj992,p99p100,1947,0.1067
SWE,sptincj992,p99p100,1948,0.1008
SWE,sptincj992,p99p100,1949,0.0979
SWE,sptincj992,p99p100,1950,0.0978
SWE,sptincj992,p99p100,1951,0.0953
SWE,sptincj992,p99p100,1952,0.0954
SWE,sptincj992,p99p100,1953,0.0909
SWE,sptincj992,p99p100,1954,0.0909
SWE,sptincj992,p99p100,1955,0.0912
SWE,sptincj992,p99p100,1956,0.0877
SWE,sptincj992,p99p100,1957,0.0888
SWE,sptincj992,p99p100,1958,0.0888
SWE,sptincj992,p99p100,1959,0.0903
SWE,sptincj992,p99p100,1960,0.0884
SWE,sptincj992,p99p100,1961,0.0887
SWE,sptincj992,p99p100,1962,0.087
SWE,sptincj992,p99p100,1963,0.089
SWE,sptincj992,p99p100,1964,0.088
SWE,sptincj992,p99p100,1965,0.086
SWE,sptincj992,p99p100,1966,0.0881
SWE,sptincj992,p99p100,1967,0.0883
SWE,sptincj992,p99p100,1968,0.0854
SWE,sptincj992,p99p100,1969,0.0896
SWE,sptincj992,p99p100,1970,0.0832
SWE,sptincj992,p99p100,1971,0.0832
SWE,sptincj992,p99p100,1972,0.0782
SWE,sptincj992,p99p100,1973,0.0841
SWE,sptincj992,p99p100,1974,0.0819
SWE,sptincj992,p99p100,1975,0.0775
SWE,sptincj992,p99p100,1976,0.0798
SWE,sptincj992,p99p100,1977,0.0769
SWE,sptincj992,p99p100,1978,0.0746
SWE,sptincj992,p99p100,1979,0.0729
SWE,sptincj992,p99p100,1980,0.072
SWE,sptincj992,p99p100,1981,0.0738
SWE,sptincj992,p99p100,1982,0.0838
SWE,sptincj992,p99p100,1983,0.0869
SWE,sptincj992,p99p100,1984,0.0996
SWE,sptincj992,p99p100,1985,0.0973
SWE,sptincj992,p99p100,1986,0.0954
SWE,sptincj992,p99p100,1987,0.0962
SWE,sptincj992,p99p100,1988,0.1031
SWE,sptincj992,p99p100,1989,0.0965
SWE,sptincj992,p99p100,1990,0.0815
SWE,sptincj992,p99p100,1991,0.0811
SWE,sptincj992,p99p100,1992,0.0785
SWE,sptincj992,p99p100,1993,0.0861
SWE,sptincj992,p99p100,1994,0.109
SWE,sptincj992,p99p100,1995,0.1175
SWE,sptincj992,p99p100,1996,0.107
SWE,sptincj992,p99p100,1997,0.1156
SWE,sptincj992,p99p100,1998,0.117
SWE,sptincj992,p99p100,1999,0.1186
SWE,sptincj992,p99p100,2000,0.103
SWE,sptincj992,p99p100,2001,0.0897
SWE,sptincj992,p99p100,2002,0.0937
SWE,sptincj992,p99p100,2003,0.1069
SWE,sptincj992,p99p100,2004,0.114
SWE,sptincj992,p99p100,2005,0.1188
SWE,sptincj992,p99p100,2006,0.1305
SWE,sptincj992,p99p100,2007,0.1247
SWE,sptincj992,p99p100,2008,0.1143
SWE,sptincj992,p99p100,2009,0.0994
SWE,sptincj992,p99p100,2010,0.1119
SWE,sptincj992,p99p100,2011,0.1063
SWE,sptincj992,p99p100,2012,0.0999
SWE,sptincj992,p99p100,2013,0.0999
SWE,sptincj992,p99p100,2014,0.1006
SWE,sptincj992,p99p100,2015,0.1058
SWE,sptincj992,p99p100,2016,0.092
SWE,sptincj992,p99p100,2017,0.1002
SWE,sptincj992,p99p100,2018,0.0963
SWE,sptincj992,p99p100,2019,0.1039
SWE,sptincj992,p99p100,2020,0.1039
SWE,sptincj992,p99p100,2021,0.1012
SWE,sptincj992,p99p100,2022,0.0974
SWE,sptincj992,p99p100,2023,0.0951
SWE,sptincj992,p99p100,2024,0.0951
SVN,spllinf992,p0p100,1990,0.4296
SVN,spllinf992,p0p100,1991,0.4296
SVN,spllinf992,p0p100,1992,0.4325
SVN,spllinf992,p0p100,1993,0.43689999
SVN,spllinf992,p0p100,1994,0.4373
SVN,spllinf992,p0p100,1995,0.4321
SVN,spllinf992,p0p100,1996,0.43000001
SVN,spllinf992,p0p100,1997,0.43610001
SVN,spllinf992,p0p100,1998,0.43450001
SVN,spllinf992,p0p100,1999,0.43189999
SVN,spllinf992,p0p100,2000,0.4348
SVN,spllinf992,p0p100,2001,0.4341
SVN,spllinf992,p0p100,2002,0.43340001
SVN,spllinf992,p0p100,2003,0.43270001
SVN,spllinf992,p0p100,2004,0.4296
SVN,spllinf992,p0p100,2005,0.4341
SVN,spllinf992,p0p100,2006,0.43290001
SVN,spllinf992,p0p100,2007,0.43360001
SVN,spllinf992,p0p100,2008,0.42590001
SVN,spllinf992,p0p100,2009,0.43520001
SVN,spllinf992,p0p100,2010,0.44369999
SVN,spllinf992,p0p100,2011,0.4434
SVN,spllinf992,p0p100,2012,0.4395
SVN,spllinf992,p0p100,2013,0.42840001
SVN,spllinf992,p0p100,2014,0.42320001
SVN,spllinf992,p0p100,2015,0.4269
SVN,spllinf992,p0p100,2016,0.42739999
SVN,spllinf992,p0p100,2017,0.4373
SVN,spllinf992,p0p100,2018,0.43020001
SVN,spllinf992,p0p100,2019,0.43169999
SVN,spllinf992,p0p100,2020,0.43360001
SVN,spllinf992,p0p100,2021,0.43329999
SVN,spllinf992,p0p100,2022,0.4294
SVN,spllinf992,p0p100,2023,0.4271
SVN,spllinf992,p0p100,2024,0.4235
SVN,sptincj992,p0p100,1980,1
SVN,sptincj992,p0p100,1981,1
SVN,sptincj992,p0p100,1982,1
SVN,sptincj992,p0p100,1983,1
SVN,sptincj992,p0p100,1984,1
SVN,sptincj992,p0p100,1985,1
SVN,sptincj992,p0p100,1986,1
SVN,sptincj992,p0p100,1987,1
SVN,sptincj992,p0p100,1988,1
SVN,sptincj992,p0p100,1989,1
SVN,sptincj992,p0p100,1990,1
SVN,sptincj992,p0p100,1991,1
SVN,sptincj992,p0p100,1992,1
SVN,sptincj992,p0p100,1993,1
SVN,sptincj992,p0p100,1994,1
SVN,sptincj992,p0p100,1995,1
SVN,sptincj992,p0p100,1996,1
SVN,sptincj992,p0p100,1997,1
SVN,sptincj992,p0p100,1998,1
SVN,sptincj992,p0p100,1999,1
SVN,sptincj992,p0p100,2000,1
SVN,sptincj992,p0p100,2001,1
SVN,sptincj992,p0p100,2002,1
SVN,sptincj992,p0p100,2003,1
SVN,sptincj992,p0p100,2004,1
SVN,sptincj992,p0p100,2005,1
SVN,sptincj992,p0p100,2006,1
SVN,sptincj992,p0p100,2007,1
SVN,sptincj992,p0p100,2008,1
SVN,sptincj992,p0p100,2009,1
SVN,sptincj992,p0p100,2010,1
SVN,sptincj992,p0p100,2011,1
SVN,sptincj992,p0p100,2012,1
SVN,sptincj992,p0p100,2013,1
SVN,sptincj992,p0p100,2014,1
SVN,sptincj992,p0p100,2015,1
SVN,sptincj992,p0p100,2016,1
SVN,sptincj992,p0p100,2017,1
SVN,sptincj992,p0p100,2018,1
SVN,sptincj992,p0p100,2019,1
SVN,sptincj992,p0p100,2020,1
SVN,sptincj992,p0p100,2021,1
SVN,sptincj992,p0p100,2022,1
SVN,sptincj992,p0p100,2023,1
SVN,sptincj992,p0p100,2024,1
SVN,sptincj992,p0p50,1980,0.2725
SVN,sptincj992,p0p50,1981,0.2725
SVN,sptincj992,p0p50,1982,0.2725
SVN,sptincj992,p0p50,1983,0.2725
SVN,sptincj992,p0p50,1984,0.2725
SVN,sptincj992,p0p50,1985,0.2725
SVN,sptincj992,p0p50,1986,0.2725
SVN,sptincj992,p0p50,1987,0.2725
SVN,sptincj992,p0p50,1988,0.2725
SVN,sptincj992,p0p50,1989,0.2725
SVN,sptincj992,p0p50,1990,0.2725
SVN,sptincj992,p0p50,1991,0.2722
SVN,sptincj992,p0p50,1992,0.2668
SVN,sptincj992,p0p50,1993,0.2372
SVN,sptincj992,p0p50,1994,0.2515
SVN,sptincj992,p0p50,1995,0.2326
SVN,sptincj992,p0p50,1996,0.2302
SVN,sptincj992,p0p50,1997,0.236
SVN,sptincj992,p0p50,1998,0.2311
SVN,sptincj992,p0p50,1999,0.2286
SVN,sptincj992,p0p50,2000,0.2321
SVN,sptincj992,p0p50,2001,0.2331
SVN,sptincj992,p0p50,2002,0.2309
SVN,sptincj992,p0p50,2003,0.2265
SVN,sptincj992,p0p50,2004,0.2267
SVN,sptincj992,p0p50,2005,0.2232
SVN,sptincj992,p0p50,2006,0.2219
SVN,sptincj992,p0p50,2007,0.224
SVN,sptincj992,p0p50,2008,0.2247
SVN,sptincj992,p0p50,2009,0.2272
SVN,sptincj992,p0p50,2010,0.2256
SVN,sptincj992,p0p50,2011,0.2291
SVN,sptincj992,p0p50,2012,0.2236
SVN,sptincj992,p0p50,2013,0.224
SVN,sptincj992,p0p50,2014,0.2223
SVN,sptincj992,p0p50,2015,0.2255
SVN,sptincj992,p0p50,2016,0.2249
SVN,sptincj992,p0p50,2017,0.2285
SVN,sptincj992,p0p50,2018,0.2307
SVN,sptincj992,p0p50,2019,0.2307
SVN,sptincj992,p0p50,2020,0.2307
SVN,sptincj992,p0p50,2021,0.2307
SVN,sptincj992,p0p50,2022,0.2309
SVN,sptincj992,p0p50,2023,0.2291
SVN,sptincj992,p0p50,2024,0.2291
SVN,sptincj992,p0p90,1980,0.7762
SVN,sptincj992,p0p90,1981,0.7762
SVN,sptincj992,p0p90,1982,0.7762
SVN,sptincj992,p0p90,1983,0.7762
SVN,sptincj992,p0p90,1984,0.7762
SVN,sptincj992,p0p90,1985,0.7762
SVN,sptincj992,p0p90,1986,0.7762
SVN,sptincj992,p0p90,1987,0.7762
SVN,sptincj992,p0p90,1988,0.7762
SVN,sptincj992,p0p90,1989,0.7762
SVN,sptincj992,p0p90,1990,0.7762
SVN,sptincj992,p0p90,1991,0.7754000000000001
SVN,sptincj992,p0p90,1992,0.7643000000000001
SVN,sptincj992,p0p90,1993,0.7335
SVN,sptincj992,p0p90,1994,0.7389
SVN,sptincj992,p0p90,1995,0.7198
SVN,sptincj992,p0p90,1996,0.7118
SVN,sptincj992,p0p90,1997,0.7116
SVN,sptincj992,p0p90,1998,0.7103
SVN,sptincj992,p0p90,1999,0.6999000000000001
SVN,sptincj992,p0p90,2000,0.7100000000000001
SVN,sptincj992,p0p90,2001,0.7133
SVN,sptincj992,p0p90,2002,0.7077
SVN,sptincj992,p0p90,2003,0.6986
SVN,sptincj992,p0p90,2004,0.6982
SVN,sptincj992,p0p90,2005,0.6973
SVN,sptincj992,p0p90,2006,0.6969000000000001
SVN,sptincj992,p0p90,2007,0.6963
SVN,sptincj992,p0p90,2008,0.6959000000000001
SVN,sptincj992,p0p90,2009,0.7022
SVN,sptincj992,p0p90,2010,0.7015
SVN,sptincj992,p0p90,2011,0.7074
SVN,sptincj992,p0p90,2012,0.7053
SVN,sptincj992,p0p90,2013,0.7070000000000001
SVN,sptincj992,p0p90,2014,0.7004
SVN,sptincj992,p0p90,2015,0.7098
SVN,sptincj992,p0p90,2016,0.7061000000000001
SVN,sptincj992,p0p90,2017,0.7053
SVN,sptincj992,p0p90,2018,0.7040000000000001
SVN,sptincj992,p0p90,2019,0.7043
SVN,sptincj992,p0p90,2020,0.7043
SVN,sptincj992,p0p90,2021,0.7043
SVN,sptincj992,p0p90,2022,0.7039000000000001
SVN,sptincj992,p0p90,2023,0.7033
SVN,sptincj992,p0p90,2024,0.7033
SVN,sptincj992,p0p99,1980,0.9574
SVN,sptincj992,p0p99,1981,0.9574
SVN,sptincj992,p0p99,1982,0.9574
SVN,sptincj992,p0p99,1983,0.9574
SVN,sptincj992,p0p99,1984,0.9574
SVN,sptincj992,p0p99,1985,0.9574
SVN,sptincj992,p0p99,1986,0.9574
SVN,sptincj992,p0p99,1987,0.9574
SVN,sptincj992,p0p99,1988,0.9574
SVN,sptincj992,p0p99,1989,0.9574
SVN,sptincj992,p0p99,1990,0.9574
SVN,sptincj992,p0p99,1991,0.9571000000000001
SVN,sptincj992,p0p99,1992,0.9517
SVN,sptincj992,p0p99,1993,0.9432
SVN,sptincj992,p0p99,1994,0.9406
SVN,sptincj992,p0p99,1995,0.9355
SVN,sptincj992,p0p99,1996,0.9338000000000001
SVN,sptincj992,p0p99,1997,0.9307000000000001
SVN,sptincj992,p0p99,1998,0.9279000000000001
SVN,sptincj992,p0p99,1999,0.9225000000000001
SVN,sptincj992,p0p99,2000,0.9274
SVN,sptincj992,p0p99,2001,0.9312
SVN,sptincj992,p0p99,2002,0.9301
SVN,sptincj992,p0p99,2003,0.9249
SVN,sptincj992,p0p99,2004,0.9238000000000001
SVN,sptincj992,p0p99,2005,0.9253
SVN,sptincj992,p0p99,2006,0.9221
SVN,sptincj992,p0p99,2007,0.9185000000000001
SVN,sptincj992,p0p99,2008,0.9193
SVN,sptincj992,p0p99,2009,0.9287000000000001
SVN,sptincj992,p0p99,2010,0.9283
SVN,sptincj992,p0p99,2011,0.9298000000000001
SVN,sptincj992,p0p99,2012,0.9307000000000001
SVN,sptincj992,p0p99,2013,0.9295
SVN,sptincj992,p0p99,2014,0.9218000000000001
SVN,sptincj992,p0p99,2015,0.9289000000000001
SVN,sptincj992,p0p99,2016,0.9262
SVN,sptincj992,p0p99,2017,0.9205000000000001
SVN,sptincj992,p0p99,2018,0.9196000000000001
SVN,sptincj992,p0p99,2019,0.92
SVN,sptincj992,p0p99,2020,0.92
SVN,sptincj992,p0p99,2021,0.92
SVN,sptincj992,p0p99,2022,0.9199
SVN,sptincj992,p0p99,2023,0.9204
SVN,sptincj992,p0p99,2024,0.9204
SVN,sptincj992,p50p90,1980,0.5037
SVN,sptincj992,p50p90,1981,0.5037
SVN,sptincj992,p50p90,1982,0.5037
SVN,sptincj992,p50p90,1983,0.5037
SVN,sptincj992,p50p90,1984,0.5037
SVN,sptincj992,p50p90,1985,0.5037
SVN,sptincj992,p50p90,1986,0.5037
SVN,sptincj992,p50p90,1987,0.5037
SVN,sptincj992,p50p90,1988,0.5037
SVN,sptincj992,p50p90,1989,0.5037
SVN,sptincj992,p50p90,1990,0.5037
SVN,sptincj992,p50p90,1991,0.5031
SVN,sptincj992,p50p90,1992,0.4975
SVN,sptincj992,p50p90,1993,0.4963
SVN,sptincj992,p50p90,1994,0.4874
SVN,sptincj992,p50p90,1995,0.4872
SVN,sptincj992,p50p90,1996,0.4816
SVN,sptincj992,p50p90,1997,0.4756
SVN,sptincj992,p50p90,1998,0.4792
SVN,sptincj992,p50p90,1999,0.4713
SVN,sptincj992,p50p90,2000,0.4778
SVN,sptincj992,p50p90,2001,0.4801
SVN,sptincj992,p50p90,2002,0.4768
SVN,sptincj992,p50p90,2003,0.4721
SVN,sptincj992,p50p90,2004,0.4715
SVN,sptincj992,p50p90,2005,0.4741
SVN,sptincj992,p50p90,2006,0.4749
SVN,sptincj992,p50p90,2007,0.4723
SVN,sptincj992,p50p90,2008,0.4712
SVN,sptincj992,p50p90,2009,0.475
SVN,sptincj992,p50p90,2010,0.4759
SVN,sptincj992,p50p90,2011,0.4783
SVN,sptincj992,p50p90,2012,0.4817
SVN,sptincj992,p50p90,2013,0.4831
SVN,sptincj992,p50p90,2014,0.4781
SVN,sptincj992,p50p90,2015,0.4843
SVN,sptincj992,p50p90,2016,0.4812
SVN,sptincj992,p50p90,2017,0.4768
SVN,sptincj992,p50p90,2018,0.4733
SVN,sptincj992,p50p90,2019,0.4737
SVN,sptincj992,p50p90,2020,0.4737
SVN,sptincj992,p50p90,2021,0.4736
SVN,sptincj992,p50p90,2022,0.4729
SVN,sptincj992,p50p90,2023,0.4742
SVN,sptincj992,p50p90,2024,0.4742
SVN,sptincj992,p90p100,1980,0.2238
SVN,sptincj992,p90p100,1981,0.2238
SVN,sptincj992,p90p100,1982,0.2238
SVN,sptincj992,p90p100,1983,0.2238
SVN,sptincj992,p90p100,1984,0.2238
SVN,sptincj992,p90p100,1985,0.2238
SVN,sptincj992,p90p100,1986,0.2238
SVN,sptincj992,p90p100,1987,0.2238
SVN,sptincj992,p90p100,1988,0.2238
SVN,sptincj992,p90p100,1989,0.2238
SVN,sptincj992,p90p100,1990,0.2238
SVN,sptincj992,p90p100,1991,0.2246
SVN,sptincj992,p90p100,1992,0.2357
SVN,sptincj992,p90p100,1993,0.2665
SVN,sptincj992,p90p100,1994,0.2611
SVN,sptincj992,p90p100,1995,0.2802
SVN,sptincj992,p90p100,1996,0.2882
SVN,sptincj992,p90p100,1997,0.2884
SVN,sptincj992,p90p100,1998,0.2897
SVN,sptincj992,p90p100,1999,0.3001
SVN,sptincj992,p90p100,2000,0.29
SVN,sptincj992,p90p100,2001,0.2867
SVN,sptincj992,p90p100,2002,0.2923
SVN,sptincj992,p90p100,2003,0.3014
SVN,sptincj992,p90p100,2004,0.3018
SVN,sptincj992,p90p100,2005,0.3027
SVN,sptincj992,p90p100,2006,0.3031
SVN,sptincj992,p90p100,2007,0.3037
SVN,sptincj992,p90p100,2008,0.3041
SVN,sptincj992,p90p100,2009,0.2978
SVN,sptincj992,p90p100,2010,0.2985
SVN,sptincj992,p90p100,2011,0.2926
SVN,sptincj992,p90p100,2012,0.2947
SVN,sptincj992,p90p100,2013,0.293
SVN,sptincj992,p90p100,2014,0.2996
SVN,sptincj992,p90p100,2015,0.2902
SVN,sptincj992,p90p100,2016,0.2939
SVN,sptincj992,p90p100,2017,0.2947
SVN,sptincj992,p90p100,2018,0.296
SVN,sptincj992,p90p100,2019,0.2957
SVN,sptincj992,p90p100,2020,0.2957
SVN,sptincj992,p90p100,2021,0.2957
SVN,sptincj992,p90p100,2022,0.2961
SVN,sptincj992,p90p100,2023,0.2967
SVN,sptincj992,p90p100,2024,0.2967
SVN,sptincj992,p99p100,1980,0.0426
SVN,sptincj992,p99p100,1981,0.0426
SVN,sptincj992,p99p100,1982,0.0426
SVN,sptincj992,p99p100,1983,0.0426
SVN,sptincj992,p99p100,1984,0.0426
SVN,sptincj992,p99p100,1985,0.0426
SVN,sptincj992,p99p100,1986,0.0426
SVN,sptincj992,p99p100,1987,0.0426
SVN,sptincj992,p99p100,1988,0.0426
SVN,sptincj992,p99p100,1989,0.0426
SVN,sptincj992,p99p100,1990,0.0426
SVN,sptincj992,p99p100,1991,0.0429
SVN,sptincj992,p99p100,1992,0.0483
SVN,sptincj992,p99p100,1993,0.0568
SVN,sptincj992,p99p100,1994,0.0594
SVN,sptincj992,p99p100,1995,0.0645
SVN,sptincj992,p99p100,1996,0.0662
SVN,sptincj992,p99p100,1997,0.0693
SVN,sptincj992,p99p100,1998,0.0721
SVN,sptincj992,p99p100,1999,0.0775
SVN,sptincj992,p99p100,2000,0.0726
SVN,sptincj992,p99p100,2001,0.0688
SVN,sptincj992,p99p100,2002,0.0699
SVN,sptincj992,p99p100,2003,0.0751
SVN,sptincj992,p99p100,2004,0.0762
SVN,sptincj992,p99p100,2005,0.0747
SVN,sptincj992,p99p100,2006,0.0779
SVN,sptincj992,p99p100,2007,0.0815
SVN,sptincj992,p99p100,2008,0.0807
SVN,sptincj992,p99p100,2009,0.0713
SVN,sptincj992,p99p100,2010,0.0717
SVN,sptincj992,p99p100,2011,0.0702
SVN,sptincj992,p99p100,2012,0.0693
SVN,sptincj992,p99p100,2013,0.0705
SVN,sptincj992,p99p100,2014,0.0782
SVN,sptincj992,p99p100,2015,0.0711
SVN,sptincj992,p99p100,2016,0.0738
SVN,sptincj992,p99p100,2017,0.0795
SVN,sptincj992,p99p100,2018,0.0804
SVN,sptincj992,p99p100,2019,0.08
SVN,sptincj992,p99p100,2020,0.08
SVN,sptincj992,p99p100,2021,0.08
SVN,sptincj992,p99p100,2022,0.0801
SVN,sptincj992,p99p100,2023,0.0796
SVN,sptincj992,p99p100,2024,0.0796
SVK,spllinf992,p0p100,1990,0.43189999
SVK,spllinf992,p0p100,1991,0.43189999
SVK,spllinf992,p0p100,1992,0.4307
SVK,spllinf992,p0p100,1993,0.4276
SVK,spllinf992,p0p100,1994,0.4109
SVK,spllinf992,p0p100,1995,0.41460001
SVK,spllinf992,p0p100,1996,0.4113
SVK,spllinf992,p0p100,1997,0.4161
SVK,spllinf992,p0p100,1998,0.41690001
SVK,spllinf992,p0p100,1999,0.4197
SVK,spllinf992,p0p100,2000,0.4244
SVK,spllinf992,p0p100,2001,0.4267
SVK,spllinf992,p0p100,2002,0.42120001
SVK,spllinf992,p0p100,2003,0.42219999
SVK,spllinf992,p0p100,2004,0.41800001
SVK,spllinf992,p0p100,2005,0.42429999
SVK,spllinf992,p0p100,2006,0.4007
SVK,spllinf992,p0p100,2007,0.40490001
SVK,spllinf992,p0p100,2008,0.40650001
SVK,spllinf992,p0p100,2009,0.40720001
SVK,spllinf992,p0p100,2010,0.41299999
SVK,spllinf992,p0p100,2011,0.41940001
SVK,spllinf992,p0p100,2012,0.40970001
SVK,spllinf992,p0p100,2013,0.40920001
SVK,spllinf992,p0p100,2014,0.40889999
SVK,spllinf992,p0p100,2015,0.40979999
SVK,spllinf992,p0p100,2016,0.4219
SVK,spllinf992,p0p100,2017,0.426
SVK,spllinf992,p0p100,2018,0.41
SVK,spllinf992,p0p100,2019,0.40970001
SVK,spllinf992,p0p100,2020,0.40439999
SVK,spllinf992,p0p100,2021,0.41139999
SVK,spllinf992,p0p100,2022,0.4373
SVK,spllinf992,p0p100,2023,0.41240001
SVK,spllinf992,p0p100,2024,0.4086
SVK,sptincj992,p0p100,1980,1
SVK,sptincj992,p0p100,1981,1
SVK,sptincj992,p0p100,1982,1
SVK,sptincj992,p0p100,1983,1
SVK,sptincj992,p0p100,1984,1
SVK,sptincj992,p0p100,1985,1
SVK,sptincj992,p0p100,1986,1
SVK,sptincj992,p0p100,1987,1
SVK,sptincj992,p0p100,1988,1
SVK,sptincj992,p0p100,1989,1
SVK,sptincj992,p0p100,1990,1
SVK,sptincj992,p0p100,1991,1
SVK,sptincj992,p0p100,1992,1
SVK,sptincj992,p0p100,1993,1
SVK,sptincj992,p0p100,1994,1
SVK,sptincj992,p0p100,1995,1
SVK,sptincj992,p0p100,1996,1
SVK,sptincj992,p0p100,1997,1
SVK,sptincj992,p0p100,1998,1
SVK,sptincj992,p0p100,1999,1
SVK,sptincj992,p0p100,2000,1
SVK,sptincj992,p0p100,2001,1
SVK,sptincj992,p0p100,2002,1
SVK,sptincj992,p0p100,2003,1
SVK,sptincj992,p0p100,2004,1
SVK,sptincj992,p0p100,2005,1
SVK,sptincj992,p0p100,2006,1
SVK,sptincj992,p0p100,2007,1
SVK,sptincj992,p0p100,2008,1
SVK,sptincj992,p0p100,2009,1
SVK,sptincj992,p0p100,2010,1
SVK,sptincj992,p0p100,2011,1
SVK,sptincj992,p0p100,2012,1
SVK,sptincj992,p0p100,2013,1
SVK,sptincj992,p0p100,2014,1
SVK,sptincj992,p0p100,2015,1
SVK,sptincj992,p0p100,2016,1
SVK,sptincj992,p0p100,2017,1
SVK,sptincj992,p0p100,2018,1
SVK,sptincj992,p0p100,2019,1
SVK,sptincj992,p0p100,2020,1
SVK,sptincj992,p0p100,2021,1
SVK,sptincj992,p0p100,2022,1
SVK,sptincj992,p0p100,2023,1
SVK,sptincj992,p0p100,2024,1
SVK,sptincj992,p0p50,1980,0.2622
SVK,sptincj992,p0p50,1981,0.26
SVK,sptincj992,p0p50,1982,0.2753
SVK,sptincj992,p0p50,1983,0.2764
SVK,sptincj992,p0p50,1984,0.2772
SVK,sptincj992,p0p50,1985,0.2781
SVK,sptincj992,p0p50,1986,0.2771
SVK,sptincj992,p0p50,1987,0.2756
SVK,sptincj992,p0p50,1988,0.2731
SVK,sptincj992,p0p50,1989,0.2732
SVK,sptincj992,p0p50,1990,0.2734
SVK,sptincj992,p0p50,1991,0.2592
SVK,sptincj992,p0p50,1992,0.2752
SVK,sptincj992,p0p50,1993,0.2657
SVK,sptincj992,p0p50,1994,0.2622
SVK,sptincj992,p0p50,1995,0.2584
SVK,sptincj992,p0p50,1996,0.2563
SVK,sptincj992,p0p50,1997,0.2544
SVK,sptincj992,p0p50,1998,0.2482
SVK,sptincj992,p0p50,1999,0.2455
SVK,sptincj992,p0p50,2000,0.2437
SVK,sptincj992,p0p50,2001,0.237
SVK,sptincj992,p0p50,2002,0.2357
SVK,sptincj992,p0p50,2003,0.2384
SVK,sptincj992,p0p50,2004,0.2233
SVK,sptincj992,p0p50,2005,0.2274
SVK,sptincj992,p0p50,2006,0.2263
SVK,sptincj992,p0p50,2007,0.228
SVK,sptincj992,p0p50,2008,0.2331
SVK,sptincj992,p0p50,2009,0.2397
SVK,sptincj992,p0p50,2010,0.2305
SVK,sptincj992,p0p50,2011,0.2348
SVK,sptincj992,p0p50,2012,0.2388
SVK,sptincj992,p0p50,2013,0.2317
SVK,sptincj992,p0p50,2014,0.246
SVK,sptincj992,p0p50,2015,0.2389
SVK,sptincj992,p0p50,2016,0.2449
SVK,sptincj992,p0p50,2017,0.2495
SVK,sptincj992,p0p50,2018,0.2415
SVK,sptincj992,p0p50,2019,0.2448
SVK,sptincj992,p0p50,2020,0.2448
SVK,sptincj992,p0p50,2021,0.2448
SVK,sptincj992,p0p50,2022,0.2448
SVK,sptincj992,p0p50,2023,0.2448
SVK,sptincj992,p0p50,2024,0.2448
SVK,sptincj992,p0p90,1980,0.7709
SVK,sptincj992,p0p90,1981,0.7737
SVK,sptincj992,p0p90,1982,0.7734000000000001
SVK,sptincj992,p0p90,1983,0.7746000000000001
SVK,sptincj992,p0p90,1984,0.775
SVK,sptincj992,p0p90,1985,0.7758
SVK,sptincj992,p0p90,1986,0.7741
SVK,sptincj992,p0p90,1987,0.7703
SVK,sptincj992,p0p90,1988,0.7662
SVK,sptincj992,p0p90,1989,0.765
SVK,sptincj992,p0p90,1990,0.7638
SVK,sptincj992,p0p90,1991,0.7426
SVK,sptincj992,p0p90,1992,0.762
SVK,sptincj992,p0p90,1993,0.7542
SVK,sptincj992,p0p90,1994,0.7496
SVK,sptincj992,p0p90,1995,0.7484000000000001
SVK,sptincj992,p0p90,1996,0.7449
SVK,sptincj992,p0p90,1997,0.7408
SVK,sptincj992,p0p90,1998,0.7306
SVK,sptincj992,p0p90,1999,0.7209
SVK,sptincj992,p0p90,2000,0.7211000000000001
SVK,sptincj992,p0p90,2001,0.7049000000000001
SVK,sptincj992,p0p90,2002,0.7034
SVK,sptincj992,p0p90,2003,0.7102
SVK,sptincj992,p0p90,2004,0.6884
SVK,sptincj992,p0p90,2005,0.6921
SVK,sptincj992,p0p90,2006,0.6884
SVK,sptincj992,p0p90,2007,0.6919000000000001
SVK,sptincj992,p0p90,2008,0.7002
SVK,sptincj992,p0p90,2009,0.7014
SVK,sptincj992,p0p90,2010,0.6793
SVK,sptincj992,p0p90,2011,0.6962
SVK,sptincj992,p0p90,2012,0.7021000000000001
SVK,sptincj992,p0p90,2013,0.6715
SVK,sptincj992,p0p90,2014,0.6983
SVK,sptincj992,p0p90,2015,0.683
SVK,sptincj992,p0p90,2016,0.7053
SVK,sptincj992,p0p90,2017,0.7253000000000001
SVK,sptincj992,p0p90,2018,0.7250000000000001
SVK,sptincj992,p0p90,2019,0.7322000000000001
SVK,sptincj992,p0p90,2020,0.7322000000000001
SVK,sptincj992,p0p90,2021,0.7322000000000001
SVK,sptincj992,p0p90,2022,0.7322000000000001
SVK,sptincj992,p0p90,2023,0.7322000000000001
SVK,sptincj992,p0p90,2024,0.7322000000000001
SVK,sptincj992,p0p99,1980,0.9576
SVK,sptincj992,p0p99,1981,0.9605
SVK,sptincj992,p0p99,1982,0.9593
SVK,sptincj992,p0p99,1983,0.9595
SVK,sptincj992,p0p99,1984,0.9596
SVK,sptincj992,p0p99,1985,0.9599000000000001
SVK,sptincj992,p0p99,1986,0.9586
SVK,sptincj992,p0p99,1987,0.9562
SVK,sptincj992,p0p99,1988,0.9543
SVK,sptincj992,p0p99,1989,0.9528000000000001
SVK,sptincj992,p0p99,1990,0.9497000000000001
SVK,sptincj992,p0p99,1991,0.9371
SVK,sptincj992,p0p99,1992,0.9436
SVK,sptincj992,p0p99,1993,0.9431
SVK,sptincj992,p0p99,1994,0.9371
SVK,sptincj992,p0p99,1995,0.9405
SVK,sptincj992,p0p99,1996,0.9394
SVK,sptincj992,p0p99,1997,0.9343
SVK,sptincj992,p0p99,1998,0.9302
SVK,sptincj992,p0p99,1999,0.922
SVK,sptincj992,p0p99,2000,0.9257000000000001
SVK,sptincj992,p0p99,2001,0.9124
SVK,sptincj992,p0p99,2002,0.9115000000000001
SVK,sptincj992,p0p99,2003,0.9184
SVK,sptincj992,p0p99,2004,0.8981
SVK,sptincj992,p0p99,2005,0.9033
SVK,sptincj992,p0p99,2006,0.9022
SVK,sptincj992,p0p99,2007,0.9063
SVK,sptincj992,p0p99,2008,0.9126000000000001
SVK,sptincj992,p0p99,2009,0.9055000000000001
SVK,sptincj992,p0p99,2010,0.8883000000000001
SVK,sptincj992,p0p99,2011,0.9045000000000001
SVK,sptincj992,p0p99,2012,0.9054000000000001
SVK,sptincj992,p0p99,2013,0.8822000000000001
SVK,sptincj992,p0p99,2014,0.8971
SVK,sptincj992,p0p99,2015,0.8884000000000001
SVK,sptincj992,p0p99,2016,0.9089
SVK,sptincj992,p0p99,2017,0.9153
SVK,sptincj992,p0p99,2018,0.9214
SVK,sptincj992,p0p99,2019,0.9248000000000001
SVK,sptincj992,p0p99,2020,0.9248000000000001
SVK,sptincj992,p0p99,2021,0.9248000000000001
SVK,sptincj992,p0p99,2022,0.9248000000000001
SVK,sptincj992,p0p99,2023,0.9248000000000001
SVK,sptincj992,p0p99,2024,0.9248000000000001
SVK,sptincj992,p50p90,1980,0.5087
SVK,sptincj992,p50p90,1981,0.5137
SVK,sptincj992,p50p90,1982,0.4981
SVK,sptincj992,p50p90,1983,0.4982
SVK,sptincj992,p50p90,1984,0.4978
SVK,sptincj992,p50p90,1985,0.4977
SVK,sptincj992,p50p90,1986,0.4969
SVK,sptincj992,p50p90,1987,0.4947
SVK,sptincj992,p50p90,1988,0.4932
SVK,sptincj992,p50p90,1989,0.4918
SVK,sptincj992,p50p90,1990,0.4904
SVK,sptincj992,p50p90,1991,0.4834
SVK,sptincj992,p50p90,1992,0.4868
SVK,sptincj992,p50p90,1993,0.4885
SVK,sptincj992,p50p90,1994,0.4875
SVK,sptincj992,p50p90,1995,0.49
SVK,sptincj992,p50p90,1996,0.4886
SVK,sptincj992,p50p90,1997,0.4863
SVK,sptincj992,p50p90,1998,0.4824
SVK,sptincj992,p50p90,1999,0.4754
SVK,sptincj992,p50p90,2000,0.4774
SVK,sptincj992,p50p90,2001,0.4679
SVK,sptincj992,p50p90,2002,0.4677
SVK,sptincj992,p50p90,2003,0.4718
SVK,sptincj992,p50p90,2004,0.4651
SVK,sptincj992,p50p90,2005,0.4646
SVK,sptincj992,p50p90,2006,0.4621
SVK,sptincj992,p50p90,2007,0.464
SVK,sptincj992,p50p90,2008,0.4671
SVK,sptincj992,p50p90,2009,0.4617
SVK,sptincj992,p50p90,2010,0.4488
SVK,sptincj992,p50p90,2011,0.4615
SVK,sptincj992,p50p90,2012,0.4633
SVK,sptincj992,p50p90,2013,0.4397
SVK,sptincj992,p50p90,2014,0.4523
SVK,sptincj992,p50p90,2015,0.4441
SVK,sptincj992,p50p90,2016,0.4605
SVK,sptincj992,p50p90,2017,0.4758
SVK,sptincj992,p50p90,2018,0.4835
SVK,sptincj992,p50p90,2019,0.4874
SVK,sptincj992,p50p90,2020,0.4874
SVK,sptincj992,p50p90,2021,0.4874
SVK,sptincj992,p50p90,2022,0.4874
SVK,sptincj992,p50p90,2023,0.4874
SVK,sptincj992,p50p90,2024,0.4874
SVK,sptincj992,p90p100,1980,0.2291
SVK,sptincj992,p90p100,1981,0.2263
SVK,sptincj992,p90p100,1982,0.2266
SVK,sptincj992,p90p100,1983,0.2254
SVK,sptincj992,p90p100,1984,0.225
SVK,sptincj992,p90p100,1985,0.2242
SVK,sptincj992,p90p100,1986,0.2259
SVK,sptincj992,p90p100,1987,0.2297
SVK,sptincj992,p90p100,1988,0.2338
SVK,sptincj992,p90p100,1989,0.235
SVK,sptincj992,p90p100,1990,0.2362
SVK,sptincj992,p90p100,1991,0.2574
SVK,sptincj992,p90p100,1992,0.238
SVK,sptincj992,p90p100,1993,0.2458
SVK,sptincj992,p90p100,1994,0.2504
SVK,sptincj992,p90p100,1995,0.2516
SVK,sptincj992,p90p100,1996,0.2551
SVK,sptincj992,p90p100,1997,0.2592
SVK,sptincj992,p90p100,1998,0.2694
SVK,sptincj992,p90p100,1999,0.2791
SVK,sptincj992,p90p100,2000,0.2789
SVK,sptincj992,p90p100,2001,0.2951
SVK,sptincj992,p90p100,2002,0.2966
SVK,sptincj992,p90p100,2003,0.2898
SVK,sptincj992,p90p100,2004,0.3116
SVK,sptincj992,p90p100,2005,0.3079
SVK,sptincj992,p90p100,2006,0.3116
SVK,sptincj992,p90p100,2007,0.3081
SVK,sptincj992,p90p100,2008,0.2998
SVK,sptincj992,p90p100,2009,0.2986
SVK,sptincj992,p90p100,2010,0.3207
SVK,sptincj992,p90p100,2011,0.3038
SVK,sptincj992,p90p100,2012,0.2979
SVK,sptincj992,p90p100,2013,0.3285
SVK,sptincj992,p90p100,2014,0.3017
SVK,sptincj992,p90p100,2015,0.317
SVK,sptincj992,p90p100,2016,0.2947
SVK,sptincj992,p90p100,2017,0.2747
SVK,sptincj992,p90p100,2018,0.275
SVK,sptincj992,p90p100,2019,0.2678
SVK,sptincj992,p90p100,2020,0.2678
SVK,sptincj992,p90p100,2021,0.2678
SVK,sptincj992,p90p100,2022,0.2678
SVK,sptincj992,p90p100,2023,0.2678
SVK,sptincj992,p90p100,2024,0.2678
SVK,sptincj992,p99p100,1980,0.0424
SVK,sptincj992,p99p100,1981,0.0395
SVK,sptincj992,p99p100,1982,0.0407
SVK,sptincj992,p99p100,1983,0.0405
SVK,sptincj992,p99p100,1984,0.0404
SVK,sptincj992,p99p100,1985,0.0401
SVK,sptincj992,p99p100,1986,0.0414
SVK,sptincj992,p99p100,1987,0.0438
SVK,sptincj992,p99p100,1988,0.0457
SVK,sptincj992,p99p100,1989,0.0472
SVK,sptincj992,p99p100,1990,0.0503
SVK,sptincj992,p99p100,1991,0.0629
SVK,sptincj992,p99p100,1992,0.0564
SVK,sptincj992,p99p100,1993,0.0569
SVK,sptincj992,p99p100,1994,0.0629
SVK,sptincj992,p99p100,1995,0.0595
SVK,sptincj992,p99p100,1996,0.0606
SVK,sptincj992,p99p100,1997,0.0657
SVK,sptincj992,p99p100,1998,0.0698
SVK,sptincj992,p99p100,1999,0.078
SVK,sptincj992,p99p100,2000,0.0743
SVK,sptincj992,p99p100,2001,0.0876
SVK,sptincj992,p99p100,2002,0.0885
SVK,sptincj992,p99p100,2003,0.0816
SVK,sptincj992,p99p100,2004,0.1019
SVK,sptincj992,p99p100,2005,0.0967
SVK,sptincj992,p99p100,2006,0.0978
SVK,sptincj992,p99p100,2007,0.0937
SVK,sptincj992,p99p100,2008,0.0874
SVK,sptincj992,p99p100,2009,0.0945
SVK,sptincj992,p99p100,2010,0.1117
SVK,sptincj992,p99p100,2011,0.0955
SVK,sptincj992,p99p100,2012,0.0946
SVK,sptincj992,p99p100,2013,0.1178
SVK,sptincj992,p99p100,2014,0.1029
SVK,sptincj992,p99p100,2015,0.1116
SVK,sptincj992,p99p100,2016,0.0911
SVK,sptincj992,p99p100,2017,0.0847
SVK,sptincj992,p99p100,2018,0.0786
SVK,sptincj992,p99p100,2019,0.0752
SVK,sptincj992,p99p100,2020,0.0752
SVK,sptincj992,p99p100,2021,0.0752
SVK,sptincj992,p99p100,2022,0.0752
SVK,sptincj992,p99p100,2023,0.0752
SVK,sptincj992,p99p100,2024,0.0752
TUR,spllinf992,p0p100,1990,0.2306
TUR,spllinf992,p0p100,1991,0.2306
TUR,spllinf992,p0p100,1992,0.2236
TUR,spllinf992,p0p100,1993,0.18889999
TUR,spllinf992,p0p100,1994,0.2186
TUR,spllinf992,p0p100,1995,0.2185
TUR,spllinf992,p0p100,1996,0.2191
TUR,spllinf992,p0p100,1997,0.20550001
TUR,spllinf992,p0p100,1998,0.21170001
TUR,spllinf992,p0p100,1999,0.22
TUR,spllinf992,p0p100,2000,0.20469999
TUR,spllinf992,p0p100,2001,0.2088
TUR,spllinf992,p0p100,2002,0.2218
TUR,spllinf992,p0p100,2003,0.2167
TUR,spllinf992,p0p100,2004,0.2017
TUR,spllinf992,p0p100,2005,0.2023
TUR,spllinf992,p0p100,2006,0.21080001
TUR,spllinf992,p0p100,2007,0.2122
TUR,spllinf992,p0p100,2008,0.2207
TUR,spllinf992,p0p100,2009,0.228
TUR,spllinf992,p0p100,2010,0.2269
TUR,spllinf992,p0p100,2011,0.2305
TUR,spllinf992,p0p100,2012,0.24439999
TUR,spllinf992,p0p100,2013,0.25139999
TUR,spllinf992,p0p100,2014,0.25299999
TUR,spllinf992,p0p100,2015,0.25979999
TUR,spllinf992,p0p100,2016,0.27410001
TUR,spllinf992,p0p100,2017,0.2784
TUR,spllinf992,p0p100,2018,0.28349999
TUR,spllinf992,p0p100,2019,0.29280001
TUR,spllinf992,p0p100,2020,0.29179999
TUR,spllinf992,p0p100,2021,0.29280001
TUR,spllinf992,p0p100,2022,0.3064
TUR,spllinf992,p0p100,2023,0.30950001
TUR,spllinf992,p0p100,2024,0.31389999
TUR,sptincj992,p0p100,1820,1
TUR,sptincj992,p0p100,1850,1
TUR,sptincj992,p0p100,1880,1
TUR,sptincj992,p0p100,1900,1
TUR,sptincj992,p0p100,1910,1
TUR,sptincj992,p0p100,1920,1
TUR,sptincj992,p0p100,1930,1
TUR,sptincj992,p0p100,1940,1
TUR,sptincj992,p0p100,1950,1
TUR,sptincj992,p0p100,1960,1
TUR,sptincj992,p0p100,1970,1
TUR,sptincj992,p0p100,1980,1
TUR,sptincj992,p0p100,1981,1
TUR,sptincj992,p0p100,1982,1
TUR,sptincj992,p0p100,1983,1
TUR,sptincj992,p0p100,1984,1
TUR,sptincj992,p0p100,1985,1
TUR,sptincj992,p0p100,1986,1
TUR,sptincj992,p0p100,1987,1
TUR,sptincj992,p0p100,1988,1
TUR,sptincj992,p0p100,1989,1
TUR,sptincj992,p0p100,1990,1
TUR,sptincj992,p0p100,1991,1
TUR,sptincj992,p0p100,1992,1
TUR,sptincj992,p0p100,1993,1
TUR,sptincj992,p0p100,1994,1
TUR,sptincj992,p0p100,1995,1
TUR,sptincj992,p0p100,1996,1
TUR,sptincj992,p0p100,1997,1
TUR,sptincj992,p0p100,1998,1
TUR,sptincj992,p0p100,1999,1
TUR,sptincj992,p0p100,2000,1
TUR,sptincj992,p0p100,2001,1
TUR,sptincj992,p0p100,2002,1
TUR,sptincj992,p0p100,2003,1
TUR,sptincj992,p0p100,2004,1
TUR,sptincj992,p0p100,2005,1
TUR,sptincj992,p0p100,2006,1
TUR,sptincj992,p0p100,2007,1
TUR,sptincj992,p0p100,2008,1
TUR,sptincj992,p0p100,2009,1
TUR,sptincj992,p0p100,2010,1
TUR,sptincj992,p0p100,2011,1
TUR,sptincj992,p0p100,2012,1
TUR,sptincj992,p0p100,2013,1
TUR,sptincj992,p0p100,2014,1
TUR,sptincj992,p0p100,2015,1
TUR,sptincj992,p0p100,2016,1
TUR,sptincj992,p0p100,2017,1
TUR,sptincj992,p0p100,2018,1
TUR,sptincj992,p0p100,2019,1
TUR,sptincj992,p0p100,2020,1
TUR,sptincj992,p0p100,2021,1
TUR,sptincj992,p0p100,2022,1
TUR,sptincj992,p0p100,2023,1
TUR,sptincj992,p0p100,2024,1
TUR,sptincj992,p0p50,1820,0.1244
TUR,sptincj992,p0p50,1850,0.1227
TUR,sptincj992,p0p50,1880,0.121
TUR,sptincj992,p0p50,1900,0.1193
TUR,sptincj992,p0p50,1910,0.1159
TUR,sptincj992,p0p50,1920,0.1159
TUR,sptincj992,p0p50,1930,0.1159
TUR,sptincj992,p0p50,1940,0.1159
TUR,sptincj992,p0p50,1950,0.1159
TUR,sptincj992,p0p50,1960,0.1159
TUR,sptincj992,p0p50,1970,0.1159
TUR,sptincj992,p0p50,1980,0.1054
TUR,sptincj992,p0p50,1981,0.1054
TUR,sptincj992,p0p50,1982,0.1054
TUR,sptincj992,p0p50,1983,0.1054
TUR,sptincj992,p0p50,1984,0.1054
TUR,sptincj992,p0p50,1985,0.1054
TUR,sptincj992,p0p50,1986,0.1054
TUR,sptincj992,p0p50,1987,0.1054
TUR,sptincj992,p0p50,1988,0.1078
TUR,sptincj992,p0p50,1989,0.1102
TUR,sptincj992,p0p50,1990,0.1125
TUR,sptincj992,p0p50,1991,0.1149
TUR,sptincj992,p0p50,1992,0.1172
TUR,sptincj992,p0p50,1993,0.1196
TUR,sptincj992,p0p50,1994,0.1219
TUR,sptincj992,p0p50,1995,0.1222
TUR,sptincj992,p0p50,1996,0.1225
TUR,sptincj992,p0p50,1997,0.1228
TUR,sptincj992,p0p50,1998,0.123
TUR,sptincj992,p0p50,1999,0.1233
TUR,sptincj992,p0p50,2000,0.1236
TUR,sptincj992,p0p50,2001,0.1239
TUR,sptincj992,p0p50,2002,0.1242
TUR,sptincj992,p0p50,2003,0.1278
TUR,sptincj992,p0p50,2004,0.133
TUR,sptincj992,p0p50,2005,0.1422
TUR,sptincj992,p0p50,2006,0.1485
TUR,sptincj992,p0p50,2007,0.1508
TUR,sptincj992,p0p50,2008,0.148
TUR,sptincj992,p0p50,2009,0.1403
TUR,sptincj992,p0p50,2010,0.1465
TUR,sptincj992,p0p50,2011,0.1456
TUR,sptincj992,p0p50,2012,0.1456
TUR,sptincj992,p0p50,2013,0.1516
TUR,sptincj992,p0p50,2014,0.1446
TUR,sptincj992,p0p50,2015,0.1421
TUR,sptincj992,p0p50,2016,0.1395
TUR,sptincj992,p0p50,2017,0.1201
TUR,sptincj992,p0p50,2018,0.1188
TUR,sptincj992,p0p50,2019,0.1198
TUR,sptincj992,p0p50,2020,0.1374
TUR,sptincj992,p0p50,2021,0.1421
TUR,sptincj992,p0p50,2022,0.1333
TUR,sptincj992,p0p50,2023,0.1236
TUR,sptincj992,p0p50,2024,0.1333
TUR,sptincj992,p0p90,1820,0.4348
TUR,sptincj992,p0p90,1850,0.4289
TUR,sptincj992,p0p90,1880,0.4229
TUR,sptincj992,p0p90,1900,0.417
TUR,sptincj992,p0p90,1910,0.4051
TUR,sptincj992,p0p90,1920,0.4051
TUR,sptincj992,p0p90,1930,0.4051
TUR,sptincj992,p0p90,1940,0.4051
TUR,sptincj992,p0p90,1950,0.4051
TUR,sptincj992,p0p90,1960,0.4051
TUR,sptincj992,p0p90,1970,0.4051
TUR,sptincj992,p0p90,1980,0.3969
TUR,sptincj992,p0p90,1981,0.3969
TUR,sptincj992,p0p90,1982,0.3969
TUR,sptincj992,p0p90,1983,0.3969
TUR,sptincj992,p0p90,1984,0.3969
TUR,sptincj992,p0p90,1985,0.3969
TUR,sptincj992,p0p90,1986,0.3969
TUR,sptincj992,p0p90,1987,0.3969
TUR,sptincj992,p0p90,1988,0.4041
TUR,sptincj992,p0p90,1989,0.4112
TUR,sptincj992,p0p90,1990,0.4183
TUR,sptincj992,p0p90,1991,0.4254
TUR,sptincj992,p0p90,1992,0.4325
TUR,sptincj992,p0p90,1993,0.4395
TUR,sptincj992,p0p90,1994,0.4466
TUR,sptincj992,p0p90,1995,0.446
TUR,sptincj992,p0p90,1996,0.4454
TUR,sptincj992,p0p90,1997,0.4448
TUR,sptincj992,p0p90,1998,0.4442
TUR,sptincj992,p0p90,1999,0.4436
TUR,sptincj992,p0p90,2000,0.443
TUR,sptincj992,p0p90,2001,0.4424
TUR,sptincj992,p0p90,2002,0.4418
TUR,sptincj992,p0p90,2003,0.448
TUR,sptincj992,p0p90,2004,0.4667
TUR,sptincj992,p0p90,2005,0.4917
TUR,sptincj992,p0p90,2006,0.5015000000000001
TUR,sptincj992,p0p90,2007,0.5099
TUR,sptincj992,p0p90,2008,0.4981
TUR,sptincj992,p0p90,2009,0.481
TUR,sptincj992,p0p90,2010,0.4874
TUR,sptincj992,p0p90,2011,0.485
TUR,sptincj992,p0p90,2012,0.4846
TUR,sptincj992,p0p90,2013,0.4912
TUR,sptincj992,p0p90,2014,0.4827
TUR,sptincj992,p0p90,2015,0.4758
TUR,sptincj992,p0p90,2016,0.4728
TUR,sptincj992,p0p90,2017,0.448
TUR,sptincj992,p0p90,2018,0.4406
TUR,sptincj992,p0p90,2019,0.4552
TUR,sptincj992,p0p90,2020,0.4663
TUR,sptincj992,p0p90,2021,0.4799
TUR,sptincj992,p0p90,2022,0.4546
TUR,sptincj992,p0p90,2023,0.4332
TUR,sptincj992,p0p90,2024,0.4557
TUR,sptincj992,p0p99,1820,0.7361000000000001
TUR,sptincj992,p0p99,1850,0.7333000000000001
TUR,sptincj992,p0p99,1880,0.7306
TUR,sptincj992,p0p99,1900,0.7278
TUR,sptincj992,p0p99,1910,0.7222000000000001
TUR,sptincj992,p0p99,1920,0.7222000000000001
TUR,sptincj992,p0p99,1930,0.7222000000000001
TUR,sptincj992,p0p99,1940,0.7222000000000001
TUR,sptincj992,p0p99,1950,0.7222000000000001
TUR,sptincj992,p0p99,1960,0.7222000000000001
TUR,sptincj992,p0p99,1970,0.7222000000000001
TUR,sptincj992,p0p99,1980,0.7169
TUR,sptincj992,p0p99,1981,0.7169
TUR,sptincj992,p0p99,1982,0.7169
TUR,sptincj992,p0p99,1983,0.7169
TUR,sptincj992,p0p99,1984,0.7169
TUR,sptincj992,p0p99,1985,0.7169
TUR,sptincj992,p0p99,1986,0.7169
TUR,sptincj992,p0p99,1987,0.7169
TUR,sptincj992,p0p99,1988,0.7263000000000001
TUR,sptincj992,p0p99,1989,0.7357
TUR,sptincj992,p0p99,1990,0.745
TUR,sptincj992,p0p99,1991,0.7543000000000001
TUR,sptincj992,p0p99,1992,0.7636000000000001
TUR,sptincj992,p0p99,1993,0.7728
TUR,sptincj992,p0p99,1994,0.782
TUR,sptincj992,p0p99,1995,0.7812
TUR,sptincj992,p0p99,1996,0.7803
TUR,sptincj992,p0p99,1997,0.7794000000000001
TUR,sptincj992,p0p99,1998,0.7785000000000001
TUR,sptincj992,p0p99,1999,0.7776000000000001
TUR,sptincj992,p0p99,2000,0.7767000000000001
TUR,sptincj992,p0p99,2001,0.7758
TUR,sptincj992,p0p99,2002,0.7749
TUR,sptincj992,p0p99,2003,0.7805000000000001
TUR,sptincj992,p0p99,2004,0.7866000000000001
TUR,sptincj992,p0p99,2005,0.8146
TUR,sptincj992,p0p99,2006,0.8244
TUR,sptincj992,p0p99,2007,0.8304
TUR,sptincj992,p0p99,2008,0.8189000000000001
TUR,sptincj992,p0p99,2009,0.8056000000000001
TUR,sptincj992,p0p99,2010,0.8036000000000001
TUR,sptincj992,p0p99,2011,0.8106
TUR,sptincj992,p0p99,2012,0.8045
TUR,sptincj992,p0p99,2013,0.8144
TUR,sptincj992,p0p99,2014,0.7951
TUR,sptincj992,p0p99,2015,0.7888000000000001
TUR,sptincj992,p0p99,2016,0.8051
TUR,sptincj992,p0p99,2017,0.8011
TUR,sptincj992,p0p99,2018,0.7984
TUR,sptincj992,p0p99,2019,0.8108000000000001
TUR,sptincj992,p0p99,2020,0.7939
TUR,sptincj992,p0p99,2021,0.8101
TUR,sptincj992,p0p99,2022,0.776
TUR,sptincj992,p0p99,2023,0.7556
TUR,sptincj992,p0p99,2024,0.7831
TUR,sptincj992,p50p90,1820,0.3105
TUR,sptincj992,p50p90,1850,0.3062
TUR,sptincj992,p50p90,1880,0.302
TUR,sptincj992,p50p90,1900,0.2977
TUR,sptincj992,p50p90,1910,0.2892
TUR,sptincj992,p50p90,1920,0.2892
TUR,sptincj992,p50p90,1930,0.2892
TUR,sptincj992,p50p90,1940,0.2892
TUR,sptincj992,p50p90,1950,0.2892
TUR,sptincj992,p50p90,1960,0.2892
TUR,sptincj992,p50p90,1970,0.2892
TUR,sptincj992,p50p90,1980,0.2915
TUR,sptincj992,p50p90,1981,0.2915
TUR,sptincj992,p50p90,1982,0.2915
TUR,sptincj992,p50p90,1983,0.2915
TUR,sptincj992,p50p90,1984,0.2915
TUR,sptincj992,p50p90,1985,0.2915
TUR,sptincj992,p50p90,1986,0.2915
TUR,sptincj992,p50p90,1987,0.2915
TUR,sptincj992,p50p90,1988,0.2963
TUR,sptincj992,p50p90,1989,0.301
TUR,sptincj992,p50p90,1990,0.3058
TUR,sptincj992,p50p90,1991,0.3105
TUR,sptincj992,p50p90,1992,0.3152
TUR,sptincj992,p50p90,1993,0.32
TUR,sptincj992,p50p90,1994,0.3246
TUR,sptincj992,p50p90,1995,0.3238
TUR,sptincj992,p50p90,1996,0.3229
TUR,sptincj992,p50p90,1997,0.322
TUR,sptincj992,p50p90,1998,0.3212
TUR,sptincj992,p50p90,1999,0.3203
TUR,sptincj992,p50p90,2000,0.3194
TUR,sptincj992,p50p90,2001,0.3185
TUR,sptincj992,p50p90,2002,0.3176
TUR,sptincj992,p50p90,2003,0.3203
TUR,sptincj992,p50p90,2004,0.3336
TUR,sptincj992,p50p90,2005,0.3495
TUR,sptincj992,p50p90,2006,0.353
TUR,sptincj992,p50p90,2007,0.3592
TUR,sptincj992,p50p90,2008,0.3501
TUR,sptincj992,p50p90,2009,0.3407
TUR,sptincj992,p50p90,2010,0.3409
TUR,sptincj992,p50p90,2011,0.3394
TUR,sptincj992,p50p90,2012,0.3391
TUR,sptincj992,p50p90,2013,0.3397
TUR,sptincj992,p50p90,2014,0.3381
TUR,sptincj992,p50p90,2015,0.3337
TUR,sptincj992,p50p90,2016,0.3334
TUR,sptincj992,p50p90,2017,0.3279
TUR,sptincj992,p50p90,2018,0.3218
TUR,sptincj992,p50p90,2019,0.3353
TUR,sptincj992,p50p90,2020,0.3289
TUR,sptincj992,p50p90,2021,0.3378
TUR,sptincj992,p50p90,2022,0.3213
TUR,sptincj992,p50p90,2023,0.3095
TUR,sptincj992,p50p90,2024,0.3224
TUR,sptincj992,p90p100,1820,0.5652
TUR,sptincj992,p90p100,1850,0.5711
TUR,sptincj992,p90p100,1880,0.5771000000000001
TUR,sptincj992,p90p100,1900,0.5830000000000001
TUR,sptincj992,p90p100,1910,0.5949
TUR,sptincj992,p90p100,1920,0.5949
TUR,sptincj992,p90p100,1930,0.5949
TUR,sptincj992,p90p100,1940,0.5949
TUR,sptincj992,p90p100,1950,0.5949
TUR,sptincj992,p90p100,1960,0.5949
TUR,sptincj992,p90p100,1970,0.5949
TUR,sptincj992,p90p100,1980,0.6031000000000001
TUR,sptincj992,p90p100,1981,0.6031000000000001
TUR,sptincj992,p90p100,1982,0.6031000000000001
TUR,sptincj992,p90p100,1983,0.6031000000000001
TUR,sptincj992,p90p100,1984,0.6031000000000001
TUR,sptincj992,p90p100,1985,0.6031000000000001
TUR,sptincj992,p90p100,1986,0.6031000000000001
TUR,sptincj992,p90p100,1987,0.6031000000000001
TUR,sptincj992,p90p100,1988,0.5959
TUR,sptincj992,p90p100,1989,0.5888
TUR,sptincj992,p90p100,1990,0.5817
TUR,sptincj992,p90p100,1991,0.5746
TUR,sptincj992,p90p100,1992,0.5675
TUR,sptincj992,p90p100,1993,0.5605
TUR,sptincj992,p90p100,1994,0.5534
TUR,sptincj992,p90p100,1995,0.554
TUR,sptincj992,p90p100,1996,0.5546
TUR,sptincj992,p90p100,1997,0.5552
TUR,sptincj992,p90p100,1998,0.5558000000000001
TUR,sptincj992,p90p100,1999,0.5564
TUR,sptincj992,p90p100,2000,0.557
TUR,sptincj992,p90p100,2001,0.5576
TUR,sptincj992,p90p100,2002,0.5582
TUR,sptincj992,p90p100,2003,0.552
TUR,sptincj992,p90p100,2004,0.5333
TUR,sptincj992,p90p100,2005,0.5083
TUR,sptincj992,p90p100,2006,0.4985
TUR,sptincj992,p90p100,2007,0.4901
TUR,sptincj992,p90p100,2008,0.5019
TUR,sptincj992,p90p100,2009,0.519
TUR,sptincj992,p90p100,2010,0.5126000000000001
TUR,sptincj992,p90p100,2011,0.515
TUR,sptincj992,p90p100,2012,0.5154
TUR,sptincj992,p90p100,2013,0.5088
TUR,sptincj992,p90p100,2014,0.5173
TUR,sptincj992,p90p100,2015,0.5242
TUR,sptincj992,p90p100,2016,0.5272
TUR,sptincj992,p90p100,2017,0.552
TUR,sptincj992,p90p100,2018,0.5594
TUR,sptincj992,p90p100,2019,0.5448000000000001
TUR,sptincj992,p90p100,2020,0.5337000000000001
TUR,sptincj992,p90p100,2021,0.5201
TUR,sptincj992,p90p100,2022,0.5454
TUR,sptincj992,p90p100,2023,0.5668000000000001
TUR,sptincj992,p90p100,2024,0.5443
TUR,sptincj992,p99p100,1820,0.2639
TUR,sptincj992,p99p100,1850,0.2667
TUR,sptincj992,p99p100,1880,0.2694
TUR,sptincj992,p99p100,1900,0.2722
TUR,sptincj992,p99p100,1910,0.2778
TUR,sptincj992,p99p100,1920,0.2778
TUR,sptincj992,p99p100,1930,0.2778
TUR,sptincj992,p99p100,1940,0.2778
TUR,sptincj992,p99p100,1950,0.2778
TUR,sptincj992,p99p100,1960,0.2778
TUR,sptincj992,p99p100,1970,0.2778
TUR,sptincj992,p99p100,1980,0.2831
TUR,sptincj992,p99p100,1981,0.2831
TUR,sptincj992,p99p100,1982,0.2831
TUR,sptincj992,p99p100,1983,0.2831
TUR,sptincj992,p99p100,1984,0.2831
TUR,sptincj992,p99p100,1985,0.2831
TUR,sptincj992,p99p100,1986,0.2831
TUR,sptincj992,p99p100,1987,0.2831
TUR,sptincj992,p99p100,1988,0.2737
TUR,sptincj992,p99p100,1989,0.2643
TUR,sptincj992,p99p100,1990,0.255
TUR,sptincj992,p99p100,1991,0.2457
TUR,sptincj992,p99p100,1992,0.2364
TUR,sptincj992,p99p100,1993,0.2272
TUR,sptincj992,p99p100,1994,0.218
TUR,sptincj992,p99p100,1995,0.2188
TUR,sptincj992,p99p100,1996,0.2197
TUR,sptincj992,p99p100,1997,0.2206
TUR,sptincj992,p99p100,1998,0.2215
TUR,sptincj992,p99p100,1999,0.2224
TUR,sptincj992,p99p100,2000,0.2233
TUR,sptincj992,p99p100,2001,0.2242
TUR,sptincj992,p99p100,2002,0.2251
TUR,sptincj992,p99p100,2003,0.2195
TUR,sptincj992,p99p100,2004,0.2134
TUR,sptincj992,p99p100,2005,0.1854
TUR,sptincj992,p99p100,2006,0.1756
TUR,sptincj992,p99p100,2007,0.1696
TUR,sptincj992,p99p100,2008,0.1811
TUR,sptincj992,p99p100,2009,0.1944
TUR,sptincj992,p99p100,2010,0.1964
TUR,sptincj992,p99p100,2011,0.1894
TUR,sptincj992,p99p100,2012,0.1955
TUR,sptincj992,p99p100,2013,0.1856
TUR,sptincj992,p99p100,2014,0.2049
TUR,sptincj992,p99p100,2015,0.2112
TUR,sptincj992,p99p100,2016,0.1949
TUR,sptincj992,p99p100,2017,0.1989
TUR,sptincj992,p99p100,2018,0.2016
TUR,sptincj992,p99p100,2019,0.1892
TUR,sptincj992,p99p100,2020,0.2061
TUR,sptincj992,p99p100,2021,0.1899
TUR,sptincj992,p99p100,2022,0.224
TUR,sptincj992,p99p100,2023,0.2444
TUR,sptincj992,p99p100,2024,0.2169
USA,spllinf992,p0p100,1990,0.33149999
USA,spllinf992,p0p100,1991,0.34130001
USA,spllinf992,p0p100,1992,0.3443
USA,spllinf992,p0p100,1993,0.34020001
USA,spllinf992,p0p100,1994,0.33930001
USA,spllinf992,p0p100,1995,0.34040001
USA,spllinf992,p0p100,1996,0.3448
USA,spllinf992,p0p100,1997,0.3452
USA,spllinf992,p0p100,1998,0.35049999
USA,spllinf992,p0p100,1999,0.34560001
USA,spllinf992,p0p100,2000,0.34740001
USA,spllinf992,p0p100,2001,0.35530001
USA,spllinf992,p0p100,2002,0.3558
USA,spllinf992,p0p100,2003,0.36250001
USA,spllinf992,p0p100,2004,0.3581
USA,spllinf992,p0p100,2005,0.35640001
USA,spllinf992,p0p100,2006,0.36379999
USA,spllinf992,p0p100,2007,0.36860001
USA,spllinf992,p0p100,2008,0.36590001
USA,spllinf992,p0p100,2009,0.3779
USA,spllinf992,p0p100,2010,0.37729999
USA,spllinf992,p0p100,2011,0.3741
USA,spllinf992,p0p100,2012,0.37450001
USA,spllinf992,p0p100,2013,0.37509999
USA,spllinf992,p0p100,2014,0.37419999
USA,spllinf992,p0p100,2015,0.37760001
USA,spllinf992,p0p100,2016,0.3788
USA,spllinf992,p0p100,2017,0.38170001
USA,spllinf992,p0p100,2018,0.3849
USA,spllinf992,p0p100,2019,0.3937
USA,spllinf992,p0p100,2020,0.38909999
USA,spllinf992,p0p100,2021,0.3924
USA,spllinf992,p0p100,2022,0.3971
USA,spllinf992,p0p100,2023,0.39899999
USA,spllinf992,p0p100,2024,0.3998
USA,sptkinj992,p0p50,1962,0.0162
USA,sptkinj992,p0p50,1963,0.0154
USA,sptkinj992,p0p50,1964,0.0147
USA,sptkinj992,p0p50,1965,0.0148
USA,sptkinj992,p0p50,1966,0.015
USA,sptkinj992,p0p50,1967,0.0151
USA,sptkinj992,p0p50,1968,0.015
USA,sptkinj992,p0p50,1969,0.0153
USA,sptkinj992,p0p50,1970,0.0137
USA,sptkinj992,p0p50,1971,0.0129
USA,sptkinj992,p0p50,1972,0.012
USA,sptkinj992,p0p50,1973,0.0115
USA,sptkinj992,p0p50,1974,0.011
USA,sptkinj992,p0p50,1975,0.0105
USA,sptkinj992,p0p50,1976,0.01
USA,sptkinj992,p0p50,1977,0.0092
USA,sptkinj992,p0p50,1978,0.0085
USA,sptkinj992,p0p50,1979,0.0074
USA,sptkinj992,p0p50,1980,0.007
USA,sptkinj992,p0p50,1981,0.0074
USA,sptkinj992,p0p50,1982,0.0062
USA,sptkinj992,p0p50,1983,0.005
USA,sptkinj992,p0p50,1984,0.0034
USA,sptkinj992,p0p50,1985,0.0015
USA,sptkinj992,p0p50,1986,0.0002
USA,sptkinj992,p0p50,1987,0.0007
USA,sptkinj992,p0p50,1988,0.0006
USA,sptkinj992,p0p50,1989,0.0003
USA,sptkinj992,p0p50,1990,-0.0015
USA,sptkinj992,p0p50,1991,-0.0026
USA,sptkinj992,p0p50,1992,-0.0033
USA,sptkinj992,p0p50,1993,-0.0025
USA,sptkinj992,p0p50,1994,-0.0015
USA,sptkinj992,p0p50,1995,-0.003
USA,sptkinj992,p0p50,1996,-0.0029
USA,sptkinj992,p0p50,1997,-0.0031
USA,sptkinj992,p0p50,1998,-0.0029
USA,sptkinj992,p0p50,1999,-0.0019
USA,sptkinj992,p0p50,2000,-0.0025
USA,sptkinj992,p0p50,2001,-0.0024
USA,sptkinj992,p0p50,2002,-0.0008
USA,sptkinj992,p0p50,2003,-0.0002
USA,sptkinj992,p0p50,2004,-0.0004
USA,sptkinj992,p0p50,2005,-0.002
USA,sptkinj992,p0p50,2006,-0.0031
USA,sptkinj992,p0p50,2007,-0.0044
USA,sptkinj992,p0p50,2008,-0.003
USA,sptkinj992,p0p50,2009,-0.0004
USA,sptkinj992,p0p50,2010,0.0007
USA,sptkinj992,p0p50,2011,0.0012
USA,sptkinj992,p0p50,2012,0.0017
USA,sptkinj992,p0p50,2013,0.0038
USA,sptkinj992,p0p50,2014,0.0024
USA,sptkinj992,p0p50,2015,0.0022
USA,sptkinj992,p0p50,2016,0.0013
USA,sptkinj992,p0p50,2017,0.0018
USA,sptkinj992,p0p50,2018,0.0006
USA,sptkinj992,p0p50,2019,0
USA,sptkinj992,p0p90,1913,0.0633
USA,sptkinj992,p0p90,1914,0.0647
USA,sptkinj992,p0p90,1915,0.0673
USA,sptkinj992,p0p90,1916,0.0637
USA,sptkinj992,p0p90,1917,0.0554
USA,sptkinj992,p0p90,1918,0.045
USA,sptkinj992,p0p90,1919,0.0397
USA,sptkinj992,p0p90,1920,0.0409
USA,sptkinj992,p0p90,1921,0.0515
USA,sptkinj992,p0p90,1922,0.0482
USA,sptkinj992,p0p90,1923,0.0484
USA,sptkinj992,p0p90,1924,0.0457
USA,sptkinj992,p0p90,1925,0.0419
USA,sptkinj992,p0p90,1926,0.0376
USA,sptkinj992,p0p90,1927,0.0356
USA,sptkinj992,p0p90,1928,0.0373
USA,sptkinj992,p0p90,1929,0.0375
USA,sptkinj992,p0p90,1930,0.0313
USA,sptkinj992,p0p90,1931,0.0254
USA,sptkinj992,p0p90,1932,0.0202
USA,sptkinj992,p0p90,1933,0.0118
USA,sptkinj992,p0p90,1934,0.0132
USA,sptkinj992,p0p90,1935,0.0212
USA,sptkinj992,p0p90,1936,0.02
USA,sptkinj992,p0p90,1937,0.0237
USA,sptkinj992,p0p90,1938,0.0257
USA,sptkinj992,p0p90,1939,0.0252
USA,sptkinj992,p0p90,1940,0.0358
USA,sptkinj992,p0p90,1941,0.0406
USA,sptkinj992,p0p90,1942,0.0395
USA,sptkinj992,p0p90,1943,0.0347
USA,sptkinj992,p0p90,1944,0.0435
USA,sptkinj992,p0p90,1945,0.0403
USA,sptkinj992,p0p90,1946,0.0366
USA,sptkinj992,p0p90,1947,0.0369
USA,sptkinj992,p0p90,1948,0.0406
USA,sptkinj992,p0p90,1949,0.0423
USA,sptkinj992,p0p90,1950,0.0448
USA,sptkinj992,p0p90,1951,0.0442
USA,sptkinj992,p0p90,1952,0.0437
USA,sptkinj992,p0p90,1953,0.0455
USA,sptkinj992,p0p90,1954,0.0484
USA,sptkinj992,p0p90,1955,0.0504
USA,sptkinj992,p0p90,1956,0.05
USA,sptkinj992,p0p90,1957,0.0474
USA,sptkinj992,p0p90,1958,0.0508
USA,sptkinj992,p0p90,1959,0.0515
USA,sptkinj992,p0p90,1960,0.0505
USA,sptkinj992,p0p90,1961,0.0547
USA,sptkinj992,p0p90,1962,0.0646
USA,sptkinj992,p0p90,1963,0.0518
USA,sptkinj992,p0p90,1964,0.0635
USA,sptkinj992,p0p90,1965,0.0567
USA,sptkinj992,p0p90,1966,0.0651
USA,sptkinj992,p0p90,1967,0.0654
USA,sptkinj992,p0p90,1968,0.0636
USA,sptkinj992,p0p90,1969,0.0635
USA,sptkinj992,p0p90,1970,0.0619
USA,sptkinj992,p0p90,1971,0.0619
USA,sptkinj992,p0p90,1972,0.0602
USA,sptkinj992,p0p90,1973,0.0596
USA,sptkinj992,p0p90,1974,0.0601
USA,sptkinj992,p0p90,1975,0.059
USA,sptkinj992,p0p90,1976,0.0584
USA,sptkinj992,p0p90,1977,0.0563
USA,sptkinj992,p0p90,1978,0.0544
USA,sptkinj992,p0p90,1979,0.0491
USA,sptkinj992,p0p90,1980,0.0502
USA,sptkinj992,p0p90,1981,0.0513
USA,sptkinj992,p0p90,1982,0.0499
USA,sptkinj992,p0p90,1983,0.047
USA,sptkinj992,p0p90,1984,0.0436
USA,sptkinj992,p0p90,1985,0.0367
USA,sptkinj992,p0p90,1986,0.0322
USA,sptkinj992,p0p90,1987,0.0288
USA,sptkinj992,p0p90,1988,0.0263
USA,sptkinj992,p0p90,1989,0.0267
USA,sptkinj992,p0p90,1990,0.0243
USA,sptkinj992,p0p90,1991,0.0232
USA,sptkinj992,p0p90,1992,0.0216
USA,sptkinj992,p0p90,1993,0.0241
USA,sptkinj992,p0p90,1994,0.0265
USA,sptkinj992,p0p90,1995,0.025
USA,sptkinj992,p0p90,1996,0.0245
USA,sptkinj992,p0p90,1997,0.0254
USA,sptkinj992,p0p90,1998,0.0243
USA,sptkinj992,p0p90,1999,0.0257
USA,sptkinj992,p0p90,2000,0.0234
USA,sptkinj992,p0p90,2001,0.0238
USA,sptkinj992,p0p90,2002,0.0263
USA,sptkinj992,p0p90,2003,0.0268
USA,sptkinj992,p0p90,2004,0.0267
USA,sptkinj992,p0p90,2005,0.0241
USA,sptkinj992,p0p90,2006,0.0215
USA,sptkinj992,p0p90,2007,0.0198
USA,sptkinj992,p0p90,2008,0.0228
USA,sptkinj992,p0p90,2009,0.0318
USA,sptkinj992,p0p90,2010,0.0352
USA,sptkinj992,p0p90,2011,0.0361
USA,sptkinj992,p0p90,2012,0.0359
USA,sptkinj992,p0p90,2013,0.0426
USA,sptkinj992,p0p90,2014,0.0384
USA,sptkinj992,p0p90,2015,0.0375
USA,sptkinj992,p0p90,2016,0.0356
USA,sptkinj992,p0p90,2017,0.0354
USA,sptkinj992,p0p90,2018,0.0313
USA,sptkinj992,p0p90,2019,0.0302
USA,sptkinj992,p50p90,1962,0.0484
USA,sptkinj992,p50p90,1963,0.0486
USA,sptkinj992,p50p90,1964,0.0489
USA,sptkinj992,p50p90,1965,0.0495
USA,sptkinj992,p50p90,1966,0.0501
USA,sptkinj992,p50p90,1967,0.0504
USA,sptkinj992,p50p90,1968,0.0486
USA,sptkinj992,p50p90,1969,0.0482
USA,sptkinj992,p50p90,1970,0.0482
USA,sptkinj992,p50p90,1971,0.049
USA,sptkinj992,p50p90,1972,0.0482
USA,sptkinj992,p50p90,1973,0.0481
USA,sptkinj992,p50p90,1974,0.0491
USA,sptkinj992,p50p90,1975,0.0484
USA,sptkinj992,p50p90,1976,0.0485
USA,sptkinj992,p50p90,1977,0.0472
USA,sptkinj992,p50p90,1978,0.0459
USA,sptkinj992,p50p90,1979,0.0418
USA,sptkinj992,p50p90,1980,0.0431
USA,sptkinj992,p50p90,1981,0.0439
USA,sptkinj992,p50p90,1982,0.0437
USA,sptkinj992,p50p90,1983,0.0421
USA,sptkinj992,p50p90,1984,0.0402
USA,sptkinj992,p50p90,1985,0.0352
USA,sptkinj992,p50p90,1986,0.032
USA,sptkinj992,p50p90,1987,0.0281
USA,sptkinj992,p50p90,1988,0.0257
USA,sptkinj992,p50p90,1989,0.0263
USA,sptkinj992,p50p90,1990,0.0259
USA,sptkinj992,p50p90,1991,0.0258
USA,sptkinj992,p50p90,1992,0.0249
USA,sptkinj992,p50p90,1993,0.0266
USA,sptkinj992,p50p90,1994,0.028
USA,sptkinj992,p50p90,1995,0.028
USA,sptkinj992,p50p90,1996,0.0273
USA,sptkinj992,p50p90,1997,0.0284
USA,sptkinj992,p50p90,1998,0.0272
USA,sptkinj992,p50p90,1999,0.0276
USA,sptkinj992,p50p90,2000,0.0259
USA,sptkinj992,p50p90,2001,0.0262
USA,sptkinj992,p50p90,2002,0.0272
USA,sptkinj992,p50p90,2003,0.027
USA,sptkinj992,p50p90,2004,0.0271
USA,sptkinj992,p50p90,2005,0.0262
USA,sptkinj992,p50p90,2006,0.0246
USA,sptkinj992,p50p90,2007,0.0242
USA,sptkinj992,p50p90,2008,0.0259
USA,sptkinj992,p50p90,2009,0.0322
USA,sptkinj992,p50p90,2010,0.0345
USA,sptkinj992,p50p90,2011,0.0349
USA,sptkinj992,p50p90,2012,0.0343
USA,sptkinj992,p50p90,2013,0.0388
USA,sptkinj992,p50p90,2014,0.036
USA,sptkinj992,p50p90,2015,0.0354
USA,sptkinj992,p50p90,2016,0.0342
USA,sptkinj992,p50p90,2017,0.0336
USA,sptkinj992,p50p90,2018,0.0307
USA,sptkinj992,p50p90,2019,0.0302
USA,sptkinj992,p90p100,1913,0.2026
USA,sptkinj992,p90p100,1914,0.2116
USA,sptkinj992,p90p100,1915,0.2101
USA,sptkinj992,p90p100,1916,0.2211
USA,sptkinj992,p90p100,1917,0.2312
USA,sptkinj992,p90p100,1918,0.2286
USA,sptkinj992,p90p100,1919,0.2425
USA,sptkinj992,p90p100,1920,0.228
USA,sptkinj992,p90p100,1921,0.2227
USA,sptkinj992,p90p100,1922,0.2129
USA,sptkinj992,p90p100,1923,0.2302
USA,sptkinj992,p90p100,1924,0.2345
USA,sptkinj992,p90p100,1925,0.2494
USA,sptkinj992,p90p100,1926,0.2611
USA,sptkinj992,p90p100,1927,0.2451
USA,sptkinj992,p90p100,1928,0.2482
USA,sptkinj992,p90p100,1929,0.255
USA,sptkinj992,p90p100,1930,0.2489
USA,sptkinj992,p90p100,1931,0.231
USA,sptkinj992,p90p100,1932,0.2207
USA,sptkinj992,p90p100,1933,0.2087
USA,sptkinj992,p90p100,1934,0.217
USA,sptkinj992,p90p100,1935,0.217
USA,sptkinj992,p90p100,1936,0.22
USA,sptkinj992,p90p100,1937,0.2092
USA,sptkinj992,p90p100,1938,0.1999
USA,sptkinj992,p90p100,1939,0.2071
USA,sptkinj992,p90p100,1940,0.2107
USA,sptkinj992,p90p100,1941,0.2128
USA,sptkinj992,p90p100,1942,0.2044
USA,sptkinj992,p90p100,1943,0.194
USA,sptkinj992,p90p100,1944,0.1723
USA,sptkinj992,p90p100,1945,0.1556
USA,sptkinj992,p90p100,1946,0.1527
USA,sptkinj992,p90p100,1947,0.1658
USA,sptkinj992,p90p100,1948,0.1787
USA,sptkinj992,p90p100,1949,0.1723
USA,sptkinj992,p90p100,1950,0.1822
USA,sptkinj992,p90p100,1951,0.1791
USA,sptkinj992,p90p100,1952,0.168
USA,sptkinj992,p90p100,1953,0.1618
USA,sptkinj992,p90p100,1954,0.1619
USA,sptkinj992,p90p100,1955,0.1743
USA,sptkinj992,p90p100,1956,0.1651
USA,sptkinj992,p90p100,1957,0.1639
USA,sptkinj992,p90p100,1958,0.155
USA,sptkinj992,p90p100,1959,0.165
USA,sptkinj992,p90p100,1960,0.1625
USA,sptkinj992,p90p100,1961,0.1611
USA,sptkinj992,p90p100,1962,0.1699
USA,sptkinj992,p90p100,1963,0.1727
USA,sptkinj992,p90p100,1964,0.1754
USA,sptkinj992,p90p100,1965,0.1737
USA,sptkinj992,p90p100,1966,0.1721
USA,sptkinj992,p90p100,1967,0.1649
USA,sptkinj992,p90p100,1968,0.1603
USA,sptkinj992,p90p100,1969,0.149
USA,sptkinj992,p90p100,1970,0.142
USA,sptkinj992,p90p100,1971,0.1427
USA,sptkinj992,p90p100,1972,0.1442
USA,sptkinj992,p90p100,1973,0.1407
USA,sptkinj992,p90p100,1974,0.1336
USA,sptkinj992,p90p100,1975,0.1337
USA,sptkinj992,p90p100,1976,0.1354
USA,sptkinj992,p90p100,1977,0.1361
USA,sptkinj992,p90p100,1978,0.1323
USA,sptkinj992,p90p100,1979,0.1304
USA,sptkinj992,p90p100,1980,0.1247
USA,sptkinj992,p90p100,1981,0.1293
USA,sptkinj992,p90p100,1982,0.1242
USA,sptkinj992,p90p100,1983,0.1259
USA,sptkinj992,p90p100,1984,0.1291
USA,sptkinj992,p90p100,1985,0.1259
USA,sptkinj992,p90p100,1986,0.1201
USA,sptkinj992,p90p100,1987,0.1211
USA,sptkinj992,p90p100,1988,0.1277
USA,sptkinj992,p90p100,1989,0.1285
USA,sptkinj992,p90p100,1990,0.1241
USA,sptkinj992,p90p100,1991,0.1175
USA,sptkinj992,p90p100,1992,0.1198
USA,sptkinj992,p90p100,1993,0.1199
USA,sptkinj992,p90p100,1994,0.1221
USA,sptkinj992,p90p100,1995,0.1238
USA,sptkinj992,p90p100,1996,0.1281
USA,sptkinj992,p90p100,1997,0.1297
USA,sptkinj992,p90p100,1998,0.1283
USA,sptkinj992,p90p100,1999,0.1262
USA,sptkinj992,p90p100,2000,0.1226
USA,sptkinj992,p90p100,2001,0.1234
USA,sptkinj992,p90p100,2002,0.1241
USA,sptkinj992,p90p100,2003,0.128
USA,sptkinj992,p90p100,2004,0.1339
USA,sptkinj992,p90p100,2005,0.1448
USA,sptkinj992,p90p100,2006,0.1487
USA,sptkinj992,p90p100,2007,0.1451
USA,sptkinj992,p90p100,2008,0.1409
USA,sptkinj992,p90p100,2009,0.1396
USA,sptkinj992,p90p100,2010,0.15
USA,sptkinj992,p90p100,2011,0.1523
USA,sptkinj992,p90p100,2012,0.1625
USA,sptkinj992,p90p100,2013,0.1613
USA,sptkinj992,p90p100,2014,0.1654
USA,sptkinj992,p90p100,2015,0.1651
USA,sptkinj992,p90p100,2016,0.1636
USA,sptkinj992,p90p100,2017,0.1641
USA,sptkinj992,p90p100,2018,0.1664
USA,sptkinj992,p90p100,2019,0.166
USA,sptkinj992,p99p100,1913,0.1285
USA,sptkinj992,p99p100,1914,0.1333
USA,sptkinj992,p99p100,1915,0.1312
USA,sptkinj992,p99p100,1916,0.1402
USA,sptkinj992,p99p100,1917,0.151
USA,sptkinj992,p99p100,1918,0.1341
USA,sptkinj992,p99p100,1919,0.1458
USA,sptkinj992,p99p100,1920,0.1271
USA,sptkinj992,p99p100,1921,0.1227
USA,sptkinj992,p99p100,1922,0.117
USA,sptkinj992,p99p100,1923,0.1209
USA,sptkinj992,p99p100,1924,0.1213
USA,sptkinj992,p99p100,1925,0.138
USA,sptkinj992,p99p100,1926,0.152
USA,sptkinj992,p99p100,1927,0.1413
USA,sptkinj992,p99p100,1928,0.148
USA,sptkinj992,p99p100,1929,0.1542
USA,sptkinj992,p99p100,1930,0.1346
USA,sptkinj992,p99p100,1931,0.1075
USA,sptkinj992,p99p100,1932,0.0971
USA,sptkinj992,p99p100,1933,0.0981
USA,sptkinj992,p99p100,1934,0.1167
USA,sptkinj992,p99p100,1935,0.12
USA,sptkinj992,p99p100,1936,0.1309
USA,sptkinj992,p99p100,1937,0.1339
USA,sptkinj992,p99p100,1938,0.1153
USA,sptkinj992,p99p100,1939,0.1244
USA,sptkinj992,p99p100,1940,0.1344
USA,sptkinj992,p99p100,1941,0.1366
USA,sptkinj992,p99p100,1942,0.1348
USA,sptkinj992,p99p100,1943,0.1236
USA,sptkinj992,p99p100,1944,0.1043
USA,sptkinj992,p99p100,1945,0.0886
USA,sptkinj992,p99p100,1946,0.0815
USA,sptkinj992,p99p100,1947,0.0937
USA,sptkinj992,p99p100,1948,0.106
USA,sptkinj992,p99p100,1949,0.1032
USA,sptkinj992,p99p100,1950,0.1122
USA,sptkinj992,p99p100,1951,0.1088
USA,sptkinj992,p99p100,1952,0.101
USA,sptkinj992,p99p100,1953,0.0952
USA,sptkinj992,p99p100,1954,0.0935
USA,sptkinj992,p99p100,1955,0.1023
USA,sptkinj992,p99p100,1956,0.0964
USA,sptkinj992,p99p100,1957,0.0932
USA,sptkinj992,p99p100,1958,0.0849
USA,sptkinj992,p99p100,1959,0.0909
USA,sptkinj992,p99p100,1960,0.0883
USA,sptkinj992,p99p100,1961,0.0873
USA,sptkinj992,p99p100,1962,0.0923
USA,sptkinj992,p99p100,1963,0.0933
USA,sptkinj992,p99p100,1964,0.0944
USA,sptkinj992,p99p100,1965,0.094
USA,sptkinj992,p99p100,1966,0.0936
USA,sptkinj992,p99p100,1967,0.0894
USA,sptkinj992,p99p100,1968,0.0866
USA,sptkinj992,p99p100,1969,0.0791
USA,sptkinj992,p99p100,1970,0.0729
USA,sptkinj992,p99p100,1971,0.0731
USA,sptkinj992,p99p100,1972,0.0726
USA,sptkinj992,p99p100,1973,0.0692
USA,sptkinj992,p99p100,1974,0.0647
USA,sptkinj992,p99p100,1975,0.0636
USA,sptkinj992,p99p100,1976,0.064
USA,sptkinj992,p99p100,1977,0.064
USA,sptkinj992,p99p100,1978,0.0626
USA,sptkinj992,p99p100,1979,0.0645
USA,sptkinj992,p99p100,1980,0.0595
USA,sptkinj992,p99p100,1981,0.0623
USA,sptkinj992,p99p100,1982,0.0626
USA,sptkinj992,p99p100,1983,0.064
USA,sptkinj992,p99p100,1984,0.0662
USA,sptkinj992,p99p100,1985,0.0674
USA,sptkinj992,p99p100,1986,0.0635
USA,sptkinj992,p99p100,1987,0.0686
USA,sptkinj992,p99p100,1988,0.0768
USA,sptkinj992,p99p100,1989,0.0773
USA,sptkinj992,p99p100,1990,0.0737
USA,sptkinj992,p99p100,1991,0.0678
USA,sptkinj992,p99p100,1992,0.0698
USA,sptkinj992,p99p100,1993,0.0686
USA,sptkinj992,p99p100,1994,0.0706
USA,sptkinj992,p99p100,1995,0.0716
USA,sptkinj992,p99p100,1996,0.0752
USA,sptkinj992,p99p100,1997,0.077
USA,sptkinj992,p99p100,1998,0.0773
USA,sptkinj992,p99p100,1999,0.0759
USA,sptkinj992,p99p100,2000,0.0748
USA,sptkinj992,p99p100,2001,0.0765
USA,sptkinj992,p99p100,2002,0.0776
USA,sptkinj992,p99p100,2003,0.0808
USA,sptkinj992,p99p100,2004,0.0848
USA,sptkinj992,p99p100,2005,0.0937
USA,sptkinj992,p99p100,2006,0.0972
USA,sptkinj992,p99p100,2007,0.0946
USA,sptkinj992,p99p100,2008,0.092
USA,sptkinj992,p99p100,2009,0.0888
USA,sptkinj992,p99p100,2010,0.0964
USA,sptkinj992,p99p100,2011,0.098
USA,sptkinj992,p99p100,2012,0.1075
USA,sptkinj992,p99p100,2013,0.1023
USA,sptkinj992,p99p100,2014,0.1064
USA,sptkinj992,p99p100,2015,0.1063
USA,sptkinj992,p99p100,2016,0.1053
USA,sptkinj992,p99p100,2017,0.1066
USA,sptkinj992,p99p100,2018,0.1093
USA,sptkinj992,p99p100,2019,0.1089
USA,sptlinj992,p0p50,1962,0.177
USA,sptlinj992,p0p50,1963,0.1739
USA,sptlinj992,p0p50,1964,0.1708
USA,sptlinj992,p0p50,1965,0.1753
USA,sptlinj992,p0p50,1966,0.1798
USA,sptlinj992,p0p50,1967,0.1888
USA,sptlinj992,p0p50,1968,0.1921
USA,sptlinj992,p0p50,1969,0.1956
USA,sptlinj992,p0p50,1970,0.1957
USA,sptlinj992,p0p50,1971,0.1921
USA,sptlinj992,p0p50,1972,0.1914
USA,sptlinj992,p0p50,1973,0.194
USA,sptlinj992,p0p50,1974,0.1963
USA,sptlinj992,p0p50,1975,0.1947
USA,sptlinj992,p0p50,1976,0.1947
USA,sptlinj992,p0p50,1977,0.1939
USA,sptlinj992,p0p50,1978,0.1943
USA,sptlinj992,p0p50,1979,0.1961
USA,sptlinj992,p0p50,1980,0.1938
USA,sptlinj992,p0p50,1981,0.1895
USA,sptlinj992,p0p50,1982,0.1851
USA,sptlinj992,p0p50,1983,0.1784
USA,sptlinj992,p0p50,1984,0.176
USA,sptlinj992,p0p50,1985,0.1766
USA,sptlinj992,p0p50,1986,0.1759
USA,sptlinj992,p0p50,1987,0.1729
USA,sptlinj992,p0p50,1988,0.1681
USA,sptlinj992,p0p50,1989,0.1694
USA,sptlinj992,p0p50,1990,0.1702
USA,sptlinj992,p0p50,1991,0.1697
USA,sptlinj992,p0p50,1992,0.1632
USA,sptlinj992,p0p50,1993,0.1637
USA,sptlinj992,p0p50,1994,0.1628
USA,sptlinj992,p0p50,1995,0.1606
USA,sptlinj992,p0p50,1996,0.1577
USA,sptlinj992,p0p50,1997,0.1557
USA,sptlinj992,p0p50,1998,0.1557
USA,sptlinj992,p0p50,1999,0.1537
USA,sptlinj992,p0p50,2000,0.1531
USA,sptlinj992,p0p50,2001,0.1552
USA,sptlinj992,p0p50,2002,0.1547
USA,sptlinj992,p0p50,2003,0.151
USA,sptlinj992,p0p50,2004,0.1483
USA,sptlinj992,p0p50,2005,0.1456
USA,sptlinj992,p0p50,2006,0.1437
USA,sptlinj992,p0p50,2007,0.1476
USA,sptlinj992,p0p50,2008,0.1461
USA,sptlinj992,p0p50,2009,0.1429
USA,sptlinj992,p0p50,2010,0.1375
USA,sptlinj992,p0p50,2011,0.134
USA,sptlinj992,p0p50,2012,0.13
USA,sptlinj992,p0p50,2013,0.1306
USA,sptlinj992,p0p50,2014,0.1288
USA,sptlinj992,p0p50,2015,0.1296
USA,sptlinj992,p0p50,2016,0.1289
USA,sptlinj992,p0p50,2017,0.1328
USA,sptlinj992,p0p50,2018,0.1326
USA,sptlinj992,p0p50,2019,0.1357
USA,sptlinj992,p0p90,1913,0.5022
USA,sptlinj992,p0p90,1914,0.4951
USA,sptlinj992,p0p90,1915,0.4996
USA,sptlinj992,p0p90,1916,0.4873
USA,sptlinj992,p0p90,1917,0.4904
USA,sptlinj992,p0p90,1918,0.5114
USA,sptlinj992,p0p90,1919,0.4975
USA,sptlinj992,p0p90,1920,0.5137
USA,sptlinj992,p0p90,1921,0.4711
USA,sptlinj992,p0p90,1922,0.4872
USA,sptlinj992,p0p90,1923,0.5107
USA,sptlinj992,p0p90,1924,0.4936
USA,sptlinj992,p0p90,1925,0.4823
USA,sptlinj992,p0p90,1926,0.4826
USA,sptlinj992,p0p90,1927,0.49
USA,sptlinj992,p0p90,1928,0.4767
USA,sptlinj992,p0p90,1929,0.4891
USA,sptlinj992,p0p90,1930,0.5029
USA,sptlinj992,p0p90,1931,0.5092
USA,sptlinj992,p0p90,1932,0.4947
USA,sptlinj992,p0p90,1933,0.506
USA,sptlinj992,p0p90,1934,0.4946
USA,sptlinj992,p0p90,1935,0.4955
USA,sptlinj992,p0p90,1936,0.4933
USA,sptlinj992,p0p90,1937,0.4991
USA,sptlinj992,p0p90,1938,0.5003
USA,sptlinj992,p0p90,1939,0.4871
USA,sptlinj992,p0p90,1940,0.4706
USA,sptlinj992,p0p90,1941,0.4836
USA,sptlinj992,p0p90,1942,0.5318
USA,sptlinj992,p0p90,1943,0.5716
USA,sptlinj992,p0p90,1944,0.59
USA,sptlinj992,p0p90,1945,0.601
USA,sptlinj992,p0p90,1946,0.5882
USA,sptlinj992,p0p90,1947,0.5873
USA,sptlinj992,p0p90,1948,0.5636
USA,sptlinj992,p0p90,1949,0.567
USA,sptlinj992,p0p90,1950,0.5568
USA,sptlinj992,p0p90,1951,0.5692
USA,sptlinj992,p0p90,1952,0.5824
USA,sptlinj992,p0p90,1953,0.59
USA,sptlinj992,p0p90,1954,0.5838
USA,sptlinj992,p0p90,1955,0.5739
USA,sptlinj992,p0p90,1956,0.5845
USA,sptlinj992,p0p90,1957,0.5884
USA,sptlinj992,p0p90,1958,0.5869
USA,sptlinj992,p0p90,1959,0.581
USA,sptlinj992,p0p90,1960,0.5867
USA,sptlinj992,p0p90,1961,0.5817
USA,sptlinj992,p0p90,1962,0.5738
USA,sptlinj992,p0p90,1963,0.5717
USA,sptlinj992,p0p90,1964,0.5666
USA,sptlinj992,p0p90,1965,0.5665
USA,sptlinj992,p0p90,1966,0.5715
USA,sptlinj992,p0p90,1967,0.5786
USA,sptlinj992,p0p90,1968,0.5846
USA,sptlinj992,p0p90,1969,0.5941
USA,sptlinj992,p0p90,1970,0.5995
USA,sptlinj992,p0p90,1971,0.5969
USA,sptlinj992,p0p90,1972,0.5959
USA,sptlinj992,p0p90,1973,0.5974
USA,sptlinj992,p0p90,1974,0.6014
USA,sptlinj992,p0p90,1975,0.6019
USA,sptlinj992,p0p90,1976,0.6017
USA,sptlinj992,p0p90,1977,0.6022
USA,sptlinj992,p0p90,1978,0.6044
USA,sptlinj992,p0p90,1979,0.6078
USA,sptlinj992,p0p90,1980,0.6113
USA,sptlinj992,p0p90,1981,0.6055
USA,sptlinj992,p0p90,1982,0.604
USA,sptlinj992,p0p90,1983,0.5995
USA,sptlinj992,p0p90,1984,0.5915
USA,sptlinj992,p0p90,1985,0.5971
USA,sptlinj992,p0p90,1986,0.6044
USA,sptlinj992,p0p90,1987,0.5966
USA,sptlinj992,p0p90,1988,0.5812
USA,sptlinj992,p0p90,1989,0.5854
USA,sptlinj992,p0p90,1990,0.588
USA,sptlinj992,p0p90,1991,0.5935
USA,sptlinj992,p0p90,1992,0.5841
USA,sptlinj992,p0p90,1993,0.585
USA,sptlinj992,p0p90,1994,0.582
USA,sptlinj992,p0p90,1995,0.5761
USA,sptlinj992,p0p90,1996,0.5675
USA,sptlinj992,p0p90,1997,0.5593
USA,sptlinj992,p0p90,1998,0.5565
USA,sptlinj992,p0p90,1999,0.5515
USA,sptlinj992,p0p90,2000,0.5491
USA,sptlinj992,p0p90,2001,0.5566
USA,sptlinj992,p0p90,2002,0.5586
USA,sptlinj992,p0p90,2003,0.5569
USA,sptlinj992,p0p90,2004,0.549
USA,sptlinj992,p0p90,2005,0.54
USA,sptlinj992,p0p90,2006,0.5354
USA,sptlinj992,p0p90,2007,0.5398
USA,sptlinj992,p0p90,2008,0.5416
USA,sptlinj992,p0p90,2009,0.5434
USA,sptlinj992,p0p90,2010,0.5259
USA,sptlinj992,p0p90,2011,0.5206
USA,sptlinj992,p0p90,2012,0.5082
USA,sptlinj992,p0p90,2013,0.5082
USA,sptlinj992,p0p90,2014,0.5057
USA,sptlinj992,p0p90,2015,0.5073
USA,sptlinj992,p0p90,2016,0.5111
USA,sptlinj992,p0p90,2017,0.5099
USA,sptlinj992,p0p90,2018,0.5103
USA,sptlinj992,p0p90,2019,0.5128
USA,sptlinj992,p50p90,1962,0.3969
USA,sptlinj992,p50p90,1963,0.3963
USA,sptlinj992,p50p90,1964,0.3957
USA,sptlinj992,p50p90,1965,0.3937
USA,sptlinj992,p50p90,1966,0.3917
USA,sptlinj992,p50p90,1967,0.3898
USA,sptlinj992,p50p90,1968,0.3925
USA,sptlinj992,p50p90,1969,0.3985
USA,sptlinj992,p50p90,1970,0.4038
USA,sptlinj992,p50p90,1971,0.4048
USA,sptlinj992,p50p90,1972,0.4045
USA,sptlinj992,p50p90,1973,0.4034
USA,sptlinj992,p50p90,1974,0.4051
USA,sptlinj992,p50p90,1975,0.4072
USA,sptlinj992,p50p90,1976,0.407
USA,sptlinj992,p50p90,1977,0.4083
USA,sptlinj992,p50p90,1978,0.4101
USA,sptlinj992,p50p90,1979,0.4117
USA,sptlinj992,p50p90,1980,0.4175
USA,sptlinj992,p50p90,1981,0.416
USA,sptlinj992,p50p90,1982,0.4189
USA,sptlinj992,p50p90,1983,0.4211
USA,sptlinj992,p50p90,1984,0.4155
USA,sptlinj992,p50p90,1985,0.4206
USA,sptlinj992,p50p90,1986,0.4285
USA,sptlinj992,p50p90,1987,0.4237
USA,sptlinj992,p50p90,1988,0.4131
USA,sptlinj992,p50p90,1989,0.416
USA,sptlinj992,p50p90,1990,0.4178
USA,sptlinj992,p50p90,1991,0.4238
USA,sptlinj992,p50p90,1992,0.4208
USA,sptlinj992,p50p90,1993,0.4213
USA,sptlinj992,p50p90,1994,0.4191
USA,sptlinj992,p50p90,1995,0.4155
USA,sptlinj992,p50p90,1996,0.4097
USA,sptlinj992,p50p90,1997,0.4036
USA,sptlinj992,p50p90,1998,0.4008
USA,sptlinj992,p50p90,1999,0.3978
USA,sptlinj992,p50p90,2000,0.3959
USA,sptlinj992,p50p90,2001,0.4014
USA,sptlinj992,p50p90,2002,0.404
USA,sptlinj992,p50p90,2003,0.4058
USA,sptlinj992,p50p90,2004,0.4007
USA,sptlinj992,p50p90,2005,0.3944
USA,sptlinj992,p50p90,2006,0.3917
USA,sptlinj992,p50p90,2007,0.3922
USA,sptlinj992,p50p90,2008,0.3955
USA,sptlinj992,p50p90,2009,0.4005
USA,sptlinj992,p50p90,2010,0.3884
USA,sptlinj992,p50p90,2011,0.3866
USA,sptlinj992,p50p90,2012,0.3783
USA,sptlinj992,p50p90,2013,0.3776
USA,sptlinj992,p50p90,2014,0.3769
USA,sptlinj992,p50p90,2015,0.3777
USA,sptlinj992,p50p90,2016,0.3822
USA,sptlinj992,p50p90,2017,0.3771
USA,sptlinj992,p50p90,2018,0.3777
USA,sptlinj992,p50p90,2019,0.3771
USA,sptlinj992,p90p100,1913,0.2259
USA,sptlinj992,p90p100,1914,0.2248
USA,sptlinj992,p90p100,1915,0.2197
USA,sptlinj992,p90p100,1916,0.2223
USA,sptlinj992,p90p100,1917,0.216
USA,sptlinj992,p90p100,1918,0.2066
USA,sptlinj992,p90p100,1919,0.2111
USA,sptlinj992,p90p100,1920,0.2077
USA,sptlinj992,p90p100,1921,0.2483
USA,sptlinj992,p90p100,1922,0.2462
USA,sptlinj992,p90p100,1923,0.2038
USA,sptlinj992,p90p100,1924,0.2203
USA,sptlinj992,p90p100,1925,0.2205
USA,sptlinj992,p90p100,1926,0.2111
USA,sptlinj992,p90p100,1927,0.2225
USA,sptlinj992,p90p100,1928,0.2322
USA,sptlinj992,p90p100,1929,0.2122
USA,sptlinj992,p90p100,1930,0.2108
USA,sptlinj992,p90p100,1931,0.2291
USA,sptlinj992,p90p100,1932,0.2576
USA,sptlinj992,p90p100,1933,0.2647
USA,sptlinj992,p90p100,1934,0.2689
USA,sptlinj992,p90p100,1935,0.2614
USA,sptlinj992,p90p100,1936,0.2566
USA,sptlinj992,p90p100,1937,0.2589
USA,sptlinj992,p90p100,1938,0.267
USA,sptlinj992,p90p100,1939,0.2766
USA,sptlinj992,p90p100,1940,0.2763
USA,sptlinj992,p90p100,1941,0.2522
USA,sptlinj992,p90p100,1942,0.2161
USA,sptlinj992,p90p100,1943,0.1928
USA,sptlinj992,p90p100,1944,0.1893
USA,sptlinj992,p90p100,1945,0.1982
USA,sptlinj992,p90p100,1946,0.2172
USA,sptlinj992,p90p100,1947,0.1991
USA,sptlinj992,p90p100,1948,0.2061
USA,sptlinj992,p90p100,1949,0.2068
USA,sptlinj992,p90p100,1950,0.2051
USA,sptlinj992,p90p100,1951,0.1978
USA,sptlinj992,p90p100,1952,0.1953
USA,sptlinj992,p90p100,1953,0.1913
USA,sptlinj992,p90p100,1954,0.1943
USA,sptlinj992,p90p100,1955,0.1886
USA,sptlinj992,p90p100,1956,0.1891
USA,sptlinj992,p90p100,1957,0.19
USA,sptlinj992,p90p100,1958,0.1981
USA,sptlinj992,p90p100,1959,0.1912
USA,sptlinj992,p90p100,1960,0.1888
USA,sptlinj992,p90p100,1961,0.1927
USA,sptlinj992,p90p100,1962,0.1916
USA,sptlinj992,p90p100,1963,0.1931
USA,sptlinj992,p90p100,1964,0.1945
USA,sptlinj992,p90p100,1965,0.1929
USA,sptlinj992,p90p100,1966,0.1914
USA,sptlinj992,p90p100,1967,0.1911
USA,sptlinj992,p90p100,1968,0.1915
USA,sptlinj992,p90p100,1969,0.1934
USA,sptlinj992,p90p100,1970,0.1966
USA,sptlinj992,p90p100,1971,0.1984
USA,sptlinj992,p90p100,1972,0.1997
USA,sptlinj992,p90p100,1973,0.2023
USA,sptlinj992,p90p100,1974,0.2048
USA,sptlinj992,p90p100,1975,0.2054
USA,sptlinj992,p90p100,1976,0.2045
USA,sptlinj992,p90p100,1977,0.2054
USA,sptlinj992,p90p100,1978,0.2089
USA,sptlinj992,p90p100,1979,0.2127
USA,sptlinj992,p90p100,1980,0.2138
USA,sptlinj992,p90p100,1981,0.2139
USA,sptlinj992,p90p100,1982,0.2219
USA,sptlinj992,p90p100,1983,0.2275
USA,sptlinj992,p90p100,1984,0.2358
USA,sptlinj992,p90p100,1985,0.2402
USA,sptlinj992,p90p100,1986,0.2433
USA,sptlinj992,p90p100,1987,0.2535
USA,sptlinj992,p90p100,1988,0.2648
USA,sptlinj992,p90p100,1989,0.2595
USA,sptlinj992,p90p100,1990,0.2636
USA,sptlinj992,p90p100,1991,0.2658
USA,sptlinj992,p90p100,1992,0.2746
USA,sptlinj992,p90p100,1993,0.271
USA,sptlinj992,p90p100,1994,0.2694
USA,sptlinj992,p90p100,1995,0.2752
USA,sptlinj992,p90p100,1996,0.28
USA,sptlinj992,p90p100,1997,0.2856
USA,sptlinj992,p90p100,1998,0.2909
USA,sptlinj992,p90p100,1999,0.2966
USA,sptlinj992,p90p100,2000,0.3049
USA,sptlinj992,p90p100,2001,0.2962
USA,sptlinj992,p90p100,2002,0.291
USA,sptlinj992,p90p100,2003,0.2884
USA,sptlinj992,p90p100,2004,0.2904
USA,sptlinj992,p90p100,2005,0.2911
USA,sptlinj992,p90p100,2006,0.2945
USA,sptlinj992,p90p100,2007,0.2953
USA,sptlinj992,p90p100,2008,0.2947
USA,sptlinj992,p90p100,2009,0.2853
USA,sptlinj992,p90p100,2010,0.2889
USA,sptlinj992,p90p100,2011,0.291
USA,sptlinj992,p90p100,2012,0.2933
USA,sptlinj992,p90p100,2013,0.2879
USA,sptlinj992,p90p100,2014,0.2905
USA,sptlinj992,p90p100,2015,0.2901
USA,sptlinj992,p90p100,2016,0.2897
USA,sptlinj992,p90p100,2017,0.2906
USA,sptlinj992,p90p100,2018,0.292
USA,sptlinj992,p90p100,2019,0.2911
USA,sptlinj992,p99p100,1913,0.0738
USA,sptlinj992,p99p100,1914,0.075
USA,sptlinj992,p99p100,1915,0.0709
USA,sptlinj992,p99p100,1916,0.0722
USA,sptlinj992,p99p100,1917,0.0595
USA,sptlinj992,p99p100,1918,0.0606
USA,sptlinj992,p99p100,1919,0.068
USA,sptlinj992,p99p100,1920,0.0621
USA,sptlinj992,p99p100,1921,0.0683
USA,sptlinj992,p99p100,1922,0.0682
USA,sptlinj992,p99p100,1923,0.0555
USA,sptlinj992,p99p100,1924,0.0631
USA,sptlinj992,p99p100,1925,0.0685
USA,sptlinj992,p99p100,1926,0.0658
USA,sptlinj992,p99p100,1927,0.07
USA,sptlinj992,p99p100,1928,0.0743
USA,sptlinj992,p99p100,1929,0.0665
USA,sptlinj992,p99p100,1930,0.0585
USA,sptlinj992,p99p100,1931,0.0604
USA,sptlinj992,p99p100,1932,0.0679
USA,sptlinj992,p99p100,1933,0.0756
USA,sptlinj992,p99p100,1934,0.0736
USA,sptlinj992,p99p100,1935,0.0735
USA,sptlinj992,p99p100,1936,0.0753
USA,sptlinj992,p99p100,1937,0.0697
USA,sptlinj992,p99p100,1938,0.07
USA,sptlinj992,p99p100,1939,0.0717
USA,sptlinj992,p99p100,1940,0.0736
USA,sptlinj992,p99p100,1941,0.0766
USA,sptlinj992,p99p100,1942,0.0695
USA,sptlinj992,p99p100,1943,0.0618
USA,sptlinj992,p99p100,1944,0.05
USA,sptlinj992,p99p100,1945,0.0551
USA,sptlinj992,p99p100,1946,0.0625
USA,sptlinj992,p99p100,1947,0.0548
USA,sptlinj992,p99p100,1948,0.0553
USA,sptlinj992,p99p100,1949,0.0517
USA,sptlinj992,p99p100,1950,0.0533
USA,sptlinj992,p99p100,1951,0.0504
USA,sptlinj992,p99p100,1952,0.0472
USA,sptlinj992,p99p100,1953,0.0435
USA,sptlinj992,p99p100,1954,0.0442
USA,sptlinj992,p99p100,1955,0.0419
USA,sptlinj992,p99p100,1956,0.0402
USA,sptlinj992,p99p100,1957,0.041
USA,sptlinj992,p99p100,1958,0.0412
USA,sptlinj992,p99p100,1959,0.0398
USA,sptlinj992,p99p100,1960,0.0372
USA,sptlinj992,p99p100,1961,0.0373
USA,sptlinj992,p99p100,1962,0.0362
USA,sptlinj992,p99p100,1963,0.0365
USA,sptlinj992,p99p100,1964,0.0368
USA,sptlinj992,p99p100,1965,0.0364
USA,sptlinj992,p99p100,1966,0.036
USA,sptlinj992,p99p100,1967,0.0365
USA,sptlinj992,p99p100,1968,0.0371
USA,sptlinj992,p99p100,1969,0.0366
USA,sptlinj992,p99p100,1970,0.0372
USA,sptlinj992,p99p100,1971,0.0374
USA,sptlinj992,p99p100,1972,0.0376
USA,sptlinj992,p99p100,1973,0.0388
USA,sptlinj992,p99p100,1974,0.0403
USA,sptlinj992,p99p100,1975,0.0407
USA,sptlinj992,p99p100,1976,0.0403
USA,sptlinj992,p99p100,1977,0.0409
USA,sptlinj992,p99p100,1978,0.0425
USA,sptlinj992,p99p100,1979,0.0441
USA,sptlinj992,p99p100,1980,0.0448
USA,sptlinj992,p99p100,1981,0.0444
USA,sptlinj992,p99p100,1982,0.0473
USA,sptlinj992,p99p100,1983,0.0508
USA,sptlinj992,p99p100,1984,0.0553
USA,sptlinj992,p99p100,1985,0.056
USA,sptlinj992,p99p100,1986,0.0562
USA,sptlinj992,p99p100,1987,0.0637
USA,sptlinj992,p99p100,1988,0.0755
USA,sptlinj992,p99p100,1989,0.0697
USA,sptlinj992,p99p100,1990,0.0734
USA,sptlinj992,p99p100,1991,0.0687
USA,sptlinj992,p99p100,1992,0.077
USA,sptlinj992,p99p100,1993,0.0728
USA,sptlinj992,p99p100,1994,0.0699
USA,sptlinj992,p99p100,1995,0.0736
USA,sptlinj992,p99p100,1996,0.0772
USA,sptlinj992,p99p100,1997,0.0829
USA,sptlinj992,p99p100,1998,0.0859
USA,sptlinj992,p99p100,1999,0.0918
USA,sptlinj992,p99p100,2000,0.0987
USA,sptlinj992,p99p100,2001,0.0896
USA,sptlinj992,p99p100,2002,0.0834
USA,sptlinj992,p99p100,2003,0.0826
USA,sptlinj992,p99p100,2004,0.0859
USA,sptlinj992,p99p100,2005,0.0871
USA,sptlinj992,p99p100,2006,0.0882
USA,sptlinj992,p99p100,2007,0.0892
USA,sptlinj992,p99p100,2008,0.0874
USA,sptlinj992,p99p100,2009,0.0788
USA,sptlinj992,p99p100,2010,0.0829
USA,sptlinj992,p99p100,2011,0.0837
USA,sptlinj992,p99p100,2012,0.0874
USA,sptlinj992,p99p100,2013,0.0826
USA,sptlinj992,p99p100,2014,0.0834
USA,sptlinj992,p99p100,2015,0.0828
USA,sptlinj992,p99p100,2016,0.0814
USA,sptlinj992,p99p100,2017,0.0841
USA,sptlinj992,p99p100,2018,0.0833
USA,sptlinj992,p99p100,2019,0.0819
USA,sptincj992,p0p100,1820,1
USA,sptincj992,p0p100,1850,1
USA,sptincj992,p0p100,1880,1
USA,sptincj992,p0p100,1900,1
USA,sptincj992,p0p100,1910,1
USA,sptincj992,p0p100,1913,1
USA,sptincj992,p0p100,1914,1
USA,sptincj992,p0p100,1915,1
USA,sptincj992,p0p100,1916,1
USA,sptincj992,p0p100,1917,1
USA,sptincj992,p0p100,1918,1
USA,sptincj992,p0p100,1919,1
USA,sptincj992,p0p100,1920,1
USA,sptincj992,p0p100,1921,1
USA,sptincj992,p0p100,1922,1
USA,sptincj992,p0p100,1923,1
USA,sptincj992,p0p100,1924,1
USA,sptincj992,p0p100,1925,1
USA,sptincj992,p0p100,1926,1
USA,sptincj992,p0p100,1927,1
USA,sptincj992,p0p100,1928,1
USA,sptincj992,p0p100,1929,1
USA,sptincj992,p0p100,1930,1
USA,sptincj992,p0p100,1931,1
USA,sptincj992,p0p100,1932,1
USA,sptincj992,p0p100,1933,1
USA,sptincj992,p0p100,1934,1
USA,sptincj992,p0p100,1935,1
USA,sptincj992,p0p100,1936,1
USA,sptincj992,p0p100,1937,1
USA,sptincj992,p0p100,1938,1
USA,sptincj992,p0p100,1939,1
USA,sptincj992,p0p100,1940,1
USA,sptincj992,p0p100,1941,1
USA,sptincj992,p0p100,1942,1
USA,sptincj992,p0p100,1943,1
USA,sptincj992,p0p100,1944,1
USA,sptincj992,p0p100,1945,1
USA,sptincj992,p0p100,1946,1
USA,sptincj992,p0p100,1947,1
USA,sptincj992,p0p100,1948,1
USA,sptincj992,p0p100,1949,1
USA,sptincj992,p0p100,1950,1
USA,sptincj992,p0p100,1951,1
USA,sptincj992,p0p100,1952,1
USA,sptincj992,p0p100,1953,1
USA,sptincj992,p0p100,1954,1
USA,sptincj992,p0p100,1955,1
USA,sptincj992,p0p100,1956,1
USA,sptincj992,p0p100,1957,1
USA,sptincj992,p0p100,1958,1
USA,sptincj992,p0p100,1959,1
USA,sptincj992,p0p100,1960,1
USA,sptincj992,p0p100,1961,1
USA,sptincj992,p0p100,1962,1
USA,sptincj992,p0p100,1963,1
USA,sptincj992,p0p100,1964,1
USA,sptincj992,p0p100,1965,1
USA,sptincj992,p0p100,1966,1
USA,sptincj992,p0p100,1967,1
USA,sptincj992,p0p100,1968,1
USA,sptincj992,p0p100,1969,1
USA,sptincj992,p0p100,1970,1
USA,sptincj992,p0p100,1971,1
USA,sptincj992,p0p100,1972,1
USA,sptincj992,p0p100,1973,1
USA,sptincj992,p0p100,1974,1
USA,sptincj992,p0p100,1975,1
USA,sptincj992,p0p100,1976,1
USA,sptincj992,p0p100,1977,1
USA,sptincj992,p0p100,1978,1
USA,sptincj992,p0p100,1979,1
USA,sptincj992,p0p100,1980,1
USA,sptincj992,p0p100,1981,1
USA,sptincj992,p0p100,1982,1
USA,sptincj992,p0p100,1983,1
USA,sptincj992,p0p100,1984,1
USA,sptincj992,p0p100,1985,1
USA,sptincj992,p0p100,1986,1
USA,sptincj992,p0p100,1987,1
USA,sptincj992,p0p100,1988,1
USA,sptincj992,p0p100,1989,1
USA,sptincj992,p0p100,1990,1
USA,sptincj992,p0p100,1991,1
USA,sptincj992,p0p100,1992,1
USA,sptincj992,p0p100,1993,1
USA,sptincj992,p0p100,1994,1
USA,sptincj992,p0p100,1995,1
USA,sptincj992,p0p100,1996,1
USA,sptincj992,p0p100,1997,1
USA,sptincj992,p0p100,1998,1
USA,sptincj992,p0p100,1999,1
USA,sptincj992,p0p100,2000,1
USA,sptincj992,p0p100,2001,1
USA,sptincj992,p0p100,2002,1
USA,sptincj992,p0p100,2003,1
USA,sptincj992,p0p100,2004,1
USA,sptincj992,p0p100,2005,1
USA,sptincj992,p0p100,2006,1
USA,sptincj992,p0p100,2007,1
USA,sptincj992,p0p100,2008,1
USA,sptincj992,p0p100,2009,1
USA,sptincj992,p0p100,2010,1
USA,sptincj992,p0p100,2011,1
USA,sptincj992,p0p100,2012,1
USA,sptincj992,p0p100,2013,1
USA,sptincj992,p0p100,2014,1
USA,sptincj992,p0p100,2015,1
USA,sptincj992,p0p100,2016,1
USA,sptincj992,p0p100,2017,1
USA,sptincj992,p0p100,2018,1
USA,sptincj992,p0p100,2019,1
USA,sptincj992,p0p100,2020,1
USA,sptincj992,p0p100,2021,1
USA,sptincj992,p0p100,2022,1
USA,sptincj992,p0p100,2023,1
USA,sptincj992,p0p100,2024,1
USA,sptincj992,p0p50,1820,0.1651
USA,sptincj992,p0p50,1850,0.13
USA,sptincj992,p0p50,1880,0.17
USA,sptincj992,p0p50,1900,0.1629
USA,sptincj992,p0p50,1910,0.1709
USA,sptincj992,p0p50,1913,0.151
USA,sptincj992,p0p50,1914,0.1491
USA,sptincj992,p0p50,1915,0.1513
USA,sptincj992,p0p50,1916,0.1473
USA,sptincj992,p0p50,1917,0.1461
USA,sptincj992,p0p50,1918,0.1476
USA,sptincj992,p0p50,1919,0.1437
USA,sptincj992,p0p50,1920,0.1642
USA,sptincj992,p0p50,1921,0.1383
USA,sptincj992,p0p50,1922,0.142
USA,sptincj992,p0p50,1923,0.1488
USA,sptincj992,p0p50,1924,0.1414
USA,sptincj992,p0p50,1925,0.1373
USA,sptincj992,p0p50,1926,0.1356
USA,sptincj992,p0p50,1927,0.1378
USA,sptincj992,p0p50,1928,0.135
USA,sptincj992,p0p50,1929,0.1382
USA,sptincj992,p0p50,1930,0.1539
USA,sptincj992,p0p50,1931,0.1382
USA,sptincj992,p0p50,1932,0.1322
USA,sptincj992,p0p50,1933,0.1329
USA,sptincj992,p0p50,1934,0.1317
USA,sptincj992,p0p50,1935,0.1382
USA,sptincj992,p0p50,1936,0.1388
USA,sptincj992,p0p50,1937,0.1409
USA,sptincj992,p0p50,1938,0.142
USA,sptincj992,p0p50,1939,0.138
USA,sptincj992,p0p50,1940,0.155
USA,sptincj992,p0p50,1941,0.1451
USA,sptincj992,p0p50,1942,0.1768
USA,sptincj992,p0p50,1943,0.1879
USA,sptincj992,p0p50,1944,0.1967
USA,sptincj992,p0p50,1945,0.1582
USA,sptincj992,p0p50,1946,0.1712
USA,sptincj992,p0p50,1947,0.1729
USA,sptincj992,p0p50,1948,0.1739
USA,sptincj992,p0p50,1949,0.171
USA,sptincj992,p0p50,1950,0.1903
USA,sptincj992,p0p50,1951,0.1838
USA,sptincj992,p0p50,1952,0.1896
USA,sptincj992,p0p50,1953,0.1931
USA,sptincj992,p0p50,1954,0.1861
USA,sptincj992,p0p50,1955,0.1877
USA,sptincj992,p0p50,1956,0.1928
USA,sptincj992,p0p50,1957,0.1921
USA,sptincj992,p0p50,1958,0.1842
USA,sptincj992,p0p50,1959,0.1818
USA,sptincj992,p0p50,1960,0.1977
USA,sptincj992,p0p50,1961,0.1772
USA,sptincj992,p0p50,1962,0.1932
USA,sptincj992,p0p50,1963,0.1894
USA,sptincj992,p0p50,1964,0.1858
USA,sptincj992,p0p50,1965,0.1903
USA,sptincj992,p0p50,1966,0.1948
USA,sptincj992,p0p50,1967,0.2073
USA,sptincj992,p0p50,1968,0.2061
USA,sptincj992,p0p50,1969,0.2124
USA,sptincj992,p0p50,1970,0.2112
USA,sptincj992,p0p50,1971,0.2044
USA,sptincj992,p0p50,1972,0.2024
USA,sptincj992,p0p50,1973,0.2043
USA,sptincj992,p0p50,1974,0.21
USA,sptincj992,p0p50,1975,0.2041
USA,sptincj992,p0p50,1976,0.2053
USA,sptincj992,p0p50,1977,0.2027
USA,sptincj992,p0p50,1978,0.2024
USA,sptincj992,p0p50,1979,0.2034
USA,sptincj992,p0p50,1980,0.2008
USA,sptincj992,p0p50,1981,0.1969
USA,sptincj992,p0p50,1982,0.1916
USA,sptincj992,p0p50,1983,0.1832
USA,sptincj992,p0p50,1984,0.1796
USA,sptincj992,p0p50,1985,0.1782
USA,sptincj992,p0p50,1986,0.1761
USA,sptincj992,p0p50,1987,0.1736
USA,sptincj992,p0p50,1988,0.1687
USA,sptincj992,p0p50,1989,0.1698
USA,sptincj992,p0p50,1990,0.1685
USA,sptincj992,p0p50,1991,0.1671
USA,sptincj992,p0p50,1992,0.16
USA,sptincj992,p0p50,1993,0.1611
USA,sptincj992,p0p50,1994,0.1617
USA,sptincj992,p0p50,1995,0.1574
USA,sptincj992,p0p50,1996,0.1547
USA,sptincj992,p0p50,1997,0.1524
USA,sptincj992,p0p50,1998,0.1528
USA,sptincj992,p0p50,1999,0.1514
USA,sptincj992,p0p50,2000,0.1506
USA,sptincj992,p0p50,2001,0.1531
USA,sptincj992,p0p50,2002,0.154
USA,sptincj992,p0p50,2003,0.1509
USA,sptincj992,p0p50,2004,0.1478
USA,sptincj992,p0p50,2005,0.1432
USA,sptincj992,p0p50,2006,0.1408
USA,sptincj992,p0p50,2007,0.1431
USA,sptincj992,p0p50,2008,0.1429
USA,sptincj992,p0p50,2009,0.1425
USA,sptincj992,p0p50,2010,0.1387
USA,sptincj992,p0p50,2011,0.1356
USA,sptincj992,p0p50,2012,0.1315
USA,sptincj992,p0p50,2013,0.1345
USA,sptincj992,p0p50,2014,0.1314
USA,sptincj992,p0p50,2015,0.1321
USA,sptincj992,p0p50,2016,0.1295
USA,sptincj992,p0p50,2017,0.1348
USA,sptincj992,p0p50,2018,0.1334
USA,sptincj992,p0p50,2019,0.1358
USA,sptincj992,p0p50,2020,0.137
USA,sptincj992,p0p50,2021,0.1346
USA,sptincj992,p0p50,2022,0.1334
USA,sptincj992,p0p50,2023,0.1344
USA,sptincj992,p0p50,2024,0.1344
USA,sptincj992,p0p90,1820,0.5923
USA,sptincj992,p0p90,1850,0.5601
USA,sptincj992,p0p90,1880,0.5900000000000001
USA,sptincj992,p0p90,1900,0.5800000000000001
USA,sptincj992,p0p90,1910,0.5790000000000001
USA,sptincj992,p0p90,1913,0.5689000000000001
USA,sptincj992,p0p90,1914,0.5627
USA,sptincj992,p0p90,1915,0.5697
USA,sptincj992,p0p90,1916,0.5558000000000001
USA,sptincj992,p0p90,1917,0.55
USA,sptincj992,p0p90,1918,0.5605
USA,sptincj992,p0p90,1919,0.541
USA,sptincj992,p0p90,1920,0.5670000000000001
USA,sptincj992,p0p90,1921,0.5265000000000001
USA,sptincj992,p0p90,1922,0.5389
USA,sptincj992,p0p90,1923,0.5631
USA,sptincj992,p0p90,1924,0.5431
USA,sptincj992,p0p90,1925,0.5281
USA,sptincj992,p0p90,1926,0.5237
USA,sptincj992,p0p90,1927,0.5291
USA,sptincj992,p0p90,1928,0.5177
USA,sptincj992,p0p90,1929,0.5305
USA,sptincj992,p0p90,1930,0.5448000000000001
USA,sptincj992,p0p90,1931,0.5367000000000001
USA,sptincj992,p0p90,1932,0.5171
USA,sptincj992,p0p90,1933,0.5197
USA,sptincj992,p0p90,1934,0.5095000000000001
USA,sptincj992,p0p90,1935,0.5191
USA,sptincj992,p0p90,1936,0.5162
USA,sptincj992,p0p90,1937,0.5252
USA,sptincj992,p0p90,1938,0.5291
USA,sptincj992,p0p90,1939,0.5142
USA,sptincj992,p0p90,1940,0.5196000000000001
USA,sptincj992,p0p90,1941,0.53
USA,sptincj992,p0p90,1942,0.5765
USA,sptincj992,p0p90,1943,0.6116
USA,sptincj992,p0p90,1944,0.6394000000000001
USA,sptincj992,p0p90,1945,0.6471
USA,sptincj992,p0p90,1946,0.6305000000000001
USA,sptincj992,p0p90,1947,0.6313000000000001
USA,sptincj992,p0p90,1948,0.6112000000000001
USA,sptincj992,p0p90,1949,0.6165
USA,sptincj992,p0p90,1950,0.6167
USA,sptincj992,p0p90,1951,0.6206
USA,sptincj992,p0p90,1952,0.6336
USA,sptincj992,p0p90,1953,0.6437
USA,sptincj992,p0p90,1954,0.6399
USA,sptincj992,p0p90,1955,0.633
USA,sptincj992,p0p90,1956,0.6426000000000001
USA,sptincj992,p0p90,1957,0.6431
USA,sptincj992,p0p90,1958,0.6449
USA,sptincj992,p0p90,1959,0.6405000000000001
USA,sptincj992,p0p90,1960,0.6518
USA,sptincj992,p0p90,1961,0.6443
USA,sptincj992,p0p90,1962,0.6385000000000001
USA,sptincj992,p0p90,1963,0.6342
USA,sptincj992,p0p90,1964,0.6305000000000001
USA,sptincj992,p0p90,1965,0.6335000000000001
USA,sptincj992,p0p90,1966,0.6363
USA,sptincj992,p0p90,1967,0.6474000000000001
USA,sptincj992,p0p90,1968,0.6451
USA,sptincj992,p0p90,1969,0.6589
USA,sptincj992,p0p90,1970,0.6645
USA,sptincj992,p0p90,1971,0.6592
USA,sptincj992,p0p90,1972,0.6558
USA,sptincj992,p0p90,1973,0.6538
USA,sptincj992,p0p90,1974,0.6644
USA,sptincj992,p0p90,1975,0.6605000000000001
USA,sptincj992,p0p90,1976,0.661
USA,sptincj992,p0p90,1977,0.6573
USA,sptincj992,p0p90,1978,0.6598
USA,sptincj992,p0p90,1979,0.6569
USA,sptincj992,p0p90,1980,0.6616000000000001
USA,sptincj992,p0p90,1981,0.6567000000000001
USA,sptincj992,p0p90,1982,0.654
USA,sptincj992,p0p90,1983,0.6464000000000001
USA,sptincj992,p0p90,1984,0.6351
USA,sptincj992,p0p90,1985,0.6345000000000001
USA,sptincj992,p0p90,1986,0.6366
USA,sptincj992,p0p90,1987,0.6253000000000001
USA,sptincj992,p0p90,1988,0.6076
USA,sptincj992,p0p90,1989,0.6122000000000001
USA,sptincj992,p0p90,1990,0.6124
USA,sptincj992,p0p90,1991,0.6168
USA,sptincj992,p0p90,1992,0.6059
USA,sptincj992,p0p90,1993,0.609
USA,sptincj992,p0p90,1994,0.6087
USA,sptincj992,p0p90,1995,0.601
USA,sptincj992,p0p90,1996,0.5920000000000001
USA,sptincj992,p0p90,1997,0.5845
USA,sptincj992,p0p90,1998,0.5808
USA,sptincj992,p0p90,1999,0.5772
USA,sptincj992,p0p90,2000,0.5727
USA,sptincj992,p0p90,2001,0.5806
USA,sptincj992,p0p90,2002,0.5851000000000001
USA,sptincj992,p0p90,2003,0.5836
USA,sptincj992,p0p90,2004,0.5758
USA,sptincj992,p0p90,2005,0.5641
USA,sptincj992,p0p90,2006,0.5571
USA,sptincj992,p0p90,2007,0.5596
USA,sptincj992,p0p90,2008,0.5644
USA,sptincj992,p0p90,2009,0.5755
USA,sptincj992,p0p90,2010,0.5619000000000001
USA,sptincj992,p0p90,2011,0.5574
USA,sptincj992,p0p90,2012,0.5441
USA,sptincj992,p0p90,2013,0.551
USA,sptincj992,p0p90,2014,0.5442
USA,sptincj992,p0p90,2015,0.545
USA,sptincj992,p0p90,2016,0.5464
USA,sptincj992,p0p90,2017,0.5454
USA,sptincj992,p0p90,2018,0.5419
USA,sptincj992,p0p90,2019,0.5433
USA,sptincj992,p0p90,2020,0.5539000000000001
USA,sptincj992,p0p90,2021,0.5393
USA,sptincj992,p0p90,2022,0.5314
USA,sptincj992,p0p90,2023,0.5324
USA,sptincj992,p0p90,2024,0.5324
USA,sptincj992,p0p99,1820,0.8447
USA,sptincj992,p0p99,1850,0.8338
USA,sptincj992,p0p99,1880,0.8550000000000001
USA,sptincj992,p0p99,1900,0.8450000000000001
USA,sptincj992,p0p99,1910,0.8005
USA,sptincj992,p0p99,1913,0.7957000000000001
USA,sptincj992,p0p99,1914,0.7909
USA,sptincj992,p0p99,1915,0.7971
USA,sptincj992,p0p99,1916,0.7864
USA,sptincj992,p0p99,1917,0.7869
USA,sptincj992,p0p99,1918,0.8032
USA,sptincj992,p0p99,1919,0.7836000000000001
USA,sptincj992,p0p99,1920,0.8123
USA,sptincj992,p0p99,1921,0.8085
USA,sptincj992,p0p99,1922,0.8142
USA,sptincj992,p0p99,1923,0.8230000000000001
USA,sptincj992,p0p99,1924,0.8153
USA,sptincj992,p0p99,1925,0.7932
USA,sptincj992,p0p99,1926,0.7806000000000001
USA,sptincj992,p0p99,1927,0.7874
USA,sptincj992,p0p99,1928,0.7771
USA,sptincj992,p0p99,1929,0.7782
USA,sptincj992,p0p99,1930,0.8094
USA,sptincj992,p0p99,1931,0.8324
USA,sptincj992,p0p99,1932,0.8349000000000001
USA,sptincj992,p0p99,1933,0.8249000000000001
USA,sptincj992,p0p99,1934,0.8094
USA,sptincj992,p0p99,1935,0.8067000000000001
USA,sptincj992,p0p99,1936,0.7906000000000001
USA,sptincj992,p0p99,1937,0.7933
USA,sptincj992,p0p99,1938,0.8136
USA,sptincj992,p0p99,1939,0.8043
USA,sptincj992,p0p99,1940,0.7952
USA,sptincj992,p0p99,1941,0.7842
USA,sptincj992,p0p99,1942,0.7941
USA,sptincj992,p0p99,1943,0.8141
USA,sptincj992,p0p99,1944,0.8465
USA,sptincj992,p0p99,1945,0.8575
USA,sptincj992,p0p99,1946,0.8572000000000001
USA,sptincj992,p0p99,1947,0.8503000000000001
USA,sptincj992,p0p99,1948,0.8369000000000001
USA,sptincj992,p0p99,1949,0.8428
USA,sptincj992,p0p99,1950,0.8361000000000001
USA,sptincj992,p0p99,1951,0.8400000000000001
USA,sptincj992,p0p99,1952,0.8503000000000001
USA,sptincj992,p0p99,1953,0.8599
USA,sptincj992,p0p99,1954,0.8605
USA,sptincj992,p0p99,1955,0.8539
USA,sptincj992,p0p99,1956,0.8616
USA,sptincj992,p0p99,1957,0.8647
USA,sptincj992,p0p99,1958,0.8732000000000001
USA,sptincj992,p0p99,1959,0.8679
USA,sptincj992,p0p99,1960,0.8757
USA,sptincj992,p0p99,1961,0.8747
USA,sptincj992,p0p99,1962,0.8716
USA,sptincj992,p0p99,1963,0.8702000000000001
USA,sptincj992,p0p99,1964,0.8689
USA,sptincj992,p0p99,1965,0.8697
USA,sptincj992,p0p99,1966,0.8703000000000001
USA,sptincj992,p0p99,1967,0.8763000000000001
USA,sptincj992,p0p99,1968,0.8739
USA,sptincj992,p0p99,1969,0.884
USA,sptincj992,p0p99,1970,0.893
USA,sptincj992,p0p99,1971,0.8895000000000001
USA,sptincj992,p0p99,1972,0.8892
USA,sptincj992,p0p99,1973,0.8912
USA,sptincj992,p0p99,1974,0.8963000000000001
USA,sptincj992,p0p99,1975,0.8957
USA,sptincj992,p0p99,1976,0.8964000000000001
USA,sptincj992,p0p99,1977,0.8942
USA,sptincj992,p0p99,1978,0.8965000000000001
USA,sptincj992,p0p99,1979,0.8914000000000001
USA,sptincj992,p0p99,1980,0.8958
USA,sptincj992,p0p99,1981,0.8933000000000001
USA,sptincj992,p0p99,1982,0.8901
USA,sptincj992,p0p99,1983,0.885
USA,sptincj992,p0p99,1984,0.8785000000000001
USA,sptincj992,p0p99,1985,0.8773000000000001
USA,sptincj992,p0p99,1986,0.8802000000000001
USA,sptincj992,p0p99,1987,0.8676
USA,sptincj992,p0p99,1988,0.8479
USA,sptincj992,p0p99,1989,0.8531000000000001
USA,sptincj992,p0p99,1990,0.8529
USA,sptincj992,p0p99,1991,0.8635
USA,sptincj992,p0p99,1992,0.8532000000000001
USA,sptincj992,p0p99,1993,0.8585
USA,sptincj992,p0p99,1994,0.8598
USA,sptincj992,p0p99,1995,0.8548
USA,sptincj992,p0p99,1996,0.8475
USA,sptincj992,p0p99,1997,0.8400000000000001
USA,sptincj992,p0p99,1998,0.8368
USA,sptincj992,p0p99,1999,0.8324
USA,sptincj992,p0p99,2000,0.8266
USA,sptincj992,p0p99,2001,0.8341000000000001
USA,sptincj992,p0p99,2002,0.8390000000000001
USA,sptincj992,p0p99,2003,0.8368
USA,sptincj992,p0p99,2004,0.8294
USA,sptincj992,p0p99,2005,0.8194
USA,sptincj992,p0p99,2006,0.8148000000000001
USA,sptincj992,p0p99,2007,0.8162
USA,sptincj992,p0p99,2008,0.8207
USA,sptincj992,p0p99,2009,0.8330000000000001
USA,sptincj992,p0p99,2010,0.8211
USA,sptincj992,p0p99,2011,0.8192
USA,sptincj992,p0p99,2012,0.8051
USA,sptincj992,p0p99,2013,0.8154
USA,sptincj992,p0p99,2014,0.8103
USA,sptincj992,p0p99,2015,0.8111
USA,sptincj992,p0p99,2016,0.8134
USA,sptincj992,p0p99,2017,0.8095
USA,sptincj992,p0p99,2018,0.8076
USA,sptincj992,p0p99,2019,0.8096
USA,sptincj992,p0p99,2020,0.8183
USA,sptincj992,p0p99,2021,0.8012
USA,sptincj992,p0p99,2022,0.7927000000000001
USA,sptincj992,p0p99,2023,0.7927000000000001
USA,sptincj992,p0p99,2024,0.7927000000000001
USA,sptincj992,p50p90,1820,0.4271
USA,sptincj992,p50p90,1850,0.4301
USA,sptincj992,p50p90,1880,0.42
USA,sptincj992,p50p90,1900,0.4171
USA,sptincj992,p50p90,1910,0.408
USA,sptincj992,p50p90,1913,0.418
USA,sptincj992,p50p90,1914,0.4135
USA,sptincj992,p50p90,1915,0.4184
USA,sptincj992,p50p90,1916,0.4086
USA,sptincj992,p50p90,1917,0.404
USA,sptincj992,p50p90,1918,0.4128
USA,sptincj992,p50p90,1919,0.3973
USA,sptincj992,p50p90,1920,0.4028
USA,sptincj992,p50p90,1921,0.3883
USA,sptincj992,p50p90,1922,0.397
USA,sptincj992,p50p90,1923,0.4143
USA,sptincj992,p50p90,1924,0.4017
USA,sptincj992,p50p90,1925,0.3909
USA,sptincj992,p50p90,1926,0.3881
USA,sptincj992,p50p90,1927,0.3912
USA,sptincj992,p50p90,1928,0.3827
USA,sptincj992,p50p90,1929,0.3924
USA,sptincj992,p50p90,1930,0.3908
USA,sptincj992,p50p90,1931,0.3984
USA,sptincj992,p50p90,1932,0.3849
USA,sptincj992,p50p90,1933,0.3868
USA,sptincj992,p50p90,1934,0.3779
USA,sptincj992,p50p90,1935,0.3809
USA,sptincj992,p50p90,1936,0.3775
USA,sptincj992,p50p90,1937,0.3843
USA,sptincj992,p50p90,1938,0.387
USA,sptincj992,p50p90,1939,0.3762
USA,sptincj992,p50p90,1940,0.3646
USA,sptincj992,p50p90,1941,0.3848
USA,sptincj992,p50p90,1942,0.3997
USA,sptincj992,p50p90,1943,0.4237
USA,sptincj992,p50p90,1944,0.4427
USA,sptincj992,p50p90,1945,0.4889
USA,sptincj992,p50p90,1946,0.4593
USA,sptincj992,p50p90,1947,0.4584
USA,sptincj992,p50p90,1948,0.4373
USA,sptincj992,p50p90,1949,0.4455
USA,sptincj992,p50p90,1950,0.4264
USA,sptincj992,p50p90,1951,0.4368
USA,sptincj992,p50p90,1952,0.4441
USA,sptincj992,p50p90,1953,0.4506
USA,sptincj992,p50p90,1954,0.4539
USA,sptincj992,p50p90,1955,0.4454
USA,sptincj992,p50p90,1956,0.4498
USA,sptincj992,p50p90,1957,0.451
USA,sptincj992,p50p90,1958,0.4607
USA,sptincj992,p50p90,1959,0.4587
USA,sptincj992,p50p90,1960,0.4541
USA,sptincj992,p50p90,1961,0.4671
USA,sptincj992,p50p90,1962,0.4454
USA,sptincj992,p50p90,1963,0.4449
USA,sptincj992,p50p90,1964,0.4448
USA,sptincj992,p50p90,1965,0.4432
USA,sptincj992,p50p90,1966,0.4416
USA,sptincj992,p50p90,1967,0.4401
USA,sptincj992,p50p90,1968,0.4389
USA,sptincj992,p50p90,1969,0.4465
USA,sptincj992,p50p90,1970,0.4533
USA,sptincj992,p50p90,1971,0.4548
USA,sptincj992,p50p90,1972,0.4534
USA,sptincj992,p50p90,1973,0.4495
USA,sptincj992,p50p90,1974,0.4544
USA,sptincj992,p50p90,1975,0.4563
USA,sptincj992,p50p90,1976,0.4558
USA,sptincj992,p50p90,1977,0.4546
USA,sptincj992,p50p90,1978,0.4575
USA,sptincj992,p50p90,1979,0.4535
USA,sptincj992,p50p90,1980,0.4609
USA,sptincj992,p50p90,1981,0.4598
USA,sptincj992,p50p90,1982,0.4624
USA,sptincj992,p50p90,1983,0.4632
USA,sptincj992,p50p90,1984,0.4555
USA,sptincj992,p50p90,1985,0.4563
USA,sptincj992,p50p90,1986,0.4605
USA,sptincj992,p50p90,1987,0.4517
USA,sptincj992,p50p90,1988,0.4388
USA,sptincj992,p50p90,1989,0.4424
USA,sptincj992,p50p90,1990,0.4439
USA,sptincj992,p50p90,1991,0.4497
USA,sptincj992,p50p90,1992,0.4459
USA,sptincj992,p50p90,1993,0.4478
USA,sptincj992,p50p90,1994,0.4471
USA,sptincj992,p50p90,1995,0.4435
USA,sptincj992,p50p90,1996,0.4374
USA,sptincj992,p50p90,1997,0.432
USA,sptincj992,p50p90,1998,0.428
USA,sptincj992,p50p90,1999,0.4258
USA,sptincj992,p50p90,2000,0.422
USA,sptincj992,p50p90,2001,0.4275
USA,sptincj992,p50p90,2002,0.4311
USA,sptincj992,p50p90,2003,0.4327
USA,sptincj992,p50p90,2004,0.4279
USA,sptincj992,p50p90,2005,0.4209
USA,sptincj992,p50p90,2006,0.4163
USA,sptincj992,p50p90,2007,0.4165
USA,sptincj992,p50p90,2008,0.4216
USA,sptincj992,p50p90,2009,0.4331
USA,sptincj992,p50p90,2010,0.4232
USA,sptincj992,p50p90,2011,0.4219
USA,sptincj992,p50p90,2012,0.4125
USA,sptincj992,p50p90,2013,0.4165
USA,sptincj992,p50p90,2014,0.4128
USA,sptincj992,p50p90,2015,0.413
USA,sptincj992,p50p90,2016,0.4169
USA,sptincj992,p50p90,2017,0.4105
USA,sptincj992,p50p90,2018,0.4085
USA,sptincj992,p50p90,2019,0.4075
USA,sptincj992,p50p90,2020,0.417
USA,sptincj992,p50p90,2021,0.4047
USA,sptincj992,p50p90,2022,0.3981
USA,sptincj992,p50p90,2023,0.3981
USA,sptincj992,p50p90,2024,0.3981
USA,sptincj992,p90p100,1820,0.4077
USA,sptincj992,p90p100,1850,0.4399
USA,sptincj992,p90p100,1880,0.41
USA,sptincj992,p90p100,1900,0.42
USA,sptincj992,p90p100,1910,0.421
USA,sptincj992,p90p100,1913,0.4311
USA,sptincj992,p90p100,1914,0.4373
USA,sptincj992,p90p100,1915,0.4303
USA,sptincj992,p90p100,1916,0.4442
USA,sptincj992,p90p100,1917,0.45
USA,sptincj992,p90p100,1918,0.4395
USA,sptincj992,p90p100,1919,0.459
USA,sptincj992,p90p100,1920,0.433
USA,sptincj992,p90p100,1921,0.4735
USA,sptincj992,p90p100,1922,0.4611
USA,sptincj992,p90p100,1923,0.4369
USA,sptincj992,p90p100,1924,0.4569
USA,sptincj992,p90p100,1925,0.4719
USA,sptincj992,p90p100,1926,0.4763
USA,sptincj992,p90p100,1927,0.4709
USA,sptincj992,p90p100,1928,0.4823
USA,sptincj992,p90p100,1929,0.4695
USA,sptincj992,p90p100,1930,0.4552
USA,sptincj992,p90p100,1931,0.4633
USA,sptincj992,p90p100,1932,0.4829
USA,sptincj992,p90p100,1933,0.4803
USA,sptincj992,p90p100,1934,0.4905
USA,sptincj992,p90p100,1935,0.4809
USA,sptincj992,p90p100,1936,0.4838
USA,sptincj992,p90p100,1937,0.4748
USA,sptincj992,p90p100,1938,0.4709
USA,sptincj992,p90p100,1939,0.4858
USA,sptincj992,p90p100,1940,0.4804
USA,sptincj992,p90p100,1941,0.47
USA,sptincj992,p90p100,1942,0.4235
USA,sptincj992,p90p100,1943,0.3884
USA,sptincj992,p90p100,1944,0.3606
USA,sptincj992,p90p100,1945,0.3529
USA,sptincj992,p90p100,1946,0.3695
USA,sptincj992,p90p100,1947,0.3687
USA,sptincj992,p90p100,1948,0.3888
USA,sptincj992,p90p100,1949,0.3835
USA,sptincj992,p90p100,1950,0.3833
USA,sptincj992,p90p100,1951,0.3794
USA,sptincj992,p90p100,1952,0.3664
USA,sptincj992,p90p100,1953,0.3563
USA,sptincj992,p90p100,1954,0.3601
USA,sptincj992,p90p100,1955,0.367
USA,sptincj992,p90p100,1956,0.3574
USA,sptincj992,p90p100,1957,0.3569
USA,sptincj992,p90p100,1958,0.3551
USA,sptincj992,p90p100,1959,0.3595
USA,sptincj992,p90p100,1960,0.3482
USA,sptincj992,p90p100,1961,0.3557
USA,sptincj992,p90p100,1962,0.3615
USA,sptincj992,p90p100,1963,0.3658
USA,sptincj992,p90p100,1964,0.3695
USA,sptincj992,p90p100,1965,0.3665
USA,sptincj992,p90p100,1966,0.3637
USA,sptincj992,p90p100,1967,0.3526
USA,sptincj992,p90p100,1968,0.3549
USA,sptincj992,p90p100,1969,0.3411
USA,sptincj992,p90p100,1970,0.3355
USA,sptincj992,p90p100,1971,0.3408
USA,sptincj992,p90p100,1972,0.3442
USA,sptincj992,p90p100,1973,0.3462
USA,sptincj992,p90p100,1974,0.3356
USA,sptincj992,p90p100,1975,0.3395
USA,sptincj992,p90p100,1976,0.339
USA,sptincj992,p90p100,1977,0.3427
USA,sptincj992,p90p100,1978,0.3402
USA,sptincj992,p90p100,1979,0.3431
USA,sptincj992,p90p100,1980,0.3384
USA,sptincj992,p90p100,1981,0.3433
USA,sptincj992,p90p100,1982,0.346
USA,sptincj992,p90p100,1983,0.3536
USA,sptincj992,p90p100,1984,0.3649
USA,sptincj992,p90p100,1985,0.3655
USA,sptincj992,p90p100,1986,0.3634
USA,sptincj992,p90p100,1987,0.3747
USA,sptincj992,p90p100,1988,0.3924
USA,sptincj992,p90p100,1989,0.3878
USA,sptincj992,p90p100,1990,0.3876
USA,sptincj992,p90p100,1991,0.3832
USA,sptincj992,p90p100,1992,0.3941
USA,sptincj992,p90p100,1993,0.391
USA,sptincj992,p90p100,1994,0.3913
USA,sptincj992,p90p100,1995,0.399
USA,sptincj992,p90p100,1996,0.408
USA,sptincj992,p90p100,1997,0.4155
USA,sptincj992,p90p100,1998,0.4192
USA,sptincj992,p90p100,1999,0.4228
USA,sptincj992,p90p100,2000,0.4273
USA,sptincj992,p90p100,2001,0.4194
USA,sptincj992,p90p100,2002,0.4149
USA,sptincj992,p90p100,2003,0.4164
USA,sptincj992,p90p100,2004,0.4242
USA,sptincj992,p90p100,2005,0.4359
USA,sptincj992,p90p100,2006,0.4429
USA,sptincj992,p90p100,2007,0.4404
USA,sptincj992,p90p100,2008,0.4356
USA,sptincj992,p90p100,2009,0.4245
USA,sptincj992,p90p100,2010,0.4381
USA,sptincj992,p90p100,2011,0.4426
USA,sptincj992,p90p100,2012,0.4559
USA,sptincj992,p90p100,2013,0.449
USA,sptincj992,p90p100,2014,0.4558
USA,sptincj992,p90p100,2015,0.455
USA,sptincj992,p90p100,2016,0.4536
USA,sptincj992,p90p100,2017,0.4546
USA,sptincj992,p90p100,2018,0.4581
USA,sptincj992,p90p100,2019,0.4567
USA,sptincj992,p90p100,2020,0.4461
USA,sptincj992,p90p100,2021,0.4607
USA,sptincj992,p90p100,2022,0.4686
USA,sptincj992,p90p100,2023,0.4676
USA,sptincj992,p90p100,2024,0.4676
USA,sptincj992,p99p100,1820,0.1553
USA,sptincj992,p99p100,1850,0.1662
USA,sptincj992,p99p100,1880,0.145
USA,sptincj992,p99p100,1900,0.155
USA,sptincj992,p99p100,1910,0.1995
USA,sptincj992,p99p100,1913,0.2043
USA,sptincj992,p99p100,1914,0.2091
USA,sptincj992,p99p100,1915,0.2029
USA,sptincj992,p99p100,1916,0.2136
USA,sptincj992,p99p100,1917,0.2131
USA,sptincj992,p99p100,1918,0.1968
USA,sptincj992,p99p100,1919,0.2164
USA,sptincj992,p99p100,1920,0.1877
USA,sptincj992,p99p100,1921,0.1915
USA,sptincj992,p99p100,1922,0.1858
USA,sptincj992,p99p100,1923,0.177
USA,sptincj992,p99p100,1924,0.1847
USA,sptincj992,p99p100,1925,0.2068
USA,sptincj992,p99p100,1926,0.2194
USA,sptincj992,p99p100,1927,0.2126
USA,sptincj992,p99p100,1928,0.2229
USA,sptincj992,p99p100,1929,0.2218
USA,sptincj992,p99p100,1930,0.1906
USA,sptincj992,p99p100,1931,0.1676
USA,sptincj992,p99p100,1932,0.1651
USA,sptincj992,p99p100,1933,0.1751
USA,sptincj992,p99p100,1934,0.1906
USA,sptincj992,p99p100,1935,0.1933
USA,sptincj992,p99p100,1936,0.2094
USA,sptincj992,p99p100,1937,0.2067
USA,sptincj992,p99p100,1938,0.1864
USA,sptincj992,p99p100,1939,0.1957
USA,sptincj992,p99p100,1940,0.2048
USA,sptincj992,p99p100,1941,0.2158
USA,sptincj992,p99p100,1942,0.2059
USA,sptincj992,p99p100,1943,0.1859
USA,sptincj992,p99p100,1944,0.1535
USA,sptincj992,p99p100,1945,0.1425
USA,sptincj992,p99p100,1946,0.1428
USA,sptincj992,p99p100,1947,0.1497
USA,sptincj992,p99p100,1948,0.1631
USA,sptincj992,p99p100,1949,0.1572
USA,sptincj992,p99p100,1950,0.1639
USA,sptincj992,p99p100,1951,0.16
USA,sptincj992,p99p100,1952,0.1497
USA,sptincj992,p99p100,1953,0.1401
USA,sptincj992,p99p100,1954,0.1395
USA,sptincj992,p99p100,1955,0.1461
USA,sptincj992,p99p100,1956,0.1384
USA,sptincj992,p99p100,1957,0.1353
USA,sptincj992,p99p100,1958,0.1268
USA,sptincj992,p99p100,1959,0.1321
USA,sptincj992,p99p100,1960,0.1243
USA,sptincj992,p99p100,1961,0.1253
USA,sptincj992,p99p100,1962,0.1284
USA,sptincj992,p99p100,1963,0.1298
USA,sptincj992,p99p100,1964,0.1311
USA,sptincj992,p99p100,1965,0.1303
USA,sptincj992,p99p100,1966,0.1297
USA,sptincj992,p99p100,1967,0.1237
USA,sptincj992,p99p100,1968,0.1261
USA,sptincj992,p99p100,1969,0.116
USA,sptincj992,p99p100,1970,0.107
USA,sptincj992,p99p100,1971,0.1105
USA,sptincj992,p99p100,1972,0.1108
USA,sptincj992,p99p100,1973,0.1088
USA,sptincj992,p99p100,1974,0.1037
USA,sptincj992,p99p100,1975,0.1043
USA,sptincj992,p99p100,1976,0.1036
USA,sptincj992,p99p100,1977,0.1058
USA,sptincj992,p99p100,1978,0.1035
USA,sptincj992,p99p100,1979,0.1086
USA,sptincj992,p99p100,1980,0.1042
USA,sptincj992,p99p100,1981,0.1067
USA,sptincj992,p99p100,1982,0.1099
USA,sptincj992,p99p100,1983,0.115
USA,sptincj992,p99p100,1984,0.1215
USA,sptincj992,p99p100,1985,0.1227
USA,sptincj992,p99p100,1986,0.1198
USA,sptincj992,p99p100,1987,0.1324
USA,sptincj992,p99p100,1988,0.1521
USA,sptincj992,p99p100,1989,0.1469
USA,sptincj992,p99p100,1990,0.1471
USA,sptincj992,p99p100,1991,0.1365
USA,sptincj992,p99p100,1992,0.1468
USA,sptincj992,p99p100,1993,0.1415
USA,sptincj992,p99p100,1994,0.1402
USA,sptincj992,p99p100,1995,0.1452
USA,sptincj992,p99p100,1996,0.1525
USA,sptincj992,p99p100,1997,0.16
USA,sptincj992,p99p100,1998,0.1632
USA,sptincj992,p99p100,1999,0.1676
USA,sptincj992,p99p100,2000,0.1734
USA,sptincj992,p99p100,2001,0.1659
USA,sptincj992,p99p100,2002,0.161
USA,sptincj992,p99p100,2003,0.1632
USA,sptincj992,p99p100,2004,0.1706
USA,sptincj992,p99p100,2005,0.1806
USA,sptincj992,p99p100,2006,0.1852
USA,sptincj992,p99p100,2007,0.1838
USA,sptincj992,p99p100,2008,0.1793
USA,sptincj992,p99p100,2009,0.167
USA,sptincj992,p99p100,2010,0.1789
USA,sptincj992,p99p100,2011,0.1808
USA,sptincj992,p99p100,2012,0.1949
USA,sptincj992,p99p100,2013,0.1846
USA,sptincj992,p99p100,2014,0.1897
USA,sptincj992,p99p100,2015,0.1889
USA,sptincj992,p99p100,2016,0.1866
USA,sptincj992,p99p100,2017,0.1905
USA,sptincj992,p99p100,2018,0.1924
USA,sptincj992,p99p100,2019,0.1904
USA,sptincj992,p99p100,2020,0.1817
USA,sptincj992,p99p100,2021,0.1988
USA,sptincj992,p99p100,2022,0.2073
USA,sptincj992,p99p100,2023,0.2073
USA,sptincj992,p99p100,2024,0.2073
ZAF,spllinf992,p0p100,1990,0.2683
ZAF,spllinf992,p0p100,1991,0.2683
ZAF,spllinf992,p0p100,1992,0.27200001
ZAF,spllinf992,p0p100,1993,0.2678
ZAF,spllinf992,p0p100,1994,0.27239999
ZAF,spllinf992,p0p100,1995,0.2895
ZAF,spllinf992,p0p100,1996,0.30360001
ZAF,spllinf992,p0p100,1997,0.31389999
ZAF,spllinf992,p0p100,1998,0.3161
ZAF,spllinf992,p0p100,1999,0.3188
ZAF,spllinf992,p0p100,2000,0.3222
ZAF,spllinf992,p0p100,2001,0.324
ZAF,spllinf992,p0p100,2002,0.324
ZAF,spllinf992,p0p100,2003,0.32350001
ZAF,spllinf992,p0p100,2004,0.31850001
ZAF,spllinf992,p0p100,2005,0.32870001
ZAF,spllinf992,p0p100,2006,0.3188
ZAF,spllinf992,p0p100,2007,0.34369999
ZAF,spllinf992,p0p100,2008,0.33680001
ZAF,spllinf992,p0p100,2009,0.3369
ZAF,spllinf992,p0p100,2010,0.3371
ZAF,spllinf992,p0p100,2011,0.3504
ZAF,spllinf992,p0p100,2012,0.3637
ZAF,spllinf992,p0p100,2013,0.36129999
ZAF,spllinf992,p0p100,2014,0.35879999
ZAF,spllinf992,p0p100,2015,0.35640001
ZAF,spllinf992,p0p100,2016,0.35800001
ZAF,spllinf992,p0p100,2017,0.35960001
ZAF,spllinf992,p0p100,2018,0.3558
ZAF,spllinf992,p0p100,2019,0.35030001
ZAF,spllinf992,p0p100,2020,0.3407
ZAF,spllinf992,p0p100,2021,0.33559999
ZAF,spllinf992,p0p100,2022,0.33919999
ZAF,spllinf992,p0p100,2023,0.34459999
ZAF,spllinf992,p0p100,2024,0.34990001
ZAF,sptincj992,p0p100,1820,1
ZAF,sptincj992,p0p100,1850,1
ZAF,sptincj992,p0p100,1880,1
ZAF,sptincj992,p0p100,1900,1
ZAF,sptincj992,p0p100,1910,1
ZAF,sptincj992,p0p100,1913,1
ZAF,sptincj992,p0p100,1914,1
ZAF,sptincj992,p0p100,1915,1
ZAF,sptincj992,p0p100,1916,1
ZAF,sptincj992,p0p100,1917,1
ZAF,sptincj992,p0p100,1918,1
ZAF,sptincj992,p0p100,1919,1
ZAF,sptincj992,p0p100,1920,1
ZAF,sptincj992,p0p100,1921,1
ZAF,sptincj992,p0p100,1922,1
ZAF,sptincj992,p0p100,1923,1
ZAF,sptincj992,p0p100,1924,1
ZAF,sptincj992,p0p100,1925,1
ZAF,sptincj992,p0p100,1926,1
ZAF,sptincj992,p0p100,1927,1
ZAF,sptincj992,p0p100,1928,1
ZAF,sptincj992,p0p100,1929,1
ZAF,sptincj992,p0p100,1930,1
ZAF,sptincj992,p0p100,1931,1
ZAF,sptincj992,p0p100,1932,1
ZAF,sptincj992,p0p100,1933,1
ZAF,sptincj992,p0p100,1934,1
ZAF,sptincj992,p0p100,1935,1
ZAF,sptincj992,p0p100,1936,1
ZAF,sptincj992,p0p100,1937,1
ZAF,sptincj992,p0p100,1938,1
ZAF,sptincj992,p0p100,1939,1
ZAF,sptincj992,p0p100,1940,1
ZAF,sptincj992,p0p100,1944,1
ZAF,sptincj992,p0p100,1945,1
ZAF,sptincj992,p0p100,1946,1
ZAF,sptincj992,p0p100,1947,1
ZAF,sptincj992,p0p100,1948,1
ZAF,sptincj992,p0p100,1949,1
ZAF,sptincj992,p0p100,1950,1
ZAF,sptincj992,p0p100,1954,1
ZAF,sptincj992,p0p100,1955,1
ZAF,sptincj992,p0p100,1956,1
ZAF,sptincj992,p0p100,1957,1
ZAF,sptincj992,p0p100,1958,1
ZAF,sptincj992,p0p100,1959,1
ZAF,sptincj992,p0p100,1960,1
ZAF,sptincj992,p0p100,1961,1
ZAF,sptincj992,p0p100,1963,1
ZAF,sptincj992,p0p100,1964,1
ZAF,sptincj992,p0p100,1965,1
ZAF,sptincj992,p0p100,1967,1
ZAF,sptincj992,p0p100,1969,1
ZAF,sptincj992,p0p100,1970,1
ZAF,sptincj992,p0p100,1971,1
ZAF,sptincj992,p0p100,1974,1
ZAF,sptincj992,p0p100,1975,1
ZAF,sptincj992,p0p100,1978,1
ZAF,sptincj992,p0p100,1979,1
ZAF,sptincj992,p0p100,1980,1
ZAF,sptincj992,p0p100,1981,1
ZAF,sptincj992,p0p100,1982,1
ZAF,sptincj992,p0p100,1983,1
ZAF,sptincj992,p0p100,1984,1
ZAF,sptincj992,p0p100,1985,1
ZAF,sptincj992,p0p100,1986,1
ZAF,sptincj992,p0p100,1987,1
ZAF,sptincj992,p0p100,1988,1
ZAF,sptincj992,p0p100,1989,1
ZAF,sptincj992,p0p100,1990,1
ZAF,sptincj992,p0p100,1991,1
ZAF,sptincj992,p0p100,1992,1
ZAF,sptincj992,p0p100,1993,1
ZAF,sptincj992,p0p100,1994,1
ZAF,sptincj992,p0p100,1995,1
ZAF,sptincj992,p0p100,1996,1
ZAF,sptincj992,p0p100,1997,1
ZAF,sptincj992,p0p100,1998,1
ZAF,sptincj992,p0p100,1999,1
ZAF,sptincj992,p0p100,2000,1
ZAF,sptincj992,p0p100,2001,1
ZAF,sptincj992,p0p100,2002,1
ZAF,sptincj992,p0p100,2003,1
ZAF,sptincj992,p0p100,2004,1
ZAF,sptincj992,p0p100,2005,1
ZAF,sptincj992,p0p100,2006,1
ZAF,sptincj992,p0p100,2007,1
ZAF,sptincj992,p0p100,2008,1
ZAF,sptincj992,p0p100,2009,1
ZAF,sptincj992,p0p100,2010,1
ZAF,sptincj992,p0p100,2011,1
ZAF,sptincj992,p0p100,2012,1
ZAF,sptincj992,p0p100,2013,1
ZAF,sptincj992,p0p100,2014,1
ZAF,sptincj992,p0p100,2015,1
ZAF,sptincj992,p0p100,2016,1
ZAF,sptincj992,p0p100,2017,1
ZAF,sptincj992,p0p100,2018,1
ZAF,sptincj992,p0p100,2019,1
ZAF,sptincj992,p0p100,2020,1
ZAF,sptincj992,p0p100,2021,1
ZAF,sptincj992,p0p100,2022,1
ZAF,sptincj992,p0p100,2023,1
ZAF,sptincj992,p0p100,2024,1
ZAF,sptincj992,p0p50,1820,0.1464
ZAF,sptincj992,p0p50,1850,0.1432
ZAF,sptincj992,p0p50,1880,0.14
ZAF,sptincj992,p0p50,1900,0.1351
ZAF,sptincj992,p0p50,1910,0.127
ZAF,sptincj992,p0p50,1913,0.1187
ZAF,sptincj992,p0p50,1914,0.1163
ZAF,sptincj992,p0p50,1915,0.1139
ZAF,sptincj992,p0p50,1916,0.1108
ZAF,sptincj992,p0p50,1917,0.1082
ZAF,sptincj992,p0p50,1918,0.1061
ZAF,sptincj992,p0p50,1919,0.1047
ZAF,sptincj992,p0p50,1920,0.1012
ZAF,sptincj992,p0p50,1921,0.101
ZAF,sptincj992,p0p50,1922,0.1018
ZAF,sptincj992,p0p50,1923,0.1026
ZAF,sptincj992,p0p50,1924,0.1026
ZAF,sptincj992,p0p50,1925,0.1025
ZAF,sptincj992,p0p50,1926,0.1031
ZAF,sptincj992,p0p50,1927,0.1035
ZAF,sptincj992,p0p50,1928,0.1037
ZAF,sptincj992,p0p50,1929,0.1041
ZAF,sptincj992,p0p50,1930,0.104
ZAF,sptincj992,p0p50,1931,0.1046
ZAF,sptincj992,p0p50,1932,0.1056
ZAF,sptincj992,p0p50,1933,0.1063
ZAF,sptincj992,p0p50,1934,0.1075
ZAF,sptincj992,p0p50,1935,0.1078
ZAF,sptincj992,p0p50,1936,0.1084
ZAF,sptincj992,p0p50,1937,0.1095
ZAF,sptincj992,p0p50,1938,0.1104
ZAF,sptincj992,p0p50,1939,0.1117
ZAF,sptincj992,p0p50,1940,0.1118
ZAF,sptincj992,p0p50,1944,0.1116
ZAF,sptincj992,p0p50,1945,0.1121
ZAF,sptincj992,p0p50,1946,0.111
ZAF,sptincj992,p0p50,1947,0.1116
ZAF,sptincj992,p0p50,1948,0.1122
ZAF,sptincj992,p0p50,1949,0.1121
ZAF,sptincj992,p0p50,1950,0.1128
ZAF,sptincj992,p0p50,1954,0.1159
ZAF,sptincj992,p0p50,1955,0.1162
ZAF,sptincj992,p0p50,1956,0.117
ZAF,sptincj992,p0p50,1957,0.1175
ZAF,sptincj992,p0p50,1958,0.1182
ZAF,sptincj992,p0p50,1959,0.1188
ZAF,sptincj992,p0p50,1960,0.1194
ZAF,sptincj992,p0p50,1961,0.1216
ZAF,sptincj992,p0p50,1963,0.1246
ZAF,sptincj992,p0p50,1964,0.1267
ZAF,sptincj992,p0p50,1965,0.1291
ZAF,sptincj992,p0p50,1967,0.1328
ZAF,sptincj992,p0p50,1969,0.1362
ZAF,sptincj992,p0p50,1970,0.1192
ZAF,sptincj992,p0p50,1971,0.1408
ZAF,sptincj992,p0p50,1974,0.1467
ZAF,sptincj992,p0p50,1975,0.1492
ZAF,sptincj992,p0p50,1978,0.1558
ZAF,sptincj992,p0p50,1979,0.1584
ZAF,sptincj992,p0p50,1980,0.135
ZAF,sptincj992,p0p50,1981,0.135
ZAF,sptincj992,p0p50,1982,0.135
ZAF,sptincj992,p0p50,1983,0.135
ZAF,sptincj992,p0p50,1984,0.135
ZAF,sptincj992,p0p50,1985,0.135
ZAF,sptincj992,p0p50,1986,0.135
ZAF,sptincj992,p0p50,1987,0.135
ZAF,sptincj992,p0p50,1988,0.135
ZAF,sptincj992,p0p50,1989,0.135
ZAF,sptincj992,p0p50,1990,0.135
ZAF,sptincj992,p0p50,1991,0.1257
ZAF,sptincj992,p0p50,1992,0.1275
ZAF,sptincj992,p0p50,1993,0.1389
ZAF,sptincj992,p0p50,1994,0.1337
ZAF,sptincj992,p0p50,1995,0.1284
ZAF,sptincj992,p0p50,1996,0.1232
ZAF,sptincj992,p0p50,1997,0.118
ZAF,sptincj992,p0p50,1998,0.1128
ZAF,sptincj992,p0p50,1999,0.1076
ZAF,sptincj992,p0p50,2000,0.1025
ZAF,sptincj992,p0p50,2001,0.102
ZAF,sptincj992,p0p50,2002,0.1016
ZAF,sptincj992,p0p50,2003,0.1008
ZAF,sptincj992,p0p50,2004,0.1046
ZAF,sptincj992,p0p50,2005,0.1016
ZAF,sptincj992,p0p50,2006,0.0937
ZAF,sptincj992,p0p50,2007,0.0816
ZAF,sptincj992,p0p50,2008,0.0874
ZAF,sptincj992,p0p50,2009,0.0899
ZAF,sptincj992,p0p50,2010,0.0789
ZAF,sptincj992,p0p50,2011,0.0736
ZAF,sptincj992,p0p50,2012,0.059
ZAF,sptincj992,p0p50,2013,0.0585
ZAF,sptincj992,p0p50,2014,0.0581
ZAF,sptincj992,p0p50,2015,0.0581
ZAF,sptincj992,p0p50,2016,0.0581
ZAF,sptincj992,p0p50,2017,0.0581
ZAF,sptincj992,p0p50,2018,0.0581
ZAF,sptincj992,p0p50,2019,0.0581
ZAF,sptincj992,p0p50,2020,0.0581
ZAF,sptincj992,p0p50,2021,0.0581
ZAF,sptincj992,p0p50,2022,0.0581
ZAF,sptincj992,p0p50,2023,0.0581
ZAF,sptincj992,p0p50,2024,0.0527
ZAF,sptincj992,p0p90,1820,0.5074000000000001
ZAF,sptincj992,p0p90,1850,0.4962
ZAF,sptincj992,p0p90,1880,0.485
ZAF,sptincj992,p0p90,1900,0.4682
ZAF,sptincj992,p0p90,1910,0.4402
ZAF,sptincj992,p0p90,1913,0.4114
ZAF,sptincj992,p0p90,1914,0.4028
ZAF,sptincj992,p0p90,1915,0.3947
ZAF,sptincj992,p0p90,1916,0.3838
ZAF,sptincj992,p0p90,1917,0.3748
ZAF,sptincj992,p0p90,1918,0.3676
ZAF,sptincj992,p0p90,1919,0.3627
ZAF,sptincj992,p0p90,1920,0.3506
ZAF,sptincj992,p0p90,1921,0.3499
ZAF,sptincj992,p0p90,1922,0.3527
ZAF,sptincj992,p0p90,1923,0.3556
ZAF,sptincj992,p0p90,1924,0.3556
ZAF,sptincj992,p0p90,1925,0.3551
ZAF,sptincj992,p0p90,1926,0.3573
ZAF,sptincj992,p0p90,1927,0.3587
ZAF,sptincj992,p0p90,1928,0.3592
ZAF,sptincj992,p0p90,1929,0.3606
ZAF,sptincj992,p0p90,1930,0.3604
ZAF,sptincj992,p0p90,1931,0.3625
ZAF,sptincj992,p0p90,1932,0.3658
ZAF,sptincj992,p0p90,1933,0.3682
ZAF,sptincj992,p0p90,1934,0.3723
ZAF,sptincj992,p0p90,1935,0.3734
ZAF,sptincj992,p0p90,1936,0.3756
ZAF,sptincj992,p0p90,1937,0.3793
ZAF,sptincj992,p0p90,1938,0.3826
ZAF,sptincj992,p0p90,1939,0.3871
ZAF,sptincj992,p0p90,1940,0.3875
ZAF,sptincj992,p0p90,1944,0.3867
ZAF,sptincj992,p0p90,1945,0.3883
ZAF,sptincj992,p0p90,1946,0.3845
ZAF,sptincj992,p0p90,1947,0.3866
ZAF,sptincj992,p0p90,1948,0.3886
ZAF,sptincj992,p0p90,1949,0.3884
ZAF,sptincj992,p0p90,1950,0.3908
ZAF,sptincj992,p0p90,1954,0.4017
ZAF,sptincj992,p0p90,1955,0.4026
ZAF,sptincj992,p0p90,1956,0.4052
ZAF,sptincj992,p0p90,1957,0.4071
ZAF,sptincj992,p0p90,1958,0.4096
ZAF,sptincj992,p0p90,1959,0.4116
ZAF,sptincj992,p0p90,1960,0.4136
ZAF,sptincj992,p0p90,1961,0.4209
ZAF,sptincj992,p0p90,1963,0.4301
ZAF,sptincj992,p0p90,1964,0.4368
ZAF,sptincj992,p0p90,1965,0.4447
ZAF,sptincj992,p0p90,1967,0.4563
ZAF,sptincj992,p0p90,1969,0.4672
ZAF,sptincj992,p0p90,1970,0.4131
ZAF,sptincj992,p0p90,1971,0.4819000000000001
ZAF,sptincj992,p0p90,1974,0.5005000000000001
ZAF,sptincj992,p0p90,1975,0.5086
ZAF,sptincj992,p0p90,1978,0.5301
ZAF,sptincj992,p0p90,1979,0.5385
ZAF,sptincj992,p0p90,1980,0.5282
ZAF,sptincj992,p0p90,1981,0.5282
ZAF,sptincj992,p0p90,1982,0.5282
ZAF,sptincj992,p0p90,1983,0.5282
ZAF,sptincj992,p0p90,1984,0.5282
ZAF,sptincj992,p0p90,1985,0.5282
ZAF,sptincj992,p0p90,1986,0.5282
ZAF,sptincj992,p0p90,1987,0.5282
ZAF,sptincj992,p0p90,1988,0.5282
ZAF,sptincj992,p0p90,1989,0.5282
ZAF,sptincj992,p0p90,1990,0.5282
ZAF,sptincj992,p0p90,1991,0.5081
ZAF,sptincj992,p0p90,1992,0.5121
ZAF,sptincj992,p0p90,1993,0.5365
ZAF,sptincj992,p0p90,1994,0.5261
ZAF,sptincj992,p0p90,1995,0.5157
ZAF,sptincj992,p0p90,1996,0.5053
ZAF,sptincj992,p0p90,1997,0.4950000000000001
ZAF,sptincj992,p0p90,1998,0.4847
ZAF,sptincj992,p0p90,1999,0.4744
ZAF,sptincj992,p0p90,2000,0.4642
ZAF,sptincj992,p0p90,2001,0.4527
ZAF,sptincj992,p0p90,2002,0.4411
ZAF,sptincj992,p0p90,2003,0.4289
ZAF,sptincj992,p0p90,2004,0.4263
ZAF,sptincj992,p0p90,2005,0.4094
ZAF,sptincj992,p0p90,2006,0.3993
ZAF,sptincj992,p0p90,2007,0.3803
ZAF,sptincj992,p0p90,2008,0.3994
ZAF,sptincj992,p0p90,2009,0.4071
ZAF,sptincj992,p0p90,2010,0.3857
ZAF,sptincj992,p0p90,2011,0.3757
ZAF,sptincj992,p0p90,2012,0.3456
ZAF,sptincj992,p0p90,2013,0.3458
ZAF,sptincj992,p0p90,2014,0.3459
ZAF,sptincj992,p0p90,2015,0.3459
ZAF,sptincj992,p0p90,2016,0.3459
ZAF,sptincj992,p0p90,2017,0.3459
ZAF,sptincj992,p0p90,2018,0.3459
ZAF,sptincj992,p0p90,2019,0.3459
ZAF,sptincj992,p0p90,2020,0.3459
ZAF,sptincj992,p0p90,2021,0.3459
ZAF,sptincj992,p0p90,2022,0.3459
ZAF,sptincj992,p0p90,2023,0.3459
ZAF,sptincj992,p0p90,2024,0.3346
ZAF,sptincj992,p0p99,1820,0.7967000000000001
ZAF,sptincj992,p0p99,1850,0.7921
ZAF,sptincj992,p0p99,1880,0.7897000000000001
ZAF,sptincj992,p0p99,1900,0.7804
ZAF,sptincj992,p0p99,1910,0.7664000000000001
ZAF,sptincj992,p0p99,1913,0.7583000000000001
ZAF,sptincj992,p0p99,1914,0.7575000000000001
ZAF,sptincj992,p0p99,1915,0.7575000000000001
ZAF,sptincj992,p0p99,1916,0.7522000000000001
ZAF,sptincj992,p0p99,1917,0.7506
ZAF,sptincj992,p0p99,1918,0.7527
ZAF,sptincj992,p0p99,1919,0.7596
ZAF,sptincj992,p0p99,1920,0.7515000000000001
ZAF,sptincj992,p0p99,1921,0.7501
ZAF,sptincj992,p0p99,1922,0.756
ZAF,sptincj992,p0p99,1923,0.7623000000000001
ZAF,sptincj992,p0p99,1924,0.7623000000000001
ZAF,sptincj992,p0p99,1925,0.7611
ZAF,sptincj992,p0p99,1926,0.7659
ZAF,sptincj992,p0p99,1927,0.7689
ZAF,sptincj992,p0p99,1928,0.77
ZAF,sptincj992,p0p99,1929,0.7729
ZAF,sptincj992,p0p99,1930,0.7724000000000001
ZAF,sptincj992,p0p99,1931,0.777
ZAF,sptincj992,p0p99,1932,0.784
ZAF,sptincj992,p0p99,1933,0.7892
ZAF,sptincj992,p0p99,1934,0.7981
ZAF,sptincj992,p0p99,1935,0.8004
ZAF,sptincj992,p0p99,1936,0.805
ZAF,sptincj992,p0p99,1937,0.8130000000000001
ZAF,sptincj992,p0p99,1938,0.8202
ZAF,sptincj992,p0p99,1939,0.8298000000000001
ZAF,sptincj992,p0p99,1940,0.8305
ZAF,sptincj992,p0p99,1944,0.8289000000000001
ZAF,sptincj992,p0p99,1945,0.8323
ZAF,sptincj992,p0p99,1946,0.8241
ZAF,sptincj992,p0p99,1947,0.8287
ZAF,sptincj992,p0p99,1948,0.8330000000000001
ZAF,sptincj992,p0p99,1949,0.8326
ZAF,sptincj992,p0p99,1950,0.8377
ZAF,sptincj992,p0p99,1954,0.8609
ZAF,sptincj992,p0p99,1955,0.863
ZAF,sptincj992,p0p99,1956,0.8687
ZAF,sptincj992,p0p99,1957,0.8727
ZAF,sptincj992,p0p99,1958,0.8781
ZAF,sptincj992,p0p99,1959,0.8823000000000001
ZAF,sptincj992,p0p99,1960,0.8865000000000001
ZAF,sptincj992,p0p99,1961,0.8891
ZAF,sptincj992,p0p99,1963,0.8833000000000001
ZAF,sptincj992,p0p99,1964,0.8847
ZAF,sptincj992,p0p99,1965,0.8885000000000001
ZAF,sptincj992,p0p99,1967,0.8877
ZAF,sptincj992,p0p99,1969,0.8857
ZAF,sptincj992,p0p99,1970,0.8854000000000001
ZAF,sptincj992,p0p99,1971,0.891
ZAF,sptincj992,p0p99,1974,0.8922
ZAF,sptincj992,p0p99,1975,0.8961
ZAF,sptincj992,p0p99,1978,0.9023
ZAF,sptincj992,p0p99,1979,0.9063
ZAF,sptincj992,p0p99,1980,0.8986000000000001
ZAF,sptincj992,p0p99,1981,0.8986000000000001
ZAF,sptincj992,p0p99,1982,0.8986000000000001
ZAF,sptincj992,p0p99,1983,0.8986000000000001
ZAF,sptincj992,p0p99,1984,0.8986000000000001
ZAF,sptincj992,p0p99,1985,0.8986000000000001
ZAF,sptincj992,p0p99,1986,0.8986000000000001
ZAF,sptincj992,p0p99,1987,0.8986000000000001
ZAF,sptincj992,p0p99,1988,0.8986000000000001
ZAF,sptincj992,p0p99,1989,0.8986000000000001
ZAF,sptincj992,p0p99,1990,0.8986000000000001
ZAF,sptincj992,p0p99,1991,0.8919
ZAF,sptincj992,p0p99,1992,0.8915000000000001
ZAF,sptincj992,p0p99,1993,0.8942
ZAF,sptincj992,p0p99,1994,0.8872
ZAF,sptincj992,p0p99,1995,0.8801
ZAF,sptincj992,p0p99,1996,0.8731
ZAF,sptincj992,p0p99,1997,0.8662000000000001
ZAF,sptincj992,p0p99,1998,0.8592000000000001
ZAF,sptincj992,p0p99,1999,0.8523000000000001
ZAF,sptincj992,p0p99,2000,0.8454
ZAF,sptincj992,p0p99,2001,0.8381000000000001
ZAF,sptincj992,p0p99,2002,0.8308000000000001
ZAF,sptincj992,p0p99,2003,0.8276
ZAF,sptincj992,p0p99,2004,0.8256
ZAF,sptincj992,p0p99,2005,0.8166
ZAF,sptincj992,p0p99,2006,0.8066
ZAF,sptincj992,p0p99,2007,0.7967000000000001
ZAF,sptincj992,p0p99,2008,0.8024
ZAF,sptincj992,p0p99,2009,0.8142
ZAF,sptincj992,p0p99,2010,0.8123
ZAF,sptincj992,p0p99,2011,0.8135
ZAF,sptincj992,p0p99,2012,0.8068000000000001
ZAF,sptincj992,p0p99,2013,0.8069000000000001
ZAF,sptincj992,p0p99,2014,0.8069000000000001
ZAF,sptincj992,p0p99,2015,0.8069000000000001
ZAF,sptincj992,p0p99,2016,0.8069000000000001
ZAF,sptincj992,p0p99,2017,0.8069000000000001
ZAF,sptincj992,p0p99,2018,0.8069000000000001
ZAF,sptincj992,p0p99,2019,0.8069000000000001
ZAF,sptincj992,p0p99,2020,0.8069000000000001
ZAF,sptincj992,p0p99,2021,0.8069000000000001
ZAF,sptincj992,p0p99,2022,0.8069000000000001
ZAF,sptincj992,p0p99,2023,0.8069000000000001
ZAF,sptincj992,p0p99,2024,0.7807000000000001
ZAF,sptincj992,p50p90,1820,0.3609
ZAF,sptincj992,p50p90,1850,0.353
ZAF,sptincj992,p50p90,1880,0.345
ZAF,sptincj992,p50p90,1900,0.3331
ZAF,sptincj992,p50p90,1910,0.3132
ZAF,sptincj992,p50p90,1913,0.2927
ZAF,sptincj992,p50p90,1914,0.2866
ZAF,sptincj992,p50p90,1915,0.2808
ZAF,sptincj992,p50p90,1916,0.273
ZAF,sptincj992,p50p90,1917,0.2666
ZAF,sptincj992,p50p90,1918,0.2615
ZAF,sptincj992,p50p90,1919,0.258
ZAF,sptincj992,p50p90,1920,0.2494
ZAF,sptincj992,p50p90,1921,0.2489
ZAF,sptincj992,p50p90,1922,0.2509
ZAF,sptincj992,p50p90,1923,0.253
ZAF,sptincj992,p50p90,1924,0.253
ZAF,sptincj992,p50p90,1925,0.2526
ZAF,sptincj992,p50p90,1926,0.2542
ZAF,sptincj992,p50p90,1927,0.2552
ZAF,sptincj992,p50p90,1928,0.2555
ZAF,sptincj992,p50p90,1929,0.2565
ZAF,sptincj992,p50p90,1930,0.2564
ZAF,sptincj992,p50p90,1931,0.2579
ZAF,sptincj992,p50p90,1932,0.2602
ZAF,sptincj992,p50p90,1933,0.2619
ZAF,sptincj992,p50p90,1934,0.2649
ZAF,sptincj992,p50p90,1935,0.2656
ZAF,sptincj992,p50p90,1936,0.2672
ZAF,sptincj992,p50p90,1937,0.2698
ZAF,sptincj992,p50p90,1938,0.2722
ZAF,sptincj992,p50p90,1939,0.2754
ZAF,sptincj992,p50p90,1940,0.2756
ZAF,sptincj992,p50p90,1944,0.2751
ZAF,sptincj992,p50p90,1945,0.2762
ZAF,sptincj992,p50p90,1946,0.2735
ZAF,sptincj992,p50p90,1947,0.275
ZAF,sptincj992,p50p90,1948,0.2764
ZAF,sptincj992,p50p90,1949,0.2763
ZAF,sptincj992,p50p90,1950,0.278
ZAF,sptincj992,p50p90,1954,0.2857
ZAF,sptincj992,p50p90,1955,0.2864
ZAF,sptincj992,p50p90,1956,0.2883
ZAF,sptincj992,p50p90,1957,0.2896
ZAF,sptincj992,p50p90,1958,0.2914
ZAF,sptincj992,p50p90,1959,0.2928
ZAF,sptincj992,p50p90,1960,0.2942
ZAF,sptincj992,p50p90,1961,0.2992
ZAF,sptincj992,p50p90,1963,0.3055
ZAF,sptincj992,p50p90,1964,0.3101
ZAF,sptincj992,p50p90,1965,0.3156
ZAF,sptincj992,p50p90,1967,0.3235
ZAF,sptincj992,p50p90,1969,0.3309
ZAF,sptincj992,p50p90,1970,0.2938
ZAF,sptincj992,p50p90,1971,0.3411
ZAF,sptincj992,p50p90,1974,0.3538
ZAF,sptincj992,p50p90,1975,0.3594
ZAF,sptincj992,p50p90,1978,0.3742
ZAF,sptincj992,p50p90,1979,0.38
ZAF,sptincj992,p50p90,1980,0.3932
ZAF,sptincj992,p50p90,1981,0.3932
ZAF,sptincj992,p50p90,1982,0.3932
ZAF,sptincj992,p50p90,1983,0.3932
ZAF,sptincj992,p50p90,1984,0.3932
ZAF,sptincj992,p50p90,1985,0.3932
ZAF,sptincj992,p50p90,1986,0.3932
ZAF,sptincj992,p50p90,1987,0.3932
ZAF,sptincj992,p50p90,1988,0.3932
ZAF,sptincj992,p50p90,1989,0.3932
ZAF,sptincj992,p50p90,1990,0.3932
ZAF,sptincj992,p50p90,1991,0.3824
ZAF,sptincj992,p50p90,1992,0.3846
ZAF,sptincj992,p50p90,1993,0.3976
ZAF,sptincj992,p50p90,1994,0.3924
ZAF,sptincj992,p50p90,1995,0.3873
ZAF,sptincj992,p50p90,1996,0.3821
ZAF,sptincj992,p50p90,1997,0.377
ZAF,sptincj992,p50p90,1998,0.3719
ZAF,sptincj992,p50p90,1999,0.3668
ZAF,sptincj992,p50p90,2000,0.3617
ZAF,sptincj992,p50p90,2001,0.3507
ZAF,sptincj992,p50p90,2002,0.3395
ZAF,sptincj992,p50p90,2003,0.3281
ZAF,sptincj992,p50p90,2004,0.3217
ZAF,sptincj992,p50p90,2005,0.3077
ZAF,sptincj992,p50p90,2006,0.3056
ZAF,sptincj992,p50p90,2007,0.2986
ZAF,sptincj992,p50p90,2008,0.312
ZAF,sptincj992,p50p90,2009,0.3171
ZAF,sptincj992,p50p90,2010,0.3069
ZAF,sptincj992,p50p90,2011,0.3021
ZAF,sptincj992,p50p90,2012,0.2866
ZAF,sptincj992,p50p90,2013,0.2872
ZAF,sptincj992,p50p90,2014,0.2879
ZAF,sptincj992,p50p90,2015,0.2879
ZAF,sptincj992,p50p90,2016,0.2879
ZAF,sptincj992,p50p90,2017,0.2879
ZAF,sptincj992,p50p90,2018,0.2879
ZAF,sptincj992,p50p90,2019,0.2879
ZAF,sptincj992,p50p90,2020,0.2879
ZAF,sptincj992,p50p90,2021,0.2879
ZAF,sptincj992,p50p90,2022,0.2879
ZAF,sptincj992,p50p90,2023,0.2879
ZAF,sptincj992,p50p90,2024,0.2818
ZAF,sptincj992,p90p100,1820,0.4926
ZAF,sptincj992,p90p100,1850,0.5038
ZAF,sptincj992,p90p100,1880,0.515
ZAF,sptincj992,p90p100,1900,0.5318
ZAF,sptincj992,p90p100,1910,0.5598000000000001
ZAF,sptincj992,p90p100,1913,0.5886
ZAF,sptincj992,p90p100,1914,0.5972000000000001
ZAF,sptincj992,p90p100,1915,0.6053000000000001
ZAF,sptincj992,p90p100,1916,0.6162000000000001
ZAF,sptincj992,p90p100,1917,0.6252
ZAF,sptincj992,p90p100,1918,0.6324000000000001
ZAF,sptincj992,p90p100,1919,0.6373
ZAF,sptincj992,p90p100,1920,0.6494
ZAF,sptincj992,p90p100,1921,0.6501
ZAF,sptincj992,p90p100,1922,0.6473
ZAF,sptincj992,p90p100,1923,0.6444000000000001
ZAF,sptincj992,p90p100,1924,0.6444000000000001
ZAF,sptincj992,p90p100,1925,0.6449
ZAF,sptincj992,p90p100,1926,0.6427
ZAF,sptincj992,p90p100,1927,0.6413
ZAF,sptincj992,p90p100,1928,0.6408
ZAF,sptincj992,p90p100,1929,0.6394000000000001
ZAF,sptincj992,p90p100,1930,0.6396000000000001
ZAF,sptincj992,p90p100,1931,0.6375000000000001
ZAF,sptincj992,p90p100,1932,0.6342
ZAF,sptincj992,p90p100,1933,0.6318
ZAF,sptincj992,p90p100,1934,0.6277
ZAF,sptincj992,p90p100,1935,0.6266
ZAF,sptincj992,p90p100,1936,0.6244000000000001
ZAF,sptincj992,p90p100,1937,0.6207
ZAF,sptincj992,p90p100,1938,0.6174000000000001
ZAF,sptincj992,p90p100,1939,0.6129
ZAF,sptincj992,p90p100,1940,0.6125
ZAF,sptincj992,p90p100,1944,0.6133000000000001
ZAF,sptincj992,p90p100,1945,0.6117
ZAF,sptincj992,p90p100,1946,0.6155
ZAF,sptincj992,p90p100,1947,0.6134000000000001
ZAF,sptincj992,p90p100,1948,0.6114
ZAF,sptincj992,p90p100,1949,0.6116
ZAF,sptincj992,p90p100,1950,0.6092000000000001
ZAF,sptincj992,p90p100,1954,0.5983
ZAF,sptincj992,p90p100,1955,0.5974
ZAF,sptincj992,p90p100,1956,0.5948
ZAF,sptincj992,p90p100,1957,0.5929
ZAF,sptincj992,p90p100,1958,0.5904
ZAF,sptincj992,p90p100,1959,0.5884
ZAF,sptincj992,p90p100,1960,0.5864
ZAF,sptincj992,p90p100,1961,0.5791000000000001
ZAF,sptincj992,p90p100,1963,0.5699000000000001
ZAF,sptincj992,p90p100,1964,0.5632
ZAF,sptincj992,p90p100,1965,0.5553
ZAF,sptincj992,p90p100,1967,0.5437000000000001
ZAF,sptincj992,p90p100,1969,0.5328
ZAF,sptincj992,p90p100,1970,0.5869
ZAF,sptincj992,p90p100,1971,0.5181
ZAF,sptincj992,p90p100,1974,0.4995
ZAF,sptincj992,p90p100,1975,0.4914
ZAF,sptincj992,p90p100,1978,0.4699
ZAF,sptincj992,p90p100,1979,0.4615
ZAF,sptincj992,p90p100,1980,0.4718
ZAF,sptincj992,p90p100,1981,0.4718
ZAF,sptincj992,p90p100,1982,0.4718
ZAF,sptincj992,p90p100,1983,0.4718
ZAF,sptincj992,p90p100,1984,0.4718
ZAF,sptincj992,p90p100,1985,0.4718
ZAF,sptincj992,p90p100,1986,0.4718
ZAF,sptincj992,p90p100,1987,0.4718
ZAF,sptincj992,p90p100,1988,0.4718
ZAF,sptincj992,p90p100,1989,0.4718
ZAF,sptincj992,p90p100,1990,0.4718
ZAF,sptincj992,p90p100,1991,0.4919
ZAF,sptincj992,p90p100,1992,0.4879
ZAF,sptincj992,p90p100,1993,0.4635
ZAF,sptincj992,p90p100,1994,0.4739
ZAF,sptincj992,p90p100,1995,0.4843
ZAF,sptincj992,p90p100,1996,0.4947
ZAF,sptincj992,p90p100,1997,0.505
ZAF,sptincj992,p90p100,1998,0.5153
ZAF,sptincj992,p90p100,1999,0.5256000000000001
ZAF,sptincj992,p90p100,2000,0.5358
ZAF,sptincj992,p90p100,2001,0.5473
ZAF,sptincj992,p90p100,2002,0.5589000000000001
ZAF,sptincj992,p90p100,2003,0.5711
ZAF,sptincj992,p90p100,2004,0.5737
ZAF,sptincj992,p90p100,2005,0.5906
ZAF,sptincj992,p90p100,2006,0.6007
ZAF,sptincj992,p90p100,2007,0.6197
ZAF,sptincj992,p90p100,2008,0.6006
ZAF,sptincj992,p90p100,2009,0.5929
ZAF,sptincj992,p90p100,2010,0.6143000000000001
ZAF,sptincj992,p90p100,2011,0.6243000000000001
ZAF,sptincj992,p90p100,2012,0.6544
ZAF,sptincj992,p90p100,2013,0.6542
ZAF,sptincj992,p90p100,2014,0.6541
ZAF,sptincj992,p90p100,2015,0.6541
ZAF,sptincj992,p90p100,2016,0.6541
ZAF,sptincj992,p90p100,2017,0.6541
ZAF,sptincj992,p90p100,2018,0.6541
ZAF,sptincj992,p90p100,2019,0.6541
ZAF,sptincj992,p90p100,2020,0.6541
ZAF,sptincj992,p90p100,2021,0.6541
ZAF,sptincj992,p90p100,2022,0.6541
ZAF,sptincj992,p90p100,2023,0.6541
ZAF,sptincj992,p90p100,2024,0.6654
ZAF,sptincj992,p99p100,1820,0.2033
ZAF,sptincj992,p99p100,1850,0.2079
ZAF,sptincj992,p99p100,1880,0.2103
ZAF,sptincj992,p99p100,1900,0.2196
ZAF,sptincj992,p99p100,1910,0.2336
ZAF,sptincj992,p99p100,1913,0.2417
ZAF,sptincj992,p99p100,1914,0.2425
ZAF,sptincj992,p99p100,1915,0.2425
ZAF,sptincj992,p99p100,1916,0.2478
ZAF,sptincj992,p99p100,1917,0.2494
ZAF,sptincj992,p99p100,1918,0.2473
ZAF,sptincj992,p99p100,1919,0.2404
ZAF,sptincj992,p99p100,1920,0.2485
ZAF,sptincj992,p99p100,1921,0.2499
ZAF,sptincj992,p99p100,1922,0.244
ZAF,sptincj992,p99p100,1923,0.2377
ZAF,sptincj992,p99p100,1924,0.2377
ZAF,sptincj992,p99p100,1925,0.2389
ZAF,sptincj992,p99p100,1926,0.2341
ZAF,sptincj992,p99p100,1927,0.2311
ZAF,sptincj992,p99p100,1928,0.23
ZAF,sptincj992,p99p100,1929,0.2271
ZAF,sptincj992,p99p100,1930,0.2276
ZAF,sptincj992,p99p100,1931,0.223
ZAF,sptincj992,p99p100,1932,0.216
ZAF,sptincj992,p99p100,1933,0.2108
ZAF,sptincj992,p99p100,1934,0.2019
ZAF,sptincj992,p99p100,1935,0.1996
ZAF,sptincj992,p99p100,1936,0.195
ZAF,sptincj992,p99p100,1937,0.187
ZAF,sptincj992,p99p100,1938,0.1798
ZAF,sptincj992,p99p100,1939,0.1702
ZAF,sptincj992,p99p100,1940,0.1695
ZAF,sptincj992,p99p100,1944,0.1711
ZAF,sptincj992,p99p100,1945,0.1677
ZAF,sptincj992,p99p100,1946,0.1759
ZAF,sptincj992,p99p100,1947,0.1713
ZAF,sptincj992,p99p100,1948,0.167
ZAF,sptincj992,p99p100,1949,0.1674
ZAF,sptincj992,p99p100,1950,0.1623
ZAF,sptincj992,p99p100,1954,0.1391
ZAF,sptincj992,p99p100,1955,0.137
ZAF,sptincj992,p99p100,1956,0.1313
ZAF,sptincj992,p99p100,1957,0.1273
ZAF,sptincj992,p99p100,1958,0.1219
ZAF,sptincj992,p99p100,1959,0.1177
ZAF,sptincj992,p99p100,1960,0.1135
ZAF,sptincj992,p99p100,1961,0.1109
ZAF,sptincj992,p99p100,1963,0.1167
ZAF,sptincj992,p99p100,1964,0.1153
ZAF,sptincj992,p99p100,1965,0.1115
ZAF,sptincj992,p99p100,1967,0.1123
ZAF,sptincj992,p99p100,1969,0.1143
ZAF,sptincj992,p99p100,1970,0.1146
ZAF,sptincj992,p99p100,1971,0.109
ZAF,sptincj992,p99p100,1974,0.1078
ZAF,sptincj992,p99p100,1975,0.1039
ZAF,sptincj992,p99p100,1978,0.0977
ZAF,sptincj992,p99p100,1979,0.0937
ZAF,sptincj992,p99p100,1980,0.1014
ZAF,sptincj992,p99p100,1981,0.1014
ZAF,sptincj992,p99p100,1982,0.1014
ZAF,sptincj992,p99p100,1983,0.1014
ZAF,sptincj992,p99p100,1984,0.1014
ZAF,sptincj992,p99p100,1985,0.1014
ZAF,sptincj992,p99p100,1986,0.1014
ZAF,sptincj992,p99p100,1987,0.1014
ZAF,sptincj992,p99p100,1988,0.1014
ZAF,sptincj992,p99p100,1989,0.1014
ZAF,sptincj992,p99p100,1990,0.1014
ZAF,sptincj992,p99p100,1991,0.1081
ZAF,sptincj992,p99p100,1992,0.1085
ZAF,sptincj992,p99p100,1993,0.1058
ZAF,sptincj992,p99p100,1994,0.1128
ZAF,sptincj992,p99p100,1995,0.1199
ZAF,sptincj992,p99p100,1996,0.1269
ZAF,sptincj992,p99p100,1997,0.1338
ZAF,sptincj992,p99p100,1998,0.1408
ZAF,sptincj992,p99p100,1999,0.1477
ZAF,sptincj992,p99p100,2000,0.1546
ZAF,sptincj992,p99p100,2001,0.1619
ZAF,sptincj992,p99p100,2002,0.1692
ZAF,sptincj992,p99p100,2003,0.1724
ZAF,sptincj992,p99p100,2004,0.1744
ZAF,sptincj992,p99p100,2005,0.1834
ZAF,sptincj992,p99p100,2006,0.1934
ZAF,sptincj992,p99p100,2007,0.2033
ZAF,sptincj992,p99p100,2008,0.1976
ZAF,sptincj992,p99p100,2009,0.1858
ZAF,sptincj992,p99p100,2010,0.1877
ZAF,sptincj992,p99p100,2011,0.1865
ZAF,sptincj992,p99p100,2012,0.1932
ZAF,sptincj992,p99p100,2013,0.1931
ZAF,sptincj992,p99p100,2014,0.1931
ZAF,sptincj992,p99p100,2015,0.1931
ZAF,sptincj992,p99p100,2016,0.1931
ZAF,sptincj992,p99p100,2017,0.1931
ZAF,sptincj992,p99p100,2018,0.1931
ZAF,sptincj992,p99p100,2019,0.1931
ZAF,sptincj992,p99p100,2020,0.1931
ZAF,sptincj992,p99p100,2021,0.1931
ZAF,sptincj992,p99p100,2022,0.1931
ZAF,sptincj992,p99p100,2023,0.1931
ZAF,sptincj992,p99p100,2024,0.2193
